model,dataset,seed,prompt_style,incident_id,ground_truth_is_anomaly,p_true_raw,p_true_cf,p_true_cc,p_true_bc,pred_raw,pred_cc,pred_bc
qwen2.5-14b,bgl,1,few_shot,0,False,0.951966,0.002324,0.999882,0.96704,True,True,True
qwen2.5-14b,bgl,1,few_shot,1,True,0.999999,0.002324,1.0,0.999999,True,True,True
qwen2.5-14b,bgl,1,few_shot,2,True,0.999739,0.002324,0.999999,0.999824,True,True,True
qwen2.5-14b,bgl,1,few_shot,3,False,0.99883,0.002324,0.999997,0.99921,True,True,True
qwen2.5-14b,bgl,1,few_shot,4,True,0.999998,0.002324,1.0,0.999998,True,True,True
qwen2.5-14b,bgl,1,few_shot,5,True,0.999998,0.002324,1.0,0.999998,True,True,True
qwen2.5-14b,bgl,1,few_shot,6,False,0.880797,0.002324,0.999685,0.916239,True,True,True
qwen2.5-14b,bgl,1,few_shot,7,False,0.993307,0.002324,0.999984,0.995469,True,True,True
qwen2.5-14b,bgl,1,few_shot,8,True,0.999998,0.002324,1.0,0.999999,True,True,True
qwen2.5-14b,bgl,1,few_shot,9,True,0.999998,0.002324,1.0,0.999998,True,True,True
qwen2.5-14b,bgl,1,few_shot,10,True,0.999999,0.002324,1.0,1.0,True,True,True
qwen2.5-14b,bgl,1,few_shot,11,False,0.99478,0.002324,0.999988,0.996468,True,True,True
qwen2.5-14b,bgl,1,few_shot,12,False,0.437823,0.002324,0.997018,0.535519,False,True,True
qwen2.5-14b,bgl,1,few_shot,13,True,1.0,0.002324,1.0,1.0,True,True,True
qwen2.5-14b,bgl,1,few_shot,14,True,0.999739,0.002324,0.999999,0.999824,True,True,True
qwen2.5-14b,bgl,1,few_shot,15,False,0.001927,0.002324,0.453155,0.00285,False,False,False
qwen2.5-14b,bgl,1,few_shot,16,True,0.999998,0.002324,1.0,0.999998,True,True,True
qwen2.5-14b,bgl,1,few_shot,17,True,0.999739,0.002324,0.999999,0.999824,True,True,True
qwen2.5-14b,bgl,1,few_shot,18,False,0.99883,0.002324,0.999997,0.99921,True,True,True
qwen2.5-14b,bgl,1,few_shot,19,True,0.999739,0.002324,0.999999,0.999824,True,True,True
qwen2.5-14b,bgl,1,few_shot,20,True,0.999999,0.002324,1.0,0.999999,True,True,True
qwen2.5-14b,bgl,1,few_shot,21,True,0.999998,0.002324,1.0,0.999998,True,True,True
qwen2.5-14b,bgl,1,few_shot,22,False,0.003173,0.002324,0.57739,0.00469,False,True,False
qwen2.5-14b,bgl,1,few_shot,23,True,0.999996,0.002324,1.0,0.999997,True,True,True
qwen2.5-14b,bgl,1,few_shot,24,False,6.6e-05,0.002324,0.027574,9.8e-05,False,False,False
qwen2.5-14b,bgl,1,few_shot,25,False,0.999999,0.002324,1.0,0.999999,True,True,True
qwen2.5-14b,bgl,1,few_shot,26,True,0.999999,0.002324,1.0,0.999999,True,True,True
qwen2.5-14b,bgl,1,few_shot,27,True,0.999998,0.002324,1.0,0.999998,True,True,True
qwen2.5-14b,bgl,1,few_shot,28,False,0.999739,0.002324,0.999999,0.999824,True,True,True
qwen2.5-14b,bgl,1,few_shot,29,True,0.999998,0.002324,1.0,0.999998,True,True,True
qwen2.5-14b,bgl,1,few_shot,30,True,0.999998,0.002324,1.0,0.999998,True,True,True
qwen2.5-14b,bgl,1,few_shot,31,False,0.999739,0.002324,0.999999,0.999824,True,True,True
qwen2.5-14b,bgl,1,few_shot,32,False,0.106691,0.002324,0.980868,0.150244,False,True,False
qwen2.5-14b,bgl,1,few_shot,33,True,0.999999,0.002324,1.0,1.0,True,True,True
qwen2.5-14b,bgl,1,few_shot,34,True,0.999739,0.002324,0.999999,0.999824,True,True,True
qwen2.5-14b,bgl,1,few_shot,35,False,0.999089,0.002324,0.999998,0.999384,True,True,True
qwen2.5-14b,bgl,1,few_shot,36,False,0.99883,0.002324,0.999997,0.99921,True,True,True
qwen2.5-14b,bgl,1,few_shot,37,False,0.99593,0.002324,0.99999,0.997247,True,True,True
qwen2.5-14b,bgl,1,few_shot,38,False,1.0,0.002324,1.0,1.0,True,True,True
qwen2.5-14b,bgl,1,few_shot,39,True,0.999998,0.002324,1.0,0.999999,True,True,True
qwen2.5-14b,bgl,1,few_shot,40,True,0.999998,0.002324,1.0,0.999998,True,True,True
qwen2.5-14b,bgl,1,few_shot,41,False,0.005911,0.002324,0.718507,0.008726,False,True,False
qwen2.5-14b,bgl,1,few_shot,42,True,0.999739,0.002324,0.999999,0.999824,True,True,True
qwen2.5-14b,bgl,1,few_shot,43,True,0.999739,0.002324,0.999999,0.999824,True,True,True
qwen2.5-14b,bgl,1,few_shot,44,True,0.999998,0.002324,1.0,0.999998,True,True,True
qwen2.5-14b,bgl,1,few_shot,45,False,0.997527,0.002324,0.999994,0.998328,True,True,True
qwen2.5-14b,bgl,1,few_shot,46,True,1.0,0.002324,1.0,1.0,True,True,True
qwen2.5-14b,bgl,1,few_shot,47,True,0.999998,0.002324,1.0,0.999998,True,True,True
qwen2.5-14b,bgl,1,few_shot,48,False,0.999877,0.002324,1.0,0.999917,True,True,True
qwen2.5-14b,bgl,1,few_shot,49,True,0.999998,0.002324,1.0,0.999998,True,True,True
qwen2.5-14b,bgl,1,few_shot,50,True,0.999998,0.002324,1.0,0.999998,True,True,True
qwen2.5-14b,bgl,1,few_shot,51,True,0.999998,0.002324,1.0,0.999998,True,True,True
qwen2.5-14b,bgl,1,few_shot,52,True,0.999942,0.002324,1.0,0.999961,True,True,True
qwen2.5-14b,bgl,1,few_shot,53,False,0.001927,0.002324,0.453155,0.00285,False,False,False
qwen2.5-14b,bgl,1,few_shot,54,False,0.999904,0.002324,1.0,0.999935,True,True,True
qwen2.5-14b,bgl,1,few_shot,55,False,0.999447,0.002324,0.999999,0.999627,True,True,True
qwen2.5-14b,bgl,1,few_shot,56,False,0.999665,0.002324,0.999999,0.999773,True,True,True
qwen2.5-14b,bgl,1,few_shot,57,False,0.999992,0.002324,1.0,0.999995,True,True,True
qwen2.5-14b,bgl,1,few_shot,58,False,1.0,0.002324,1.0,1.0,True,True,True
qwen2.5-14b,bgl,1,few_shot,59,True,1.0,0.002324,1.0,1.0,True,True,True
qwen2.5-14b,bgl,1,few_shot,60,False,0.468791,0.002324,0.997367,0.566433,False,True,True
qwen2.5-14b,bgl,1,few_shot,61,True,1.0,0.002324,1.0,1.0,True,True,True
qwen2.5-14b,bgl,1,few_shot,62,True,0.999739,0.002324,0.999999,0.999824,True,True,True
qwen2.5-14b,bgl,1,few_shot,63,False,0.998499,0.002324,0.999996,0.998985,True,True,True
qwen2.5-14b,bgl,1,few_shot,64,False,0.998073,0.002324,0.999996,0.998698,True,True,True
qwen2.5-14b,bgl,1,few_shot,65,False,9.6e-05,0.002324,0.039622,0.000142,False,False,False
qwen2.5-14b,bgl,1,few_shot,66,True,0.999998,0.002324,1.0,0.999998,True,True,True
qwen2.5-14b,bgl,1,few_shot,67,False,0.999842,0.002324,1.0,0.999893,True,True,True
qwen2.5-14b,bgl,1,few_shot,68,True,0.999739,0.002324,0.999999,0.999824,True,True,True
qwen2.5-14b,bgl,1,few_shot,69,False,0.996406,0.002324,0.999992,0.99757,True,True,True
qwen2.5-14b,bgl,1,few_shot,70,True,0.999998,0.002324,1.0,0.999998,True,True,True
qwen2.5-14b,bgl,1,few_shot,71,False,1.0,0.002324,1.0,1.0,True,True,True
qwen2.5-14b,bgl,1,few_shot,72,False,0.999992,0.002324,1.0,0.999995,True,True,True
qwen2.5-14b,bgl,1,few_shot,73,False,6.6e-05,0.002324,0.027574,9.8e-05,False,False,False
qwen2.5-14b,bgl,1,few_shot,74,False,0.999877,0.002324,1.0,0.999917,True,True,True
qwen2.5-14b,bgl,1,few_shot,75,True,0.999942,0.002324,1.0,0.999961,True,True,True
qwen2.5-14b,bgl,1,few_shot,76,False,0.99883,0.002324,0.999997,0.99921,True,True,True
qwen2.5-14b,bgl,1,few_shot,77,False,0.946597,0.002324,0.999869,0.96329,True,True,True
qwen2.5-14b,bgl,1,few_shot,78,False,0.99929,0.002324,0.999998,0.999521,True,True,True
qwen2.5-14b,bgl,1,few_shot,79,True,0.999998,0.002324,1.0,0.999998,True,True,True
qwen2.5-14b,bgl,1,few_shot,80,False,0.999665,0.002324,0.999999,0.999773,True,True,True
qwen2.5-14b,bgl,1,few_shot,81,False,0.999665,0.002324,0.999999,0.999773,True,True,True
qwen2.5-14b,bgl,1,few_shot,82,True,0.999739,0.002324,0.999999,0.999824,True,True,True
qwen2.5-14b,bgl,1,few_shot,83,True,0.999996,0.002324,1.0,0.999997,True,True,True
qwen2.5-14b,bgl,1,few_shot,84,False,0.999842,0.002324,1.0,0.999893,True,True,True
qwen2.5-14b,bgl,1,few_shot,85,False,0.893309,0.002324,0.999722,0.925347,True,True,True
qwen2.5-14b,bgl,1,few_shot,86,True,0.998073,0.002324,0.999996,0.998698,True,True,True
qwen2.5-14b,bgl,1,few_shot,87,True,0.999999,0.002324,1.0,1.0,True,True,True
qwen2.5-14b,bgl,1,few_shot,88,True,0.999999,0.002324,1.0,1.0,True,True,True
qwen2.5-14b,bgl,1,few_shot,89,True,0.999998,0.002324,1.0,0.999998,True,True,True
qwen2.5-14b,bgl,1,few_shot,90,True,0.999998,0.002324,1.0,0.999998,True,True,True
qwen2.5-14b,bgl,1,few_shot,91,True,0.999987,0.002324,1.0,0.999991,True,True,True
qwen2.5-14b,bgl,1,few_shot,92,False,0.999877,0.002324,1.0,0.999917,True,True,True
qwen2.5-14b,bgl,1,few_shot,93,False,0.999447,0.002324,0.999999,0.999627,True,True,True
qwen2.5-14b,bgl,1,few_shot,94,True,0.999998,0.002324,1.0,0.999998,True,True,True
qwen2.5-14b,bgl,1,few_shot,95,False,0.00461,0.002324,0.665314,0.006809,False,True,False
qwen2.5-14b,bgl,1,few_shot,96,False,0.025957,0.002324,0.919611,0.037954,False,True,False
qwen2.5-14b,bgl,1,few_shot,97,True,0.999998,0.002324,1.0,0.999998,True,True,True
qwen2.5-14b,bgl,1,few_shot,98,False,0.977023,0.002324,0.999945,0.984362,True,True,True
qwen2.5-14b,bgl,1,few_shot,99,False,0.993307,0.002324,0.999984,0.995469,True,True,True
qwen2.5-14b,bgl,1,few_shot,100,False,0.999797,0.002324,1.0,0.999863,True,True,True
qwen2.5-14b,bgl,1,few_shot,101,True,0.999739,0.002324,0.999999,0.999824,True,True,True
qwen2.5-14b,bgl,1,few_shot,102,False,5.8e-05,0.002324,0.024413,8.6e-05,False,False,False
qwen2.5-14b,bgl,1,few_shot,103,True,0.999998,0.002324,1.0,0.999998,True,True,True
qwen2.5-14b,bgl,1,few_shot,104,False,0.982014,0.002324,0.999957,0.987779,True,True,True
qwen2.5-14b,bgl,1,few_shot,105,False,0.979668,0.002324,0.999952,0.986174,True,True,True
qwen2.5-14b,bgl,1,few_shot,106,True,0.999998,0.002324,1.0,0.999998,True,True,True
qwen2.5-14b,bgl,1,few_shot,107,True,0.999998,0.002324,1.0,0.999998,True,True,True
qwen2.5-14b,bgl,1,few_shot,108,True,0.999998,0.002324,1.0,0.999998,True,True,True
qwen2.5-14b,bgl,1,few_shot,109,True,0.999992,0.002324,1.0,0.999995,True,True,True
qwen2.5-14b,bgl,1,few_shot,110,False,0.999569,0.002324,0.999999,0.999709,True,True,True
qwen2.5-14b,bgl,1,few_shot,111,False,2.4e-05,0.002324,0.010324,3.6e-05,False,False,False
qwen2.5-14b,bgl,1,few_shot,112,True,0.999998,0.002324,1.0,0.999998,True,True,True
qwen2.5-14b,bgl,1,few_shot,113,False,0.999797,0.002324,1.0,0.999863,True,True,True
qwen2.5-14b,bgl,1,few_shot,114,True,0.999999,0.002324,1.0,0.999999,True,True,True
qwen2.5-14b,bgl,1,few_shot,115,False,0.999999,0.002324,1.0,0.999999,True,True,True
qwen2.5-14b,bgl,1,few_shot,116,True,0.999998,0.002324,1.0,0.999998,True,True,True
qwen2.5-14b,bgl,1,few_shot,117,False,0.914901,0.002324,0.999783,0.940884,True,True,True
qwen2.5-14b,bgl,1,few_shot,118,True,0.999979,0.002324,1.0,0.999986,True,True,True
qwen2.5-14b,bgl,1,few_shot,119,False,0.999999,0.002324,1.0,0.999999,True,True,True
qwen2.5-14b,bgl,1,few_shot,120,False,0.999877,0.002324,1.0,0.999917,True,True,True
qwen2.5-14b,bgl,1,few_shot,121,True,0.999998,0.002324,1.0,0.999998,True,True,True
qwen2.5-14b,bgl,1,few_shot,122,False,0.999739,0.002324,0.999999,0.999824,True,True,True
qwen2.5-14b,bgl,1,few_shot,123,True,0.999999,0.002324,1.0,1.0,True,True,True
qwen2.5-14b,bgl,1,few_shot,124,False,0.999942,0.002324,1.0,0.999961,True,True,True
qwen2.5-14b,bgl,1,few_shot,125,True,0.999998,0.002324,1.0,0.999998,True,True,True
qwen2.5-14b,bgl,1,few_shot,126,True,0.999992,0.002324,1.0,0.999995,True,True,True
qwen2.5-14b,bgl,1,few_shot,127,True,0.999998,0.002324,1.0,0.999998,True,True,True
qwen2.5-14b,bgl,1,few_shot,128,False,0.000431,0.002324,0.156048,0.000637,False,False,False
qwen2.5-14b,bgl,1,few_shot,129,False,0.99593,0.002324,0.99999,0.997247,True,True,True
qwen2.5-14b,bgl,1,few_shot,130,True,0.999739,0.002324,0.999999,0.999824,True,True,True
qwen2.5-14b,bgl,1,few_shot,131,True,0.999998,0.002324,1.0,0.999998,True,True,True
qwen2.5-14b,bgl,1,few_shot,132,False,0.006693,0.002324,0.743085,0.009876,False,True,False
qwen2.5-14b,bgl,1,few_shot,133,False,0.998499,0.002324,0.999996,0.998985,True,True,True
qwen2.5-14b,bgl,1,few_shot,134,False,0.999797,0.002324,1.0,0.999863,True,True,True
qwen2.5-14b,bgl,1,few_shot,135,False,0.99593,0.002324,0.99999,0.997247,True,True,True
qwen2.5-14b,bgl,1,few_shot,136,True,0.999989,0.002324,1.0,0.999992,True,True,True
qwen2.5-14b,bgl,1,few_shot,137,False,0.997817,0.002324,0.999995,0.998525,True,True,True
qwen2.5-14b,bgl,1,few_shot,138,True,0.999998,0.002324,1.0,0.999998,True,True,True
qwen2.5-14b,bgl,1,few_shot,139,True,0.999998,0.002324,1.0,0.999998,True,True,True
qwen2.5-14b,bgl,1,few_shot,140,False,0.974043,0.002324,0.999938,0.982317,True,True,True
qwen2.5-14b,bgl,1,few_shot,141,False,0.000804,0.002324,0.256749,0.00119,False,False,False
qwen2.5-14b,bgl,1,few_shot,142,True,0.99883,0.002324,0.999997,0.99921,True,True,True
qwen2.5-14b,bgl,1,few_shot,143,False,0.999089,0.002324,0.999998,0.999384,True,True,True
qwen2.5-14b,bgl,1,few_shot,144,True,0.999998,0.002324,1.0,0.999999,True,True,True
qwen2.5-14b,bgl,1,few_shot,145,False,0.997527,0.002324,0.999994,0.998328,True,True,True
qwen2.5-14b,bgl,1,few_shot,146,True,0.999998,0.002324,1.0,0.999998,True,True,True
qwen2.5-14b,bgl,1,few_shot,147,True,0.999998,0.002324,1.0,0.999998,True,True,True
qwen2.5-14b,bgl,1,few_shot,148,False,0.798187,0.002324,0.999411,0.854123,True,True,True
qwen2.5-14b,bgl,1,few_shot,149,True,1.0,0.002324,1.0,1.0,True,True,True
qwen2.5-14b,hdfs,1,few_shot,150,True,9.6e-05,0.002324,0.039622,0.000142,False,False,False
qwen2.5-14b,hdfs,1,few_shot,151,True,0.000553,0.002324,0.191866,0.000818,False,False,False
qwen2.5-14b,hdfs,1,few_shot,152,True,0.998968,0.002324,0.999998,0.999303,True,True,True
qwen2.5-14b,hdfs,1,few_shot,153,True,0.033086,0.002324,0.936259,0.048214,False,True,False
qwen2.5-14b,hdfs,1,few_shot,154,True,0.0,0.002324,0.000116,0.0,False,False,False
qwen2.5-14b,hdfs,1,few_shot,155,False,0.009708,0.002324,0.808,0.014306,False,True,False
qwen2.5-14b,hdfs,1,few_shot,156,False,0.002801,0.002324,0.546631,0.004141,False,True,False
qwen2.5-14b,hdfs,1,few_shot,157,True,0.047426,0.002324,0.955301,0.068645,False,True,False
qwen2.5-14b,hdfs,1,few_shot,158,True,0.060087,0.002324,0.96484,0.086457,False,True,False
qwen2.5-14b,hdfs,1,few_shot,159,False,1.9e-05,0.002324,0.008059,2.8e-05,False,False,False
qwen2.5-14b,hdfs,1,few_shot,160,False,0.000335,0.002324,0.125875,0.000496,False,False,False
qwen2.5-14b,hdfs,1,few_shot,161,False,0.000231,0.002324,0.090058,0.000341,False,False,False
qwen2.5-14b,hdfs,1,few_shot,162,True,0.002473,0.002324,0.515512,0.003656,False,True,False
qwen2.5-14b,hdfs,1,few_shot,163,False,0.999569,0.002324,0.999999,0.999709,True,True,True
qwen2.5-14b,hdfs,1,few_shot,164,False,0.012432,0.002324,0.843838,0.018295,False,True,False
qwen2.5-14b,hdfs,1,few_shot,165,False,0.017986,0.002324,0.887161,0.026399,False,True,False
qwen2.5-14b,hdfs,1,few_shot,166,False,0.622459,0.002324,0.998589,0.709367,True,True,True
qwen2.5-14b,hdfs,1,few_shot,167,True,0.000626,0.002324,0.211996,0.000927,False,False,False
qwen2.5-14b,hdfs,1,few_shot,168,False,2e-06,0.002324,0.000666,2e-06,False,False,False
qwen2.5-14b,hdfs,1,few_shot,169,False,0.002183,0.002324,0.484272,0.003228,False,False,False
qwen2.5-14b,hdfs,1,few_shot,170,False,1e-06,0.002324,0.000458,2e-06,False,False,False
qwen2.5-14b,hdfs,1,few_shot,171,False,0.001927,0.002324,0.453155,0.00285,False,False,False
qwen2.5-14b,hdfs,1,few_shot,172,True,2e-06,0.002324,0.000666,2e-06,False,False,False
qwen2.5-14b,hdfs,1,few_shot,173,True,3e-06,0.002324,0.001244,4e-06,False,False,False
qwen2.5-14b,hdfs,1,few_shot,174,False,0.00522,0.002324,0.69255,0.007709,False,True,False
qwen2.5-14b,hdfs,1,few_shot,175,False,0.407333,0.002324,0.996622,0.504328,False,True,True
qwen2.5-14b,hdfs,1,few_shot,176,True,0.000431,0.002324,0.156048,0.000637,False,False,False
qwen2.5-14b,hdfs,1,few_shot,177,True,0.007577,0.002324,0.766216,0.011177,False,True,False
qwen2.5-14b,hdfs,1,few_shot,178,False,0.006693,0.002324,0.743085,0.009876,False,True,False
qwen2.5-14b,hdfs,1,few_shot,179,False,0.000335,0.002324,0.125875,0.000496,False,False,False
qwen2.5-14b,hdfs,1,few_shot,180,True,1e-06,0.002324,0.000588,2e-06,False,False,False
qwen2.5-14b,hdfs,1,few_shot,181,False,0.001701,0.002324,0.422399,0.002516,False,False,False
qwen2.5-14b,hdfs,1,few_shot,182,True,0.5,0.002324,0.997676,0.59684,False,True,True
qwen2.5-14b,hdfs,1,few_shot,183,True,0.042088,0.002324,0.949649,0.061072,False,True,False
qwen2.5-14b,hdfs,1,few_shot,184,True,0.989013,0.002324,0.999974,0.992552,True,True,True
qwen2.5-14b,hdfs,1,few_shot,185,False,4e-06,0.002324,0.001597,6e-06,False,False,False
qwen2.5-14b,hdfs,1,few_shot,186,True,0.0,0.002324,0.000131,0.0,False,False,False
qwen2.5-14b,hdfs,1,few_shot,187,False,0.00522,0.002324,0.69255,0.007709,False,True,False
qwen2.5-14b,hdfs,1,few_shot,188,True,0.005911,0.002324,0.718507,0.008726,False,True,False
qwen2.5-14b,hdfs,1,few_shot,189,False,0.0,0.002324,0.000169,1e-06,False,False,False
qwen2.5-14b,hdfs,1,few_shot,190,True,4.5e-05,0.002324,0.019116,6.7e-05,False,False,False
qwen2.5-14b,hdfs,1,few_shot,191,True,3.5e-05,0.002324,0.014951,5.2e-05,False,False,False
qwen2.5-14b,hdfs,1,few_shot,192,False,0.003594,0.002324,0.60756,0.005311,False,True,False
qwen2.5-14b,hdfs,1,few_shot,193,True,0.00522,0.002324,0.69255,0.007709,False,True,False
qwen2.5-14b,hdfs,1,few_shot,194,True,0.0,0.002324,9e-05,0.0,False,False,False
qwen2.5-14b,hdfs,1,few_shot,195,False,0.020332,0.002324,0.899082,0.029809,False,True,False
qwen2.5-14b,hdfs,1,few_shot,196,False,0.001032,0.002324,0.307266,0.001527,False,False,False
qwen2.5-14b,hdfs,1,few_shot,197,True,0.000553,0.002324,0.191866,0.000818,False,False,False
qwen2.5-14b,hdfs,1,few_shot,198,True,0.010987,0.002324,0.82665,0.01618,False,True,False
qwen2.5-14b,hdfs,1,few_shot,199,True,0.000123,0.002324,0.05031,0.000183,False,False,False
qwen2.5-14b,hdfs,1,few_shot,200,False,0.001501,0.002324,0.392234,0.002221,False,False,False
qwen2.5-14b,hdfs,1,few_shot,201,True,0.99593,0.002324,0.99999,0.997247,True,True,True
qwen2.5-14b,hdfs,1,few_shot,202,True,0.002183,0.002324,0.484272,0.003228,False,False,False
qwen2.5-14b,hdfs,1,few_shot,203,False,6e-06,0.002324,0.002631,9e-06,False,False,False
qwen2.5-14b,hdfs,1,few_shot,204,True,1e-06,0.002324,0.000404,1e-06,False,False,False
qwen2.5-14b,hdfs,1,few_shot,205,False,2e-06,0.002324,0.000969,3e-06,False,False,False
qwen2.5-14b,hdfs,1,few_shot,206,False,0.000431,0.002324,0.156048,0.000637,False,False,False
qwen2.5-14b,hdfs,1,few_shot,207,False,0.000488,0.002324,0.173226,0.000722,False,False,False
qwen2.5-14b,hdfs,1,few_shot,208,False,0.060087,0.002324,0.96484,0.086457,False,True,False
qwen2.5-14b,hdfs,1,few_shot,209,True,0.053403,0.002324,0.960345,0.077081,False,True,False
qwen2.5-14b,hdfs,1,few_shot,210,False,0.245085,0.002324,0.992876,0.324606,False,True,False
qwen2.5-14b,hdfs,1,few_shot,211,True,0.002801,0.002324,0.546631,0.004141,False,True,False
qwen2.5-14b,hdfs,1,few_shot,212,False,0.006693,0.002324,0.743085,0.009876,False,True,False
qwen2.5-14b,hdfs,1,few_shot,213,True,0.000626,0.002324,0.211996,0.000927,False,False,False
qwen2.5-14b,hdfs,1,few_shot,214,True,0.00038,0.002324,0.140284,0.000562,False,False,False
qwen2.5-14b,hdfs,1,few_shot,215,True,0.00522,0.002324,0.69255,0.007709,False,True,False
qwen2.5-14b,hdfs,1,few_shot,216,False,0.00117,0.002324,0.334493,0.00173,False,False,False
qwen2.5-14b,hdfs,1,few_shot,217,False,0.0,0.002324,6.2e-05,0.0,False,False,False
qwen2.5-14b,hdfs,1,few_shot,218,True,0.2227,0.002324,0.991935,0.297823,False,True,False
qwen2.5-14b,hdfs,1,few_shot,219,False,0.009708,0.002324,0.808,0.014306,False,True,False
qwen2.5-14b,hdfs,1,few_shot,220,False,0.00117,0.002324,0.334493,0.00173,False,False,False
qwen2.5-14b,hdfs,1,few_shot,221,False,0.407333,0.002324,0.996622,0.504328,False,True,True
qwen2.5-14b,hdfs,1,few_shot,222,True,5e-06,0.002324,0.002322,8e-06,False,False,False
qwen2.5-14b,hdfs,1,few_shot,223,True,0.000335,0.002324,0.125875,0.000496,False,False,False
qwen2.5-14b,hdfs,1,few_shot,224,False,0.005911,0.002324,0.718507,0.008726,False,True,False
qwen2.5-14b,hdfs,1,few_shot,225,False,0.012432,0.002324,0.843838,0.018295,False,True,False
qwen2.5-14b,hdfs,1,few_shot,226,True,0.531209,0.002324,0.997948,0.626519,True,True,True
qwen2.5-14b,hdfs,1,few_shot,227,True,8e-06,0.002324,0.003375,1.2e-05,False,False,False
qwen2.5-14b,hdfs,1,few_shot,228,True,0.001325,0.002324,0.362869,0.00196,False,False,False
qwen2.5-14b,hdfs,1,few_shot,229,False,2e-06,0.002324,0.000666,2e-06,False,False,False
qwen2.5-14b,hdfs,1,few_shot,230,False,0.000804,0.002324,0.256749,0.00119,False,False,False
qwen2.5-14b,hdfs,1,few_shot,231,False,0.00522,0.002324,0.69255,0.007709,False,True,False
qwen2.5-14b,hdfs,1,few_shot,232,True,0.000804,0.002324,0.256749,0.00119,False,False,False
qwen2.5-14b,hdfs,1,few_shot,233,False,0.002801,0.002324,0.546631,0.004141,False,True,False
qwen2.5-14b,hdfs,1,few_shot,234,False,0.407333,0.002324,0.996622,0.504328,False,True,True
qwen2.5-14b,hdfs,1,few_shot,235,True,1e-05,0.002324,0.00433,1.5e-05,False,False,False
qwen2.5-14b,hdfs,1,few_shot,236,True,0.0,0.002324,0.000191,1e-06,False,False,False
qwen2.5-14b,hdfs,1,few_shot,237,False,5.1e-05,0.002324,0.021606,7.6e-05,False,False,False
qwen2.5-14b,hdfs,1,few_shot,238,True,0.0,0.002324,6.2e-05,0.0,False,False,False
qwen2.5-14b,hdfs,1,few_shot,239,True,0.001325,0.002324,0.362869,0.00196,False,False,False
qwen2.5-14b,hdfs,1,few_shot,240,False,0.0,0.002324,0.000169,1e-06,False,False,False
qwen2.5-14b,hdfs,1,few_shot,241,True,0.003594,0.002324,0.60756,0.005311,False,True,False
qwen2.5-14b,hdfs,1,few_shot,242,True,0.7773,0.002324,0.999333,0.83785,True,True,True
qwen2.5-14b,hdfs,1,few_shot,243,False,0.000553,0.002324,0.191866,0.000818,False,False,False
qwen2.5-14b,hdfs,1,few_shot,244,True,0.003594,0.002324,0.60756,0.005311,False,True,False
qwen2.5-14b,hdfs,1,few_shot,245,True,0.009708,0.002324,0.808,0.014306,False,True,False
qwen2.5-14b,hdfs,1,few_shot,246,False,0.000488,0.002324,0.173226,0.000722,False,False,False
qwen2.5-14b,hdfs,1,few_shot,247,False,0.014064,0.002324,0.859612,0.02068,False,True,False
qwen2.5-14b,hdfs,1,few_shot,248,True,0.5,0.002324,0.997676,0.59684,False,True,True
qwen2.5-14b,hdfs,1,few_shot,249,False,0.015906,0.002324,0.87403,0.023369,False,True,False
qwen2.5-14b,hdfs,1,few_shot,250,True,8e-06,0.002324,0.003375,1.2e-05,False,False,False
qwen2.5-14b,hdfs,1,few_shot,251,False,0.005911,0.002324,0.718507,0.008726,False,True,False
qwen2.5-14b,hdfs,1,few_shot,252,False,1e-06,0.002324,0.000458,2e-06,False,False,False
qwen2.5-14b,hdfs,1,few_shot,253,True,0.014064,0.002324,0.859612,0.02068,False,True,False
qwen2.5-14b,hdfs,1,few_shot,254,True,0.000488,0.002324,0.173226,0.000722,False,False,False
qwen2.5-14b,hdfs,1,few_shot,255,True,0.002801,0.002324,0.546631,0.004141,False,True,False
qwen2.5-14b,hdfs,1,few_shot,256,False,0.022977,0.002324,0.909872,0.033644,False,True,False
qwen2.5-14b,hdfs,1,few_shot,257,False,0.001927,0.002324,0.453155,0.00285,False,False,False
qwen2.5-14b,hdfs,1,few_shot,258,False,0.00117,0.002324,0.334493,0.00173,False,False,False
qwen2.5-14b,hdfs,1,few_shot,259,False,0.000553,0.002324,0.191866,0.000818,False,False,False
qwen2.5-14b,hdfs,1,few_shot,260,True,0.000335,0.002324,0.125875,0.000496,False,False,False
qwen2.5-14b,hdfs,1,few_shot,261,False,0.001927,0.002324,0.453155,0.00285,False,False,False
qwen2.5-14b,hdfs,1,few_shot,262,False,6.6e-05,0.002324,0.027574,9.8e-05,False,False,False
qwen2.5-14b,hdfs,1,few_shot,263,True,0.996827,0.002324,0.999993,0.997855,True,True,True
qwen2.5-14b,hdfs,1,few_shot,264,False,0.00407,0.002324,0.636931,0.006014,False,True,False
qwen2.5-14b,hdfs,1,few_shot,265,True,0.010987,0.002324,0.82665,0.01618,False,True,False
qwen2.5-14b,hdfs,1,few_shot,266,False,1e-06,0.002324,0.000357,1e-06,False,False,False
qwen2.5-14b,hdfs,1,few_shot,267,False,0.00461,0.002324,0.665314,0.006809,False,True,False
qwen2.5-14b,hdfs,1,few_shot,268,True,1e-06,0.002324,0.000245,1e-06,False,False,False
qwen2.5-14b,hdfs,1,few_shot,269,False,0.008577,0.002324,0.787859,0.012646,False,True,False
qwen2.5-14b,hdfs,1,few_shot,270,False,1e-06,0.002324,0.000458,2e-06,False,False,False
qwen2.5-14b,hdfs,1,few_shot,271,False,0.00117,0.002324,0.334493,0.00173,False,False,False
qwen2.5-14b,hdfs,1,few_shot,272,True,0.000553,0.002324,0.191866,0.000818,False,False,False
qwen2.5-14b,hdfs,1,few_shot,273,True,0.020332,0.002324,0.899082,0.029809,False,True,False
qwen2.5-14b,hdfs,1,few_shot,274,True,0.001701,0.002324,0.422399,0.002516,False,False,False
qwen2.5-14b,hdfs,1,few_shot,275,True,0.000553,0.002324,0.191866,0.000818,False,False,False
qwen2.5-14b,hdfs,1,few_shot,276,True,0.998499,0.002324,0.999996,0.998985,True,True,True
qwen2.5-14b,hdfs,1,few_shot,277,False,0.99539,0.002324,0.999989,0.996882,True,True,True
qwen2.5-14b,hdfs,1,few_shot,278,False,0.997199,0.002324,0.999993,0.998106,True,True,True
qwen2.5-14b,hdfs,1,few_shot,279,True,0.00461,0.002324,0.665314,0.006809,False,True,False
qwen2.5-14b,hdfs,1,few_shot,280,True,0.002801,0.002324,0.546631,0.004141,False,True,False
qwen2.5-14b,hdfs,1,few_shot,281,True,2e-06,0.002324,0.000856,3e-06,False,False,False
qwen2.5-14b,hdfs,1,few_shot,282,True,3.1e-05,0.002324,0.013217,4.6e-05,False,False,False
qwen2.5-14b,hdfs,1,few_shot,283,False,0.00117,0.002324,0.334493,0.00173,False,False,False
qwen2.5-14b,hdfs,1,few_shot,284,False,0.000626,0.002324,0.211996,0.000927,False,False,False
qwen2.5-14b,hdfs,1,few_shot,285,False,0.437823,0.002324,0.997018,0.535519,False,True,True
qwen2.5-14b,hdfs,1,few_shot,286,True,1e-06,0.002324,0.000588,2e-06,False,False,False
qwen2.5-14b,hdfs,1,few_shot,287,False,2e-06,0.002324,0.000856,3e-06,False,False,False
qwen2.5-14b,hdfs,1,few_shot,288,True,0.999447,0.002324,0.999999,0.999627,True,True,True
qwen2.5-14b,hdfs,1,few_shot,289,True,0.00038,0.002324,0.140284,0.000562,False,False,False
qwen2.5-14b,hdfs,1,few_shot,290,True,0.000626,0.002324,0.211996,0.000927,False,False,False
qwen2.5-14b,hdfs,1,few_shot,291,True,0.003173,0.002324,0.57739,0.00469,False,True,False
qwen2.5-14b,hdfs,1,few_shot,292,True,1e-06,0.002324,0.000357,1e-06,False,False,False
qwen2.5-14b,hdfs,1,few_shot,293,False,0.00522,0.002324,0.69255,0.007709,False,True,False
qwen2.5-14b,hdfs,1,few_shot,294,False,0.020332,0.002324,0.899082,0.029809,False,True,False
qwen2.5-14b,hdfs,1,few_shot,295,True,0.999374,0.002324,0.999999,0.999577,True,True,True
qwen2.5-14b,hdfs,1,few_shot,296,True,0.997817,0.002324,0.999995,0.998525,True,True,True
qwen2.5-14b,hdfs,1,few_shot,297,False,0.015906,0.002324,0.87403,0.023369,False,True,False
qwen2.5-14b,hdfs,1,few_shot,298,False,0.407333,0.002324,0.996622,0.504328,False,True,True
qwen2.5-14b,hdfs,1,few_shot,299,False,0.047426,0.002324,0.955301,0.068645,False,True,False
qwen2.5-14b,thunderbird,1,few_shot,300,True,1.0,0.002324,1.0,1.0,True,True,True
qwen2.5-14b,thunderbird,1,few_shot,301,True,1.0,0.002324,1.0,1.0,True,True,True
qwen2.5-14b,thunderbird,1,few_shot,302,True,1.0,0.002324,1.0,1.0,True,True,True
qwen2.5-14b,thunderbird,1,few_shot,303,False,0.99883,0.002324,0.999997,0.99921,True,True,True
qwen2.5-14b,thunderbird,1,few_shot,304,True,0.999987,0.002324,1.0,0.999991,True,True,True
qwen2.5-14b,thunderbird,1,few_shot,305,True,1.0,0.002324,1.0,1.0,True,True,True
qwen2.5-14b,thunderbird,1,few_shot,306,False,0.999997,0.002324,1.0,0.999998,True,True,True
qwen2.5-14b,thunderbird,1,few_shot,307,True,1.0,0.002324,1.0,1.0,True,True,True
qwen2.5-14b,thunderbird,1,few_shot,308,True,0.999999,0.002324,1.0,1.0,True,True,True
qwen2.5-14b,thunderbird,1,few_shot,309,True,1.0,0.002324,1.0,1.0,True,True,True
qwen2.5-14b,thunderbird,1,few_shot,310,False,8.5e-05,0.002324,0.03513,0.000126,False,False,False
qwen2.5-14b,thunderbird,1,few_shot,311,False,0.99478,0.002324,0.999988,0.996468,True,True,True
qwen2.5-14b,thunderbird,1,few_shot,312,True,0.999999,0.002324,1.0,0.999999,True,True,True
qwen2.5-14b,thunderbird,1,few_shot,313,False,0.999999,0.002324,1.0,0.999999,True,True,True
qwen2.5-14b,thunderbird,1,few_shot,314,True,1.0,0.002324,1.0,1.0,True,True,True
qwen2.5-14b,thunderbird,1,few_shot,315,False,0.99593,0.002324,0.99999,0.997247,True,True,True
qwen2.5-14b,thunderbird,1,few_shot,316,False,0.268941,0.002324,0.993707,0.352587,False,True,False
qwen2.5-14b,thunderbird,1,few_shot,317,False,1e-06,0.002324,0.000216,1e-06,False,False,False
qwen2.5-14b,thunderbird,1,few_shot,318,False,1.0,0.002324,1.0,1.0,True,True,True
qwen2.5-14b,thunderbird,1,few_shot,319,False,0.998073,0.002324,0.999996,0.998698,True,True,True
qwen2.5-14b,thunderbird,1,few_shot,320,False,0.0,0.002324,1e-05,0.0,False,False,False
qwen2.5-14b,thunderbird,1,few_shot,321,True,1.0,0.002324,1.0,1.0,True,True,True
qwen2.5-14b,thunderbird,1,few_shot,322,False,0.320821,0.002324,0.995092,0.41152,False,True,False
qwen2.5-14b,thunderbird,1,few_shot,323,True,1.0,0.002324,1.0,1.0,True,True,True
qwen2.5-14b,thunderbird,1,few_shot,324,False,1e-06,0.002324,0.000404,1e-06,False,False,False
qwen2.5-14b,thunderbird,1,few_shot,325,True,1.0,0.002324,1.0,1.0,True,True,True
qwen2.5-14b,thunderbird,1,few_shot,326,True,1.0,0.002324,1.0,1.0,True,True,True
qwen2.5-14b,thunderbird,1,few_shot,327,False,0.999925,0.002324,1.0,0.999949,True,True,True
qwen2.5-14b,thunderbird,1,few_shot,328,False,0.999987,0.002324,1.0,0.999991,True,True,True
qwen2.5-14b,thunderbird,1,few_shot,329,False,0.999995,0.002324,1.0,0.999997,True,True,True
qwen2.5-14b,thunderbird,1,few_shot,330,True,1.0,0.002324,1.0,1.0,True,True,True
qwen2.5-14b,thunderbird,1,few_shot,331,False,0.999997,0.002324,1.0,0.999998,True,True,True
qwen2.5-14b,thunderbird,1,few_shot,332,True,1.0,0.002324,1.0,1.0,True,True,True
qwen2.5-14b,thunderbird,1,few_shot,333,False,0.999999,0.002324,1.0,0.999999,True,True,True
qwen2.5-14b,thunderbird,1,few_shot,334,True,1.0,0.002324,1.0,1.0,True,True,True
qwen2.5-14b,thunderbird,1,few_shot,335,False,0.835484,0.002324,0.999541,0.882603,True,True,True
qwen2.5-14b,thunderbird,1,few_shot,336,False,0.003173,0.002324,0.57739,0.00469,False,True,False
qwen2.5-14b,thunderbird,1,few_shot,337,True,1.0,0.002324,1.0,1.0,True,True,True
qwen2.5-14b,thunderbird,1,few_shot,338,False,0.99929,0.002324,0.999998,0.999521,True,True,True
qwen2.5-14b,thunderbird,1,few_shot,339,True,1.0,0.002324,1.0,1.0,True,True,True
qwen2.5-14b,thunderbird,1,few_shot,340,False,0.000911,0.002324,0.281318,0.001348,False,False,False
qwen2.5-14b,thunderbird,1,few_shot,341,False,0.320821,0.002324,0.995092,0.41152,False,True,False
qwen2.5-14b,thunderbird,1,few_shot,342,True,1.0,0.002324,1.0,1.0,True,True,True
qwen2.5-14b,thunderbird,1,few_shot,343,True,1.0,0.002324,1.0,1.0,True,True,True
qwen2.5-14b,thunderbird,1,few_shot,344,True,0.999999,0.002324,1.0,1.0,True,True,True
qwen2.5-14b,thunderbird,1,few_shot,345,True,1.0,0.002324,1.0,1.0,True,True,True
qwen2.5-14b,thunderbird,1,few_shot,346,True,1.0,0.002324,1.0,1.0,True,True,True
qwen2.5-14b,thunderbird,1,few_shot,347,False,0.0,0.002324,0.000191,1e-06,False,False,False
qwen2.5-14b,thunderbird,1,few_shot,348,True,0.999999,0.002324,1.0,1.0,True,True,True
qwen2.5-14b,thunderbird,1,few_shot,349,True,1.0,0.002324,1.0,1.0,True,True,True
qwen2.5-14b,thunderbird,1,few_shot,350,True,1.0,0.002324,1.0,1.0,True,True,True
qwen2.5-14b,thunderbird,1,few_shot,351,False,2.8e-05,0.002324,0.011682,4.1e-05,False,False,False
qwen2.5-14b,thunderbird,1,few_shot,352,True,1.0,0.002324,1.0,1.0,True,True,True
qwen2.5-14b,thunderbird,1,few_shot,353,False,0.002801,0.002324,0.546631,0.004141,False,True,False
qwen2.5-14b,thunderbird,1,few_shot,354,False,0.999089,0.002324,0.999998,0.999384,True,True,True
qwen2.5-14b,thunderbird,1,few_shot,355,False,9e-06,0.002324,0.003823,1.3e-05,False,False,False
qwen2.5-14b,thunderbird,1,few_shot,356,True,1.0,0.002324,1.0,1.0,True,True,True
qwen2.5-14b,thunderbird,1,few_shot,357,False,0.989013,0.002324,0.999974,0.992552,True,True,True
qwen2.5-14b,thunderbird,1,few_shot,358,False,1.0,0.002324,1.0,1.0,True,True,True
qwen2.5-14b,thunderbird,1,few_shot,359,True,0.999998,0.002324,1.0,0.999998,True,True,True
qwen2.5-14b,thunderbird,1,few_shot,360,True,1.0,0.002324,1.0,1.0,True,True,True
qwen2.5-14b,thunderbird,1,few_shot,361,False,0.182426,0.002324,0.989667,0.248303,False,True,False
qwen2.5-14b,thunderbird,1,few_shot,362,True,0.999979,0.002324,1.0,0.999986,True,True,True
qwen2.5-14b,thunderbird,1,few_shot,363,False,1.0,0.002324,1.0,1.0,True,True,True
qwen2.5-14b,thunderbird,1,few_shot,364,True,1.0,0.002324,1.0,1.0,True,True,True
qwen2.5-14b,thunderbird,1,few_shot,365,True,0.999999,0.002324,1.0,0.999999,True,True,True
qwen2.5-14b,thunderbird,1,few_shot,366,True,1.0,0.002324,1.0,1.0,True,True,True
qwen2.5-14b,thunderbird,1,few_shot,367,True,1.0,0.002324,1.0,1.0,True,True,True
qwen2.5-14b,thunderbird,1,few_shot,368,True,1.0,0.002324,1.0,1.0,True,True,True
qwen2.5-14b,thunderbird,1,few_shot,369,False,0.999997,0.002324,1.0,0.999998,True,True,True
qwen2.5-14b,thunderbird,1,few_shot,370,True,1.0,0.002324,1.0,1.0,True,True,True
qwen2.5-14b,thunderbird,1,few_shot,371,False,0.970688,0.002324,0.99993,0.98001,True,True,True
qwen2.5-14b,thunderbird,1,few_shot,372,False,0.999955,0.002324,1.0,0.999969,True,True,True
qwen2.5-14b,thunderbird,1,few_shot,373,False,3e-06,0.002324,0.001098,4e-06,False,False,False
qwen2.5-14b,thunderbird,1,few_shot,374,True,1.0,0.002324,1.0,1.0,True,True,True
qwen2.5-14b,thunderbird,1,few_shot,375,True,0.999999,0.002324,1.0,1.0,True,True,True
qwen2.5-14b,thunderbird,1,few_shot,376,False,0.985936,0.002324,0.999967,0.990457,True,True,True
qwen2.5-14b,thunderbird,1,few_shot,377,False,0.99478,0.002324,0.999988,0.996468,True,True,True
qwen2.5-14b,thunderbird,1,few_shot,378,True,1.0,0.002324,1.0,1.0,True,True,True
qwen2.5-14b,thunderbird,1,few_shot,379,True,1.0,0.002324,1.0,1.0,True,True,True
qwen2.5-14b,thunderbird,1,few_shot,380,True,1.0,0.002324,1.0,1.0,True,True,True
qwen2.5-14b,thunderbird,1,few_shot,381,False,0.985936,0.002324,0.999967,0.990457,True,True,True
qwen2.5-14b,thunderbird,1,few_shot,382,False,0.999992,0.002324,1.0,0.999995,True,True,True
qwen2.5-14b,thunderbird,1,few_shot,383,False,0.999665,0.002324,0.999999,0.999773,True,True,True
qwen2.5-14b,thunderbird,1,few_shot,384,True,0.999999,0.002324,1.0,0.999999,True,True,True
qwen2.5-14b,thunderbird,1,few_shot,385,False,0.320821,0.002324,0.995092,0.41152,False,True,False
qwen2.5-14b,thunderbird,1,few_shot,386,False,0.348645,0.002324,0.995667,0.44209,False,True,False
qwen2.5-14b,thunderbird,1,few_shot,387,True,1.0,0.002324,1.0,1.0,True,True,True
qwen2.5-14b,thunderbird,1,few_shot,388,True,1.0,0.002324,1.0,1.0,True,True,True
qwen2.5-14b,thunderbird,1,few_shot,389,False,0.268941,0.002324,0.993707,0.352587,False,True,False
qwen2.5-14b,thunderbird,1,few_shot,390,True,1.0,0.002324,1.0,1.0,True,True,True
qwen2.5-14b,thunderbird,1,few_shot,391,True,1.0,0.002324,1.0,1.0,True,True,True
qwen2.5-14b,thunderbird,1,few_shot,392,False,0.0,0.002324,6e-06,0.0,False,False,False
qwen2.5-14b,thunderbird,1,few_shot,393,True,1.0,0.002324,1.0,1.0,True,True,True
qwen2.5-14b,thunderbird,1,few_shot,394,True,0.999998,0.002324,1.0,0.999999,True,True,True
qwen2.5-14b,thunderbird,1,few_shot,395,False,0.974043,0.002324,0.999938,0.982317,True,True,True
qwen2.5-14b,thunderbird,1,few_shot,396,True,1.0,0.002324,1.0,1.0,True,True,True
qwen2.5-14b,thunderbird,1,few_shot,397,True,0.999999,0.002324,1.0,0.999999,True,True,True
qwen2.5-14b,thunderbird,1,few_shot,398,False,0.053403,0.002324,0.960345,0.077081,False,True,False
qwen2.5-14b,thunderbird,1,few_shot,399,False,0.000123,0.002324,0.05031,0.000183,False,False,False
qwen2.5-14b,thunderbird,1,few_shot,400,True,1.0,0.002324,1.0,1.0,True,True,True
qwen2.5-14b,thunderbird,1,few_shot,401,False,0.164516,0.002324,0.988308,0.225712,False,True,False
qwen2.5-14b,thunderbird,1,few_shot,402,True,1.0,0.002324,1.0,1.0,True,True,True
qwen2.5-14b,thunderbird,1,few_shot,403,True,1.0,0.002324,1.0,1.0,True,True,True
qwen2.5-14b,thunderbird,1,few_shot,404,False,0.999447,0.002324,0.999999,0.999627,True,True,True
qwen2.5-14b,thunderbird,1,few_shot,405,True,1.0,0.002324,1.0,1.0,True,True,True
qwen2.5-14b,thunderbird,1,few_shot,406,True,1.0,0.002324,1.0,1.0,True,True,True
qwen2.5-14b,thunderbird,1,few_shot,407,True,1.0,0.002324,1.0,1.0,True,True,True
qwen2.5-14b,thunderbird,1,few_shot,408,False,0.015906,0.002324,0.87403,0.023369,False,True,False
qwen2.5-14b,thunderbird,1,few_shot,409,False,0.268941,0.002324,0.993707,0.352587,False,True,False
qwen2.5-14b,thunderbird,1,few_shot,410,False,0.731059,0.002324,0.999144,0.800961,True,True,True
qwen2.5-14b,thunderbird,1,few_shot,411,False,0.002801,0.002324,0.546631,0.004141,False,True,False
qwen2.5-14b,thunderbird,1,few_shot,412,True,0.999995,0.002324,1.0,0.999996,True,True,True
qwen2.5-14b,thunderbird,1,few_shot,413,False,0.991423,0.002324,0.99998,0.99419,True,True,True
qwen2.5-14b,thunderbird,1,few_shot,414,False,0.015906,0.002324,0.87403,0.023369,False,True,False
qwen2.5-14b,thunderbird,1,few_shot,415,True,1.0,0.002324,1.0,1.0,True,True,True
qwen2.5-14b,thunderbird,1,few_shot,416,False,0.003594,0.002324,0.60756,0.005311,False,True,False
qwen2.5-14b,thunderbird,1,few_shot,417,True,0.999999,0.002324,1.0,1.0,True,True,True
qwen2.5-14b,thunderbird,1,few_shot,418,False,1.9e-05,0.002324,0.008059,2.8e-05,False,False,False
qwen2.5-14b,thunderbird,1,few_shot,419,False,0.047426,0.002324,0.955301,0.068645,False,True,False
qwen2.5-14b,thunderbird,1,few_shot,420,True,0.999999,0.002324,1.0,1.0,True,True,True
qwen2.5-14b,thunderbird,1,few_shot,421,False,1e-05,0.002324,0.00433,1.5e-05,False,False,False
qwen2.5-14b,thunderbird,1,few_shot,422,False,0.999842,0.002324,1.0,0.999893,True,True,True
qwen2.5-14b,thunderbird,1,few_shot,423,False,0.962673,0.002324,0.99991,0.974477,True,True,True
qwen2.5-14b,thunderbird,1,few_shot,424,False,0.182426,0.002324,0.989667,0.248303,False,True,False
qwen2.5-14b,thunderbird,1,few_shot,425,True,1.0,0.002324,1.0,1.0,True,True,True
qwen2.5-14b,thunderbird,1,few_shot,426,True,1.0,0.002324,1.0,1.0,True,True,True
qwen2.5-14b,thunderbird,1,few_shot,427,False,1.7e-05,0.002324,0.007118,2.5e-05,False,False,False
qwen2.5-14b,thunderbird,1,few_shot,428,False,2.4e-05,0.002324,0.010324,3.6e-05,False,False,False
qwen2.5-14b,thunderbird,1,few_shot,429,False,0.999992,0.002324,1.0,0.999995,True,True,True
qwen2.5-14b,thunderbird,1,few_shot,430,False,0.999999,0.002324,1.0,1.0,True,True,True
qwen2.5-14b,thunderbird,1,few_shot,431,False,0.085099,0.002324,0.975567,0.121033,False,True,False
qwen2.5-14b,thunderbird,1,few_shot,432,True,1.0,0.002324,1.0,1.0,True,True,True
qwen2.5-14b,thunderbird,1,few_shot,433,True,1.0,0.002324,1.0,1.0,True,True,True
qwen2.5-14b,thunderbird,1,few_shot,434,True,1.0,0.002324,1.0,1.0,True,True,True
qwen2.5-14b,thunderbird,1,few_shot,435,True,1.0,0.002324,1.0,1.0,True,True,True
qwen2.5-14b,thunderbird,1,few_shot,436,False,0.000911,0.002324,0.281318,0.001348,False,False,False
qwen2.5-14b,thunderbird,1,few_shot,437,False,8.5e-05,0.002324,0.03513,0.000126,False,False,False
qwen2.5-14b,thunderbird,1,few_shot,438,False,5e-06,0.002324,0.002322,8e-06,False,False,False
qwen2.5-14b,thunderbird,1,few_shot,439,False,0.294215,0.002324,0.994443,0.381618,False,True,False
qwen2.5-14b,thunderbird,1,few_shot,440,True,1.0,0.002324,1.0,1.0,True,True,True
qwen2.5-14b,thunderbird,1,few_shot,441,False,0.00117,0.002324,0.334493,0.00173,False,False,False
qwen2.5-14b,thunderbird,1,few_shot,442,True,1.0,0.002324,1.0,1.0,True,True,True
qwen2.5-14b,thunderbird,1,few_shot,443,True,1.0,0.002324,1.0,1.0,True,True,True
qwen2.5-14b,thunderbird,1,few_shot,444,True,1.0,0.002324,1.0,1.0,True,True,True
qwen2.5-14b,thunderbird,1,few_shot,445,True,1.0,0.002324,1.0,1.0,True,True,True
qwen2.5-14b,thunderbird,1,few_shot,446,True,1.0,0.002324,1.0,1.0,True,True,True
qwen2.5-14b,thunderbird,1,few_shot,447,False,3e-06,0.002324,0.001098,4e-06,False,False,False
qwen2.5-14b,thunderbird,1,few_shot,448,False,3.5e-05,0.002324,0.014951,5.2e-05,False,False,False
qwen2.5-14b,thunderbird,1,few_shot,449,True,1.0,0.002324,1.0,1.0,True,True,True
qwen2.5-14b,openstack,1,few_shot,450,True,0.0,0.002324,0.000169,1e-06,False,False,False
qwen2.5-14b,openstack,1,few_shot,451,True,1e-06,0.002324,0.000315,1e-06,False,False,False
qwen2.5-14b,openstack,1,few_shot,452,False,0.000123,0.002324,0.05031,0.000183,False,False,False
qwen2.5-14b,openstack,1,few_shot,453,True,0.0,0.002324,5.5e-05,0.0,False,False,False
qwen2.5-14b,openstack,1,few_shot,454,False,0.037327,0.002324,0.943324,0.054285,False,True,False
qwen2.5-14b,openstack,1,few_shot,455,False,0.0,0.002324,9e-05,0.0,False,False,False
qwen2.5-14b,openstack,1,few_shot,456,False,4e-06,0.002324,0.001809,6e-06,False,False,False
qwen2.5-14b,openstack,1,few_shot,457,False,0.067547,0.002324,0.968843,0.096853,False,True,False
qwen2.5-14b,openstack,1,few_shot,458,False,0.0,0.002324,2.6e-05,0.0,False,False,False
qwen2.5-14b,openstack,1,few_shot,459,True,8e-06,0.002324,0.003375,1.2e-05,False,False,False
qwen2.5-14b,openstack,1,few_shot,460,True,5e-06,0.002324,0.00205,7e-06,False,False,False
qwen2.5-14b,openstack,1,few_shot,461,False,0.00071,0.002324,0.233629,0.00105,False,False,False
qwen2.5-14b,openstack,1,few_shot,462,True,0.0,0.002324,8e-05,0.0,False,False,False
qwen2.5-14b,openstack,1,few_shot,463,True,0.0,0.002324,0.000191,1e-06,False,False,False
qwen2.5-14b,openstack,1,few_shot,464,True,0.0,0.002324,1.2e-05,0.0,False,False,False
qwen2.5-14b,openstack,1,few_shot,465,False,9e-06,0.002324,0.003823,1.3e-05,False,False,False
qwen2.5-14b,openstack,1,few_shot,466,True,0.0,0.002324,3.3e-05,0.0,False,False,False
qwen2.5-14b,openstack,1,few_shot,467,True,5e-06,0.002324,0.00205,7e-06,False,False,False
qwen2.5-14b,openstack,1,few_shot,468,True,3e-06,0.002324,0.001244,4e-06,False,False,False
qwen2.5-14b,openstack,1,few_shot,469,True,1e-06,0.002324,0.000216,1e-06,False,False,False
qwen2.5-14b,openstack,1,few_shot,470,False,0.0,0.002324,2.9e-05,0.0,False,False,False
qwen2.5-14b,openstack,1,few_shot,471,True,0.0,0.002324,4.8e-05,0.0,False,False,False
qwen2.5-14b,openstack,1,few_shot,472,False,0.437823,0.002324,0.997018,0.535519,False,True,True
qwen2.5-14b,openstack,1,few_shot,473,True,0.989013,0.002324,0.999974,0.992552,True,True,True
qwen2.5-14b,openstack,1,few_shot,474,False,1e-06,0.002324,0.000357,1e-06,False,False,False
qwen2.5-14b,openstack,1,few_shot,475,True,0.0,0.002324,0.000191,1e-06,False,False,False
qwen2.5-14b,openstack,1,few_shot,476,True,0.001032,0.002324,0.307266,0.001527,False,False,False
qwen2.5-14b,openstack,1,few_shot,477,False,2e-06,0.002324,0.000969,3e-06,False,False,False
qwen2.5-14b,openstack,1,few_shot,478,False,4e-06,0.002324,0.001597,6e-06,False,False,False
qwen2.5-14b,openstack,1,few_shot,479,True,0.000123,0.002324,0.05031,0.000183,False,False,False
qwen2.5-14b,openstack,1,few_shot,480,True,1e-06,0.002324,0.000357,1e-06,False,False,False
qwen2.5-14b,openstack,1,few_shot,481,True,1e-06,0.002324,0.000278,1e-06,False,False,False
qwen2.5-14b,openstack,1,few_shot,482,True,3e-06,0.002324,0.00141,5e-06,False,False,False
qwen2.5-14b,openstack,1,few_shot,483,True,0.0,0.002324,0.000131,0.0,False,False,False
qwen2.5-14b,openstack,1,few_shot,484,True,1e-06,0.002324,0.000278,1e-06,False,False,False
qwen2.5-14b,openstack,1,few_shot,485,False,6.6e-05,0.002324,0.027574,9.8e-05,False,False,False
qwen2.5-14b,openstack,1,few_shot,486,False,0.053403,0.002324,0.960345,0.077081,False,True,False
qwen2.5-14b,openstack,1,few_shot,487,False,1.3e-05,0.002324,0.005553,1.9e-05,False,False,False
qwen2.5-14b,openstack,1,few_shot,488,False,1.1e-05,0.002324,0.004903,1.7e-05,False,False,False
qwen2.5-14b,openstack,1,few_shot,489,True,0.0,0.002324,0.000169,1e-06,False,False,False
qwen2.5-14b,openstack,1,few_shot,490,False,0.000626,0.002324,0.211996,0.000927,False,False,False
qwen2.5-14b,openstack,1,few_shot,491,True,0.000109,0.002324,0.044662,0.000161,False,False,False
qwen2.5-14b,openstack,1,few_shot,492,True,0.0,0.002324,3.3e-05,0.0,False,False,False
qwen2.5-14b,openstack,1,few_shot,493,True,3e-06,0.002324,0.001244,4e-06,False,False,False
qwen2.5-14b,openstack,1,few_shot,494,False,0.00038,0.002324,0.140284,0.000562,False,False,False
qwen2.5-14b,openstack,1,few_shot,495,False,7e-06,0.002324,0.00298,1e-05,False,False,False
qwen2.5-14b,openstack,1,few_shot,496,False,0.0,0.002324,2.3e-05,0.0,False,False,False
qwen2.5-14b,openstack,1,few_shot,497,True,0.2227,0.002324,0.991935,0.297823,False,True,False
qwen2.5-14b,openstack,1,few_shot,498,True,0.0,0.002324,0.000169,1e-06,False,False,False
qwen2.5-14b,openstack,1,few_shot,499,True,0.562177,0.002324,0.998189,0.655276,True,True,True
qwen2.5-14b,openstack,1,few_shot,500,True,3e-06,0.002324,0.00141,5e-06,False,False,False
qwen2.5-14b,openstack,1,few_shot,501,False,0.0,0.002324,0.000149,1e-06,False,False,False
qwen2.5-14b,openstack,1,few_shot,502,False,0.0,0.002324,5.5e-05,0.0,False,False,False
qwen2.5-14b,openstack,1,few_shot,503,True,0.000231,0.002324,0.090058,0.000341,False,False,False
qwen2.5-14b,openstack,1,few_shot,504,True,1e-06,0.002324,0.000519,2e-06,False,False,False
qwen2.5-14b,openstack,1,few_shot,505,True,2e-06,0.002324,0.000856,3e-06,False,False,False
qwen2.5-14b,openstack,1,few_shot,506,False,5e-06,0.002324,0.002322,8e-06,False,False,False
qwen2.5-14b,openstack,1,few_shot,507,True,0.012432,0.002324,0.843838,0.018295,False,True,False
qwen2.5-14b,openstack,1,few_shot,508,False,2e-06,0.002324,0.000969,3e-06,False,False,False
qwen2.5-14b,openstack,1,few_shot,509,True,0.000488,0.002324,0.173226,0.000722,False,False,False
qwen2.5-14b,openstack,1,few_shot,510,True,0.0,0.002324,1e-05,0.0,False,False,False
qwen2.5-14b,openstack,1,few_shot,511,False,0.00117,0.002324,0.334493,0.00173,False,False,False
qwen2.5-14b,openstack,1,few_shot,512,False,0.0,0.002324,0.000131,0.0,False,False,False
qwen2.5-14b,openstack,1,few_shot,513,True,1e-06,0.002324,0.000519,2e-06,False,False,False
qwen2.5-14b,openstack,1,few_shot,514,False,2e-06,0.002324,0.000755,3e-06,False,False,False
qwen2.5-14b,openstack,1,few_shot,515,True,1e-06,0.002324,0.000404,1e-06,False,False,False
qwen2.5-14b,openstack,1,few_shot,516,False,0.0,0.002324,3.8e-05,0.0,False,False,False
qwen2.5-14b,openstack,1,few_shot,517,True,0.0,0.002324,0.000116,0.0,False,False,False
qwen2.5-14b,openstack,1,few_shot,518,False,0.939913,0.002324,0.999851,0.958605,True,True,True
qwen2.5-14b,openstack,1,few_shot,519,False,2e-06,0.002324,0.000666,2e-06,False,False,False
qwen2.5-14b,openstack,1,few_shot,520,False,6.6e-05,0.002324,0.027574,9.8e-05,False,False,False
qwen2.5-14b,openstack,1,few_shot,521,False,0.00018,0.002324,0.071562,0.000266,False,False,False
qwen2.5-14b,openstack,1,few_shot,522,True,3e-06,0.002324,0.001244,4e-06,False,False,False
qwen2.5-14b,openstack,1,few_shot,523,False,1e-06,0.002324,0.000357,1e-06,False,False,False
qwen2.5-14b,openstack,1,few_shot,524,False,0.0,0.002324,4.3e-05,0.0,False,False,False
qwen2.5-14b,openstack,1,few_shot,525,True,0.000911,0.002324,0.281318,0.001348,False,False,False
qwen2.5-14b,openstack,1,few_shot,526,False,0.001927,0.002324,0.453155,0.00285,False,False,False
qwen2.5-14b,openstack,1,few_shot,527,False,0.957912,0.002324,0.999898,0.971176,True,True,True
qwen2.5-14b,openstack,1,few_shot,528,True,0.962673,0.002324,0.99991,0.974477,True,True,True
qwen2.5-14b,openstack,1,few_shot,529,True,0.0,0.002324,8e-05,0.0,False,False,False
qwen2.5-14b,openstack,1,few_shot,530,False,5e-06,0.002324,0.00205,7e-06,False,False,False
qwen2.5-14b,openstack,1,few_shot,531,False,6.6e-05,0.002324,0.027574,9.8e-05,False,False,False
qwen2.5-14b,openstack,1,few_shot,532,True,0.0,0.002324,8e-05,0.0,False,False,False
qwen2.5-14b,openstack,1,few_shot,533,True,1e-06,0.002324,0.000458,2e-06,False,False,False
qwen2.5-14b,openstack,1,few_shot,534,True,1e-06,0.002324,0.000404,1e-06,False,False,False
qwen2.5-14b,openstack,1,few_shot,535,True,0.000488,0.002324,0.173226,0.000722,False,False,False
qwen2.5-14b,openstack,1,few_shot,536,True,0.0,0.002324,0.000191,1e-06,False,False,False
qwen2.5-14b,openstack,1,few_shot,537,True,4e-06,0.002324,0.001597,6e-06,False,False,False
qwen2.5-14b,openstack,1,few_shot,538,False,1.7e-05,0.002324,0.007118,2.5e-05,False,False,False
qwen2.5-14b,openstack,1,few_shot,539,False,0.095349,0.002324,0.978376,0.134973,False,True,False
qwen2.5-14b,openstack,1,few_shot,540,True,0.0,0.002324,0.000169,1e-06,False,False,False
qwen2.5-14b,openstack,1,few_shot,541,False,4e-06,0.002324,0.001597,6e-06,False,False,False
qwen2.5-14b,openstack,1,few_shot,542,False,3.1e-05,0.002324,0.013217,4.6e-05,False,False,False
qwen2.5-14b,openstack,1,few_shot,543,True,9e-06,0.002324,0.003823,1.3e-05,False,False,False
qwen2.5-14b,openstack,1,few_shot,544,False,2e-06,0.002324,0.000856,3e-06,False,False,False
qwen2.5-14b,openstack,1,few_shot,545,False,0.5,0.002324,0.997676,0.59684,False,True,True
qwen2.5-14b,openstack,1,few_shot,546,False,0.0,0.002324,7e-05,0.0,False,False,False
qwen2.5-14b,openstack,1,few_shot,547,True,0.0,0.002324,0.000169,1e-06,False,False,False
qwen2.5-14b,openstack,1,few_shot,548,False,4e-06,0.002324,0.001809,6e-06,False,False,False
qwen2.5-14b,openstack,1,few_shot,549,True,0.0,0.002324,6.2e-05,0.0,False,False,False
qwen2.5-14b,openstack,1,few_shot,550,False,0.0,0.002324,0.000191,1e-06,False,False,False
qwen2.5-14b,openstack,1,few_shot,551,False,0.000158,0.002324,0.063689,0.000235,False,False,False
qwen2.5-14b,openstack,1,few_shot,552,True,0.0,0.002324,9e-05,0.0,False,False,False
qwen2.5-14b,openstack,1,few_shot,553,True,1e-06,0.002324,0.000357,1e-06,False,False,False
qwen2.5-14b,openstack,1,few_shot,554,True,0.000231,0.002324,0.090058,0.000341,False,False,False
qwen2.5-14b,openstack,1,few_shot,555,True,0.00014,0.002324,0.056629,0.000207,False,False,False
qwen2.5-14b,openstack,1,few_shot,556,False,0.679179,0.002324,0.998901,0.758104,True,True,True
qwen2.5-14b,openstack,1,few_shot,557,False,2e-06,0.002324,0.000755,3e-06,False,False,False
qwen2.5-14b,openstack,1,few_shot,558,True,0.0,0.002324,2e-05,0.0,False,False,False
qwen2.5-14b,openstack,1,few_shot,559,False,0.0,0.002324,0.000191,1e-06,False,False,False
qwen2.5-14b,openstack,1,few_shot,560,True,0.000626,0.002324,0.211996,0.000927,False,False,False
qwen2.5-14b,openstack,1,few_shot,561,False,0.000109,0.002324,0.044662,0.000161,False,False,False
qwen2.5-14b,openstack,1,few_shot,562,True,3e-06,0.002324,0.001098,4e-06,False,False,False
qwen2.5-14b,openstack,1,few_shot,563,False,0.00014,0.002324,0.056629,0.000207,False,False,False
qwen2.5-14b,openstack,1,few_shot,564,True,1e-06,0.002324,0.000519,2e-06,False,False,False
qwen2.5-14b,openstack,1,few_shot,565,False,0.095349,0.002324,0.978376,0.134973,False,True,False
qwen2.5-14b,openstack,1,few_shot,566,False,0.000626,0.002324,0.211996,0.000927,False,False,False
qwen2.5-14b,openstack,1,few_shot,567,True,1e-06,0.002324,0.000404,1e-06,False,False,False
qwen2.5-14b,openstack,1,few_shot,568,True,0.000431,0.002324,0.156048,0.000637,False,False,False
qwen2.5-14b,openstack,1,few_shot,569,False,0.0,0.002324,3.8e-05,0.0,False,False,False
qwen2.5-14b,openstack,1,few_shot,570,False,0.0,0.002324,9e-05,0.0,False,False,False
qwen2.5-14b,openstack,1,few_shot,571,True,0.437823,0.002324,0.997018,0.535519,False,True,True
qwen2.5-14b,openstack,1,few_shot,572,True,0.001325,0.002324,0.362869,0.00196,False,False,False
qwen2.5-14b,openstack,1,few_shot,573,False,0.007577,0.002324,0.766216,0.011177,False,True,False
qwen2.5-14b,openstack,1,few_shot,574,False,7e-06,0.002324,0.00298,1e-05,False,False,False
qwen2.5-14b,openstack,1,few_shot,575,False,8.5e-05,0.002324,0.03513,0.000126,False,False,False
qwen2.5-14b,openstack,1,few_shot,576,False,2.1e-05,0.002324,0.009122,3.2e-05,False,False,False
qwen2.5-14b,openstack,1,few_shot,577,False,0.002183,0.002324,0.484272,0.003228,False,False,False
qwen2.5-14b,openstack,1,few_shot,578,False,2e-06,0.002324,0.000666,2e-06,False,False,False
qwen2.5-14b,openstack,1,few_shot,579,True,3e-06,0.002324,0.00141,5e-06,False,False,False
qwen2.5-14b,openstack,1,few_shot,580,False,0.932453,0.002324,0.999831,0.95335,True,True,True
qwen2.5-14b,openstack,1,few_shot,581,False,2e-06,0.002324,0.000969,3e-06,False,False,False
qwen2.5-14b,openstack,1,few_shot,582,False,2e-06,0.002324,0.000666,2e-06,False,False,False
qwen2.5-14b,openstack,1,few_shot,583,True,0.0,0.002324,0.000169,1e-06,False,False,False
qwen2.5-14b,openstack,1,few_shot,584,False,7.5e-05,0.002324,0.031131,0.000111,False,False,False
qwen2.5-14b,openstack,1,few_shot,585,True,2e-06,0.002324,0.000969,3e-06,False,False,False
qwen2.5-14b,openstack,1,few_shot,586,True,1e-06,0.002324,0.000315,1e-06,False,False,False
qwen2.5-14b,openstack,1,few_shot,587,False,9.6e-05,0.002324,0.039622,0.000142,False,False,False
qwen2.5-14b,openstack,1,few_shot,588,False,4.5e-05,0.002324,0.019116,6.7e-05,False,False,False
qwen2.5-14b,openstack,1,few_shot,589,True,0.0,0.002324,0.000116,0.0,False,False,False
qwen2.5-14b,openstack,1,few_shot,590,False,0.00071,0.002324,0.233629,0.00105,False,False,False
qwen2.5-14b,openstack,1,few_shot,591,True,3e-06,0.002324,0.001098,4e-06,False,False,False
qwen2.5-14b,openstack,1,few_shot,592,False,1e-06,0.002324,0.000519,2e-06,False,False,False
qwen2.5-14b,openstack,1,few_shot,593,True,1e-06,0.002324,0.000404,1e-06,False,False,False
qwen2.5-14b,openstack,1,few_shot,594,True,0.0,0.002324,4.3e-05,0.0,False,False,False
qwen2.5-14b,openstack,1,few_shot,595,False,0.000488,0.002324,0.173226,0.000722,False,False,False
qwen2.5-14b,openstack,1,few_shot,596,True,0.0,0.002324,3.8e-05,0.0,False,False,False
qwen2.5-14b,openstack,1,few_shot,597,False,1e-06,0.002324,0.000216,1e-06,False,False,False
qwen2.5-14b,openstack,1,few_shot,598,False,1e-06,0.002324,0.000245,1e-06,False,False,False
qwen2.5-14b,openstack,1,few_shot,599,True,3.1e-05,0.002324,0.013217,4.6e-05,False,False,False
mistral-small,bgl,1,few_shot,0,False,0.970688,0.476527,0.973246,0.962576,True,True,True
mistral-small,bgl,1,few_shot,1,True,0.992423,0.476527,0.993098,0.990266,True,True,True
mistral-small,bgl,1,few_shot,2,True,0.989013,0.476527,0.989989,0.985899,True,True,True
mistral-small,bgl,1,few_shot,3,False,0.984094,0.476527,0.985499,0.979614,True,True,True
mistral-small,bgl,1,few_shot,4,True,0.99478,0.476527,0.995246,0.993289,True,True,True
mistral-small,bgl,1,few_shot,5,True,0.99478,0.476527,0.995246,0.993289,True,True,True
mistral-small,bgl,1,few_shot,6,False,0.982014,0.476527,0.9836,0.976962,True,True,True
mistral-small,bgl,1,few_shot,7,False,0.974043,0.476527,0.976315,0.966827,True,True,True
mistral-small,bgl,1,few_shot,8,True,0.993307,0.476527,0.993904,0.9914,True,True,True
mistral-small,bgl,1,few_shot,9,True,0.99478,0.476527,0.995246,0.993289,True,True,True
mistral-small,bgl,1,few_shot,10,True,0.985936,0.476527,0.987181,0.981966,True,True,True
mistral-small,bgl,1,few_shot,11,False,0.974043,0.476527,0.976315,0.966827,True,True,True
mistral-small,bgl,1,few_shot,12,False,0.974043,0.476527,0.976315,0.966827,True,True,True
mistral-small,bgl,1,few_shot,13,True,0.990292,0.476527,0.991154,0.987535,True,True,True
mistral-small,bgl,1,few_shot,14,True,0.989013,0.476527,0.989989,0.985899,True,True,True
mistral-small,bgl,1,few_shot,15,False,0.294215,0.476527,0.314096,0.244585,False,False,False
mistral-small,bgl,1,few_shot,16,True,0.99478,0.476527,0.995246,0.993289,True,True,True
mistral-small,bgl,1,few_shot,17,True,0.989013,0.476527,0.989989,0.985899,True,True,True
mistral-small,bgl,1,few_shot,18,False,0.952574,0.476527,0.956643,0.939761,True,True,True
mistral-small,bgl,1,few_shot,19,True,0.989013,0.476527,0.989989,0.985899,True,True,True
mistral-small,bgl,1,few_shot,20,True,0.991423,0.476527,0.992186,0.988984,True,True,True
mistral-small,bgl,1,few_shot,21,True,0.99478,0.476527,0.995246,0.993289,True,True,True
mistral-small,bgl,1,few_shot,22,False,0.348645,0.476527,0.370275,0.293654,False,False,False
mistral-small,bgl,1,few_shot,23,True,0.991423,0.476527,0.992186,0.988984,True,True,True
mistral-small,bgl,1,few_shot,24,False,0.053403,0.476527,0.058357,0.041979,False,False,False
mistral-small,bgl,1,few_shot,25,False,0.993307,0.476527,0.993904,0.9914,True,True,True
mistral-small,bgl,1,few_shot,26,True,0.993307,0.476527,0.993904,0.9914,True,True,True
mistral-small,bgl,1,few_shot,27,True,0.99478,0.476527,0.995246,0.993289,True,True,True
mistral-small,bgl,1,few_shot,28,False,0.977023,0.476527,0.97904,0.970611,True,True,True
mistral-small,bgl,1,few_shot,29,True,0.99478,0.476527,0.995246,0.993289,True,True,True
mistral-small,bgl,1,few_shot,30,True,0.99478,0.476527,0.995246,0.993289,True,True,True
mistral-small,bgl,1,few_shot,31,False,0.984094,0.476527,0.985499,0.979614,True,True,True
mistral-small,bgl,1,few_shot,32,False,0.468791,0.476527,0.492241,0.406681,False,False,False
mistral-small,bgl,1,few_shot,33,True,0.993307,0.476527,0.993904,0.9914,True,True,True
mistral-small,bgl,1,few_shot,34,True,0.989013,0.476527,0.989989,0.985899,True,True,True
mistral-small,bgl,1,few_shot,35,False,0.979668,0.476527,0.981457,0.973974,True,True,True
mistral-small,bgl,1,few_shot,36,False,0.979668,0.476527,0.981457,0.973974,True,True,True
mistral-small,bgl,1,few_shot,37,False,0.592667,0.476527,0.615138,0.530536,True,True,True
mistral-small,bgl,1,few_shot,38,False,0.984094,0.476527,0.985499,0.979614,True,True,True
mistral-small,bgl,1,few_shot,39,True,0.993307,0.476527,0.993904,0.9914,True,True,True
mistral-small,bgl,1,few_shot,40,True,0.99478,0.476527,0.995246,0.993289,True,True,True
mistral-small,bgl,1,few_shot,41,False,0.798187,0.476527,0.812899,0.754415,True,True,True
mistral-small,bgl,1,few_shot,42,True,0.989013,0.476527,0.989989,0.985899,True,True,True
mistral-small,bgl,1,few_shot,43,True,0.989013,0.476527,0.989989,0.985899,True,True,True
mistral-small,bgl,1,few_shot,44,True,0.99478,0.476527,0.995246,0.993289,True,True,True
mistral-small,bgl,1,few_shot,45,False,0.984094,0.476527,0.985499,0.979614,True,True,True
mistral-small,bgl,1,few_shot,46,True,0.994089,0.476527,0.994616,0.992402,True,True,True
mistral-small,bgl,1,few_shot,47,True,0.99478,0.476527,0.995246,0.993289,True,True,True
mistral-small,bgl,1,few_shot,48,False,0.962673,0.476527,0.965907,0.952452,True,True,True
mistral-small,bgl,1,few_shot,49,True,0.99478,0.476527,0.995246,0.993289,True,True,True
mistral-small,bgl,1,few_shot,50,True,0.99478,0.476527,0.995246,0.993289,True,True,True
mistral-small,bgl,1,few_shot,51,True,0.99478,0.476527,0.995246,0.993289,True,True,True
mistral-small,bgl,1,few_shot,52,True,0.946597,0.476527,0.951152,0.932283,True,True,True
mistral-small,bgl,1,few_shot,53,False,0.348645,0.476527,0.370275,0.293654,False,False,False
mistral-small,bgl,1,few_shot,54,False,0.977023,0.476527,0.97904,0.970611,True,True,True
mistral-small,bgl,1,few_shot,55,False,0.974043,0.476527,0.976315,0.966827,True,True,True
mistral-small,bgl,1,few_shot,56,False,0.979668,0.476527,0.981457,0.973974,True,True,True
mistral-small,bgl,1,few_shot,57,False,0.966914,0.476527,0.969792,0.957803,True,True,True
mistral-small,bgl,1,few_shot,58,False,0.99593,0.476527,0.996294,0.994766,True,True,True
mistral-small,bgl,1,few_shot,59,True,0.994089,0.476527,0.994616,0.992402,True,True,True
mistral-small,bgl,1,few_shot,60,False,0.946597,0.476527,0.951152,0.932283,True,True,True
mistral-small,bgl,1,few_shot,61,True,0.994089,0.476527,0.994616,0.992402,True,True,True
mistral-small,bgl,1,few_shot,62,True,0.989013,0.476527,0.989989,0.985899,True,True,True
mistral-small,bgl,1,few_shot,63,False,0.979668,0.476527,0.981457,0.973974,True,True,True
mistral-small,bgl,1,few_shot,64,False,0.977023,0.476527,0.97904,0.970611,True,True,True
mistral-small,bgl,1,few_shot,65,False,0.047426,0.476527,0.051856,0.03723,False,False,False
mistral-small,bgl,1,few_shot,66,True,0.99478,0.476527,0.995246,0.993289,True,True,True
mistral-small,bgl,1,few_shot,67,False,0.974043,0.476527,0.976315,0.966827,True,True,True
mistral-small,bgl,1,few_shot,68,True,0.989013,0.476527,0.989989,0.985899,True,True,True
mistral-small,bgl,1,few_shot,69,False,0.966914,0.476527,0.969792,0.957803,True,True,True
mistral-small,bgl,1,few_shot,70,True,0.99478,0.476527,0.995246,0.993289,True,True,True
mistral-small,bgl,1,few_shot,71,False,0.99593,0.476527,0.996294,0.994766,True,True,True
mistral-small,bgl,1,few_shot,72,False,0.984094,0.476527,0.985499,0.979614,True,True,True
mistral-small,bgl,1,few_shot,73,False,0.060087,0.476527,0.065618,0.047304,False,False,False
mistral-small,bgl,1,few_shot,74,False,0.989013,0.476527,0.989989,0.985899,True,True,True
mistral-small,bgl,1,few_shot,75,True,0.946597,0.476527,0.951152,0.932283,True,True,True
mistral-small,bgl,1,few_shot,76,False,0.982014,0.476527,0.9836,0.976962,True,True,True
mistral-small,bgl,1,few_shot,77,False,0.979668,0.476527,0.981457,0.973974,True,True,True
mistral-small,bgl,1,few_shot,78,False,0.977023,0.476527,0.97904,0.970611,True,True,True
mistral-small,bgl,1,few_shot,79,True,0.99478,0.476527,0.995246,0.993289,True,True,True
mistral-small,bgl,1,few_shot,80,False,0.970688,0.476527,0.973246,0.962576,True,True,True
mistral-small,bgl,1,few_shot,81,False,0.970688,0.476527,0.973246,0.962576,True,True,True
mistral-small,bgl,1,few_shot,82,True,0.989013,0.476527,0.989989,0.985899,True,True,True
mistral-small,bgl,1,few_shot,83,True,0.990292,0.476527,0.991154,0.987535,True,True,True
mistral-small,bgl,1,few_shot,84,False,0.974043,0.476527,0.976315,0.966827,True,True,True
mistral-small,bgl,1,few_shot,85,False,0.957912,0.476527,0.961542,0.94646,True,True,True
mistral-small,bgl,1,few_shot,86,True,0.952574,0.476527,0.956643,0.939761,True,True,True
mistral-small,bgl,1,few_shot,87,True,0.992423,0.476527,0.993098,0.990266,True,True,True
mistral-small,bgl,1,few_shot,88,True,0.993307,0.476527,0.993904,0.9914,True,True,True
mistral-small,bgl,1,few_shot,89,True,0.99478,0.476527,0.995246,0.993289,True,True,True
mistral-small,bgl,1,few_shot,90,True,0.99478,0.476527,0.995246,0.993289,True,True,True
mistral-small,bgl,1,few_shot,91,True,0.991423,0.476527,0.992186,0.988984,True,True,True
mistral-small,bgl,1,few_shot,92,False,0.982014,0.476527,0.9836,0.976962,True,True,True
mistral-small,bgl,1,few_shot,93,False,0.979668,0.476527,0.981457,0.973974,True,True,True
mistral-small,bgl,1,few_shot,94,True,0.99478,0.476527,0.995246,0.993289,True,True,True
mistral-small,bgl,1,few_shot,95,False,0.531209,0.476527,0.554523,0.468118,True,True,False
mistral-small,bgl,1,few_shot,96,False,0.407333,0.476527,0.430199,0.348032,False,False,False
mistral-small,bgl,1,few_shot,97,True,0.99478,0.476527,0.995246,0.993289,True,True,True
mistral-small,bgl,1,few_shot,98,False,0.966914,0.476527,0.969792,0.957803,True,True,True
mistral-small,bgl,1,few_shot,99,False,0.966914,0.476527,0.969792,0.957803,True,True,True
mistral-small,bgl,1,few_shot,100,False,0.982014,0.476527,0.9836,0.976962,True,True,True
mistral-small,bgl,1,few_shot,101,True,0.989013,0.476527,0.989989,0.985899,True,True,True
mistral-small,bgl,1,few_shot,102,False,0.060087,0.476527,0.065618,0.047304,False,False,False
mistral-small,bgl,1,few_shot,103,True,0.99478,0.476527,0.995246,0.993289,True,True,True
mistral-small,bgl,1,few_shot,104,False,0.977023,0.476527,0.97904,0.970611,True,True,True
mistral-small,bgl,1,few_shot,105,False,0.924142,0.476527,0.930472,0.904417,True,True,True
mistral-small,bgl,1,few_shot,106,True,0.99478,0.476527,0.995246,0.993289,True,True,True
mistral-small,bgl,1,few_shot,107,True,0.99478,0.476527,0.995246,0.993289,True,True,True
mistral-small,bgl,1,few_shot,108,True,0.99478,0.476527,0.995246,0.993289,True,True,True
mistral-small,bgl,1,few_shot,109,True,0.990292,0.476527,0.991154,0.987535,True,True,True
mistral-small,bgl,1,few_shot,110,False,0.957912,0.476527,0.961542,0.94646,True,True,True
mistral-small,bgl,1,few_shot,111,False,0.037327,0.476527,0.040854,0.029235,False,False,False
mistral-small,bgl,1,few_shot,112,True,0.99478,0.476527,0.995246,0.993289,True,True,True
mistral-small,bgl,1,few_shot,113,False,0.989013,0.476527,0.989989,0.985899,True,True,True
mistral-small,bgl,1,few_shot,114,True,0.994089,0.476527,0.994616,0.992402,True,True,True
mistral-small,bgl,1,few_shot,115,False,0.991423,0.476527,0.992186,0.988984,True,True,True
mistral-small,bgl,1,few_shot,116,True,0.99478,0.476527,0.995246,0.993289,True,True,True
mistral-small,bgl,1,few_shot,117,False,0.946597,0.476527,0.951152,0.932283,True,True,True
mistral-small,bgl,1,few_shot,118,True,0.992423,0.476527,0.993098,0.990266,True,True,True
mistral-small,bgl,1,few_shot,119,False,0.990292,0.476527,0.991154,0.987535,True,True,True
mistral-small,bgl,1,few_shot,120,False,0.996406,0.476527,0.996728,0.995378,True,True,True
mistral-small,bgl,1,few_shot,121,True,0.99478,0.476527,0.995246,0.993289,True,True,True
mistral-small,bgl,1,few_shot,122,False,0.984094,0.476527,0.985499,0.979614,True,True,True
mistral-small,bgl,1,few_shot,123,True,0.99593,0.476527,0.996294,0.994766,True,True,True
mistral-small,bgl,1,few_shot,124,False,0.977023,0.476527,0.97904,0.970611,True,True,True
mistral-small,bgl,1,few_shot,125,True,0.99478,0.476527,0.995246,0.993289,True,True,True
mistral-small,bgl,1,few_shot,126,True,0.993307,0.476527,0.993904,0.9914,True,True,True
mistral-small,bgl,1,few_shot,127,True,0.99478,0.476527,0.995246,0.993289,True,True,True
mistral-small,bgl,1,few_shot,128,False,0.047426,0.476527,0.051856,0.03723,False,False,False
mistral-small,bgl,1,few_shot,129,False,0.977023,0.476527,0.97904,0.970611,True,True,True
mistral-small,bgl,1,few_shot,130,True,0.989013,0.476527,0.989989,0.985899,True,True,True
mistral-small,bgl,1,few_shot,131,True,0.99478,0.476527,0.995246,0.993289,True,True,True
mistral-small,bgl,1,few_shot,132,False,0.294215,0.476527,0.314096,0.244585,False,False,False
mistral-small,bgl,1,few_shot,133,False,0.984094,0.476527,0.985499,0.979614,True,True,True
mistral-small,bgl,1,few_shot,134,False,0.974043,0.476527,0.976315,0.966827,True,True,True
mistral-small,bgl,1,few_shot,135,False,0.932453,0.476527,0.938136,0.91469,True,True,True
mistral-small,bgl,1,few_shot,136,True,0.991423,0.476527,0.992186,0.988984,True,True,True
mistral-small,bgl,1,few_shot,137,False,0.970688,0.476527,0.973246,0.962576,True,True,True
mistral-small,bgl,1,few_shot,138,True,0.99478,0.476527,0.995246,0.993289,True,True,True
mistral-small,bgl,1,few_shot,139,True,0.99478,0.476527,0.995246,0.993289,True,True,True
mistral-small,bgl,1,few_shot,140,False,0.974043,0.476527,0.976315,0.966827,True,True,True
mistral-small,bgl,1,few_shot,141,False,0.268941,0.476527,0.287811,0.222233,False,False,False
mistral-small,bgl,1,few_shot,142,True,0.817574,0.476527,0.831173,0.776832,True,True,True
mistral-small,bgl,1,few_shot,143,False,0.984094,0.476527,0.985499,0.979614,True,True,True
mistral-small,bgl,1,few_shot,144,True,0.993307,0.476527,0.993904,0.9914,True,True,True
mistral-small,bgl,1,few_shot,145,False,0.966914,0.476527,0.969792,0.957803,True,True,True
mistral-small,bgl,1,few_shot,146,True,0.99478,0.476527,0.995246,0.993289,True,True,True
mistral-small,bgl,1,few_shot,147,True,0.99478,0.476527,0.995246,0.993289,True,True,True
mistral-small,bgl,1,few_shot,148,False,0.977023,0.476527,0.97904,0.970611,True,True,True
mistral-small,bgl,1,few_shot,149,True,0.992423,0.476527,0.993098,0.990266,True,True,True
mistral-small,hdfs,1,few_shot,150,True,0.042088,0.476527,0.046043,0.033,False,False,False
mistral-small,hdfs,1,few_shot,151,True,0.2227,0.476527,0.239388,0.182023,False,False,False
mistral-small,hdfs,1,few_shot,152,True,0.939913,0.476527,0.945006,0.923952,True,True,True
mistral-small,hdfs,1,few_shot,153,True,0.294215,0.476527,0.314096,0.244585,False,False,False
mistral-small,hdfs,1,few_shot,154,True,0.014064,0.476527,0.015428,0.010958,False,False,False
mistral-small,hdfs,1,few_shot,155,False,0.468791,0.476527,0.492241,0.406681,False,False,False
mistral-small,hdfs,1,few_shot,156,False,0.085099,0.476527,0.092706,0.067377,False,False,False
mistral-small,hdfs,1,few_shot,157,True,0.201813,0.476527,0.217373,0.164145,False,False,False
mistral-small,hdfs,1,few_shot,158,True,0.294215,0.476527,0.314096,0.244585,False,False,False
mistral-small,hdfs,1,few_shot,159,False,0.014064,0.476527,0.015428,0.010958,False,False,False
mistral-small,hdfs,1,few_shot,160,False,0.053403,0.476527,0.058357,0.041979,False,False,False
mistral-small,hdfs,1,few_shot,161,False,0.047426,0.476527,0.051856,0.03723,False,False,False
mistral-small,hdfs,1,few_shot,162,True,0.075858,0.476527,0.082713,0.059934,False,False,False
mistral-small,hdfs,1,few_shot,163,False,0.970688,0.476527,0.973246,0.962576,True,True,True
mistral-small,hdfs,1,few_shot,164,False,0.437823,0.476527,0.461069,0.376906,False,False,False
mistral-small,hdfs,1,few_shot,165,False,0.182426,0.476527,0.19686,0.147707,False,False,False
mistral-small,hdfs,1,few_shot,166,False,0.622459,0.476527,0.644274,0.561511,True,True,True
mistral-small,hdfs,1,few_shot,167,True,0.042088,0.476527,0.046043,0.033,False,False,False
mistral-small,hdfs,1,few_shot,168,False,0.017986,0.476527,0.019723,0.014026,False,False,False
mistral-small,hdfs,1,few_shot,169,False,0.060087,0.476527,0.065618,0.047304,False,False,False
mistral-small,hdfs,1,few_shot,170,False,0.010987,0.476527,0.012056,0.008555,False,False,False
mistral-small,hdfs,1,few_shot,171,False,0.148047,0.476527,0.160294,0.118919,False,False,False
mistral-small,hdfs,1,few_shot,172,True,0.014064,0.476527,0.015428,0.010958,False,False,False
mistral-small,hdfs,1,few_shot,173,True,0.017986,0.476527,0.019723,0.014026,False,False,False
mistral-small,hdfs,1,few_shot,174,False,0.085099,0.476527,0.092706,0.067377,False,False,False
mistral-small,hdfs,1,few_shot,175,False,0.531209,0.476527,0.554523,0.468118,True,True,False
mistral-small,hdfs,1,few_shot,176,True,0.067547,0.476527,0.073711,0.053267,False,False,False
mistral-small,hdfs,1,few_shot,177,True,0.320821,0.476527,0.34163,0.26841,False,False,False
mistral-small,hdfs,1,few_shot,178,False,0.037327,0.476527,0.040854,0.029235,False,False,False
mistral-small,hdfs,1,few_shot,179,False,0.067547,0.476527,0.073711,0.053267,False,False,False
mistral-small,hdfs,1,few_shot,180,True,0.033086,0.476527,0.036227,0.025889,False,False,False
mistral-small,hdfs,1,few_shot,181,False,0.106691,0.476527,0.115982,0.084889,False,False,False
mistral-small,hdfs,1,few_shot,182,True,0.5,0.476527,0.523473,0.437158,False,True,False
mistral-small,hdfs,1,few_shot,183,True,0.201813,0.476527,0.217373,0.164145,False,False,False
mistral-small,hdfs,1,few_shot,184,True,0.798187,0.476527,0.812899,0.754415,True,True,True
mistral-small,hdfs,1,few_shot,185,False,0.033086,0.476527,0.036227,0.025889,False,False,False
mistral-small,hdfs,1,few_shot,186,True,0.042088,0.476527,0.046043,0.033,False,False,False
mistral-small,hdfs,1,few_shot,187,False,0.075858,0.476527,0.082713,0.059934,False,False,False
mistral-small,hdfs,1,few_shot,188,True,0.2227,0.476527,0.239388,0.182023,False,False,False
mistral-small,hdfs,1,few_shot,189,False,0.017986,0.476527,0.019723,0.014026,False,False,False
mistral-small,hdfs,1,few_shot,190,True,0.047426,0.476527,0.051856,0.03723,False,False,False
mistral-small,hdfs,1,few_shot,191,True,0.020332,0.476527,0.022291,0.015864,False,False,False
mistral-small,hdfs,1,few_shot,192,False,0.201813,0.476527,0.217374,0.164145,False,False,False
mistral-small,hdfs,1,few_shot,193,True,0.182426,0.476527,0.19686,0.147707,False,False,False
mistral-small,hdfs,1,few_shot,194,True,0.017986,0.476527,0.019723,0.014026,False,False,False
mistral-small,hdfs,1,few_shot,195,False,0.148047,0.476527,0.160294,0.118919,False,False,False
mistral-small,hdfs,1,few_shot,196,False,0.037327,0.476527,0.040854,0.029235,False,False,False
mistral-small,hdfs,1,few_shot,197,True,0.042088,0.476527,0.046043,0.033,False,False,False
mistral-small,hdfs,1,few_shot,198,True,0.320821,0.476527,0.34163,0.26841,False,False,False
mistral-small,hdfs,1,few_shot,199,True,0.047426,0.476527,0.051856,0.03723,False,False,False
mistral-small,hdfs,1,few_shot,200,False,0.060087,0.476527,0.065618,0.047304,False,False,False
mistral-small,hdfs,1,few_shot,201,True,0.851953,0.476527,0.863417,0.817171,True,True,True
mistral-small,hdfs,1,few_shot,202,True,0.182426,0.476527,0.19686,0.147707,False,False,False
mistral-small,hdfs,1,few_shot,203,False,0.037327,0.476527,0.040854,0.029235,False,False,False
mistral-small,hdfs,1,few_shot,204,True,0.014064,0.476527,0.015428,0.010958,False,False,False
mistral-small,hdfs,1,few_shot,205,False,0.010987,0.476527,0.012056,0.008555,False,False,False
mistral-small,hdfs,1,few_shot,206,False,0.085099,0.476527,0.092706,0.067377,False,False,False
mistral-small,hdfs,1,few_shot,207,False,0.2227,0.476527,0.239388,0.182023,False,False,False
mistral-small,hdfs,1,few_shot,208,False,0.2227,0.476527,0.239388,0.182023,False,False,False
mistral-small,hdfs,1,few_shot,209,True,0.201813,0.476527,0.217373,0.164145,False,False,False
mistral-small,hdfs,1,few_shot,210,False,0.651355,0.476527,0.672378,0.592014,True,True,True
mistral-small,hdfs,1,few_shot,211,True,0.148047,0.476527,0.160294,0.118919,False,False,False
mistral-small,hdfs,1,few_shot,212,False,0.067547,0.476527,0.073711,0.053267,False,False,False
mistral-small,hdfs,1,few_shot,213,True,0.053403,0.476527,0.058357,0.041979,False,False,False
mistral-small,hdfs,1,few_shot,214,True,0.042088,0.476527,0.046043,0.033,False,False,False
mistral-small,hdfs,1,few_shot,215,True,0.294215,0.476527,0.314096,0.244585,False,False,False
mistral-small,hdfs,1,few_shot,216,False,0.060087,0.476527,0.065618,0.047304,False,False,False
mistral-small,hdfs,1,few_shot,217,False,0.017986,0.476527,0.019723,0.014026,False,False,False
mistral-small,hdfs,1,few_shot,218,True,0.731059,0.476527,0.749127,0.67859,True,True,True
mistral-small,hdfs,1,few_shot,219,False,0.047426,0.476527,0.051856,0.03723,False,False,False
mistral-small,hdfs,1,few_shot,220,False,0.377541,0.476527,0.399862,0.320233,False,False,False
mistral-small,hdfs,1,few_shot,221,False,0.651355,0.476527,0.672378,0.592014,True,True,True
mistral-small,hdfs,1,few_shot,222,True,0.020332,0.476527,0.022291,0.015864,False,False,False
mistral-small,hdfs,1,few_shot,223,True,0.119203,0.476527,0.129427,0.095117,False,False,False
mistral-small,hdfs,1,few_shot,224,False,0.047426,0.476527,0.051856,0.03723,False,False,False
mistral-small,hdfs,1,few_shot,225,False,0.2227,0.476527,0.239388,0.182023,False,False,False
mistral-small,hdfs,1,few_shot,226,True,0.705785,0.476527,0.724912,0.650741,True,True,True
mistral-small,hdfs,1,few_shot,227,True,0.033086,0.476527,0.036227,0.025889,False,False,False
mistral-small,hdfs,1,few_shot,228,True,0.2227,0.476527,0.239388,0.182023,False,False,False
mistral-small,hdfs,1,few_shot,229,False,0.015906,0.476527,0.017446,0.012399,False,False,False
mistral-small,hdfs,1,few_shot,230,False,0.085099,0.476527,0.092706,0.067377,False,False,False
mistral-small,hdfs,1,few_shot,231,False,0.106691,0.476527,0.115982,0.084889,False,False,False
mistral-small,hdfs,1,few_shot,232,True,0.042088,0.476527,0.046043,0.033,False,False,False
mistral-small,hdfs,1,few_shot,233,False,0.053403,0.476527,0.058357,0.041979,False,False,False
mistral-small,hdfs,1,few_shot,234,False,0.679179,0.476527,0.699299,0.621824,True,True,True
mistral-small,hdfs,1,few_shot,235,True,0.020332,0.476527,0.022291,0.015864,False,False,False
mistral-small,hdfs,1,few_shot,236,True,0.015906,0.476527,0.017446,0.012399,False,False,False
mistral-small,hdfs,1,few_shot,237,False,0.085099,0.476527,0.092706,0.067377,False,False,False
mistral-small,hdfs,1,few_shot,238,True,0.015906,0.476527,0.017446,0.012399,False,False,False
mistral-small,hdfs,1,few_shot,239,True,0.067547,0.476527,0.073711,0.053267,False,False,False
mistral-small,hdfs,1,few_shot,240,False,0.014064,0.476527,0.015428,0.010958,False,False,False
mistral-small,hdfs,1,few_shot,241,True,0.377541,0.476527,0.399862,0.320233,False,False,False
mistral-small,hdfs,1,few_shot,242,True,0.679179,0.476527,0.699299,0.621824,True,True,True
mistral-small,hdfs,1,few_shot,243,False,0.164516,0.476527,0.177842,0.132653,False,False,False
mistral-small,hdfs,1,few_shot,244,True,0.182426,0.476527,0.19686,0.147707,False,False,False
mistral-small,hdfs,1,few_shot,245,True,0.294215,0.476527,0.314096,0.244585,False,False,False
mistral-small,hdfs,1,few_shot,246,False,0.037327,0.476527,0.040854,0.029235,False,False,False
mistral-small,hdfs,1,few_shot,247,False,0.148047,0.476527,0.160294,0.118919,False,False,False
mistral-small,hdfs,1,few_shot,248,True,0.651355,0.476527,0.672378,0.592014,True,True,True
mistral-small,hdfs,1,few_shot,249,False,0.132964,0.476527,0.144175,0.106433,False,False,False
mistral-small,hdfs,1,few_shot,250,True,0.022977,0.476527,0.025184,0.017939,False,False,False
mistral-small,hdfs,1,few_shot,251,False,0.268941,0.476527,0.287811,0.222233,False,False,False
mistral-small,hdfs,1,few_shot,252,False,0.015906,0.476527,0.017446,0.012399,False,False,False
mistral-small,hdfs,1,few_shot,253,True,0.060087,0.476527,0.065618,0.047304,False,False,False
mistral-small,hdfs,1,few_shot,254,True,0.042088,0.476527,0.046043,0.033,False,False,False
mistral-small,hdfs,1,few_shot,255,True,0.106691,0.476527,0.115982,0.084889,False,False,False
mistral-small,hdfs,1,few_shot,256,False,0.268941,0.476527,0.287811,0.222233,False,False,False
mistral-small,hdfs,1,few_shot,257,False,0.2227,0.476527,0.239388,0.182023,False,False,False
mistral-small,hdfs,1,few_shot,258,False,0.047426,0.476527,0.051856,0.03723,False,False,False
mistral-small,hdfs,1,few_shot,259,False,0.047426,0.476527,0.051856,0.03723,False,False,False
mistral-small,hdfs,1,few_shot,260,True,0.047426,0.476527,0.051856,0.03723,False,False,False
mistral-small,hdfs,1,few_shot,261,False,0.245085,0.476527,0.262883,0.201378,False,False,False
mistral-small,hdfs,1,few_shot,262,False,0.047426,0.476527,0.051856,0.03723,False,False,False
mistral-small,hdfs,1,few_shot,263,True,0.914901,0.476527,0.921937,0.893052,True,True,True
mistral-small,hdfs,1,few_shot,264,False,0.095349,0.476527,0.103768,0.075669,False,False,False
mistral-small,hdfs,1,few_shot,265,True,0.095349,0.476527,0.103768,0.075669,False,False,False
mistral-small,hdfs,1,few_shot,266,False,0.009708,0.476527,0.010655,0.007557,False,False,False
mistral-small,hdfs,1,few_shot,267,False,0.037327,0.476527,0.040854,0.029235,False,False,False
mistral-small,hdfs,1,few_shot,268,True,0.014064,0.476527,0.015428,0.010958,False,False,False
mistral-small,hdfs,1,few_shot,269,False,0.182426,0.476527,0.19686,0.147707,False,False,False
mistral-small,hdfs,1,few_shot,270,False,0.025957,0.476527,0.028442,0.020279,False,False,False
mistral-small,hdfs,1,few_shot,271,False,0.132964,0.476527,0.144175,0.106433,False,False,False
mistral-small,hdfs,1,few_shot,272,True,0.348645,0.476527,0.370275,0.293654,False,False,False
mistral-small,hdfs,1,few_shot,273,True,0.132964,0.476527,0.144175,0.106433,False,False,False
mistral-small,hdfs,1,few_shot,274,True,0.132964,0.476527,0.144175,0.106433,False,False,False
mistral-small,hdfs,1,few_shot,275,True,0.067547,0.476527,0.073711,0.053267,False,False,False
mistral-small,hdfs,1,few_shot,276,True,0.867036,0.476527,0.8775,0.835112,True,True,True
mistral-small,hdfs,1,few_shot,277,False,0.798187,0.476527,0.812899,0.754415,True,True,True
mistral-small,hdfs,1,few_shot,278,False,0.914901,0.476527,0.921937,0.893052,True,True,True
mistral-small,hdfs,1,few_shot,279,True,0.148047,0.476527,0.160294,0.118919,False,False,False
mistral-small,hdfs,1,few_shot,280,True,0.119203,0.476527,0.129427,0.095117,False,False,False
mistral-small,hdfs,1,few_shot,281,True,0.010987,0.476527,0.012056,0.008555,False,False,False
mistral-small,hdfs,1,few_shot,282,True,0.015906,0.476527,0.017446,0.012399,False,False,False
mistral-small,hdfs,1,few_shot,283,False,0.164516,0.476527,0.177842,0.132653,False,False,False
mistral-small,hdfs,1,few_shot,284,False,0.060087,0.476527,0.065618,0.047304,False,False,False
mistral-small,hdfs,1,few_shot,285,False,0.679179,0.476527,0.699299,0.621824,True,True,True
mistral-small,hdfs,1,few_shot,286,True,0.017986,0.476527,0.019723,0.014026,False,False,False
mistral-small,hdfs,1,few_shot,287,False,0.015906,0.476527,0.017446,0.012399,False,False,False
mistral-small,hdfs,1,few_shot,288,True,0.946597,0.476527,0.951152,0.932283,True,True,True
mistral-small,hdfs,1,few_shot,289,True,0.033086,0.476527,0.036227,0.025889,False,False,False
mistral-small,hdfs,1,few_shot,290,True,0.047426,0.476527,0.051856,0.03723,False,False,False
mistral-small,hdfs,1,few_shot,291,True,0.119203,0.476527,0.129427,0.095117,False,False,False
mistral-small,hdfs,1,few_shot,292,True,0.012432,0.476527,0.01364,0.009683,False,False,False
mistral-small,hdfs,1,few_shot,293,False,0.348645,0.476527,0.370275,0.293654,False,False,False
mistral-small,hdfs,1,few_shot,294,False,0.119203,0.476527,0.129427,0.095117,False,False,False
mistral-small,hdfs,1,few_shot,295,True,0.932453,0.476527,0.938136,0.91469,True,True,True
mistral-small,hdfs,1,few_shot,296,True,0.924142,0.476527,0.930472,0.904417,True,True,True
mistral-small,hdfs,1,few_shot,297,False,0.085099,0.476527,0.092706,0.067377,False,False,False
mistral-small,hdfs,1,few_shot,298,False,0.622459,0.476527,0.644274,0.561511,True,True,True
mistral-small,hdfs,1,few_shot,299,False,0.148047,0.476527,0.160294,0.118919,False,False,False
mistral-small,thunderbird,1,few_shot,300,True,0.993307,0.476527,0.993904,0.9914,True,True,True
mistral-small,thunderbird,1,few_shot,301,True,0.992423,0.476527,0.993098,0.990266,True,True,True
mistral-small,thunderbird,1,few_shot,302,True,0.989013,0.476527,0.989989,0.985899,True,True,True
mistral-small,thunderbird,1,few_shot,303,False,0.904651,0.476527,0.912453,0.880513,True,True,True
mistral-small,thunderbird,1,few_shot,304,True,0.939913,0.476527,0.945006,0.923952,True,True,True
mistral-small,thunderbird,1,few_shot,305,True,0.992423,0.476527,0.993098,0.990266,True,True,True
mistral-small,thunderbird,1,few_shot,306,False,0.990292,0.476527,0.991154,0.987535,True,True,True
mistral-small,thunderbird,1,few_shot,307,True,0.990292,0.476527,0.991154,0.987535,True,True,True
mistral-small,thunderbird,1,few_shot,308,True,0.962673,0.476527,0.965907,0.952452,True,True,True
mistral-small,thunderbird,1,few_shot,309,True,0.990292,0.476527,0.991155,0.987535,True,True,True
mistral-small,thunderbird,1,few_shot,310,False,0.00461,0.476527,0.005061,0.003584,False,False,False
mistral-small,thunderbird,1,few_shot,311,False,0.904651,0.476527,0.912453,0.880513,True,True,True
mistral-small,thunderbird,1,few_shot,312,True,0.984094,0.476527,0.985499,0.979614,True,True,True
mistral-small,thunderbird,1,few_shot,313,False,0.979668,0.476527,0.981457,0.973974,True,True,True
mistral-small,thunderbird,1,few_shot,314,True,0.992423,0.476527,0.993098,0.990266,True,True,True
mistral-small,thunderbird,1,few_shot,315,False,0.957912,0.476527,0.961542,0.94646,True,True,True
mistral-small,thunderbird,1,few_shot,316,False,0.348645,0.476527,0.370275,0.293654,False,False,False
mistral-small,thunderbird,1,few_shot,317,False,0.009708,0.476527,0.010655,0.007557,False,False,False
mistral-small,thunderbird,1,few_shot,318,False,0.985936,0.476527,0.987181,0.981966,True,True,True
mistral-small,thunderbird,1,few_shot,319,False,0.893309,0.476527,0.901939,0.866724,True,True,True
mistral-small,thunderbird,1,few_shot,320,False,0.002183,0.476527,0.002397,0.001696,False,False,False
mistral-small,thunderbird,1,few_shot,321,True,0.991423,0.476527,0.992186,0.988984,True,True,True
mistral-small,thunderbird,1,few_shot,322,False,0.294215,0.476527,0.314096,0.244585,False,False,False
mistral-small,thunderbird,1,few_shot,323,True,0.985936,0.476527,0.987181,0.981966,True,True,True
mistral-small,thunderbird,1,few_shot,324,False,0.006693,0.476527,0.007347,0.005206,False,False,False
mistral-small,thunderbird,1,few_shot,325,True,0.992423,0.476527,0.993098,0.990266,True,True,True
mistral-small,thunderbird,1,few_shot,326,True,0.987568,0.476527,0.988671,0.984051,True,True,True
mistral-small,thunderbird,1,few_shot,327,False,0.982014,0.476527,0.9836,0.976962,True,True,True
mistral-small,thunderbird,1,few_shot,328,False,0.990292,0.476527,0.991154,0.987535,True,True,True
mistral-small,thunderbird,1,few_shot,329,False,0.984094,0.476527,0.985499,0.979614,True,True,True
mistral-small,thunderbird,1,few_shot,330,True,0.990292,0.476527,0.991154,0.987535,True,True,True
mistral-small,thunderbird,1,few_shot,331,False,0.990292,0.476527,0.991154,0.987535,True,True,True
mistral-small,thunderbird,1,few_shot,332,True,0.984094,0.476527,0.985499,0.979614,True,True,True
mistral-small,thunderbird,1,few_shot,333,False,0.990292,0.476527,0.991154,0.987535,True,True,True
mistral-small,thunderbird,1,few_shot,334,True,0.991423,0.476527,0.992186,0.988984,True,True,True
mistral-small,thunderbird,1,few_shot,335,False,0.731059,0.476527,0.749127,0.67859,True,True,True
mistral-small,thunderbird,1,few_shot,336,False,0.009708,0.476527,0.010655,0.007557,False,False,False
mistral-small,thunderbird,1,few_shot,337,True,0.992423,0.476527,0.993098,0.990266,True,True,True
mistral-small,thunderbird,1,few_shot,338,False,0.977023,0.476527,0.97904,0.970611,True,True,True
mistral-small,thunderbird,1,few_shot,339,True,0.987568,0.476527,0.988671,0.984051,True,True,True
mistral-small,thunderbird,1,few_shot,340,False,0.053403,0.476527,0.058357,0.041979,False,False,False
mistral-small,thunderbird,1,few_shot,341,False,0.468791,0.476527,0.492241,0.406681,False,False,False
mistral-small,thunderbird,1,few_shot,342,True,0.990292,0.476527,0.991154,0.987535,True,True,True
mistral-small,thunderbird,1,few_shot,343,True,0.993307,0.476527,0.993904,0.9914,True,True,True
mistral-small,thunderbird,1,few_shot,344,True,0.962673,0.476527,0.965907,0.952452,True,True,True
mistral-small,thunderbird,1,few_shot,345,True,0.991423,0.476527,0.992186,0.988984,True,True,True
mistral-small,thunderbird,1,few_shot,346,True,0.987568,0.476527,0.988671,0.984051,True,True,True
mistral-small,thunderbird,1,few_shot,347,False,0.008577,0.476527,0.009415,0.006675,False,False,False
mistral-small,thunderbird,1,few_shot,348,True,0.966914,0.476527,0.969792,0.957803,True,True,True
mistral-small,thunderbird,1,few_shot,349,True,0.989013,0.476527,0.989989,0.985899,True,True,True
mistral-small,thunderbird,1,few_shot,350,True,0.989013,0.476527,0.989989,0.985899,True,True,True
mistral-small,thunderbird,1,few_shot,351,False,0.017986,0.476527,0.019723,0.014026,False,False,False
mistral-small,thunderbird,1,few_shot,352,True,0.987568,0.476527,0.988671,0.984051,True,True,True
mistral-small,thunderbird,1,few_shot,353,False,0.148047,0.476527,0.160294,0.118919,False,False,False
mistral-small,thunderbird,1,few_shot,354,False,0.966914,0.476527,0.969792,0.957803,True,True,True
mistral-small,thunderbird,1,few_shot,355,False,0.148047,0.476527,0.160294,0.118919,False,False,False
mistral-small,thunderbird,1,few_shot,356,True,0.992423,0.476527,0.993098,0.990266,True,True,True
mistral-small,thunderbird,1,few_shot,357,False,0.904651,0.476527,0.912453,0.880513,True,True,True
mistral-small,thunderbird,1,few_shot,358,False,0.987568,0.476527,0.988671,0.984051,True,True,True
mistral-small,thunderbird,1,few_shot,359,True,0.957912,0.476527,0.961542,0.94646,True,True,True
mistral-small,thunderbird,1,few_shot,360,True,0.991423,0.476527,0.992186,0.988984,True,True,True
mistral-small,thunderbird,1,few_shot,361,False,0.268941,0.476527,0.287811,0.222233,False,False,False
mistral-small,thunderbird,1,few_shot,362,True,0.984094,0.476527,0.985499,0.979614,True,True,True
mistral-small,thunderbird,1,few_shot,363,False,0.993307,0.476527,0.993904,0.9914,True,True,True
mistral-small,thunderbird,1,few_shot,364,True,0.989013,0.476527,0.989989,0.985899,True,True,True
mistral-small,thunderbird,1,few_shot,365,True,0.987568,0.476527,0.988671,0.984051,True,True,True
mistral-small,thunderbird,1,few_shot,366,True,0.993307,0.476527,0.993904,0.9914,True,True,True
mistral-small,thunderbird,1,few_shot,367,True,0.992423,0.476527,0.993098,0.990266,True,True,True
mistral-small,thunderbird,1,few_shot,368,True,0.992423,0.476527,0.993098,0.990266,True,True,True
mistral-small,thunderbird,1,few_shot,369,False,0.990292,0.476527,0.991154,0.987535,True,True,True
mistral-small,thunderbird,1,few_shot,370,True,0.993307,0.476527,0.993904,0.9914,True,True,True
mistral-small,thunderbird,1,few_shot,371,False,0.880797,0.476527,0.890315,0.851612,True,True,True
mistral-small,thunderbird,1,few_shot,372,False,0.979668,0.476527,0.981457,0.973974,True,True,True
mistral-small,thunderbird,1,few_shot,373,False,0.00461,0.476527,0.005061,0.003584,False,False,False
mistral-small,thunderbird,1,few_shot,374,True,0.991423,0.476527,0.992186,0.988984,True,True,True
mistral-small,thunderbird,1,few_shot,375,True,0.984094,0.476527,0.985499,0.979614,True,True,True
mistral-small,thunderbird,1,few_shot,376,False,0.531209,0.476527,0.554523,0.468118,True,True,False
mistral-small,thunderbird,1,few_shot,377,False,0.754915,0.476527,0.771881,0.705224,True,True,True
mistral-small,thunderbird,1,few_shot,378,True,0.992423,0.476527,0.993098,0.990266,True,True,True
mistral-small,thunderbird,1,few_shot,379,True,0.992423,0.476527,0.993098,0.990266,True,True,True
mistral-small,thunderbird,1,few_shot,380,True,0.990292,0.476527,0.991154,0.987535,True,True,True
mistral-small,thunderbird,1,few_shot,381,False,0.132964,0.476527,0.144175,0.106433,False,False,False
mistral-small,thunderbird,1,few_shot,382,False,0.982014,0.476527,0.9836,0.976962,True,True,True
mistral-small,thunderbird,1,few_shot,383,False,0.904651,0.476527,0.912453,0.880513,True,True,True
mistral-small,thunderbird,1,few_shot,384,True,0.984094,0.476527,0.985499,0.979614,True,True,True
mistral-small,thunderbird,1,few_shot,385,False,0.562177,0.476527,0.585152,0.499324,True,True,False
mistral-small,thunderbird,1,few_shot,386,False,0.294215,0.476527,0.314096,0.244585,False,False,False
mistral-small,thunderbird,1,few_shot,387,True,0.992423,0.476527,0.993098,0.990266,True,True,True
mistral-small,thunderbird,1,few_shot,388,True,0.992423,0.476527,0.993098,0.990266,True,True,True
mistral-small,thunderbird,1,few_shot,389,False,0.437823,0.476527,0.461069,0.376906,False,False,False
mistral-small,thunderbird,1,few_shot,390,True,0.979668,0.476527,0.981457,0.973974,True,True,True
mistral-small,thunderbird,1,few_shot,391,True,0.987568,0.476527,0.988671,0.984051,True,True,True
mistral-small,thunderbird,1,few_shot,392,False,0.003594,0.476527,0.003946,0.002793,False,False,False
mistral-small,thunderbird,1,few_shot,393,True,0.993307,0.476527,0.993904,0.9914,True,True,True
mistral-small,thunderbird,1,few_shot,394,True,0.970688,0.476527,0.973246,0.962576,True,True,True
mistral-small,thunderbird,1,few_shot,395,False,0.798187,0.476527,0.812899,0.754415,True,True,True
mistral-small,thunderbird,1,few_shot,396,True,0.992423,0.476527,0.993098,0.990266,True,True,True
mistral-small,thunderbird,1,few_shot,397,True,0.957912,0.476527,0.961542,0.94646,True,True,True
mistral-small,thunderbird,1,few_shot,398,False,0.042088,0.476527,0.046043,0.033,False,False,False
mistral-small,thunderbird,1,few_shot,399,False,0.075858,0.476527,0.082713,0.059934,False,False,False
mistral-small,thunderbird,1,few_shot,400,True,0.992423,0.476527,0.993098,0.990266,True,True,True
mistral-small,thunderbird,1,few_shot,401,False,0.294215,0.476527,0.314096,0.244585,False,False,False
mistral-small,thunderbird,1,few_shot,402,True,0.987568,0.476527,0.988671,0.984051,True,True,True
mistral-small,thunderbird,1,few_shot,403,True,0.982014,0.476527,0.9836,0.976962,True,True,True
mistral-small,thunderbird,1,few_shot,404,False,0.904651,0.476527,0.912453,0.880513,True,True,True
mistral-small,thunderbird,1,few_shot,405,True,0.993307,0.476527,0.993904,0.9914,True,True,True
mistral-small,thunderbird,1,few_shot,406,True,0.993307,0.476527,0.993904,0.9914,True,True,True
mistral-small,thunderbird,1,few_shot,407,True,0.992423,0.476527,0.993098,0.990266,True,True,True
mistral-small,thunderbird,1,few_shot,408,False,0.067547,0.476527,0.073711,0.053267,False,False,False
mistral-small,thunderbird,1,few_shot,409,False,0.245085,0.476527,0.262883,0.201378,False,False,False
mistral-small,thunderbird,1,few_shot,410,False,0.754915,0.476527,0.771881,0.705224,True,True,True
mistral-small,thunderbird,1,few_shot,411,False,0.033086,0.476527,0.036227,0.025889,False,False,False
mistral-small,thunderbird,1,few_shot,412,True,0.966914,0.476527,0.969792,0.957803,True,True,True
mistral-small,thunderbird,1,few_shot,413,False,0.946597,0.476527,0.951152,0.932283,True,True,True
mistral-small,thunderbird,1,few_shot,414,False,0.348645,0.476527,0.370275,0.293654,False,False,False
mistral-small,thunderbird,1,few_shot,415,True,0.994089,0.476527,0.994616,0.992402,True,True,True
mistral-small,thunderbird,1,few_shot,416,False,0.148047,0.476527,0.160294,0.118919,False,False,False
mistral-small,thunderbird,1,few_shot,417,True,0.939913,0.476527,0.945006,0.923952,True,True,True
mistral-small,thunderbird,1,few_shot,418,False,0.017986,0.476527,0.019723,0.014026,False,False,False
mistral-small,thunderbird,1,few_shot,419,False,0.201813,0.476527,0.217373,0.164145,False,False,False
mistral-small,thunderbird,1,few_shot,420,True,0.962673,0.476527,0.965907,0.952452,True,True,True
mistral-small,thunderbird,1,few_shot,421,False,0.009708,0.476527,0.010655,0.007557,False,False,False
mistral-small,thunderbird,1,few_shot,422,False,0.932453,0.476527,0.938136,0.91469,True,True,True
mistral-small,thunderbird,1,few_shot,423,False,0.817574,0.476527,0.831173,0.776832,True,True,True
mistral-small,thunderbird,1,few_shot,424,False,0.245085,0.476527,0.262883,0.201378,False,False,False
mistral-small,thunderbird,1,few_shot,425,True,0.985936,0.476527,0.987181,0.981966,True,True,True
mistral-small,thunderbird,1,few_shot,426,True,0.99593,0.476527,0.996294,0.994766,True,True,True
mistral-small,thunderbird,1,few_shot,427,False,0.005911,0.476527,0.00649,0.004597,False,False,False
mistral-small,thunderbird,1,few_shot,428,False,0.00522,0.476527,0.005731,0.004059,False,False,False
mistral-small,thunderbird,1,few_shot,429,False,0.985936,0.476527,0.987181,0.981966,True,True,True
mistral-small,thunderbird,1,few_shot,430,False,0.984094,0.476527,0.985499,0.979614,True,True,True
mistral-small,thunderbird,1,few_shot,431,False,0.095349,0.476527,0.103768,0.075669,False,False,False
mistral-small,thunderbird,1,few_shot,432,True,0.982014,0.476527,0.9836,0.976962,True,True,True
mistral-small,thunderbird,1,few_shot,433,True,0.985936,0.476527,0.987181,0.981966,True,True,True
mistral-small,thunderbird,1,few_shot,434,True,0.993307,0.476527,0.993904,0.9914,True,True,True
mistral-small,thunderbird,1,few_shot,435,True,0.987568,0.476527,0.988671,0.984051,True,True,True
mistral-small,thunderbird,1,few_shot,436,False,0.003594,0.476527,0.003946,0.002793,False,False,False
mistral-small,thunderbird,1,few_shot,437,False,0.010987,0.476527,0.012056,0.008555,False,False,False
mistral-small,thunderbird,1,few_shot,438,False,0.00407,0.476527,0.004469,0.003164,False,False,False
mistral-small,thunderbird,1,few_shot,439,False,0.468791,0.476527,0.492241,0.406681,False,False,False
mistral-small,thunderbird,1,few_shot,440,True,0.990292,0.476527,0.991154,0.987535,True,True,True
mistral-small,thunderbird,1,few_shot,441,False,0.106691,0.476527,0.115982,0.084889,False,False,False
mistral-small,thunderbird,1,few_shot,442,True,0.991423,0.476527,0.992186,0.988984,True,True,True
mistral-small,thunderbird,1,few_shot,443,True,0.989013,0.476527,0.989989,0.985899,True,True,True
mistral-small,thunderbird,1,few_shot,444,True,0.990292,0.476527,0.991154,0.987535,True,True,True
mistral-small,thunderbird,1,few_shot,445,True,0.99478,0.476527,0.995246,0.993289,True,True,True
mistral-small,thunderbird,1,few_shot,446,True,0.984094,0.476527,0.985499,0.979614,True,True,True
mistral-small,thunderbird,1,few_shot,447,False,0.00407,0.476527,0.004469,0.003164,False,False,False
mistral-small,thunderbird,1,few_shot,448,False,0.037327,0.476527,0.040854,0.029235,False,False,False
mistral-small,thunderbird,1,few_shot,449,True,0.984094,0.476527,0.985499,0.979614,True,True,True
mistral-small,openstack,1,few_shot,450,True,0.022977,0.476527,0.025184,0.017939,False,False,False
mistral-small,openstack,1,few_shot,451,True,0.037327,0.476527,0.040854,0.029235,False,False,False
mistral-small,openstack,1,few_shot,452,False,0.029312,0.476527,0.032107,0.022917,False,False,False
mistral-small,openstack,1,few_shot,453,True,0.085099,0.476527,0.092706,0.067377,False,False,False
mistral-small,openstack,1,few_shot,454,False,0.294215,0.476527,0.314096,0.244585,False,False,False
mistral-small,openstack,1,few_shot,455,False,0.015906,0.476527,0.017446,0.012399,False,False,False
mistral-small,openstack,1,few_shot,456,False,0.022977,0.476527,0.025184,0.017939,False,False,False
mistral-small,openstack,1,few_shot,457,False,0.245085,0.476527,0.262883,0.201378,False,False,False
mistral-small,openstack,1,few_shot,458,False,0.010987,0.476527,0.012056,0.008555,False,False,False
mistral-small,openstack,1,few_shot,459,True,0.037327,0.476527,0.040854,0.029235,False,False,False
mistral-small,openstack,1,few_shot,460,True,0.047426,0.476527,0.051856,0.03723,False,False,False
mistral-small,openstack,1,few_shot,461,False,0.075858,0.476527,0.082713,0.059934,False,False,False
mistral-small,openstack,1,few_shot,462,True,0.020332,0.476527,0.022291,0.015864,False,False,False
mistral-small,openstack,1,few_shot,463,True,0.010987,0.476527,0.012056,0.008555,False,False,False
mistral-small,openstack,1,few_shot,464,True,0.022977,0.476527,0.025184,0.017939,False,False,False
mistral-small,openstack,1,few_shot,465,False,0.042088,0.476527,0.046043,0.033,False,False,False
mistral-small,openstack,1,few_shot,466,True,0.006693,0.476527,0.007347,0.005206,False,False,False
mistral-small,openstack,1,few_shot,467,True,0.022977,0.476527,0.025184,0.017939,False,False,False
mistral-small,openstack,1,few_shot,468,True,0.067547,0.476527,0.073711,0.053267,False,False,False
mistral-small,openstack,1,few_shot,469,True,0.047426,0.476527,0.051856,0.03723,False,False,False
mistral-small,openstack,1,few_shot,470,False,0.010987,0.476527,0.012056,0.008555,False,False,False
mistral-small,openstack,1,few_shot,471,True,0.033086,0.476527,0.036227,0.025889,False,False,False
mistral-small,openstack,1,few_shot,472,False,0.201813,0.476527,0.217373,0.164145,False,False,False
mistral-small,openstack,1,few_shot,473,True,0.679179,0.476527,0.699299,0.621824,True,True,True
mistral-small,openstack,1,few_shot,474,False,0.014064,0.476527,0.015428,0.010958,False,False,False
mistral-small,openstack,1,few_shot,475,True,0.008577,0.476527,0.009415,0.006675,False,False,False
mistral-small,openstack,1,few_shot,476,True,0.060087,0.476527,0.065618,0.047304,False,False,False
mistral-small,openstack,1,few_shot,477,False,0.015906,0.476527,0.017446,0.012399,False,False,False
mistral-small,openstack,1,few_shot,478,False,0.047426,0.476527,0.051856,0.03723,False,False,False
mistral-small,openstack,1,few_shot,479,True,0.075858,0.476527,0.082713,0.059934,False,False,False
mistral-small,openstack,1,few_shot,480,True,0.060087,0.476527,0.065618,0.047304,False,False,False
mistral-small,openstack,1,few_shot,481,True,0.022977,0.476527,0.025184,0.017939,False,False,False
mistral-small,openstack,1,few_shot,482,True,0.029312,0.476527,0.032107,0.022917,False,False,False
mistral-small,openstack,1,few_shot,483,True,0.042088,0.476527,0.046043,0.033,False,False,False
mistral-small,openstack,1,few_shot,484,True,0.037327,0.476527,0.040854,0.029235,False,False,False
mistral-small,openstack,1,few_shot,485,False,0.020332,0.476527,0.022291,0.015864,False,False,False
mistral-small,openstack,1,few_shot,486,False,0.201813,0.476527,0.217373,0.164145,False,False,False
mistral-small,openstack,1,few_shot,487,False,0.042088,0.476527,0.046043,0.033,False,False,False
mistral-small,openstack,1,few_shot,488,False,0.060087,0.476527,0.065618,0.047304,False,False,False
mistral-small,openstack,1,few_shot,489,True,0.025957,0.476527,0.028442,0.020279,False,False,False
mistral-small,openstack,1,few_shot,490,False,0.067547,0.476527,0.073711,0.053267,False,False,False
mistral-small,openstack,1,few_shot,491,True,0.037327,0.476527,0.040854,0.029235,False,False,False
mistral-small,openstack,1,few_shot,492,True,0.020332,0.476527,0.022291,0.015864,False,False,False
mistral-small,openstack,1,few_shot,493,True,0.132964,0.476527,0.144175,0.106433,False,False,False
mistral-small,openstack,1,few_shot,494,False,0.060087,0.476527,0.065618,0.047304,False,False,False
mistral-small,openstack,1,few_shot,495,False,0.022977,0.476527,0.025184,0.017939,False,False,False
mistral-small,openstack,1,few_shot,496,False,0.015906,0.476527,0.017446,0.012399,False,False,False
mistral-small,openstack,1,few_shot,497,True,0.268941,0.476527,0.287811,0.222233,False,False,False
mistral-small,openstack,1,few_shot,498,True,0.047426,0.476527,0.051856,0.03723,False,False,False
mistral-small,openstack,1,few_shot,499,True,0.531209,0.476527,0.554523,0.468118,True,True,False
mistral-small,openstack,1,few_shot,500,True,0.029312,0.476527,0.032107,0.022917,False,False,False
mistral-small,openstack,1,few_shot,501,False,0.008577,0.476527,0.009415,0.006675,False,False,False
mistral-small,openstack,1,few_shot,502,False,0.014064,0.476527,0.015428,0.010958,False,False,False
mistral-small,openstack,1,few_shot,503,True,0.075858,0.476527,0.082713,0.059934,False,False,False
mistral-small,openstack,1,few_shot,504,True,0.060087,0.476527,0.065618,0.047304,False,False,False
mistral-small,openstack,1,few_shot,505,True,0.033086,0.476527,0.036227,0.025889,False,False,False
mistral-small,openstack,1,few_shot,506,False,0.053403,0.476527,0.058357,0.041979,False,False,False
mistral-small,openstack,1,few_shot,507,True,0.437823,0.476527,0.461069,0.376906,False,False,False
mistral-small,openstack,1,few_shot,508,False,0.022977,0.476527,0.025184,0.017939,False,False,False
mistral-small,openstack,1,few_shot,509,True,0.148047,0.476527,0.160294,0.118919,False,False,False
mistral-small,openstack,1,few_shot,510,True,0.025957,0.476527,0.028442,0.020279,False,False,False
mistral-small,openstack,1,few_shot,511,False,0.022977,0.476527,0.025184,0.017939,False,False,False
mistral-small,openstack,1,few_shot,512,False,0.020332,0.476527,0.022291,0.015864,False,False,False
mistral-small,openstack,1,few_shot,513,True,0.042088,0.476527,0.046043,0.033,False,False,False
mistral-small,openstack,1,few_shot,514,False,0.009708,0.476527,0.010655,0.007557,False,False,False
mistral-small,openstack,1,few_shot,515,True,0.025957,0.476527,0.028442,0.020279,False,False,False
mistral-small,openstack,1,few_shot,516,False,0.015906,0.476527,0.017446,0.012399,False,False,False
mistral-small,openstack,1,few_shot,517,True,0.012432,0.476527,0.01364,0.009683,False,False,False
mistral-small,openstack,1,few_shot,518,False,0.731059,0.476527,0.749127,0.67859,True,True,True
mistral-small,openstack,1,few_shot,519,False,0.017986,0.476527,0.019723,0.014026,False,False,False
mistral-small,openstack,1,few_shot,520,False,0.060087,0.476527,0.065618,0.047304,False,False,False
mistral-small,openstack,1,few_shot,521,False,0.164516,0.476527,0.177842,0.132653,False,False,False
mistral-small,openstack,1,few_shot,522,True,0.025957,0.476527,0.028442,0.020279,False,False,False
mistral-small,openstack,1,few_shot,523,False,0.015906,0.476527,0.017446,0.012399,False,False,False
mistral-small,openstack,1,few_shot,524,False,0.008577,0.476527,0.009415,0.006675,False,False,False
mistral-small,openstack,1,few_shot,525,True,0.245085,0.476527,0.262883,0.201378,False,False,False
mistral-small,openstack,1,few_shot,526,False,0.268941,0.476527,0.287811,0.222233,False,False,False
mistral-small,openstack,1,few_shot,527,False,0.817574,0.476527,0.831173,0.776832,True,True,True
mistral-small,openstack,1,few_shot,528,True,0.468791,0.476527,0.492241,0.406681,False,False,False
mistral-small,openstack,1,few_shot,529,True,0.085099,0.476527,0.092706,0.067377,False,False,False
mistral-small,openstack,1,few_shot,530,False,0.067547,0.476527,0.073711,0.053267,False,False,False
mistral-small,openstack,1,few_shot,531,False,0.148047,0.476527,0.160294,0.118919,False,False,False
mistral-small,openstack,1,few_shot,532,True,0.042088,0.476527,0.046043,0.033,False,False,False
mistral-small,openstack,1,few_shot,533,True,0.020332,0.476527,0.022291,0.015864,False,False,False
mistral-small,openstack,1,few_shot,534,True,0.037327,0.476527,0.040854,0.029235,False,False,False
mistral-small,openstack,1,few_shot,535,True,0.106691,0.476527,0.115982,0.084889,False,False,False
mistral-small,openstack,1,few_shot,536,True,0.042088,0.476527,0.046043,0.033,False,False,False
mistral-small,openstack,1,few_shot,537,True,0.095349,0.476527,0.103768,0.075669,False,False,False
mistral-small,openstack,1,few_shot,538,False,0.095349,0.476527,0.103768,0.075669,False,False,False
mistral-small,openstack,1,few_shot,539,False,0.294215,0.476527,0.314096,0.244585,False,False,False
mistral-small,openstack,1,few_shot,540,True,0.017986,0.476527,0.019723,0.014026,False,False,False
mistral-small,openstack,1,few_shot,541,False,0.060087,0.476527,0.065618,0.047304,False,False,False
mistral-small,openstack,1,few_shot,542,False,0.060087,0.476527,0.065618,0.047304,False,False,False
mistral-small,openstack,1,few_shot,543,True,0.106691,0.476527,0.115982,0.084889,False,False,False
mistral-small,openstack,1,few_shot,544,False,0.037327,0.476527,0.040854,0.029235,False,False,False
mistral-small,openstack,1,few_shot,545,False,0.754915,0.476527,0.771881,0.705224,True,True,True
mistral-small,openstack,1,few_shot,546,False,0.015906,0.476527,0.017446,0.012399,False,False,False
mistral-small,openstack,1,few_shot,547,True,0.015906,0.476527,0.017446,0.012399,False,False,False
mistral-small,openstack,1,few_shot,548,False,0.053403,0.476527,0.058357,0.041979,False,False,False
mistral-small,openstack,1,few_shot,549,True,0.067547,0.476527,0.073711,0.053267,False,False,False
mistral-small,openstack,1,few_shot,550,False,0.012432,0.476527,0.01364,0.009683,False,False,False
mistral-small,openstack,1,few_shot,551,False,0.060087,0.476527,0.065618,0.047304,False,False,False
mistral-small,openstack,1,few_shot,552,True,0.075858,0.476527,0.082713,0.059934,False,False,False
mistral-small,openstack,1,few_shot,553,True,0.025957,0.476527,0.028442,0.020279,False,False,False
mistral-small,openstack,1,few_shot,554,True,0.047426,0.476527,0.051856,0.03723,False,False,False
mistral-small,openstack,1,few_shot,555,True,0.095349,0.476527,0.103768,0.075669,False,False,False
mistral-small,openstack,1,few_shot,556,False,0.148047,0.476527,0.160294,0.118919,False,False,False
mistral-small,openstack,1,few_shot,557,False,0.085099,0.476527,0.092706,0.067377,False,False,False
mistral-small,openstack,1,few_shot,558,True,0.025957,0.476527,0.028442,0.020279,False,False,False
mistral-small,openstack,1,few_shot,559,False,0.033086,0.476527,0.036227,0.025889,False,False,False
mistral-small,openstack,1,few_shot,560,True,0.029312,0.476527,0.032107,0.022917,False,False,False
mistral-small,openstack,1,few_shot,561,False,0.119203,0.476527,0.129427,0.095117,False,False,False
mistral-small,openstack,1,few_shot,562,True,0.042088,0.476527,0.046043,0.033,False,False,False
mistral-small,openstack,1,few_shot,563,False,0.033086,0.476527,0.036227,0.025889,False,False,False
mistral-small,openstack,1,few_shot,564,True,0.053403,0.476527,0.058357,0.041979,False,False,False
mistral-small,openstack,1,few_shot,565,False,0.182426,0.476527,0.19686,0.147707,False,False,False
mistral-small,openstack,1,few_shot,566,False,0.148047,0.476527,0.160294,0.118919,False,False,False
mistral-small,openstack,1,few_shot,567,True,0.067547,0.476527,0.073711,0.053267,False,False,False
mistral-small,openstack,1,few_shot,568,True,0.075858,0.476527,0.082713,0.059934,False,False,False
mistral-small,openstack,1,few_shot,569,False,0.010987,0.476527,0.012056,0.008555,False,False,False
mistral-small,openstack,1,few_shot,570,False,0.009708,0.476527,0.010655,0.007557,False,False,False
mistral-small,openstack,1,few_shot,571,True,0.5,0.476527,0.523473,0.437158,False,True,False
mistral-small,openstack,1,few_shot,572,True,0.053403,0.476527,0.058357,0.041979,False,False,False
mistral-small,openstack,1,few_shot,573,False,0.468791,0.476527,0.492241,0.406681,False,False,False
mistral-small,openstack,1,few_shot,574,False,0.025957,0.476527,0.028442,0.020279,False,False,False
mistral-small,openstack,1,few_shot,575,False,0.106691,0.476527,0.115982,0.084889,False,False,False
mistral-small,openstack,1,few_shot,576,False,0.025957,0.476527,0.028442,0.020279,False,False,False
mistral-small,openstack,1,few_shot,577,False,0.268941,0.476527,0.287811,0.222233,False,False,False
mistral-small,openstack,1,few_shot,578,False,0.022977,0.476527,0.025184,0.017939,False,False,False
mistral-small,openstack,1,few_shot,579,True,0.047426,0.476527,0.051856,0.03723,False,False,False
mistral-small,openstack,1,few_shot,580,False,0.320821,0.476527,0.34163,0.26841,False,False,False
mistral-small,openstack,1,few_shot,581,False,0.029312,0.476527,0.032107,0.022917,False,False,False
mistral-small,openstack,1,few_shot,582,False,0.022977,0.476527,0.025184,0.017939,False,False,False
mistral-small,openstack,1,few_shot,583,True,0.020332,0.476527,0.022291,0.015864,False,False,False
mistral-small,openstack,1,few_shot,584,False,0.075858,0.476527,0.082713,0.059934,False,False,False
mistral-small,openstack,1,few_shot,585,True,0.060087,0.476527,0.065618,0.047304,False,False,False
mistral-small,openstack,1,few_shot,586,True,0.053403,0.476527,0.058357,0.041979,False,False,False
mistral-small,openstack,1,few_shot,587,False,0.015906,0.476527,0.017446,0.012399,False,False,False
mistral-small,openstack,1,few_shot,588,False,0.053403,0.476527,0.058357,0.041979,False,False,False
mistral-small,openstack,1,few_shot,589,True,0.007577,0.476527,0.008318,0.005895,False,False,False
mistral-small,openstack,1,few_shot,590,False,0.085099,0.476527,0.092706,0.067377,False,False,False
mistral-small,openstack,1,few_shot,591,True,0.025957,0.476527,0.028442,0.020279,False,False,False
mistral-small,openstack,1,few_shot,592,False,0.009708,0.476527,0.010655,0.007557,False,False,False
mistral-small,openstack,1,few_shot,593,True,0.015906,0.476527,0.017446,0.012399,False,False,False
mistral-small,openstack,1,few_shot,594,True,0.075859,0.476527,0.082714,0.059935,False,False,False
mistral-small,openstack,1,few_shot,595,False,0.029212,0.476527,0.031997,0.022838,False,False,False
mistral-small,openstack,1,few_shot,596,True,0.014064,0.476527,0.015428,0.010958,False,False,False
mistral-small,openstack,1,few_shot,597,False,0.033086,0.476527,0.036227,0.025889,False,False,False
mistral-small,openstack,1,few_shot,598,False,0.020332,0.476527,0.022291,0.015864,False,False,False
mistral-small,openstack,1,few_shot,599,True,0.060087,0.476527,0.065618,0.047304,False,False,False
