model,dataset,seed,prompt_style,incident_id,ground_truth_is_anomaly,p_true_raw,p_true_cf,p_true_cc,p_true_bc,pred_raw,pred_cc,pred_bc
qwen2.5-14b,bgl,3,rag,0,False,2e-06,0.000226,0.009884,1e-06,False,False,False
qwen2.5-14b,bgl,3,rag,1,True,0.999965,0.000226,1.0,0.999932,True,True,True
qwen2.5-14b,bgl,3,rag,2,True,1.0,0.000226,1.0,0.999999,True,True,True
qwen2.5-14b,bgl,3,rag,3,False,0.835484,0.000226,0.999955,0.725452,True,True,True
qwen2.5-14b,bgl,3,rag,4,True,0.999999,0.000226,1.0,0.999999,True,True,True
qwen2.5-14b,bgl,3,rag,5,True,0.999999,0.000226,1.0,0.999999,True,True,True
qwen2.5-14b,bgl,3,rag,6,False,8e-06,0.000226,0.03367,4e-06,False,False,False
qwen2.5-14b,bgl,3,rag,7,False,3.5e-05,0.000226,0.135064,1.8e-05,False,False,False
qwen2.5-14b,bgl,3,rag,8,True,0.999995,0.000226,1.0,0.99999,True,True,True
qwen2.5-14b,bgl,3,rag,9,True,0.999999,0.000226,1.0,0.999999,True,True,True
qwen2.5-14b,bgl,3,rag,10,True,0.999665,0.000226,1.0,0.999356,True,True,True
qwen2.5-14b,bgl,3,rag,11,False,6e-06,0.000226,0.026419,3e-06,False,False,False
qwen2.5-14b,bgl,3,rag,12,False,0.622459,0.000226,0.999863,0.461742,True,True,False
qwen2.5-14b,bgl,3,rag,13,True,0.999996,0.000226,1.0,0.999993,True,True,True
qwen2.5-14b,bgl,3,rag,14,True,1.0,0.000226,1.0,0.999999,True,True,True
qwen2.5-14b,bgl,3,rag,15,False,0.880797,0.000226,0.999969,0.793584,True,True,True
qwen2.5-14b,bgl,3,rag,16,True,0.999999,0.000226,1.0,0.999999,True,True,True
qwen2.5-14b,bgl,3,rag,17,True,1.0,0.000226,1.0,0.999999,True,True,True
qwen2.5-14b,bgl,3,rag,18,False,0.992423,0.000226,0.999998,0.985538,True,True,True
qwen2.5-14b,bgl,3,rag,19,True,1.0,0.000226,1.0,0.999999,True,True,True
qwen2.5-14b,bgl,3,rag,20,True,0.999999,0.000226,1.0,0.999998,True,True,True
qwen2.5-14b,bgl,3,rag,21,True,0.999999,0.000226,1.0,0.999999,True,True,True
qwen2.5-14b,bgl,3,rag,22,False,1.1e-05,0.000226,0.04825,6e-06,False,False,False
qwen2.5-14b,bgl,3,rag,23,True,0.592667,0.000226,0.999844,0.430862,True,True,False
qwen2.5-14b,bgl,3,rag,24,False,0.0,0.000226,0.000928,0.0,False,False,False
qwen2.5-14b,bgl,3,rag,25,False,0.201813,0.000226,0.999105,0.11626,False,True,False
qwen2.5-14b,bgl,3,rag,26,True,0.999999,0.000226,1.0,0.999998,True,True,True
qwen2.5-14b,bgl,3,rag,27,True,0.999999,0.000226,1.0,0.999999,True,True,True
qwen2.5-14b,bgl,3,rag,28,False,7.5e-05,0.000226,0.248449,3.9e-05,False,False,False
qwen2.5-14b,bgl,3,rag,29,True,0.999999,0.000226,1.0,0.999999,True,True,True
qwen2.5-14b,bgl,3,rag,30,True,0.999999,0.000226,1.0,0.999999,True,True,True
qwen2.5-14b,bgl,3,rag,31,False,0.000158,0.000226,0.411709,8.2e-05,False,False,False
qwen2.5-14b,bgl,3,rag,32,False,0.053403,0.000226,0.996003,0.028517,False,True,False
qwen2.5-14b,bgl,3,rag,33,True,0.999994,0.000226,1.0,0.999988,True,True,True
qwen2.5-14b,bgl,3,rag,34,True,1.0,0.000226,1.0,0.999999,True,True,True
qwen2.5-14b,bgl,3,rag,35,False,4e-05,0.000226,0.150344,2.1e-05,False,False,False
qwen2.5-14b,bgl,3,rag,36,False,1.9e-05,0.000226,0.077137,1e-05,False,False,False
qwen2.5-14b,bgl,3,rag,37,False,0.979668,0.000226,0.999995,0.961642,True,True,True
qwen2.5-14b,bgl,3,rag,38,False,0.999998,0.000226,1.0,0.999997,True,True,True
qwen2.5-14b,bgl,3,rag,39,True,0.999991,0.000226,1.0,0.999983,True,True,True
qwen2.5-14b,bgl,3,rag,40,True,0.999999,0.000226,1.0,0.999999,True,True,True
qwen2.5-14b,bgl,3,rag,41,False,0.015906,0.000226,0.986185,0.00834,False,True,False
qwen2.5-14b,bgl,3,rag,42,True,1.0,0.000226,1.0,0.999999,True,True,True
qwen2.5-14b,bgl,3,rag,43,True,1.0,0.000226,1.0,0.999999,True,True,True
qwen2.5-14b,bgl,3,rag,44,True,0.999999,0.000226,1.0,0.999999,True,True,True
qwen2.5-14b,bgl,3,rag,45,False,9e-06,0.000226,0.037983,5e-06,False,False,False
qwen2.5-14b,bgl,3,rag,46,True,1.0,0.000226,1.0,0.999999,True,True,True
qwen2.5-14b,bgl,3,rag,47,True,0.999999,0.000226,1.0,0.999999,True,True,True
qwen2.5-14b,bgl,3,rag,48,False,0.182426,0.000226,0.998986,0.10402,False,True,False
qwen2.5-14b,bgl,3,rag,49,True,0.999999,0.000226,1.0,0.999999,True,True,True
qwen2.5-14b,bgl,3,rag,50,True,0.999999,0.000226,1.0,0.999999,True,True,True
qwen2.5-14b,bgl,3,rag,51,True,0.999999,0.000226,1.0,0.999999,True,True,True
qwen2.5-14b,bgl,3,rag,52,True,1.0,0.000226,1.0,1.0,True,True,True
qwen2.5-14b,bgl,3,rag,53,False,0.00071,0.000226,0.758248,0.000369,False,True,False
qwen2.5-14b,bgl,3,rag,54,False,4.5e-05,0.000226,0.167019,2.4e-05,False,False,False
qwen2.5-14b,bgl,3,rag,55,False,0.000261,0.000226,0.535713,0.000136,False,True,False
qwen2.5-14b,bgl,3,rag,56,False,1.7e-05,0.000226,0.068695,9e-06,False,False,False
qwen2.5-14b,bgl,3,rag,57,False,0.977023,0.000226,0.999995,0.956755,True,True,True
qwen2.5-14b,bgl,3,rag,58,False,5.1e-05,0.000226,0.18514,2.7e-05,False,False,False
qwen2.5-14b,bgl,3,rag,59,True,0.999996,0.000226,1.0,0.999993,True,True,True
qwen2.5-14b,bgl,3,rag,60,False,0.042088,0.000226,0.994873,0.02235,False,True,False
qwen2.5-14b,bgl,3,rag,61,True,1.0,0.000226,1.0,0.999999,True,True,True
qwen2.5-14b,bgl,3,rag,62,True,1.0,0.000226,1.0,0.999999,True,True,True
qwen2.5-14b,bgl,3,rag,63,False,6e-06,0.000226,0.026419,3e-06,False,False,False
qwen2.5-14b,bgl,3,rag,64,False,7.5e-05,0.000226,0.248449,3.9e-05,False,False,False
qwen2.5-14b,bgl,3,rag,65,False,0.0,0.000226,0.000638,0.0,False,False,False
qwen2.5-14b,bgl,3,rag,66,True,0.999999,0.000226,1.0,0.999999,True,True,True
qwen2.5-14b,bgl,3,rag,67,False,0.00038,0.000226,0.626703,0.000198,False,True,False
qwen2.5-14b,bgl,3,rag,68,True,1.0,0.000226,1.0,0.999999,True,True,True
qwen2.5-14b,bgl,3,rag,69,False,0.294215,0.000226,0.999457,0.178238,False,True,False
qwen2.5-14b,bgl,3,rag,70,True,0.999999,0.000226,1.0,0.999999,True,True,True
qwen2.5-14b,bgl,3,rag,71,False,5.1e-05,0.000226,0.18514,2.7e-05,False,False,False
qwen2.5-14b,bgl,3,rag,72,False,0.531209,0.000226,0.9998,0.370906,True,True,False
qwen2.5-14b,bgl,3,rag,73,False,5e-06,0.000226,0.023387,3e-06,False,False,False
qwen2.5-14b,bgl,3,rag,74,False,0.000626,0.000226,0.734602,0.000326,False,True,False
qwen2.5-14b,bgl,3,rag,75,True,1.0,0.000226,1.0,1.0,True,True,True
qwen2.5-14b,bgl,3,rag,76,False,0.000261,0.000226,0.535713,0.000136,False,True,False
qwen2.5-14b,bgl,3,rag,77,False,1.3e-05,0.000226,0.054326,7e-06,False,False,False
qwen2.5-14b,bgl,3,rag,78,False,0.000296,0.000226,0.566625,0.000154,False,True,False
qwen2.5-14b,bgl,3,rag,79,True,0.999999,0.000226,1.0,0.999999,True,True,True
qwen2.5-14b,bgl,3,rag,80,False,0.00522,0.000226,0.958636,0.002723,False,True,False
qwen2.5-14b,bgl,3,rag,81,False,6.6e-05,0.000226,0.225848,3.4e-05,False,False,False
qwen2.5-14b,bgl,3,rag,82,True,1.0,0.000226,1.0,0.999999,True,True,True
qwen2.5-14b,bgl,3,rag,83,True,0.999569,0.000226,1.0,0.999173,True,True,True
qwen2.5-14b,bgl,3,rag,84,False,5e-06,0.000226,0.023387,3e-06,False,False,False
qwen2.5-14b,bgl,3,rag,85,False,0.000203,0.000226,0.4733,0.000106,False,False,False
qwen2.5-14b,bgl,3,rag,86,True,0.999904,0.000226,1.0,0.999815,True,True,True
qwen2.5-14b,bgl,3,rag,87,True,0.999877,0.000226,1.0,0.999763,True,True,True
qwen2.5-14b,bgl,3,rag,88,True,0.999997,0.000226,1.0,0.999994,True,True,True
qwen2.5-14b,bgl,3,rag,89,True,0.999999,0.000226,1.0,0.999999,True,True,True
qwen2.5-14b,bgl,3,rag,90,True,0.999999,0.000226,1.0,0.999999,True,True,True
qwen2.5-14b,bgl,3,rag,91,True,0.999979,0.000226,1.0,0.999959,True,True,True
qwen2.5-14b,bgl,3,rag,92,False,0.000553,0.000226,0.709529,0.000288,False,True,False
qwen2.5-14b,bgl,3,rag,93,False,0.000158,0.000226,0.411709,8.2e-05,False,False,False
qwen2.5-14b,bgl,3,rag,94,True,0.999999,0.000226,1.0,0.999999,True,True,True
qwen2.5-14b,bgl,3,rag,95,False,0.00461,0.000226,0.953385,0.002404,False,True,False
qwen2.5-14b,bgl,3,rag,96,False,8.5e-05,0.000226,0.272514,4.4e-05,False,False,False
qwen2.5-14b,bgl,3,rag,97,True,0.999999,0.000226,1.0,0.999999,True,True,True
qwen2.5-14b,bgl,3,rag,98,False,0.939913,0.000226,0.999986,0.890579,True,True,True
qwen2.5-14b,bgl,3,rag,99,False,0.001032,0.000226,0.820258,0.000537,False,True,False
qwen2.5-14b,bgl,3,rag,100,False,5.1e-05,0.000226,0.18514,2.7e-05,False,False,False
qwen2.5-14b,bgl,3,rag,101,True,1.0,0.000226,1.0,0.999999,True,True,True
qwen2.5-14b,bgl,3,rag,102,False,0.0,0.000226,0.000928,0.0,False,False,False
qwen2.5-14b,bgl,3,rag,103,True,0.999999,0.000226,1.0,0.999999,True,True,True
qwen2.5-14b,bgl,3,rag,104,False,5.1e-05,0.000226,0.18514,2.7e-05,False,False,False
qwen2.5-14b,bgl,3,rag,105,False,0.003594,0.000226,0.940927,0.001873,False,True,False
qwen2.5-14b,bgl,3,rag,106,True,0.999999,0.000226,1.0,0.999999,True,True,True
qwen2.5-14b,bgl,3,rag,107,True,0.999999,0.000226,1.0,0.999999,True,True,True
qwen2.5-14b,bgl,3,rag,108,True,0.999999,0.000226,1.0,0.999999,True,True,True
qwen2.5-14b,bgl,3,rag,109,True,0.999985,0.000226,1.0,0.999972,True,True,True
qwen2.5-14b,bgl,3,rag,110,False,0.075858,0.000226,0.997249,0.04096,False,True,False
qwen2.5-14b,bgl,3,rag,111,False,3.5e-05,0.000226,0.135064,1.8e-05,False,False,False
qwen2.5-14b,bgl,3,rag,112,True,0.999999,0.000226,1.0,0.999999,True,True,True
qwen2.5-14b,bgl,3,rag,113,False,0.060087,0.000226,0.996471,0.032191,False,True,False
qwen2.5-14b,bgl,3,rag,114,True,0.999995,0.000226,1.0,0.99999,True,True,True
qwen2.5-14b,bgl,3,rag,115,False,0.012432,0.000226,0.982331,0.006507,False,True,False
qwen2.5-14b,bgl,3,rag,116,True,0.999999,0.000226,1.0,0.999999,True,True,True
qwen2.5-14b,bgl,3,rag,117,False,0.029312,0.000226,0.992558,0.015469,False,True,False
qwen2.5-14b,bgl,3,rag,118,True,0.982014,0.000226,0.999996,0.965996,True,True,True
qwen2.5-14b,bgl,3,rag,119,False,0.00522,0.000226,0.958636,0.002723,False,True,False
qwen2.5-14b,bgl,3,rag,120,False,0.268941,0.000226,0.999385,0.160659,False,True,False
qwen2.5-14b,bgl,3,rag,121,True,0.999999,0.000226,1.0,0.999999,True,True,True
qwen2.5-14b,bgl,3,rag,122,False,0.000158,0.000226,0.411709,8.2e-05,False,False,False
qwen2.5-14b,bgl,3,rag,123,True,0.999089,0.000226,1.0,0.99825,True,True,True
qwen2.5-14b,bgl,3,rag,124,False,6.6e-05,0.000226,0.225848,3.4e-05,False,False,False
qwen2.5-14b,bgl,3,rag,125,True,0.999999,0.000226,1.0,0.999999,True,True,True
qwen2.5-14b,bgl,3,rag,126,True,0.999985,0.000226,1.0,0.999972,True,True,True
qwen2.5-14b,bgl,3,rag,127,True,0.999999,0.000226,1.0,0.999999,True,True,True
qwen2.5-14b,bgl,3,rag,128,False,2e-06,0.000226,0.008733,1e-06,False,False,False
qwen2.5-14b,bgl,3,rag,129,False,2.8e-05,0.000226,0.108428,1.4e-05,False,False,False
qwen2.5-14b,bgl,3,rag,130,True,1.0,0.000226,1.0,0.999999,True,True,True
qwen2.5-14b,bgl,3,rag,131,True,0.999999,0.000226,1.0,0.999999,True,True,True
qwen2.5-14b,bgl,3,rag,132,False,0.000158,0.000226,0.411709,8.2e-05,False,False,False
qwen2.5-14b,bgl,3,rag,133,False,0.037327,0.000226,0.994194,0.019776,False,True,False
qwen2.5-14b,bgl,3,rag,134,False,1.3e-05,0.000226,0.054326,7e-06,False,False,False
qwen2.5-14b,bgl,3,rag,135,False,0.164516,0.000226,0.998851,0.092933,False,True,False
qwen2.5-14b,bgl,3,rag,136,True,0.999989,0.000226,1.0,0.999978,True,True,True
qwen2.5-14b,bgl,3,rag,137,False,0.000231,0.000226,0.504524,0.00012,False,True,False
qwen2.5-14b,bgl,3,rag,138,True,0.999999,0.000226,1.0,0.999999,True,True,True
qwen2.5-14b,bgl,3,rag,139,True,0.999999,0.000226,1.0,0.999999,True,True,True
qwen2.5-14b,bgl,3,rag,140,False,1.3e-05,0.000226,0.054326,7e-06,False,False,False
qwen2.5-14b,bgl,3,rag,141,False,6.6e-05,0.000226,0.225848,3.4e-05,False,False,False
qwen2.5-14b,bgl,3,rag,142,True,0.999904,0.000226,1.0,0.999815,True,True,True
qwen2.5-14b,bgl,3,rag,143,False,9e-06,0.000226,0.037983,5e-06,False,False,False
qwen2.5-14b,bgl,3,rag,144,True,0.999995,0.000226,1.0,0.999991,True,True,True
qwen2.5-14b,bgl,3,rag,145,False,0.993307,0.000226,0.999998,0.987216,True,True,True
qwen2.5-14b,bgl,3,rag,146,True,0.999999,0.000226,1.0,0.999999,True,True,True
qwen2.5-14b,bgl,3,rag,147,True,0.999999,0.000226,1.0,0.999999,True,True,True
qwen2.5-14b,bgl,3,rag,148,False,3e-06,0.000226,0.011185,1e-06,False,False,False
qwen2.5-14b,bgl,3,rag,149,True,1.0,0.000226,1.0,1.0,True,True,True
qwen2.5-14b,hdfs,3,rag,150,True,0.095349,0.000226,0.997856,0.051989,False,True,False
qwen2.5-14b,hdfs,3,rag,151,True,0.679179,0.000226,0.999893,0.524148,True,True,True
qwen2.5-14b,hdfs,3,rag,152,True,0.999979,0.000226,1.0,0.999959,True,True,True
qwen2.5-14b,hdfs,3,rag,153,True,0.348645,0.000226,0.999577,0.217834,False,True,False
qwen2.5-14b,hdfs,3,rag,154,True,0.017986,0.000226,0.987789,0.00944,False,True,False
qwen2.5-14b,hdfs,3,rag,155,False,8.5e-05,0.000226,0.272514,4.4e-05,False,False,False
qwen2.5-14b,hdfs,3,rag,156,False,3e-06,0.000226,0.014317,2e-06,False,False,False
qwen2.5-14b,hdfs,3,rag,157,True,0.798187,0.000226,0.999943,0.672974,True,True,True
qwen2.5-14b,hdfs,3,rag,158,True,0.622459,0.000226,0.999863,0.461742,True,True,False
qwen2.5-14b,hdfs,3,rag,159,False,0.99539,0.000226,0.999999,0.991178,True,True,True
qwen2.5-14b,hdfs,3,rag,160,False,0.851953,0.000226,0.999961,0.749635,True,True,True
qwen2.5-14b,hdfs,3,rag,161,False,0.592667,0.000226,0.999844,0.430862,True,True,False
qwen2.5-14b,hdfs,3,rag,162,True,0.531209,0.000226,0.9998,0.370906,True,True,False
qwen2.5-14b,hdfs,3,rag,163,False,0.99478,0.000226,0.999999,0.990015,True,True,True
qwen2.5-14b,hdfs,3,rag,164,False,0.966914,0.000226,0.999992,0.938293,True,True,True
qwen2.5-14b,hdfs,3,rag,165,False,0.00014,0.000226,0.381803,7.3e-05,False,False,False
qwen2.5-14b,hdfs,3,rag,166,False,0.99962,0.000226,1.0,0.99927,True,True,True
qwen2.5-14b,hdfs,3,rag,167,True,0.294215,0.000226,0.999457,0.178238,False,True,False
qwen2.5-14b,hdfs,3,rag,168,False,0.679179,0.000226,0.999893,0.524148,True,True,True
qwen2.5-14b,hdfs,3,rag,169,False,0.003173,0.000226,0.933584,0.001653,False,True,False
qwen2.5-14b,hdfs,3,rag,170,False,0.998968,0.000226,1.0,0.998018,True,True,True
qwen2.5-14b,hdfs,3,rag,171,False,2e-06,0.000226,0.008733,1e-06,False,False,False
qwen2.5-14b,hdfs,3,rag,172,True,0.997817,0.000226,1.0,0.995813,True,True,True
qwen2.5-14b,hdfs,3,rag,173,True,0.957912,0.000226,0.99999,0.922132,True,True,True
qwen2.5-14b,hdfs,3,rag,174,False,0.164516,0.000226,0.998851,0.092933,False,True,False
qwen2.5-14b,hdfs,3,rag,175,False,0.000109,0.000226,0.324777,5.7e-05,False,False,False
qwen2.5-14b,hdfs,3,rag,176,True,0.99539,0.000226,0.999999,0.991178,True,True,True
qwen2.5-14b,hdfs,3,rag,177,True,0.946597,0.000226,0.999987,0.902178,True,True,True
qwen2.5-14b,hdfs,3,rag,178,False,0.002473,0.000226,0.916299,0.001288,False,True,False
qwen2.5-14b,hdfs,3,rag,179,False,0.182426,0.000226,0.998986,0.10402,False,True,False
qwen2.5-14b,hdfs,3,rag,180,True,0.651355,0.000226,0.999879,0.492917,True,True,False
qwen2.5-14b,hdfs,3,rag,181,False,0.996827,0.000226,0.999999,0.99392,True,True,True
qwen2.5-14b,hdfs,3,rag,182,True,0.997199,0.000226,0.999999,0.994631,True,True,True
qwen2.5-14b,hdfs,3,rag,183,True,0.996827,0.000226,0.999999,0.99392,True,True,True
qwen2.5-14b,hdfs,3,rag,184,True,0.468791,0.000226,0.999743,0.314679,False,True,False
qwen2.5-14b,hdfs,3,rag,185,False,0.201813,0.000226,0.999105,0.11626,False,True,False
qwen2.5-14b,hdfs,3,rag,186,True,0.164516,0.000226,0.998851,0.092933,False,True,False
qwen2.5-14b,hdfs,3,rag,187,False,0.468791,0.000226,0.999743,0.314679,False,True,False
qwen2.5-14b,hdfs,3,rag,188,True,0.904651,0.000226,0.999976,0.831552,True,True,True
qwen2.5-14b,hdfs,3,rag,189,False,0.651355,0.000226,0.999879,0.492917,True,True,False
qwen2.5-14b,hdfs,3,rag,190,True,0.468791,0.000226,0.999743,0.314679,False,True,False
qwen2.5-14b,hdfs,3,rag,191,True,0.060087,0.000226,0.996471,0.032191,False,True,False
qwen2.5-14b,hdfs,3,rag,192,False,0.997527,0.000226,0.999999,0.995259,True,True,True
qwen2.5-14b,hdfs,3,rag,193,True,0.880797,0.000226,0.999969,0.793584,True,True,True
qwen2.5-14b,hdfs,3,rag,194,True,0.002473,0.000226,0.916299,0.001288,False,True,False
qwen2.5-14b,hdfs,3,rag,195,False,0.000109,0.000226,0.324777,5.7e-05,False,False,False
qwen2.5-14b,hdfs,3,rag,196,False,0.867036,0.000226,0.999965,0.772357,True,True,True
qwen2.5-14b,hdfs,3,rag,197,True,0.000488,0.000226,0.683109,0.000254,False,True,False
qwen2.5-14b,hdfs,3,rag,198,True,0.014064,0.000226,0.984374,0.007367,False,True,False
qwen2.5-14b,hdfs,3,rag,199,True,0.996827,0.000226,0.999999,0.99392,True,True,True
qwen2.5-14b,hdfs,3,rag,200,False,0.037327,0.000226,0.994194,0.019776,False,True,False
qwen2.5-14b,hdfs,3,rag,201,True,0.99593,0.000226,0.999999,0.992207,True,True,True
qwen2.5-14b,hdfs,3,rag,202,True,0.989013,0.000226,0.999997,0.979096,True,True,True
qwen2.5-14b,hdfs,3,rag,203,False,0.033086,0.000226,0.993426,0.017493,False,True,False
qwen2.5-14b,hdfs,3,rag,204,True,0.00038,0.000226,0.626703,0.000198,False,True,False
qwen2.5-14b,hdfs,3,rag,205,False,0.798187,0.000226,0.999943,0.672974,True,True,True
qwen2.5-14b,hdfs,3,rag,206,False,3e-06,0.000226,0.012656,2e-06,False,False,False
qwen2.5-14b,hdfs,3,rag,207,False,0.014064,0.000226,0.984374,0.007367,False,True,False
qwen2.5-14b,hdfs,3,rag,208,False,0.984094,0.000226,0.999996,0.969871,True,True,True
qwen2.5-14b,hdfs,3,rag,209,True,0.987568,0.000226,0.999997,0.976378,True,True,True
qwen2.5-14b,hdfs,3,rag,210,False,0.012432,0.000226,0.982331,0.006507,False,True,False
qwen2.5-14b,hdfs,3,rag,211,True,0.00018,0.000226,0.442282,9.3e-05,False,False,False
qwen2.5-14b,hdfs,3,rag,212,False,0.000109,0.000226,0.324777,5.7e-05,False,False,False
qwen2.5-14b,hdfs,3,rag,213,True,0.977023,0.000226,0.999995,0.956755,True,True,True
qwen2.5-14b,hdfs,3,rag,214,True,0.999769,0.000226,1.0,0.999557,True,True,True
qwen2.5-14b,hdfs,3,rag,215,True,0.007577,0.000226,0.971198,0.003957,False,True,False
qwen2.5-14b,hdfs,3,rag,216,False,9e-06,0.000226,0.037983,5e-06,False,False,False
qwen2.5-14b,hdfs,3,rag,217,False,0.017986,0.000226,0.987789,0.00944,False,True,False
qwen2.5-14b,hdfs,3,rag,218,True,0.000804,0.000226,0.780417,0.000419,False,True,False
qwen2.5-14b,hdfs,3,rag,219,False,0.085099,0.000226,0.997572,0.046162,False,True,False
qwen2.5-14b,hdfs,3,rag,220,False,0.997817,0.000226,1.0,0.995813,True,True,True
qwen2.5-14b,hdfs,3,rag,221,False,0.001032,0.000226,0.820258,0.000537,False,True,False
qwen2.5-14b,hdfs,3,rag,222,True,0.952574,0.000226,0.999989,0.912669,True,True,True
qwen2.5-14b,hdfs,3,rag,223,True,0.705785,0.000226,0.999906,0.555191,True,True,True
qwen2.5-14b,hdfs,3,rag,224,False,0.987568,0.000226,0.999997,0.976378,True,True,True
qwen2.5-14b,hdfs,3,rag,225,False,0.7773,0.000226,0.999935,0.644893,True,True,True
qwen2.5-14b,hdfs,3,rag,226,True,0.037327,0.000226,0.994194,0.019776,False,True,False
qwen2.5-14b,hdfs,3,rag,227,True,0.007577,0.000226,0.971198,0.003957,False,True,False
qwen2.5-14b,hdfs,3,rag,228,True,0.893309,0.000226,0.999973,0.813311,True,True,True
qwen2.5-14b,hdfs,3,rag,229,False,0.914901,0.000226,0.999979,0.848343,True,True,True
qwen2.5-14b,hdfs,3,rag,230,False,0.00407,0.000226,0.947504,0.002122,False,True,False
qwen2.5-14b,hdfs,3,rag,231,False,1.5e-05,0.000226,0.061117,8e-06,False,False,False
qwen2.5-14b,hdfs,3,rag,232,True,0.989013,0.000226,0.999997,0.979096,True,True,True
qwen2.5-14b,hdfs,3,rag,233,False,0.867036,0.000226,0.999965,0.772357,True,True,True
qwen2.5-14b,hdfs,3,rag,234,False,0.095349,0.000226,0.997856,0.051989,False,True,False
qwen2.5-14b,hdfs,3,rag,235,True,0.348645,0.000226,0.999577,0.217834,False,True,False
qwen2.5-14b,hdfs,3,rag,236,True,0.00407,0.000226,0.947504,0.002122,False,True,False
qwen2.5-14b,hdfs,3,rag,237,False,1e-05,0.000226,0.042823,5e-06,False,False,False
qwen2.5-14b,hdfs,3,rag,238,True,0.970688,0.000226,0.999993,0.945146,True,True,True
qwen2.5-14b,hdfs,3,rag,239,True,0.817574,0.000226,0.999949,0.699867,True,True,True
qwen2.5-14b,hdfs,3,rag,240,False,0.754915,0.000226,0.999926,0.615778,True,True,True
qwen2.5-14b,hdfs,3,rag,241,True,0.970688,0.000226,0.999993,0.945146,True,True,True
qwen2.5-14b,hdfs,3,rag,242,True,0.651355,0.000226,0.999879,0.492917,True,True,False
qwen2.5-14b,hdfs,3,rag,243,False,0.754915,0.000226,0.999926,0.615778,True,True,True
qwen2.5-14b,hdfs,3,rag,244,True,0.000804,0.000226,0.780417,0.000419,False,True,False
qwen2.5-14b,hdfs,3,rag,245,True,0.817574,0.000226,0.999949,0.699867,True,True,True
qwen2.5-14b,hdfs,3,rag,246,False,1e-05,0.000226,0.042823,5e-06,False,False,False
qwen2.5-14b,hdfs,3,rag,247,False,0.002473,0.000226,0.916299,0.001288,False,True,False
qwen2.5-14b,hdfs,3,rag,248,True,0.001701,0.000226,0.882684,0.000886,False,True,False
qwen2.5-14b,hdfs,3,rag,249,False,0.817574,0.000226,0.999949,0.699867,True,True,True
qwen2.5-14b,hdfs,3,rag,250,True,0.245085,0.000226,0.999303,0.144509,False,True,False
qwen2.5-14b,hdfs,3,rag,251,False,0.914901,0.000226,0.999979,0.848343,True,True,True
qwen2.5-14b,hdfs,3,rag,252,False,0.994089,0.000226,0.999999,0.988701,True,True,True
qwen2.5-14b,hdfs,3,rag,253,True,0.651355,0.000226,0.999879,0.492917,True,True,False
qwen2.5-14b,hdfs,3,rag,254,True,0.999739,0.000226,1.0,0.999498,True,True,True
qwen2.5-14b,hdfs,3,rag,255,True,0.997199,0.000226,0.999999,0.994631,True,True,True
qwen2.5-14b,hdfs,3,rag,256,False,0.998675,0.000226,1.0,0.997456,True,True,True
qwen2.5-14b,hdfs,3,rag,257,False,0.914901,0.000226,0.999979,0.848343,True,True,True
qwen2.5-14b,hdfs,3,rag,258,False,0.99478,0.000226,0.999999,0.990015,True,True,True
qwen2.5-14b,hdfs,3,rag,259,False,2e-06,0.000226,0.009884,1e-06,False,False,False
qwen2.5-14b,hdfs,3,rag,260,True,0.017986,0.000226,0.987789,0.00944,False,True,False
qwen2.5-14b,hdfs,3,rag,261,False,0.037327,0.000226,0.994194,0.019776,False,True,False
qwen2.5-14b,hdfs,3,rag,262,False,0.053403,0.000226,0.996003,0.028517,False,True,False
qwen2.5-14b,hdfs,3,rag,263,True,0.999983,0.000226,1.0,0.999968,True,True,True
qwen2.5-14b,hdfs,3,rag,264,False,0.001927,0.000226,0.895022,0.001003,False,True,False
qwen2.5-14b,hdfs,3,rag,265,True,0.020332,0.000226,0.989208,0.010683,False,True,False
qwen2.5-14b,hdfs,3,rag,266,False,0.095349,0.000226,0.997856,0.051989,False,True,False
qwen2.5-14b,hdfs,3,rag,267,False,3e-06,0.000226,0.012656,2e-06,False,False,False
qwen2.5-14b,hdfs,3,rag,268,True,0.924142,0.000226,0.999981,0.863735,True,True,True
qwen2.5-14b,hdfs,3,rag,269,False,0.957912,0.000226,0.99999,0.922132,True,True,True
qwen2.5-14b,hdfs,3,rag,270,False,0.970688,0.000226,0.999993,0.945146,True,True,True
qwen2.5-14b,hdfs,3,rag,271,False,0.005911,0.000226,0.963318,0.003084,False,True,False
qwen2.5-14b,hdfs,3,rag,272,True,0.798187,0.000226,0.999943,0.672974,True,True,True
qwen2.5-14b,hdfs,3,rag,273,True,0.268941,0.000226,0.999385,0.160659,False,True,False
qwen2.5-14b,hdfs,3,rag,274,True,0.407333,0.000226,0.999671,0.263407,False,True,False
qwen2.5-14b,hdfs,3,rag,275,True,0.468791,0.000226,0.999743,0.314679,False,True,False
qwen2.5-14b,hdfs,3,rag,276,True,0.468791,0.000226,0.999743,0.314679,False,True,False
qwen2.5-14b,hdfs,3,rag,277,False,0.998073,0.000226,1.0,0.996304,True,True,True
qwen2.5-14b,hdfs,3,rag,278,False,0.932453,0.000226,0.999984,0.87779,True,True,True
qwen2.5-14b,hdfs,3,rag,279,True,0.997527,0.000226,0.999999,0.995259,True,True,True
qwen2.5-14b,hdfs,3,rag,280,True,0.245085,0.000226,0.999303,0.144509,False,True,False
qwen2.5-14b,hdfs,3,rag,281,True,0.085099,0.000226,0.997572,0.046162,False,True,False
qwen2.5-14b,hdfs,3,rag,282,True,0.835484,0.000226,0.999955,0.725452,True,True,True
qwen2.5-14b,hdfs,3,rag,283,False,1.9e-05,0.000226,0.077137,1e-05,False,False,False
qwen2.5-14b,hdfs,3,rag,284,False,0.984094,0.000226,0.999996,0.969871,True,True,True
qwen2.5-14b,hdfs,3,rag,285,False,0.00014,0.000226,0.381803,7.3e-05,False,False,False
qwen2.5-14b,hdfs,3,rag,286,True,0.437823,0.000226,0.999709,0.288366,False,True,False
qwen2.5-14b,hdfs,3,rag,287,False,0.407333,0.000226,0.999671,0.263407,False,True,False
qwen2.5-14b,hdfs,3,rag,288,True,0.962673,0.000226,0.999991,0.930647,True,True,True
qwen2.5-14b,hdfs,3,rag,289,True,1e-06,0.000226,0.005315,1e-06,False,False,False
qwen2.5-14b,hdfs,3,rag,290,True,0.00407,0.000226,0.947504,0.002122,False,True,False
qwen2.5-14b,hdfs,3,rag,291,True,0.182426,0.000226,0.998986,0.10402,False,True,False
qwen2.5-14b,hdfs,3,rag,292,True,0.201813,0.000226,0.999105,0.11626,False,True,False
qwen2.5-14b,hdfs,3,rag,293,False,0.998299,0.000226,1.0,0.996736,True,True,True
qwen2.5-14b,hdfs,3,rag,294,False,0.348645,0.000226,0.999577,0.217834,False,True,False
qwen2.5-14b,hdfs,3,rag,295,True,0.999842,0.000226,1.0,0.999696,True,True,True
qwen2.5-14b,hdfs,3,rag,296,True,0.979668,0.000226,0.999995,0.961642,True,True,True
qwen2.5-14b,hdfs,3,rag,297,False,0.000296,0.000226,0.566626,0.000154,False,True,False
qwen2.5-14b,hdfs,3,rag,298,False,0.029312,0.000226,0.992558,0.015469,False,True,False
qwen2.5-14b,hdfs,3,rag,299,False,0.592667,0.000226,0.999844,0.430862,True,True,False
qwen2.5-14b,thunderbird,3,rag,300,True,0.999999,0.000226,1.0,0.999997,True,True,True
qwen2.5-14b,thunderbird,3,rag,301,True,0.999965,0.000226,1.0,0.999932,True,True,True
qwen2.5-14b,thunderbird,3,rag,302,True,0.999999,0.000226,1.0,0.999999,True,True,True
qwen2.5-14b,thunderbird,3,rag,303,False,0.999739,0.000226,1.0,0.999498,True,True,True
qwen2.5-14b,thunderbird,3,rag,304,True,0.99593,0.000226,0.999999,0.992207,True,True,True
qwen2.5-14b,thunderbird,3,rag,305,True,0.999999,0.000226,1.0,0.999998,True,True,True
qwen2.5-14b,thunderbird,3,rag,306,False,5e-06,0.000226,0.020696,2e-06,False,False,False
qwen2.5-14b,thunderbird,3,rag,307,True,1.0,0.000226,1.0,0.999999,True,True,True
qwen2.5-14b,thunderbird,3,rag,308,True,0.999999,0.000226,1.0,0.999998,True,True,True
qwen2.5-14b,thunderbird,3,rag,309,True,0.999999,0.000226,1.0,0.999998,True,True,True
qwen2.5-14b,thunderbird,3,rag,310,False,0.731059,0.000226,0.999917,0.585809,True,True,True
qwen2.5-14b,thunderbird,3,rag,311,False,0.007577,0.000226,0.971198,0.003957,False,True,False
qwen2.5-14b,thunderbird,3,rag,312,True,0.999877,0.000226,1.0,0.999763,True,True,True
qwen2.5-14b,thunderbird,3,rag,313,False,0.999665,0.000226,1.0,0.999356,True,True,True
qwen2.5-14b,thunderbird,3,rag,314,True,0.999997,0.000226,1.0,0.999994,True,True,True
qwen2.5-14b,thunderbird,3,rag,315,False,0.164516,0.000226,0.998851,0.092933,False,True,False
qwen2.5-14b,thunderbird,3,rag,316,False,0.000553,0.000226,0.709529,0.000288,False,True,False
qwen2.5-14b,thunderbird,3,rag,317,False,0.025957,0.000226,0.991575,0.013676,False,True,False
qwen2.5-14b,thunderbird,3,rag,318,False,0.977023,0.000226,0.999995,0.956755,True,True,True
qwen2.5-14b,thunderbird,3,rag,319,False,0.817574,0.000226,0.999949,0.699867,True,True,True
qwen2.5-14b,thunderbird,3,rag,320,False,4.5e-05,0.000226,0.167019,2.4e-05,False,False,False
qwen2.5-14b,thunderbird,3,rag,321,True,0.999999,0.000226,1.0,0.999997,True,True,True
qwen2.5-14b,thunderbird,3,rag,322,False,0.000911,0.000226,0.801086,0.000474,False,True,False
qwen2.5-14b,thunderbird,3,rag,323,True,0.999999,0.000226,1.0,0.999998,True,True,True
qwen2.5-14b,thunderbird,3,rag,324,False,4.5e-05,0.000226,0.167019,2.4e-05,False,False,False
qwen2.5-14b,thunderbird,3,rag,325,True,1.0,0.000226,1.0,0.999999,True,True,True
qwen2.5-14b,thunderbird,3,rag,326,True,0.999998,0.000226,1.0,0.999997,True,True,True
qwen2.5-14b,thunderbird,3,rag,327,False,0.106691,0.000226,0.998108,0.058506,False,True,False
qwen2.5-14b,thunderbird,3,rag,328,False,0.731059,0.000226,0.999917,0.585809,True,True,True
qwen2.5-14b,thunderbird,3,rag,329,False,0.00407,0.000226,0.947504,0.002122,False,True,False
qwen2.5-14b,thunderbird,3,rag,330,True,1.0,0.000226,1.0,0.999999,True,True,True
qwen2.5-14b,thunderbird,3,rag,331,False,5e-06,0.000226,0.020696,2e-06,False,False,False
qwen2.5-14b,thunderbird,3,rag,332,True,0.999983,0.000226,1.0,0.999968,True,True,True
qwen2.5-14b,thunderbird,3,rag,333,False,0.020332,0.000226,0.989208,0.010683,False,True,False
qwen2.5-14b,thunderbird,3,rag,334,True,0.999999,0.000226,1.0,0.999998,True,True,True
qwen2.5-14b,thunderbird,3,rag,335,False,0.294215,0.000226,0.999457,0.178238,False,True,False
qwen2.5-14b,thunderbird,3,rag,336,False,0.0,0.000226,0.000819,0.0,False,False,False
qwen2.5-14b,thunderbird,3,rag,337,True,0.999994,0.000226,1.0,0.999988,True,True,True
qwen2.5-14b,thunderbird,3,rag,338,False,0.001501,0.000226,0.869108,0.000782,False,True,False
qwen2.5-14b,thunderbird,3,rag,339,True,0.999999,0.000226,1.0,0.999999,True,True,True
qwen2.5-14b,thunderbird,3,rag,340,False,0.003173,0.000226,0.933584,0.001653,False,True,False
qwen2.5-14b,thunderbird,3,rag,341,False,9.6e-05,0.000226,0.297987,5e-05,False,False,False
qwen2.5-14b,thunderbird,3,rag,342,True,0.99996,0.000226,1.0,0.999923,True,True,True
qwen2.5-14b,thunderbird,3,rag,343,True,0.999996,0.000226,1.0,0.999993,True,True,True
qwen2.5-14b,thunderbird,3,rag,344,True,0.999999,0.000226,1.0,0.999997,True,True,True
qwen2.5-14b,thunderbird,3,rag,345,True,0.999999,0.000226,1.0,0.999997,True,True,True
qwen2.5-14b,thunderbird,3,rag,346,True,0.999996,0.000226,1.0,0.999993,True,True,True
qwen2.5-14b,thunderbird,3,rag,347,False,4.5e-05,0.000226,0.167019,2.4e-05,False,False,False
qwen2.5-14b,thunderbird,3,rag,348,True,0.999998,0.000226,1.0,0.999997,True,True,True
qwen2.5-14b,thunderbird,3,rag,349,True,0.999994,0.000226,1.0,0.999988,True,True,True
qwen2.5-14b,thunderbird,3,rag,350,True,0.999998,0.000226,1.0,0.999996,True,True,True
qwen2.5-14b,thunderbird,3,rag,351,False,0.029312,0.000226,0.992558,0.015469,False,True,False
qwen2.5-14b,thunderbird,3,rag,352,True,0.999999,0.000226,1.0,0.999999,True,True,True
qwen2.5-14b,thunderbird,3,rag,353,False,0.020332,0.000226,0.989208,0.010683,False,True,False
qwen2.5-14b,thunderbird,3,rag,354,False,0.005911,0.000226,0.963318,0.003084,False,True,False
qwen2.5-14b,thunderbird,3,rag,355,False,0.005911,0.000226,0.963318,0.003084,False,True,False
qwen2.5-14b,thunderbird,3,rag,356,True,0.999999,0.000226,1.0,0.999998,True,True,True
qwen2.5-14b,thunderbird,3,rag,357,False,0.999447,0.000226,1.0,0.998938,True,True,True
qwen2.5-14b,thunderbird,3,rag,358,False,0.970688,0.000226,0.999993,0.945146,True,True,True
qwen2.5-14b,thunderbird,3,rag,359,True,0.999904,0.000226,1.0,0.999815,True,True,True
qwen2.5-14b,thunderbird,3,rag,360,True,0.999999,0.000226,1.0,0.999998,True,True,True
qwen2.5-14b,thunderbird,3,rag,361,False,0.000804,0.000226,0.780417,0.000419,False,True,False
qwen2.5-14b,thunderbird,3,rag,362,True,0.998073,0.000226,1.0,0.996304,True,True,True
qwen2.5-14b,thunderbird,3,rag,363,False,0.002183,0.000226,0.9062,0.001137,False,True,False
qwen2.5-14b,thunderbird,3,rag,364,True,0.999997,0.000226,1.0,0.999995,True,True,True
qwen2.5-14b,thunderbird,3,rag,365,True,0.999972,0.000226,1.0,0.999947,True,True,True
qwen2.5-14b,thunderbird,3,rag,366,True,0.999999,0.000226,1.0,0.999997,True,True,True
qwen2.5-14b,thunderbird,3,rag,367,True,0.999965,0.000226,1.0,0.999932,True,True,True
qwen2.5-14b,thunderbird,3,rag,368,True,0.999965,0.000226,1.0,0.999932,True,True,True
qwen2.5-14b,thunderbird,3,rag,369,False,5e-06,0.000226,0.020696,2e-06,False,False,False
qwen2.5-14b,thunderbird,3,rag,370,True,0.999999,0.000226,1.0,0.999997,True,True,True
qwen2.5-14b,thunderbird,3,rag,371,False,0.914901,0.000226,0.999979,0.848343,True,True,True
qwen2.5-14b,thunderbird,3,rag,372,False,0.003594,0.000226,0.940927,0.001873,False,True,False
qwen2.5-14b,thunderbird,3,rag,373,False,2e-06,0.000226,0.006814,1e-06,False,False,False
qwen2.5-14b,thunderbird,3,rag,374,True,0.999981,0.000226,1.0,0.999964,True,True,True
qwen2.5-14b,thunderbird,3,rag,375,True,0.999987,0.000226,1.0,0.999975,True,True,True
qwen2.5-14b,thunderbird,3,rag,376,False,0.996827,0.000226,0.999999,0.99392,True,True,True
qwen2.5-14b,thunderbird,3,rag,377,False,0.025957,0.000226,0.991575,0.013676,False,True,False
qwen2.5-14b,thunderbird,3,rag,378,True,1.0,0.000226,1.0,0.999999,True,True,True
qwen2.5-14b,thunderbird,3,rag,379,True,0.999965,0.000226,1.0,0.999932,True,True,True
qwen2.5-14b,thunderbird,3,rag,380,True,0.999999,0.000226,1.0,0.999998,True,True,True
qwen2.5-14b,thunderbird,3,rag,381,False,0.904651,0.000226,0.999976,0.831552,True,True,True
qwen2.5-14b,thunderbird,3,rag,382,False,0.2227,0.000226,0.99921,0.129732,False,True,False
qwen2.5-14b,thunderbird,3,rag,383,False,0.998073,0.000226,1.0,0.996304,True,True,True
qwen2.5-14b,thunderbird,3,rag,384,True,0.999942,0.000226,1.0,0.999888,True,True,True
qwen2.5-14b,thunderbird,3,rag,385,False,0.106691,0.000226,0.998108,0.058506,False,True,False
qwen2.5-14b,thunderbird,3,rag,386,False,0.7773,0.000226,0.999935,0.644893,True,True,True
qwen2.5-14b,thunderbird,3,rag,387,True,0.999955,0.000226,1.0,0.999913,True,True,True
qwen2.5-14b,thunderbird,3,rag,388,True,1.0,0.000226,1.0,0.999999,True,True,True
qwen2.5-14b,thunderbird,3,rag,389,False,0.022977,0.000226,0.990464,0.012089,False,True,False
qwen2.5-14b,thunderbird,3,rag,390,True,0.999998,0.000226,1.0,0.999996,True,True,True
qwen2.5-14b,thunderbird,3,rag,391,True,0.999999,0.000226,1.0,0.999999,True,True,True
qwen2.5-14b,thunderbird,3,rag,392,False,0.000335,0.000226,0.597028,0.000175,False,True,False
qwen2.5-14b,thunderbird,3,rag,393,True,0.999999,0.000226,1.0,0.999997,True,True,True
qwen2.5-14b,thunderbird,3,rag,394,True,0.998968,0.000226,1.0,0.998018,True,True,True
qwen2.5-14b,thunderbird,3,rag,395,False,0.377541,0.000226,0.999627,0.239881,False,True,False
qwen2.5-14b,thunderbird,3,rag,396,True,0.999992,0.000226,1.0,0.999985,True,True,True
qwen2.5-14b,thunderbird,3,rag,397,True,0.999972,0.000226,1.0,0.999947,True,True,True
qwen2.5-14b,thunderbird,3,rag,398,False,0.867036,0.000226,0.999965,0.772357,True,True,True
qwen2.5-14b,thunderbird,3,rag,399,False,0.00117,0.000226,0.837956,0.000609,False,True,False
qwen2.5-14b,thunderbird,3,rag,400,True,0.999965,0.000226,1.0,0.999932,True,True,True
qwen2.5-14b,thunderbird,3,rag,401,False,0.000231,0.000226,0.504524,0.00012,False,True,False
qwen2.5-14b,thunderbird,3,rag,402,True,0.999995,0.000226,1.0,0.99999,True,True,True
qwen2.5-14b,thunderbird,3,rag,403,True,0.999997,0.000226,1.0,0.999995,True,True,True
qwen2.5-14b,thunderbird,3,rag,404,False,0.001701,0.000226,0.882684,0.000886,False,True,False
qwen2.5-14b,thunderbird,3,rag,405,True,0.999999,0.000226,1.0,0.999997,True,True,True
qwen2.5-14b,thunderbird,3,rag,406,True,0.999995,0.000226,1.0,0.999991,True,True,True
qwen2.5-14b,thunderbird,3,rag,407,True,0.999992,0.000226,1.0,0.999985,True,True,True
qwen2.5-14b,thunderbird,3,rag,408,False,0.095349,0.000226,0.997856,0.051989,False,True,False
qwen2.5-14b,thunderbird,3,rag,409,False,0.000158,0.000226,0.411709,8.2e-05,False,False,False
qwen2.5-14b,thunderbird,3,rag,410,False,0.622459,0.000226,0.999863,0.461742,True,True,False
qwen2.5-14b,thunderbird,3,rag,411,False,0.268941,0.000226,0.999385,0.160659,False,True,False
qwen2.5-14b,thunderbird,3,rag,412,True,0.99929,0.000226,1.0,0.998637,True,True,True
qwen2.5-14b,thunderbird,3,rag,413,False,0.006693,0.000226,0.967488,0.003494,False,True,False
qwen2.5-14b,thunderbird,3,rag,414,False,0.880797,0.000226,0.999969,0.793584,True,True,True
qwen2.5-14b,thunderbird,3,rag,415,True,0.999992,0.000226,1.0,0.999985,True,True,True
qwen2.5-14b,thunderbird,3,rag,416,False,0.245085,0.000226,0.999303,0.144509,False,True,False
qwen2.5-14b,thunderbird,3,rag,417,True,0.924142,0.000226,0.999981,0.863735,True,True,True
qwen2.5-14b,thunderbird,3,rag,418,False,0.000431,0.000226,0.655453,0.000224,False,True,False
qwen2.5-14b,thunderbird,3,rag,419,False,0.00117,0.000226,0.837956,0.000609,False,True,False
qwen2.5-14b,thunderbird,3,rag,420,True,0.999999,0.000226,1.0,0.999998,True,True,True
qwen2.5-14b,thunderbird,3,rag,421,False,1e-06,0.000226,0.002518,0.0,False,False,False
qwen2.5-14b,thunderbird,3,rag,422,False,0.977023,0.000226,0.999995,0.956755,True,True,True
qwen2.5-14b,thunderbird,3,rag,423,False,0.998499,0.000226,1.0,0.997119,True,True,True
qwen2.5-14b,thunderbird,3,rag,424,False,0.924142,0.000226,0.999981,0.863735,True,True,True
qwen2.5-14b,thunderbird,3,rag,425,True,0.999996,0.000226,1.0,0.999993,True,True,True
qwen2.5-14b,thunderbird,3,rag,426,True,0.999997,0.000226,1.0,0.999994,True,True,True
qwen2.5-14b,thunderbird,3,rag,427,False,0.002801,0.000226,0.925401,0.001459,False,True,False
qwen2.5-14b,thunderbird,3,rag,428,False,1e-06,0.000226,0.003659,0.0,False,False,False
qwen2.5-14b,thunderbird,3,rag,429,False,0.001927,0.000226,0.895022,0.001003,False,True,False
qwen2.5-14b,thunderbird,3,rag,430,False,0.99478,0.000226,0.999999,0.990015,True,True,True
qwen2.5-14b,thunderbird,3,rag,431,False,0.132964,0.000226,0.998526,0.073896,False,True,False
qwen2.5-14b,thunderbird,3,rag,432,True,0.999998,0.000226,1.0,0.999996,True,True,True
qwen2.5-14b,thunderbird,3,rag,433,True,0.999987,0.000226,1.0,0.999975,True,True,True
qwen2.5-14b,thunderbird,3,rag,434,True,0.999999,0.000226,1.0,0.999997,True,True,True
qwen2.5-14b,thunderbird,3,rag,435,True,0.999999,0.000226,1.0,0.999999,True,True,True
qwen2.5-14b,thunderbird,3,rag,436,False,0.0,0.000226,4.1e-05,0.0,False,False,False
qwen2.5-14b,thunderbird,3,rag,437,False,0.00461,0.000226,0.953385,0.002404,False,True,False
qwen2.5-14b,thunderbird,3,rag,438,False,0.000231,0.000226,0.504524,0.00012,False,True,False
qwen2.5-14b,thunderbird,3,rag,439,False,0.000804,0.000226,0.780417,0.000419,False,True,False
qwen2.5-14b,thunderbird,3,rag,440,True,0.999999,0.000226,1.0,0.999998,True,True,True
qwen2.5-14b,thunderbird,3,rag,441,False,5.1e-05,0.000226,0.18514,2.7e-05,False,False,False
qwen2.5-14b,thunderbird,3,rag,442,True,0.999999,0.000226,1.0,0.999999,True,True,True
qwen2.5-14b,thunderbird,3,rag,443,True,0.999998,0.000226,1.0,0.999996,True,True,True
qwen2.5-14b,thunderbird,3,rag,444,True,0.999999,0.000226,1.0,0.999997,True,True,True
qwen2.5-14b,thunderbird,3,rag,445,True,0.999999,0.000226,1.0,0.999998,True,True,True
qwen2.5-14b,thunderbird,3,rag,446,True,0.999998,0.000226,1.0,0.999997,True,True,True
qwen2.5-14b,thunderbird,3,rag,447,False,7.5e-05,0.000226,0.248449,3.9e-05,False,False,False
qwen2.5-14b,thunderbird,3,rag,448,False,3.1e-05,0.000226,0.121116,1.6e-05,False,False,False
qwen2.5-14b,thunderbird,3,rag,449,True,0.999996,0.000226,1.0,0.999993,True,True,True
qwen2.5-14b,openstack,3,rag,450,True,0.966914,0.000226,0.999992,0.938293,True,True,True
qwen2.5-14b,openstack,3,rag,451,True,0.000626,0.000226,0.734602,0.000326,False,True,False
qwen2.5-14b,openstack,3,rag,452,False,0.000109,0.000226,0.324777,5.7e-05,False,False,False
qwen2.5-14b,openstack,3,rag,453,True,0.2227,0.000226,0.99921,0.129732,False,True,False
qwen2.5-14b,openstack,3,rag,454,False,0.679179,0.000226,0.999893,0.524148,True,True,True
qwen2.5-14b,openstack,3,rag,455,False,0.006693,0.000226,0.967488,0.003494,False,True,False
qwen2.5-14b,openstack,3,rag,456,False,0.000488,0.000226,0.683109,0.000254,False,True,False
qwen2.5-14b,openstack,3,rag,457,False,0.531209,0.000226,0.9998,0.370906,True,True,False
qwen2.5-14b,openstack,3,rag,458,False,0.001927,0.000226,0.895022,0.001003,False,True,False
qwen2.5-14b,openstack,3,rag,459,True,0.132964,0.000226,0.998526,0.073896,False,True,False
qwen2.5-14b,openstack,3,rag,460,True,0.010987,0.000226,0.980025,0.005747,False,True,False
qwen2.5-14b,openstack,3,rag,461,False,0.893309,0.000226,0.999973,0.813311,True,True,True
qwen2.5-14b,openstack,3,rag,462,True,0.001032,0.000226,0.820258,0.000537,False,True,False
qwen2.5-14b,openstack,3,rag,463,True,0.001501,0.000226,0.869108,0.000782,False,True,False
qwen2.5-14b,openstack,3,rag,464,True,0.003173,0.000226,0.933584,0.001653,False,True,False
qwen2.5-14b,openstack,3,rag,465,False,0.006693,0.000226,0.967488,0.003494,False,True,False
qwen2.5-14b,openstack,3,rag,466,True,0.067547,0.000226,0.996884,0.036322,False,True,False
qwen2.5-14b,openstack,3,rag,467,True,0.001325,0.000226,0.854221,0.00069,False,True,False
qwen2.5-14b,openstack,3,rag,468,True,0.320821,0.000226,0.999521,0.197288,False,True,False
qwen2.5-14b,openstack,3,rag,469,True,0.294215,0.000226,0.999457,0.178238,False,True,False
qwen2.5-14b,openstack,3,rag,470,False,0.0,0.000226,0.000207,0.0,False,False,False
qwen2.5-14b,openstack,3,rag,471,True,0.377541,0.000226,0.999627,0.239881,False,True,False
qwen2.5-14b,openstack,3,rag,472,False,0.085099,0.000226,0.997572,0.046162,False,True,False
qwen2.5-14b,openstack,3,rag,473,True,0.952574,0.000226,0.999989,0.912669,True,True,True
qwen2.5-14b,openstack,3,rag,474,False,0.025957,0.000226,0.991575,0.013676,False,True,False
qwen2.5-14b,openstack,3,rag,475,True,0.000911,0.000226,0.801086,0.000474,False,True,False
qwen2.5-14b,openstack,3,rag,476,True,0.000261,0.000226,0.535713,0.000136,False,True,False
qwen2.5-14b,openstack,3,rag,477,False,0.002183,0.000226,0.9062,0.001137,False,True,False
qwen2.5-14b,openstack,3,rag,478,False,0.003173,0.000226,0.933584,0.001653,False,True,False
qwen2.5-14b,openstack,3,rag,479,True,0.000123,0.000226,0.352766,6.4e-05,False,False,False
qwen2.5-14b,openstack,3,rag,480,True,0.939913,0.000226,0.999986,0.890579,True,True,True
qwen2.5-14b,openstack,3,rag,481,True,0.5,0.000226,0.999774,0.342239,False,True,False
qwen2.5-14b,openstack,3,rag,482,True,0.067547,0.000226,0.996884,0.036322,False,True,False
qwen2.5-14b,openstack,3,rag,483,True,0.377541,0.000226,0.999627,0.239881,False,True,False
qwen2.5-14b,openstack,3,rag,484,True,1e-06,0.000226,0.004144,0.0,False,False,False
qwen2.5-14b,openstack,3,rag,485,False,5.8e-05,0.000226,0.204744,3e-05,False,False,False
qwen2.5-14b,openstack,3,rag,486,False,0.562177,0.000226,0.999824,0.400512,True,True,False
qwen2.5-14b,openstack,3,rag,487,False,0.000488,0.000226,0.683109,0.000254,False,True,False
qwen2.5-14b,openstack,3,rag,488,False,0.000911,0.000226,0.801086,0.000474,False,True,False
qwen2.5-14b,openstack,3,rag,489,True,0.294215,0.000226,0.999457,0.178238,False,True,False
qwen2.5-14b,openstack,3,rag,490,False,2e-06,0.000226,0.009884,1e-06,False,False,False
qwen2.5-14b,openstack,3,rag,491,True,0.085099,0.000226,0.997572,0.046162,False,True,False
qwen2.5-14b,openstack,3,rag,492,True,0.562177,0.000226,0.999824,0.400512,True,True,False
qwen2.5-14b,openstack,3,rag,493,True,0.437823,0.000226,0.999709,0.288366,False,True,False
qwen2.5-14b,openstack,3,rag,494,False,0.005911,0.000226,0.963318,0.003084,False,True,False
qwen2.5-14b,openstack,3,rag,495,False,0.012432,0.000226,0.982331,0.006507,False,True,False
qwen2.5-14b,openstack,3,rag,496,False,0.0,0.000226,7.6e-05,0.0,False,False,False
qwen2.5-14b,openstack,3,rag,497,True,0.562177,0.000226,0.999824,0.400512,True,True,False
qwen2.5-14b,openstack,3,rag,498,True,0.377541,0.000226,0.999627,0.239881,False,True,False
qwen2.5-14b,openstack,3,rag,499,True,0.982014,0.000226,0.999996,0.965996,True,True,True
qwen2.5-14b,openstack,3,rag,500,True,0.987568,0.000226,0.999997,0.976378,True,True,True
qwen2.5-14b,openstack,3,rag,501,False,0.851953,0.000226,0.999961,0.749635,True,True,True
qwen2.5-14b,openstack,3,rag,502,False,0.0,0.000226,0.000438,0.0,False,False,False
qwen2.5-14b,openstack,3,rag,503,True,0.622459,0.000226,0.999863,0.461742,True,True,False
qwen2.5-14b,openstack,3,rag,504,True,0.014064,0.000226,0.984374,0.007367,False,True,False
qwen2.5-14b,openstack,3,rag,505,True,4.5e-05,0.000226,0.167019,2.4e-05,False,False,False
qwen2.5-14b,openstack,3,rag,506,False,0.201813,0.000226,0.999105,0.11626,False,True,False
qwen2.5-14b,openstack,3,rag,507,True,0.042088,0.000226,0.994873,0.02235,False,True,False
qwen2.5-14b,openstack,3,rag,508,False,1.1e-05,0.000226,0.04825,6e-06,False,False,False
qwen2.5-14b,openstack,3,rag,509,True,0.029312,0.000226,0.992558,0.015469,False,True,False
qwen2.5-14b,openstack,3,rag,510,True,0.268941,0.000226,0.999385,0.160659,False,True,False
qwen2.5-14b,openstack,3,rag,511,False,0.002183,0.000226,0.9062,0.001137,False,True,False
qwen2.5-14b,openstack,3,rag,512,False,1e-06,0.000226,0.004144,0.0,False,False,False
qwen2.5-14b,openstack,3,rag,513,True,0.000203,0.000226,0.4733,0.000106,False,False,False
qwen2.5-14b,openstack,3,rag,514,False,0.047426,0.000226,0.995473,0.025251,False,True,False
qwen2.5-14b,openstack,3,rag,515,True,9.6e-05,0.000226,0.297987,5e-05,False,False,False
qwen2.5-14b,openstack,3,rag,516,False,0.000911,0.000226,0.801086,0.000474,False,True,False
qwen2.5-14b,openstack,3,rag,517,True,0.001501,0.000226,0.869108,0.000782,False,True,False
qwen2.5-14b,openstack,3,rag,518,False,0.904651,0.000226,0.999976,0.831552,True,True,True
qwen2.5-14b,openstack,3,rag,519,False,4.5e-05,0.000226,0.167019,2.4e-05,False,False,False
qwen2.5-14b,openstack,3,rag,520,False,2e-06,0.000226,0.006814,1e-06,False,False,False
qwen2.5-14b,openstack,3,rag,521,False,2.4e-05,0.000226,0.096922,1.3e-05,False,False,False
qwen2.5-14b,openstack,3,rag,522,True,0.015906,0.000226,0.986185,0.00834,False,True,False
qwen2.5-14b,openstack,3,rag,523,False,0.989013,0.000226,0.999997,0.979096,True,True,True
qwen2.5-14b,openstack,3,rag,524,False,3e-06,0.000226,0.014317,2e-06,False,False,False
qwen2.5-14b,openstack,3,rag,525,True,0.592667,0.000226,0.999844,0.430862,True,True,False
qwen2.5-14b,openstack,3,rag,526,False,0.245085,0.000226,0.999303,0.144509,False,True,False
qwen2.5-14b,openstack,3,rag,527,False,0.999797,0.000226,1.0,0.999609,True,True,True
qwen2.5-14b,openstack,3,rag,528,True,0.000158,0.000226,0.411709,8.2e-05,False,False,False
qwen2.5-14b,openstack,3,rag,529,True,0.407333,0.000226,0.999671,0.263407,False,True,False
qwen2.5-14b,openstack,3,rag,530,False,0.00407,0.000226,0.947504,0.002122,False,True,False
qwen2.5-14b,openstack,3,rag,531,False,0.000203,0.000226,0.4733,0.000106,False,False,False
qwen2.5-14b,openstack,3,rag,532,True,0.2227,0.000226,0.99921,0.129732,False,True,False
qwen2.5-14b,openstack,3,rag,533,True,0.407333,0.000226,0.999671,0.263407,False,True,False
qwen2.5-14b,openstack,3,rag,534,True,0.042088,0.000226,0.994873,0.02235,False,True,False
qwen2.5-14b,openstack,3,rag,535,True,0.817574,0.000226,0.999949,0.699867,True,True,True
qwen2.5-14b,openstack,3,rag,536,True,0.148047,0.000226,0.998699,0.082919,False,True,False
qwen2.5-14b,openstack,3,rag,537,True,0.047426,0.000226,0.995473,0.025251,False,True,False
qwen2.5-14b,openstack,3,rag,538,False,2.4e-05,0.000226,0.096922,1.3e-05,False,False,False
qwen2.5-14b,openstack,3,rag,539,False,3.5e-05,0.000226,0.135064,1.8e-05,False,False,False
qwen2.5-14b,openstack,3,rag,540,True,0.006693,0.000226,0.967488,0.003494,False,True,False
qwen2.5-14b,openstack,3,rag,541,False,0.320821,0.000226,0.999521,0.197288,False,True,False
qwen2.5-14b,openstack,3,rag,542,False,9e-06,0.000226,0.037983,5e-06,False,False,False
qwen2.5-14b,openstack,3,rag,543,True,0.0,0.000226,0.001529,0.0,False,False,False
qwen2.5-14b,openstack,3,rag,544,False,0.851953,0.000226,0.999961,0.749635,True,True,True
qwen2.5-14b,openstack,3,rag,545,False,0.946597,0.000226,0.999987,0.902178,True,True,True
qwen2.5-14b,openstack,3,rag,546,False,0.0,0.000226,0.000111,0.0,False,False,False
qwen2.5-14b,openstack,3,rag,547,True,0.001325,0.000226,0.854221,0.00069,False,True,False
qwen2.5-14b,openstack,3,rag,548,False,0.067547,0.000226,0.996884,0.036322,False,True,False
qwen2.5-14b,openstack,3,rag,549,True,0.2227,0.000226,0.99921,0.129732,False,True,False
qwen2.5-14b,openstack,3,rag,550,False,0.952574,0.000226,0.999989,0.912669,True,True,True
qwen2.5-14b,openstack,3,rag,551,False,0.000158,0.000226,0.411709,8.2e-05,False,False,False
qwen2.5-14b,openstack,3,rag,552,True,0.2227,0.000226,0.99921,0.129732,False,True,False
qwen2.5-14b,openstack,3,rag,553,True,0.437823,0.000226,0.999709,0.288366,False,True,False
qwen2.5-14b,openstack,3,rag,554,True,0.705785,0.000226,0.999906,0.555191,True,True,True
qwen2.5-14b,openstack,3,rag,555,True,0.993307,0.000226,0.999998,0.987216,True,True,True
qwen2.5-14b,openstack,3,rag,556,False,0.106691,0.000226,0.998108,0.058506,False,True,False
qwen2.5-14b,openstack,3,rag,557,False,0.00014,0.000226,0.381803,7.3e-05,False,False,False
qwen2.5-14b,openstack,3,rag,558,True,0.020332,0.000226,0.989208,0.010683,False,True,False
qwen2.5-14b,openstack,3,rag,559,False,0.000911,0.000226,0.801086,0.000474,False,True,False
qwen2.5-14b,openstack,3,rag,560,True,0.932453,0.000226,0.999984,0.87779,True,True,True
qwen2.5-14b,openstack,3,rag,561,False,0.798187,0.000226,0.999943,0.672974,True,True,True
qwen2.5-14b,openstack,3,rag,562,True,0.798187,0.000226,0.999943,0.672974,True,True,True
qwen2.5-14b,openstack,3,rag,563,False,5.1e-05,0.000226,0.18514,2.7e-05,False,False,False
qwen2.5-14b,openstack,3,rag,564,True,0.952574,0.000226,0.999989,0.912669,True,True,True
qwen2.5-14b,openstack,3,rag,565,False,0.164516,0.000226,0.998851,0.092933,False,True,False
qwen2.5-14b,openstack,3,rag,566,False,0.182426,0.000226,0.998986,0.10402,False,True,False
qwen2.5-14b,openstack,3,rag,567,True,0.991423,0.000226,0.999998,0.983644,True,True,True
qwen2.5-14b,openstack,3,rag,568,True,0.979668,0.000226,0.999995,0.961642,True,True,True
qwen2.5-14b,openstack,3,rag,569,False,0.106691,0.000226,0.998108,0.058506,False,True,False
qwen2.5-14b,openstack,3,rag,570,False,0.651355,0.000226,0.999879,0.492917,True,True,False
qwen2.5-14b,openstack,3,rag,571,True,0.974043,0.000226,0.999994,0.951278,True,True,True
qwen2.5-14b,openstack,3,rag,572,True,0.047426,0.000226,0.995473,0.025251,False,True,False
qwen2.5-14b,openstack,3,rag,573,False,0.320821,0.000226,0.999521,0.197288,False,True,False
qwen2.5-14b,openstack,3,rag,574,False,0.095349,0.000226,0.997856,0.051989,False,True,False
qwen2.5-14b,openstack,3,rag,575,False,0.952574,0.000226,0.999989,0.912669,True,True,True
qwen2.5-14b,openstack,3,rag,576,False,0.348645,0.000226,0.999577,0.217834,False,True,False
qwen2.5-14b,openstack,3,rag,577,False,0.008577,0.000226,0.974496,0.004481,False,True,False
qwen2.5-14b,openstack,3,rag,578,False,0.201813,0.000226,0.999105,0.11626,False,True,False
qwen2.5-14b,openstack,3,rag,579,True,0.377541,0.000226,0.999627,0.239881,False,True,False
qwen2.5-14b,openstack,3,rag,580,False,0.037327,0.000226,0.994194,0.019776,False,True,False
qwen2.5-14b,openstack,3,rag,581,False,0.007577,0.000226,0.971198,0.003957,False,True,False
qwen2.5-14b,openstack,3,rag,582,False,9e-06,0.000226,0.037983,5e-06,False,False,False
qwen2.5-14b,openstack,3,rag,583,True,0.996827,0.000226,0.999999,0.99392,True,True,True
qwen2.5-14b,openstack,3,rag,584,False,1e-06,0.000226,0.006018,1e-06,False,False,False
qwen2.5-14b,openstack,3,rag,585,True,0.977023,0.000226,0.999995,0.956755,True,True,True
qwen2.5-14b,openstack,3,rag,586,True,1.7e-05,0.000226,0.068695,9e-06,False,False,False
qwen2.5-14b,openstack,3,rag,587,False,0.0,0.000226,0.001962,0.0,False,False,False
qwen2.5-14b,openstack,3,rag,588,False,0.00117,0.000226,0.837956,0.000609,False,True,False
qwen2.5-14b,openstack,3,rag,589,True,0.798187,0.000226,0.999943,0.672974,True,True,True
qwen2.5-14b,openstack,3,rag,590,False,0.020332,0.000226,0.989208,0.010683,False,True,False
qwen2.5-14b,openstack,3,rag,591,True,0.468791,0.000226,0.999743,0.314679,False,True,False
qwen2.5-14b,openstack,3,rag,592,False,0.0,0.000226,0.001962,0.0,False,False,False
qwen2.5-14b,openstack,3,rag,593,True,0.015906,0.000226,0.986185,0.00834,False,True,False
qwen2.5-14b,openstack,3,rag,594,True,0.562177,0.000226,0.999824,0.400512,True,True,False
qwen2.5-14b,openstack,3,rag,595,False,0.037327,0.000226,0.994194,0.019776,False,True,False
qwen2.5-14b,openstack,3,rag,596,True,3.5e-05,0.000226,0.135064,1.8e-05,False,False,False
qwen2.5-14b,openstack,3,rag,597,False,0.001927,0.000226,0.895022,0.001003,False,True,False
qwen2.5-14b,openstack,3,rag,598,False,2e-06,0.000226,0.008733,1e-06,False,False,False
qwen2.5-14b,openstack,3,rag,599,True,0.00071,0.000226,0.758232,0.000369,False,True,False
mistral-small,bgl,3,rag,0,False,0.002473,0.57702,0.001814,0.002108,False,False,False
mistral-small,bgl,3,rag,1,True,0.996827,0.57702,0.995677,0.996279,True,True,True
mistral-small,bgl,3,rag,2,True,0.998402,0.57702,0.997822,0.998125,True,True,True
mistral-small,bgl,3,rag,3,False,0.008577,0.57702,0.006302,0.007318,False,False,False
mistral-small,bgl,3,rag,4,True,0.999089,0.57702,0.998758,0.998931,True,True,True
mistral-small,bgl,3,rag,5,True,0.999089,0.57702,0.998758,0.998931,True,True,True
mistral-small,bgl,3,rag,6,False,0.001927,0.57702,0.001413,0.001642,False,False,False
mistral-small,bgl,3,rag,7,False,0.003173,0.57702,0.002328,0.002705,False,False,False
mistral-small,bgl,3,rag,8,True,0.997817,0.57702,0.997025,0.99744,True,True,True
mistral-small,bgl,3,rag,9,True,0.999089,0.57702,0.998758,0.998931,True,True,True
mistral-small,bgl,3,rag,10,True,0.075858,0.57702,0.056757,0.065375,False,False,False
mistral-small,bgl,3,rag,11,False,0.001927,0.57702,0.001413,0.001642,False,False,False
mistral-small,bgl,3,rag,12,False,0.946597,0.57702,0.928538,0.937905,True,True,True
mistral-small,bgl,3,rag,13,True,0.990292,0.57702,0.986803,0.988626,True,True,True
mistral-small,bgl,3,rag,14,True,0.998402,0.57702,0.997822,0.998125,True,True,True
mistral-small,bgl,3,rag,15,False,0.006693,0.57702,0.004915,0.005709,False,False,False
mistral-small,bgl,3,rag,16,True,0.999089,0.57702,0.998758,0.998931,True,True,True
mistral-small,bgl,3,rag,17,True,0.998402,0.57702,0.997822,0.998125,True,True,True
mistral-small,bgl,3,rag,18,False,0.835484,0.57702,0.788257,0.812295,True,True,True
mistral-small,bgl,3,rag,19,True,0.998402,0.57702,0.997822,0.998125,True,True,True
mistral-small,bgl,3,rag,20,True,0.99593,0.57702,0.994456,0.995227,True,True,True
mistral-small,bgl,3,rag,21,True,0.999089,0.57702,0.998758,0.998931,True,True,True
mistral-small,bgl,3,rag,22,False,0.00522,0.57702,0.003832,0.004452,False,False,False
mistral-small,bgl,3,rag,23,True,0.562177,0.57702,0.484867,0.522483,True,False,True
mistral-small,bgl,3,rag,24,False,0.001501,0.57702,0.001101,0.001279,False,False,False
mistral-small,bgl,3,rag,25,False,0.037327,0.57702,0.027638,0.031984,False,False,False
mistral-small,bgl,3,rag,26,True,0.996406,0.57702,0.995104,0.995785,True,True,True
mistral-small,bgl,3,rag,27,True,0.999089,0.57702,0.998758,0.998931,True,True,True
mistral-small,bgl,3,rag,28,False,0.002473,0.57702,0.001814,0.002108,False,False,False
mistral-small,bgl,3,rag,29,True,0.999089,0.57702,0.998758,0.998931,True,True,True
mistral-small,bgl,3,rag,30,True,0.999089,0.57702,0.998758,0.998931,True,True,True
mistral-small,bgl,3,rag,31,False,0.00461,0.57702,0.003383,0.003931,False,False,False
mistral-small,bgl,3,rag,32,False,0.320821,0.57702,0.257204,0.286998,False,False,False
mistral-small,bgl,3,rag,33,True,0.997817,0.57702,0.997025,0.99744,True,True,True
mistral-small,bgl,3,rag,34,True,0.998402,0.57702,0.997822,0.998125,True,True,True
mistral-small,bgl,3,rag,35,False,0.001927,0.57702,0.001413,0.001642,False,False,False
mistral-small,bgl,3,rag,36,False,0.002183,0.57702,0.001601,0.001861,False,False,False
mistral-small,bgl,3,rag,37,False,0.060087,0.57702,0.044764,0.051661,False,False,False
mistral-small,bgl,3,rag,38,False,0.851953,0.57702,0.808369,0.830615,True,True,True
mistral-small,bgl,3,rag,39,True,0.997817,0.57702,0.997025,0.99744,True,True,True
mistral-small,bgl,3,rag,40,True,0.999089,0.57702,0.998758,0.998931,True,True,True
mistral-small,bgl,3,rag,41,False,0.010987,0.57702,0.008078,0.009378,False,False,False
mistral-small,bgl,3,rag,42,True,0.998402,0.57702,0.997822,0.998125,True,True,True
mistral-small,bgl,3,rag,43,True,0.998402,0.57702,0.997822,0.998125,True,True,True
mistral-small,bgl,3,rag,44,True,0.999089,0.57702,0.998758,0.998931,True,True,True
mistral-small,bgl,3,rag,45,False,0.002183,0.57702,0.001601,0.001861,False,False,False
mistral-small,bgl,3,rag,46,True,0.997199,0.57702,0.996183,0.996715,True,True,True
mistral-small,bgl,3,rag,47,True,0.999089,0.57702,0.998758,0.998931,True,True,True
mistral-small,bgl,3,rag,48,False,0.020332,0.57702,0.014986,0.017378,False,False,False
mistral-small,bgl,3,rag,49,True,0.999089,0.57702,0.998758,0.998931,True,True,True
mistral-small,bgl,3,rag,50,True,0.999089,0.57702,0.998758,0.998931,True,True,True
mistral-small,bgl,3,rag,51,True,0.999089,0.57702,0.998758,0.998931,True,True,True
mistral-small,bgl,3,rag,52,True,0.939913,0.57702,0.919787,0.930215,True,True,True
mistral-small,bgl,3,rag,53,False,0.00407,0.57702,0.002987,0.00347,False,False,False
mistral-small,bgl,3,rag,54,False,0.001927,0.57702,0.001413,0.001642,False,False,False
mistral-small,bgl,3,rag,55,False,0.002801,0.57702,0.002055,0.002388,False,False,False
mistral-small,bgl,3,rag,56,False,0.001927,0.57702,0.001413,0.001642,False,False,False
mistral-small,bgl,3,rag,57,False,0.037327,0.57702,0.027638,0.031984,False,False,False
mistral-small,bgl,3,rag,58,False,0.095349,0.57702,0.071721,0.082413,False,False,False
mistral-small,bgl,3,rag,59,True,0.990292,0.57702,0.986803,0.988626,True,True,True
mistral-small,bgl,3,rag,60,False,0.006693,0.57702,0.004915,0.005709,False,False,False
mistral-small,bgl,3,rag,61,True,0.997199,0.57702,0.996183,0.996715,True,True,True
mistral-small,bgl,3,rag,62,True,0.998402,0.57702,0.997822,0.998125,True,True,True
mistral-small,bgl,3,rag,63,False,0.001701,0.57702,0.001247,0.00145,False,False,False
mistral-small,bgl,3,rag,64,False,0.002183,0.57702,0.001601,0.001861,False,False,False
mistral-small,bgl,3,rag,65,False,0.001501,0.57702,0.001101,0.001279,False,False,False
mistral-small,bgl,3,rag,66,True,0.999089,0.57702,0.998758,0.998931,True,True,True
mistral-small,bgl,3,rag,67,False,0.002801,0.57702,0.002055,0.002388,False,False,False
mistral-small,bgl,3,rag,68,True,0.998402,0.57702,0.997822,0.998125,True,True,True
mistral-small,bgl,3,rag,69,False,0.320821,0.57702,0.257204,0.286998,False,False,False
mistral-small,bgl,3,rag,70,True,0.999089,0.57702,0.998758,0.998931,True,True,True
mistral-small,bgl,3,rag,71,False,0.095349,0.57702,0.071721,0.082413,False,False,False
mistral-small,bgl,3,rag,72,False,0.042088,0.57702,0.031203,0.036089,False,False,False
mistral-small,bgl,3,rag,73,False,0.001325,0.57702,0.000972,0.001129,False,False,False
mistral-small,bgl,3,rag,74,False,0.007577,0.57702,0.005566,0.006464,False,False,False
mistral-small,bgl,3,rag,75,True,0.939913,0.57702,0.919787,0.930215,True,True,True
mistral-small,bgl,3,rag,76,False,0.003594,0.57702,0.002637,0.003064,False,False,False
mistral-small,bgl,3,rag,77,False,0.002183,0.57702,0.001601,0.001861,False,False,False
mistral-small,bgl,3,rag,78,False,0.003173,0.57702,0.002328,0.002705,False,False,False
mistral-small,bgl,3,rag,79,True,0.999089,0.57702,0.998758,0.998931,True,True,True
mistral-small,bgl,3,rag,80,False,0.119203,0.57702,0.090253,0.1034,False,False,False
mistral-small,bgl,3,rag,81,False,0.003173,0.57702,0.002328,0.002705,False,False,False
mistral-small,bgl,3,rag,82,True,0.998402,0.57702,0.997822,0.998125,True,True,True
mistral-small,bgl,3,rag,83,True,0.679179,0.57702,0.608128,0.643363,True,True,True
mistral-small,bgl,3,rag,84,False,0.001927,0.57702,0.001413,0.001642,False,False,False
mistral-small,bgl,3,rag,85,False,0.002473,0.57702,0.001814,0.002108,False,False,False
mistral-small,bgl,3,rag,86,True,0.989013,0.57702,0.985072,0.987131,True,True,True
mistral-small,bgl,3,rag,87,True,0.991423,0.57702,0.988335,0.989949,True,True,True
mistral-small,bgl,3,rag,88,True,0.997817,0.57702,0.997025,0.99744,True,True,True
mistral-small,bgl,3,rag,89,True,0.999089,0.57702,0.998758,0.998931,True,True,True
mistral-small,bgl,3,rag,90,True,0.999089,0.57702,0.998758,0.998931,True,True,True
mistral-small,bgl,3,rag,91,True,0.99539,0.57702,0.993722,0.994595,True,True,True
mistral-small,bgl,3,rag,92,False,0.002473,0.57702,0.001814,0.002108,False,False,False
mistral-small,bgl,3,rag,93,False,0.002801,0.57702,0.002055,0.002388,False,False,False
mistral-small,bgl,3,rag,94,True,0.999089,0.57702,0.998758,0.998931,True,True,True
mistral-small,bgl,3,rag,95,False,0.003594,0.57702,0.002637,0.003064,False,False,False
mistral-small,bgl,3,rag,96,False,0.00407,0.57702,0.002987,0.00347,False,False,False
mistral-small,bgl,3,rag,97,True,0.999089,0.57702,0.998758,0.998931,True,True,True
mistral-small,bgl,3,rag,98,False,0.085099,0.57702,0.063831,0.07344,False,False,False
mistral-small,bgl,3,rag,99,False,0.002801,0.57702,0.002055,0.002388,False,False,False
mistral-small,bgl,3,rag,100,False,0.002473,0.57702,0.001814,0.002108,False,False,False
mistral-small,bgl,3,rag,101,True,0.998402,0.57702,0.997822,0.998125,True,True,True
mistral-small,bgl,3,rag,102,False,0.001325,0.57702,0.000972,0.001129,False,False,False
mistral-small,bgl,3,rag,103,True,0.999089,0.57702,0.998758,0.998931,True,True,True
mistral-small,bgl,3,rag,104,False,0.001927,0.57702,0.001413,0.001642,False,False,False
mistral-small,bgl,3,rag,105,False,0.00522,0.57702,0.003832,0.004452,False,False,False
mistral-small,bgl,3,rag,106,True,0.999089,0.57702,0.998758,0.998931,True,True,True
mistral-small,bgl,3,rag,107,True,0.999089,0.57702,0.998758,0.998931,True,True,True
mistral-small,bgl,3,rag,108,True,0.999089,0.57702,0.998758,0.998931,True,True,True
mistral-small,bgl,3,rag,109,True,0.99593,0.57702,0.994456,0.995227,True,True,True
mistral-small,bgl,3,rag,110,False,0.106691,0.57702,0.080502,0.092372,False,False,False
mistral-small,bgl,3,rag,111,False,0.00117,0.57702,0.000858,0.000997,False,False,False
mistral-small,bgl,3,rag,112,True,0.999089,0.57702,0.998758,0.998931,True,True,True
mistral-small,bgl,3,rag,113,False,0.020332,0.57702,0.014986,0.017378,False,False,False
mistral-small,bgl,3,rag,114,True,0.997527,0.57702,0.99663,0.9971,True,True,True
mistral-small,bgl,3,rag,115,False,0.020332,0.57702,0.014986,0.017378,False,False,False
mistral-small,bgl,3,rag,116,True,0.999089,0.57702,0.998758,0.998931,True,True,True
mistral-small,bgl,3,rag,117,False,0.005911,0.57702,0.00434,0.005041,False,False,False
mistral-small,bgl,3,rag,118,True,0.5,0.57702,0.42298,0.460083,False,False,False
mistral-small,bgl,3,rag,119,False,0.053403,0.57702,0.039713,0.045869,False,False,False
mistral-small,bgl,3,rag,120,False,0.294215,0.57702,0.234056,0.262114,False,False,False
mistral-small,bgl,3,rag,121,True,0.999089,0.57702,0.998758,0.998931,True,True,True
mistral-small,bgl,3,rag,122,False,0.00461,0.57702,0.003383,0.003931,False,False,False
mistral-small,bgl,3,rag,123,True,0.979668,0.57702,0.972467,0.976223,True,True,True
mistral-small,bgl,3,rag,124,False,0.002473,0.57702,0.001814,0.002108,False,False,False
mistral-small,bgl,3,rag,125,True,0.999089,0.57702,0.998758,0.998931,True,True,True
mistral-small,bgl,3,rag,126,True,0.996827,0.57702,0.995677,0.996279,True,True,True
mistral-small,bgl,3,rag,127,True,0.999089,0.57702,0.998758,0.998931,True,True,True
mistral-small,bgl,3,rag,128,False,0.001701,0.57702,0.001247,0.00145,False,False,False
mistral-small,bgl,3,rag,129,False,0.001927,0.57702,0.001413,0.001642,False,False,False
mistral-small,bgl,3,rag,130,True,0.998402,0.57702,0.997822,0.998125,True,True,True
mistral-small,bgl,3,rag,131,True,0.999089,0.57702,0.998758,0.998931,True,True,True
mistral-small,bgl,3,rag,132,False,0.00522,0.57702,0.003832,0.004452,False,False,False
mistral-small,bgl,3,rag,133,False,0.060087,0.57702,0.044764,0.051661,False,False,False
mistral-small,bgl,3,rag,134,False,0.002473,0.57702,0.001814,0.002108,False,False,False
mistral-small,bgl,3,rag,135,False,0.020332,0.57702,0.014986,0.017378,False,False,False
mistral-small,bgl,3,rag,136,True,0.997527,0.57702,0.99663,0.9971,True,True,True
mistral-small,bgl,3,rag,137,False,0.002801,0.57702,0.002055,0.002388,False,False,False
mistral-small,bgl,3,rag,138,True,0.999089,0.57702,0.998758,0.998931,True,True,True
mistral-small,bgl,3,rag,139,True,0.999089,0.57702,0.998758,0.998931,True,True,True
mistral-small,bgl,3,rag,140,False,0.002473,0.57702,0.001814,0.002108,False,False,False
mistral-small,bgl,3,rag,141,False,0.00407,0.57702,0.002987,0.00347,False,False,False
mistral-small,bgl,3,rag,142,True,0.989013,0.57702,0.985072,0.987131,True,True,True
mistral-small,bgl,3,rag,143,False,0.002183,0.57702,0.001601,0.001861,False,False,False
mistral-small,bgl,3,rag,144,True,0.997527,0.57702,0.99663,0.9971,True,True,True
mistral-small,bgl,3,rag,145,False,0.754915,0.57702,0.693057,0.72412,True,True,True
mistral-small,bgl,3,rag,146,True,0.999089,0.57702,0.998758,0.998931,True,True,True
mistral-small,bgl,3,rag,147,True,0.999089,0.57702,0.998758,0.998931,True,True,True
mistral-small,bgl,3,rag,148,False,0.002183,0.57702,0.001601,0.001861,False,False,False
mistral-small,bgl,3,rag,149,True,0.997199,0.57702,0.996183,0.996715,True,True,True
mistral-small,hdfs,3,rag,150,True,0.437823,0.57702,0.36342,0.39891,False,False,False
mistral-small,hdfs,3,rag,151,True,0.437823,0.57702,0.36342,0.39891,False,False,False
mistral-small,hdfs,3,rag,152,True,0.904651,0.57702,0.874292,0.889927,True,True,True
mistral-small,hdfs,3,rag,153,True,0.2227,0.57702,0.173568,0.196233,False,False,False
mistral-small,hdfs,3,rag,154,True,0.407333,0.57702,0.335024,0.36935,False,False,False
mistral-small,hdfs,3,rag,155,False,0.009708,0.57702,0.007135,0.008285,False,False,False
mistral-small,hdfs,3,rag,156,False,0.003594,0.57702,0.002637,0.003064,False,False,False
mistral-small,hdfs,3,rag,157,True,0.622459,0.57702,0.547221,0.584189,True,True,True
mistral-small,hdfs,3,rag,158,True,0.377541,0.57702,0.307773,0.340738,False,False,False
mistral-small,hdfs,3,rag,159,False,0.754915,0.57702,0.693057,0.72412,True,True,True
mistral-small,hdfs,3,rag,160,False,0.531209,0.57702,0.453745,0.491249,True,False,False
mistral-small,hdfs,3,rag,161,False,0.5,0.57702,0.42298,0.460083,False,False,False
mistral-small,hdfs,3,rag,162,True,0.294215,0.57702,0.234056,0.262114,False,False,False
mistral-small,hdfs,3,rag,163,False,0.835484,0.57702,0.788257,0.812295,True,True,True
mistral-small,hdfs,3,rag,164,False,0.531209,0.57702,0.453745,0.491249,True,False,False
mistral-small,hdfs,3,rag,165,False,0.007577,0.57702,0.005566,0.006464,False,False,False
mistral-small,hdfs,3,rag,166,False,0.835484,0.57702,0.788257,0.812295,True,True,True
mistral-small,hdfs,3,rag,167,True,0.2227,0.57702,0.173568,0.196233,False,False,False
mistral-small,hdfs,3,rag,168,False,0.679179,0.57702,0.608128,0.643363,True,True,True
mistral-small,hdfs,3,rag,169,False,0.006693,0.57702,0.004915,0.005709,False,False,False
mistral-small,hdfs,3,rag,170,False,0.974043,0.57702,0.964921,0.969675,True,True,True
mistral-small,hdfs,3,rag,171,False,0.008577,0.57702,0.006302,0.007318,False,False,False
mistral-small,hdfs,3,rag,172,True,0.985936,0.57702,0.980913,0.983536,True,True,True
mistral-small,hdfs,3,rag,173,True,0.622459,0.57702,0.547221,0.584189,True,True,True
mistral-small,hdfs,3,rag,174,False,0.622459,0.57702,0.547221,0.584189,True,True,True
mistral-small,hdfs,3,rag,175,False,0.00461,0.57702,0.003383,0.003931,False,False,False
mistral-small,hdfs,3,rag,176,True,0.731059,0.57702,0.665845,0.698464,True,True,True
mistral-small,hdfs,3,rag,177,True,0.622459,0.57702,0.547221,0.584189,True,True,True
mistral-small,hdfs,3,rag,178,False,0.132964,0.57702,0.101056,0.115576,False,False,False
mistral-small,hdfs,3,rag,179,False,0.622459,0.57702,0.547221,0.584189,True,True,True
mistral-small,hdfs,3,rag,180,True,0.437823,0.57702,0.36342,0.39891,False,False,False
mistral-small,hdfs,3,rag,181,False,0.974043,0.57702,0.964921,0.969675,True,True,True
mistral-small,hdfs,3,rag,182,True,0.962673,0.57702,0.949762,0.956478,True,True,True
mistral-small,hdfs,3,rag,183,True,0.731059,0.57702,0.665845,0.698463,True,True,True
mistral-small,hdfs,3,rag,184,True,0.651355,0.57702,0.577971,0.614198,True,True,True
mistral-small,hdfs,3,rag,185,False,0.531209,0.57702,0.453745,0.491249,True,False,False
mistral-small,hdfs,3,rag,186,True,0.592667,0.57702,0.516107,0.553542,True,True,True
mistral-small,hdfs,3,rag,187,False,0.085099,0.57702,0.063831,0.07344,False,False,False
mistral-small,hdfs,3,rag,188,True,0.731059,0.57702,0.665845,0.698463,True,True,True
mistral-small,hdfs,3,rag,189,False,0.437823,0.57702,0.36342,0.39891,False,False,False
mistral-small,hdfs,3,rag,190,True,0.592667,0.57702,0.516107,0.553542,True,True,True
mistral-small,hdfs,3,rag,191,True,0.132964,0.57702,0.101056,0.115576,False,False,False
mistral-small,hdfs,3,rag,192,False,0.962673,0.57702,0.949762,0.956478,True,True,True
mistral-small,hdfs,3,rag,193,True,0.679179,0.57702,0.608128,0.643363,True,True,True
mistral-small,hdfs,3,rag,194,True,0.132964,0.57702,0.101056,0.115576,False,False,False
mistral-small,hdfs,3,rag,195,False,0.005911,0.57702,0.00434,0.005041,False,False,False
mistral-small,hdfs,3,rag,196,False,0.5,0.57702,0.42298,0.460083,False,False,False
mistral-small,hdfs,3,rag,197,True,0.095349,0.57702,0.071721,0.082413,False,False,False
mistral-small,hdfs,3,rag,198,True,0.437823,0.57702,0.36342,0.39891,False,False,False
mistral-small,hdfs,3,rag,199,True,0.705785,0.57702,0.637482,0.671503,True,True,True
mistral-small,hdfs,3,rag,200,False,0.106691,0.57702,0.080502,0.092372,False,False,False
mistral-small,hdfs,3,rag,201,True,0.437823,0.57702,0.36342,0.39891,False,False,False
mistral-small,hdfs,3,rag,202,True,0.957912,0.57702,0.943452,0.950967,True,True,True
mistral-small,hdfs,3,rag,203,False,0.622459,0.57702,0.547221,0.584189,True,True,True
mistral-small,hdfs,3,rag,204,True,0.106691,0.57702,0.080502,0.092372,False,False,False
mistral-small,hdfs,3,rag,205,False,0.622459,0.57702,0.547221,0.584189,True,True,True
mistral-small,hdfs,3,rag,206,False,0.005911,0.57702,0.00434,0.005041,False,False,False
mistral-small,hdfs,3,rag,207,False,0.245085,0.57702,0.192235,0.216699,False,False,False
mistral-small,hdfs,3,rag,208,False,0.651355,0.57702,0.577971,0.614198,True,True,True
mistral-small,hdfs,3,rag,209,True,0.7773,0.57702,0.718989,0.74838,True,True,True
mistral-small,hdfs,3,rag,210,False,0.2227,0.57702,0.173568,0.196233,False,False,False
mistral-small,hdfs,3,rag,211,True,0.008577,0.57702,0.006302,0.007318,False,False,False
mistral-small,hdfs,3,rag,212,False,0.006693,0.57702,0.004915,0.005709,False,False,False
mistral-small,hdfs,3,rag,213,True,0.531209,0.57702,0.453745,0.491249,True,False,False
mistral-small,hdfs,3,rag,214,True,0.984094,0.57702,0.978426,0.981385,True,True,True
mistral-small,hdfs,3,rag,215,True,0.148047,0.57702,0.112991,0.12898,False,False,False
mistral-small,hdfs,3,rag,216,False,0.008577,0.57702,0.006302,0.007318,False,False,False
mistral-small,hdfs,3,rag,217,False,0.468791,0.57702,0.392802,0.429226,False,False,False
mistral-small,hdfs,3,rag,218,True,0.132964,0.57702,0.101056,0.115576,False,False,False
mistral-small,hdfs,3,rag,219,False,0.132964,0.57702,0.101056,0.115576,False,False,False
mistral-small,hdfs,3,rag,220,False,0.974043,0.57702,0.964921,0.969675,True,True,True
mistral-small,hdfs,3,rag,221,False,0.148047,0.57702,0.112991,0.12898,False,False,False
mistral-small,hdfs,3,rag,222,True,0.407333,0.57702,0.335024,0.36935,False,False,False
mistral-small,hdfs,3,rag,223,True,0.377541,0.57702,0.307773,0.340738,False,False,False
mistral-small,hdfs,3,rag,224,False,0.679179,0.57702,0.608128,0.643363,True,True,True
mistral-small,hdfs,3,rag,225,False,0.148047,0.57702,0.112991,0.12898,False,False,False
mistral-small,hdfs,3,rag,226,True,0.268941,0.57702,0.212395,0.238666,False,False,False
mistral-small,hdfs,3,rag,227,True,0.119203,0.57702,0.090253,0.1034,False,False,False
mistral-small,hdfs,3,rag,228,True,0.562177,0.57702,0.484867,0.522483,True,False,True
mistral-small,hdfs,3,rag,229,False,0.731059,0.57702,0.665845,0.698463,True,True,True
mistral-small,hdfs,3,rag,230,False,0.182426,0.57702,0.140572,0.159761,False,False,False
mistral-small,hdfs,3,rag,231,False,0.006693,0.57702,0.004915,0.005709,False,False,False
mistral-small,hdfs,3,rag,232,True,0.622459,0.57702,0.547221,0.584189,True,True,True
mistral-small,hdfs,3,rag,233,False,0.651355,0.57702,0.577971,0.614198,True,True,True
mistral-small,hdfs,3,rag,234,False,0.531209,0.57702,0.453745,0.491249,True,False,False
mistral-small,hdfs,3,rag,235,True,0.468791,0.57702,0.392802,0.429226,False,False,False
mistral-small,hdfs,3,rag,236,True,0.531209,0.57702,0.453745,0.491249,True,False,False
mistral-small,hdfs,3,rag,237,False,0.006693,0.57702,0.004915,0.005709,False,False,False
mistral-small,hdfs,3,rag,238,True,0.982014,0.57702,0.975623,0.978958,True,True,True
mistral-small,hdfs,3,rag,239,True,0.437823,0.57702,0.36342,0.39891,False,False,False
mistral-small,hdfs,3,rag,240,False,0.5,0.57702,0.42298,0.460083,False,False,False
mistral-small,hdfs,3,rag,241,True,0.731059,0.57702,0.665845,0.698464,True,True,True
mistral-small,hdfs,3,rag,242,True,0.320821,0.57702,0.257204,0.286998,False,False,False
mistral-small,hdfs,3,rag,243,False,0.679179,0.57702,0.608128,0.643363,True,True,True
mistral-small,hdfs,3,rag,244,True,0.067547,0.57702,0.050424,0.05814,False,False,False
mistral-small,hdfs,3,rag,245,True,0.468791,0.57702,0.392802,0.429226,False,False,False
mistral-small,hdfs,3,rag,246,False,0.007577,0.57702,0.005566,0.006464,False,False,False
mistral-small,hdfs,3,rag,247,False,0.010987,0.57702,0.008078,0.009378,False,False,False
mistral-small,hdfs,3,rag,248,True,0.106691,0.57702,0.080502,0.092372,False,False,False
mistral-small,hdfs,3,rag,249,False,0.622459,0.57702,0.547221,0.584189,True,True,True
mistral-small,hdfs,3,rag,250,True,0.377541,0.57702,0.307773,0.340738,False,False,False
mistral-small,hdfs,3,rag,251,False,0.562177,0.57702,0.484867,0.522483,True,False,True
mistral-small,hdfs,3,rag,252,False,0.974043,0.57702,0.964921,0.969675,True,True,True
mistral-small,hdfs,3,rag,253,True,0.348645,0.57702,0.2818,0.313242,False,False,False
mistral-small,hdfs,3,rag,254,True,0.989013,0.57702,0.985072,0.987131,True,True,True
mistral-small,hdfs,3,rag,255,True,0.705785,0.57702,0.637482,0.671503,True,True,True
mistral-small,hdfs,3,rag,256,False,0.982014,0.57702,0.975623,0.978958,True,True,True
mistral-small,hdfs,3,rag,257,False,0.562177,0.57702,0.484867,0.522483,True,False,True
mistral-small,hdfs,3,rag,258,False,0.705785,0.57702,0.637482,0.671503,True,True,True
mistral-small,hdfs,3,rag,259,False,0.002801,0.57702,0.002055,0.002388,False,False,False
mistral-small,hdfs,3,rag,260,True,0.148047,0.57702,0.112991,0.12898,False,False,False
mistral-small,hdfs,3,rag,261,False,0.132964,0.57702,0.101056,0.115576,False,False,False
mistral-small,hdfs,3,rag,262,False,0.010987,0.57702,0.008078,0.009378,False,False,False
mistral-small,hdfs,3,rag,263,True,0.979668,0.57702,0.972467,0.976223,True,True,True
mistral-small,hdfs,3,rag,264,False,0.106691,0.57702,0.080502,0.092372,False,False,False
mistral-small,hdfs,3,rag,265,True,0.119203,0.57702,0.090253,0.1034,False,False,False
mistral-small,hdfs,3,rag,266,False,0.880797,0.57702,0.844152,0.862948,True,True,True
mistral-small,hdfs,3,rag,267,False,0.002801,0.57702,0.002055,0.002388,False,False,False
mistral-small,hdfs,3,rag,268,True,0.468791,0.57702,0.392802,0.429226,False,False,False
mistral-small,hdfs,3,rag,269,False,0.592667,0.57702,0.516107,0.553542,True,True,True
mistral-small,hdfs,3,rag,270,False,0.974043,0.57702,0.964921,0.969675,True,True,True
mistral-small,hdfs,3,rag,271,False,0.095349,0.57702,0.071721,0.082413,False,False,False
mistral-small,hdfs,3,rag,272,True,0.679179,0.57702,0.608128,0.643363,True,True,True
mistral-small,hdfs,3,rag,273,True,0.201813,0.57702,0.156362,0.177262,False,False,False
mistral-small,hdfs,3,rag,274,True,0.592667,0.57702,0.516107,0.553542,True,True,True
mistral-small,hdfs,3,rag,275,True,0.245085,0.57702,0.192235,0.216699,False,False,False
mistral-small,hdfs,3,rag,276,True,0.531209,0.57702,0.453745,0.491249,True,False,False
mistral-small,hdfs,3,rag,277,False,0.817574,0.57702,0.766643,0.792489,True,True,True
mistral-small,hdfs,3,rag,278,False,0.705785,0.57702,0.637482,0.671503,True,True,True
mistral-small,hdfs,3,rag,279,True,0.966914,0.57702,0.955402,0.961395,True,True,True
mistral-small,hdfs,3,rag,280,True,0.468791,0.57702,0.392802,0.429226,False,False,False
mistral-small,hdfs,3,rag,281,True,0.164516,0.57702,0.126138,0.143686,False,False,False
mistral-small,hdfs,3,rag,282,True,0.651355,0.57702,0.577971,0.614198,True,True,True
mistral-small,hdfs,3,rag,283,False,0.007577,0.57702,0.005566,0.006464,False,False,False
mistral-small,hdfs,3,rag,284,False,0.679179,0.57702,0.608128,0.643363,True,True,True
mistral-small,hdfs,3,rag,285,False,0.005911,0.57702,0.00434,0.005041,False,False,False
mistral-small,hdfs,3,rag,286,True,0.622459,0.57702,0.547221,0.584189,True,True,True
mistral-small,hdfs,3,rag,287,False,0.592667,0.57702,0.516107,0.553542,True,True,True
mistral-small,hdfs,3,rag,288,True,0.268941,0.57702,0.212395,0.238666,False,False,False
mistral-small,hdfs,3,rag,289,True,0.002473,0.57702,0.001814,0.002108,False,False,False
mistral-small,hdfs,3,rag,290,True,0.002473,0.57702,0.001814,0.002108,False,False,False
mistral-small,hdfs,3,rag,291,True,0.164516,0.57702,0.126138,0.143686,False,False,False
mistral-small,hdfs,3,rag,292,True,0.407333,0.57702,0.335024,0.36935,False,False,False
mistral-small,hdfs,3,rag,293,False,0.977023,0.57702,0.968915,0.973143,True,True,True
mistral-small,hdfs,3,rag,294,False,0.562177,0.57702,0.484867,0.522483,True,False,True
mistral-small,hdfs,3,rag,295,True,0.974043,0.57702,0.964921,0.969675,True,True,True
mistral-small,hdfs,3,rag,296,True,0.531209,0.57702,0.453745,0.491249,True,False,False
mistral-small,hdfs,3,rag,297,False,0.095349,0.57702,0.071721,0.082413,False,False,False
mistral-small,hdfs,3,rag,298,False,0.182426,0.57702,0.140572,0.159761,False,False,False
mistral-small,hdfs,3,rag,299,False,0.148047,0.57702,0.112991,0.12898,False,False,False
mistral-small,thunderbird,3,rag,300,True,0.998499,0.57702,0.997953,0.998239,True,True,True
mistral-small,thunderbird,3,rag,301,True,0.997199,0.57702,0.996183,0.996715,True,True,True
mistral-small,thunderbird,3,rag,302,True,0.997527,0.57702,0.99663,0.9971,True,True,True
mistral-small,thunderbird,3,rag,303,False,0.119203,0.57702,0.090253,0.1034,False,False,False
mistral-small,thunderbird,3,rag,304,True,0.974043,0.57702,0.964921,0.969675,True,True,True
mistral-small,thunderbird,3,rag,305,True,0.99478,0.57702,0.992892,0.99388,True,True,True
mistral-small,thunderbird,3,rag,306,False,0.003594,0.57702,0.002637,0.003064,False,False,False
mistral-small,thunderbird,3,rag,307,True,0.997817,0.57702,0.997025,0.99744,True,True,True
mistral-small,thunderbird,3,rag,308,True,0.997817,0.57702,0.997025,0.99744,True,True,True
mistral-small,thunderbird,3,rag,309,True,0.996406,0.57702,0.995104,0.995785,True,True,True
mistral-small,thunderbird,3,rag,310,False,0.010987,0.57702,0.008078,0.009378,False,False,False
mistral-small,thunderbird,3,rag,311,False,0.014064,0.57702,0.010348,0.012009,False,False,False
mistral-small,thunderbird,3,rag,312,True,0.997199,0.57702,0.996183,0.996715,True,True,True
mistral-small,thunderbird,3,rag,313,False,0.990292,0.57702,0.986803,0.988626,True,True,True
mistral-small,thunderbird,3,rag,314,True,0.998499,0.57702,0.997953,0.998239,True,True,True
mistral-small,thunderbird,3,rag,315,False,0.037327,0.57702,0.027638,0.031984,False,False,False
mistral-small,thunderbird,3,rag,316,False,0.001501,0.57702,0.001101,0.001279,False,False,False
mistral-small,thunderbird,3,rag,317,False,0.010987,0.57702,0.008078,0.009378,False,False,False
mistral-small,thunderbird,3,rag,318,False,0.407333,0.57702,0.335024,0.36935,False,False,False
mistral-small,thunderbird,3,rag,319,False,0.119203,0.57702,0.090253,0.1034,False,False,False
mistral-small,thunderbird,3,rag,320,False,0.007577,0.57702,0.005566,0.006464,False,False,False
mistral-small,thunderbird,3,rag,321,True,0.998499,0.57702,0.997953,0.998239,True,True,True
mistral-small,thunderbird,3,rag,322,False,0.001701,0.57702,0.001247,0.00145,False,False,False
mistral-small,thunderbird,3,rag,323,True,0.99593,0.57702,0.994456,0.995227,True,True,True
mistral-small,thunderbird,3,rag,324,False,0.106691,0.57702,0.080502,0.092372,False,False,False
mistral-small,thunderbird,3,rag,325,True,0.998299,0.57702,0.997681,0.998005,True,True,True
mistral-small,thunderbird,3,rag,326,True,0.989013,0.57702,0.985072,0.987131,True,True,True
mistral-small,thunderbird,3,rag,327,False,0.029312,0.57702,0.021657,0.025087,False,False,False
mistral-small,thunderbird,3,rag,328,False,0.268941,0.57702,0.212395,0.238666,False,False,False
mistral-small,thunderbird,3,rag,329,False,0.015906,0.57702,0.01171,0.013586,False,False,False
mistral-small,thunderbird,3,rag,330,True,0.997527,0.57702,0.99663,0.9971,True,True,True
mistral-small,thunderbird,3,rag,331,False,0.003594,0.57702,0.002637,0.003064,False,False,False
mistral-small,thunderbird,3,rag,332,True,0.99478,0.57702,0.992892,0.99388,True,True,True
mistral-small,thunderbird,3,rag,333,False,0.033086,0.57702,0.02447,0.028332,False,False,False
mistral-small,thunderbird,3,rag,334,True,0.996406,0.57702,0.995104,0.995785,True,True,True
mistral-small,thunderbird,3,rag,335,False,0.017986,0.57702,0.013248,0.015368,False,False,False
mistral-small,thunderbird,3,rag,336,False,0.047426,0.57702,0.035211,0.040699,False,False,False
mistral-small,thunderbird,3,rag,337,True,0.99478,0.57702,0.992892,0.99388,True,True,True
mistral-small,thunderbird,3,rag,338,False,0.014064,0.57702,0.010348,0.012009,False,False,False
mistral-small,thunderbird,3,rag,339,True,0.998675,0.57702,0.998193,0.998445,True,True,True
mistral-small,thunderbird,3,rag,340,False,0.017986,0.57702,0.013248,0.015368,False,False,False
mistral-small,thunderbird,3,rag,341,False,0.001325,0.57702,0.000972,0.001129,False,False,False
mistral-small,thunderbird,3,rag,342,True,0.996406,0.57702,0.995104,0.995785,True,True,True
mistral-small,thunderbird,3,rag,343,True,0.998299,0.57702,0.997681,0.998005,True,True,True
mistral-small,thunderbird,3,rag,344,True,0.997527,0.57702,0.99663,0.9971,True,True,True
mistral-small,thunderbird,3,rag,345,True,0.998499,0.57702,0.997953,0.998239,True,True,True
mistral-small,thunderbird,3,rag,346,True,0.99539,0.57702,0.993722,0.994595,True,True,True
mistral-small,thunderbird,3,rag,347,False,0.007577,0.57702,0.005566,0.006464,False,False,False
mistral-small,thunderbird,3,rag,348,True,0.997199,0.57702,0.996183,0.996715,True,True,True
mistral-small,thunderbird,3,rag,349,True,0.996827,0.57702,0.995677,0.996279,True,True,True
mistral-small,thunderbird,3,rag,350,True,0.996827,0.57702,0.995677,0.996279,True,True,True
mistral-small,thunderbird,3,rag,351,False,0.020332,0.57702,0.014986,0.017378,False,False,False
mistral-small,thunderbird,3,rag,352,True,0.998675,0.57702,0.998193,0.998445,True,True,True
mistral-small,thunderbird,3,rag,353,False,0.020332,0.57702,0.014986,0.017378,False,False,False
mistral-small,thunderbird,3,rag,354,False,0.025957,0.57702,0.019161,0.022204,False,False,False
mistral-small,thunderbird,3,rag,355,False,0.017986,0.57702,0.013248,0.015368,False,False,False
mistral-small,thunderbird,3,rag,356,True,0.99539,0.57702,0.993722,0.994595,True,True,True
mistral-small,thunderbird,3,rag,357,False,0.201813,0.57702,0.156362,0.177262,False,False,False
mistral-small,thunderbird,3,rag,358,False,0.531209,0.57702,0.453745,0.491249,True,False,False
mistral-small,thunderbird,3,rag,359,True,0.99593,0.57702,0.994456,0.995227,True,True,True
mistral-small,thunderbird,3,rag,360,True,0.99478,0.57702,0.992892,0.99388,True,True,True
mistral-small,thunderbird,3,rag,361,False,0.003594,0.57702,0.002637,0.003064,False,False,False
mistral-small,thunderbird,3,rag,362,True,0.991423,0.57702,0.988335,0.989949,True,True,True
mistral-small,thunderbird,3,rag,363,False,0.164516,0.57702,0.126138,0.143686,False,False,False
mistral-small,thunderbird,3,rag,364,True,0.99539,0.57702,0.993722,0.994595,True,True,True
mistral-small,thunderbird,3,rag,365,True,0.99593,0.57702,0.994456,0.995227,True,True,True
mistral-small,thunderbird,3,rag,366,True,0.998499,0.57702,0.997953,0.998239,True,True,True
mistral-small,thunderbird,3,rag,367,True,0.997199,0.57702,0.996183,0.996715,True,True,True
mistral-small,thunderbird,3,rag,368,True,0.997199,0.57702,0.996183,0.996715,True,True,True
mistral-small,thunderbird,3,rag,369,False,0.003594,0.57702,0.002637,0.003064,False,False,False
mistral-small,thunderbird,3,rag,370,True,0.998499,0.57702,0.997953,0.998239,True,True,True
mistral-small,thunderbird,3,rag,371,False,0.754915,0.57702,0.693057,0.72412,True,True,True
mistral-small,thunderbird,3,rag,372,False,0.017986,0.57702,0.013248,0.015368,False,False,False
mistral-small,thunderbird,3,rag,373,False,0.005911,0.57702,0.00434,0.005041,False,False,False
mistral-small,thunderbird,3,rag,374,True,0.99478,0.57702,0.992892,0.99388,True,True,True
mistral-small,thunderbird,3,rag,375,True,0.996827,0.57702,0.995677,0.996279,True,True,True
mistral-small,thunderbird,3,rag,376,False,0.060087,0.57702,0.044764,0.051661,False,False,False
mistral-small,thunderbird,3,rag,377,False,0.022977,0.57702,0.016947,0.019647,False,False,False
mistral-small,thunderbird,3,rag,378,True,0.998299,0.57702,0.997681,0.998005,True,True,True
mistral-small,thunderbird,3,rag,379,True,0.997199,0.57702,0.996183,0.996715,True,True,True
mistral-small,thunderbird,3,rag,380,True,0.996406,0.57702,0.995104,0.995785,True,True,True
mistral-small,thunderbird,3,rag,381,False,0.320821,0.57702,0.257204,0.286998,False,False,False
mistral-small,thunderbird,3,rag,382,False,0.047426,0.57702,0.035211,0.040699,False,False,False
mistral-small,thunderbird,3,rag,383,False,0.075858,0.57702,0.056757,0.065375,False,False,False
mistral-small,thunderbird,3,rag,384,True,0.991423,0.57702,0.988335,0.989949,True,True,True
mistral-small,thunderbird,3,rag,385,False,0.067547,0.57702,0.050424,0.05814,False,False,False
mistral-small,thunderbird,3,rag,386,False,0.00407,0.57702,0.002987,0.00347,False,False,False
mistral-small,thunderbird,3,rag,387,True,0.997199,0.57702,0.996183,0.996715,True,True,True
mistral-small,thunderbird,3,rag,388,True,0.998299,0.57702,0.997681,0.998005,True,True,True
mistral-small,thunderbird,3,rag,389,False,0.002183,0.57702,0.001601,0.001861,False,False,False
mistral-small,thunderbird,3,rag,390,True,0.997199,0.57702,0.996183,0.996715,True,True,True
mistral-small,thunderbird,3,rag,391,True,0.996827,0.57702,0.995677,0.996279,True,True,True
mistral-small,thunderbird,3,rag,392,False,0.00522,0.57702,0.003832,0.004452,False,False,False
mistral-small,thunderbird,3,rag,393,True,0.998499,0.57702,0.997953,0.998239,True,True,True
mistral-small,thunderbird,3,rag,394,True,0.982014,0.57702,0.975623,0.978958,True,True,True
mistral-small,thunderbird,3,rag,395,False,0.015906,0.57702,0.01171,0.013586,False,False,False
mistral-small,thunderbird,3,rag,396,True,0.998675,0.57702,0.998193,0.998445,True,True,True
mistral-small,thunderbird,3,rag,397,True,0.996406,0.57702,0.995104,0.995785,True,True,True
mistral-small,thunderbird,3,rag,398,False,0.025957,0.57702,0.019161,0.022204,False,False,False
mistral-small,thunderbird,3,rag,399,False,0.085099,0.57702,0.063831,0.07344,False,False,False
mistral-small,thunderbird,3,rag,400,True,0.997199,0.57702,0.996183,0.996715,True,True,True
mistral-small,thunderbird,3,rag,401,False,0.001927,0.57702,0.001413,0.001642,False,False,False
mistral-small,thunderbird,3,rag,402,True,0.99478,0.57702,0.992892,0.99388,True,True,True
mistral-small,thunderbird,3,rag,403,True,0.991423,0.57702,0.988335,0.989949,True,True,True
mistral-small,thunderbird,3,rag,404,False,0.029312,0.57702,0.021657,0.025087,False,False,False
mistral-small,thunderbird,3,rag,405,True,0.998499,0.57702,0.997953,0.998239,True,True,True
mistral-small,thunderbird,3,rag,406,True,0.998299,0.57702,0.997681,0.998005,True,True,True
mistral-small,thunderbird,3,rag,407,True,0.99539,0.57702,0.993722,0.994595,True,True,True
mistral-small,thunderbird,3,rag,408,False,0.022977,0.57702,0.016947,0.019647,False,False,False
mistral-small,thunderbird,3,rag,409,False,0.001927,0.57702,0.001413,0.001642,False,False,False
mistral-small,thunderbird,3,rag,410,False,0.060087,0.57702,0.044764,0.051661,False,False,False
mistral-small,thunderbird,3,rag,411,False,0.010987,0.57702,0.008078,0.009378,False,False,False
mistral-small,thunderbird,3,rag,412,True,0.970688,0.57702,0.960435,0.965776,True,True,True
mistral-small,thunderbird,3,rag,413,False,0.029312,0.57702,0.021657,0.025087,False,False,False
mistral-small,thunderbird,3,rag,414,False,0.047426,0.57702,0.035211,0.040699,False,False,False
mistral-small,thunderbird,3,rag,415,True,0.997817,0.57702,0.997025,0.99744,True,True,True
mistral-small,thunderbird,3,rag,416,False,0.010987,0.57702,0.008078,0.009378,False,False,False
mistral-small,thunderbird,3,rag,417,True,0.984094,0.57702,0.978426,0.981385,True,True,True
mistral-small,thunderbird,3,rag,418,False,0.009708,0.57702,0.007135,0.008285,False,False,False
mistral-small,thunderbird,3,rag,419,False,0.033086,0.57702,0.02447,0.028332,False,False,False
mistral-small,thunderbird,3,rag,420,True,0.997817,0.57702,0.997025,0.99744,True,True,True
mistral-small,thunderbird,3,rag,421,False,0.182426,0.57702,0.140572,0.159761,False,False,False
mistral-small,thunderbird,3,rag,422,False,0.132964,0.57702,0.101056,0.115576,False,False,False
mistral-small,thunderbird,3,rag,423,False,0.119203,0.57702,0.090253,0.1034,False,False,False
mistral-small,thunderbird,3,rag,424,False,0.002473,0.57702,0.001814,0.002108,False,False,False
mistral-small,thunderbird,3,rag,425,True,0.99539,0.57702,0.993722,0.994595,True,True,True
mistral-small,thunderbird,3,rag,426,True,0.99593,0.57702,0.994456,0.995227,True,True,True
mistral-small,thunderbird,3,rag,427,False,0.022977,0.57702,0.016947,0.019647,False,False,False
mistral-small,thunderbird,3,rag,428,False,0.020332,0.57702,0.014986,0.017378,False,False,False
mistral-small,thunderbird,3,rag,429,False,0.022977,0.57702,0.016947,0.019647,False,False,False
mistral-small,thunderbird,3,rag,430,False,0.817574,0.57702,0.766643,0.792489,True,True,True
mistral-small,thunderbird,3,rag,431,False,0.003594,0.57702,0.002637,0.003064,False,False,False
mistral-small,thunderbird,3,rag,432,True,0.996406,0.57702,0.995104,0.995785,True,True,True
mistral-small,thunderbird,3,rag,433,True,0.996406,0.57702,0.995104,0.995785,True,True,True
mistral-small,thunderbird,3,rag,434,True,0.998499,0.57702,0.997953,0.998239,True,True,True
mistral-small,thunderbird,3,rag,435,True,0.998675,0.57702,0.998193,0.998445,True,True,True
mistral-small,thunderbird,3,rag,436,False,0.012432,0.57702,0.009143,0.010613,False,False,False
mistral-small,thunderbird,3,rag,437,False,0.033086,0.57702,0.02447,0.028332,False,False,False
mistral-small,thunderbird,3,rag,438,False,0.008577,0.57702,0.006302,0.007318,False,False,False
mistral-small,thunderbird,3,rag,439,False,0.001501,0.57702,0.001101,0.001279,False,False,False
mistral-small,thunderbird,3,rag,440,True,0.99593,0.57702,0.994456,0.995227,True,True,True
mistral-small,thunderbird,3,rag,441,False,0.106691,0.57702,0.080502,0.092372,False,False,False
mistral-small,thunderbird,3,rag,442,True,0.99478,0.57702,0.992892,0.99388,True,True,True
mistral-small,thunderbird,3,rag,443,True,0.996827,0.57702,0.995677,0.996279,True,True,True
mistral-small,thunderbird,3,rag,444,True,0.996827,0.57702,0.995677,0.996279,True,True,True
mistral-small,thunderbird,3,rag,445,True,0.997199,0.57702,0.996183,0.996715,True,True,True
mistral-small,thunderbird,3,rag,446,True,0.992423,0.57702,0.989692,0.99112,True,True,True
mistral-small,thunderbird,3,rag,447,False,0.025957,0.57702,0.019161,0.022204,False,False,False
mistral-small,thunderbird,3,rag,448,False,0.025957,0.57702,0.019161,0.022204,False,False,False
mistral-small,thunderbird,3,rag,449,True,0.99478,0.57702,0.992892,0.99388,True,True,True
mistral-small,openstack,3,rag,450,True,0.468791,0.57702,0.392802,0.429226,False,False,False
mistral-small,openstack,3,rag,451,True,0.468791,0.57702,0.392802,0.429226,False,False,False
mistral-small,openstack,3,rag,452,False,0.201813,0.57702,0.156362,0.177262,False,False,False
mistral-small,openstack,3,rag,453,True,0.562177,0.57702,0.484867,0.522483,True,False,True
mistral-small,openstack,3,rag,454,False,0.437823,0.57702,0.36342,0.39891,False,False,False
mistral-small,openstack,3,rag,455,False,0.020332,0.57702,0.014986,0.017378,False,False,False
mistral-small,openstack,3,rag,456,False,0.245085,0.57702,0.192235,0.216699,False,False,False
mistral-small,openstack,3,rag,457,False,0.835484,0.57702,0.788257,0.812295,True,True,True
mistral-small,openstack,3,rag,458,False,0.939913,0.57702,0.919787,0.930215,True,True,True
mistral-small,openstack,3,rag,459,True,0.377541,0.57702,0.307773,0.340738,False,False,False
mistral-small,openstack,3,rag,460,True,0.562177,0.57702,0.484867,0.522483,True,False,True
mistral-small,openstack,3,rag,461,False,0.407333,0.57702,0.335024,0.36935,False,False,False
mistral-small,openstack,3,rag,462,True,0.106691,0.57702,0.080502,0.092372,False,False,False
mistral-small,openstack,3,rag,463,True,0.468791,0.57702,0.392802,0.429226,False,False,False
mistral-small,openstack,3,rag,464,True,0.835484,0.57702,0.788257,0.812295,True,True,True
mistral-small,openstack,3,rag,465,False,0.348645,0.57702,0.2818,0.313242,False,False,False
mistral-small,openstack,3,rag,466,True,0.5,0.57702,0.42298,0.460083,False,False,False
mistral-small,openstack,3,rag,467,True,0.468791,0.57702,0.392802,0.429226,False,False,False
mistral-small,openstack,3,rag,468,True,0.562177,0.57702,0.484867,0.522483,True,False,True
mistral-small,openstack,3,rag,469,True,0.468791,0.57702,0.392802,0.429226,False,False,False
mistral-small,openstack,3,rag,470,False,0.007577,0.57702,0.005566,0.006464,False,False,False
mistral-small,openstack,3,rag,471,True,0.914901,0.57702,0.8874,0.901588,True,True,True
mistral-small,openstack,3,rag,472,False,0.348645,0.57702,0.2818,0.313242,False,False,False
mistral-small,openstack,3,rag,473,True,0.164516,0.57702,0.126138,0.143686,False,False,False
mistral-small,openstack,3,rag,474,False,0.294215,0.57702,0.234056,0.262114,False,False,False
mistral-small,openstack,3,rag,475,True,0.377541,0.57702,0.307773,0.340738,False,False,False
mistral-small,openstack,3,rag,476,True,0.042088,0.57702,0.031203,0.036089,False,False,False
mistral-small,openstack,3,rag,477,False,0.010987,0.57702,0.008078,0.009378,False,False,False
mistral-small,openstack,3,rag,478,False,0.468791,0.57702,0.392802,0.429226,False,False,False
mistral-small,openstack,3,rag,479,True,0.164516,0.57702,0.126138,0.143686,False,False,False
mistral-small,openstack,3,rag,480,True,0.622459,0.57702,0.547221,0.584189,True,True,True
mistral-small,openstack,3,rag,481,True,0.914901,0.57702,0.8874,0.901588,True,True,True
mistral-small,openstack,3,rag,482,True,0.437823,0.57702,0.36342,0.39891,False,False,False
mistral-small,openstack,3,rag,483,True,0.731059,0.57702,0.665845,0.698463,True,True,True
mistral-small,openstack,3,rag,484,True,0.148047,0.57702,0.112991,0.12898,False,False,False
mistral-small,openstack,3,rag,485,False,0.164516,0.57702,0.126138,0.143686,False,False,False
mistral-small,openstack,3,rag,486,False,0.531209,0.57702,0.453745,0.491249,True,False,False
mistral-small,openstack,3,rag,487,False,0.5,0.57702,0.42298,0.460083,False,False,False
mistral-small,openstack,3,rag,488,False,0.022977,0.57702,0.016947,0.019647,False,False,False
mistral-small,openstack,3,rag,489,True,0.437823,0.57702,0.36342,0.39891,False,False,False
mistral-small,openstack,3,rag,490,False,0.268941,0.57702,0.212395,0.238666,False,False,False
mistral-small,openstack,3,rag,491,True,0.754915,0.57702,0.693057,0.72412,True,True,True
mistral-small,openstack,3,rag,492,True,0.880797,0.57702,0.844152,0.862948,True,True,True
mistral-small,openstack,3,rag,493,True,0.798187,0.57702,0.74354,0.771181,True,True,True
mistral-small,openstack,3,rag,494,False,0.268941,0.57702,0.212395,0.238666,False,False,False
mistral-small,openstack,3,rag,495,False,0.033086,0.57702,0.02447,0.028332,False,False,False
mistral-small,openstack,3,rag,496,False,0.014064,0.57702,0.010348,0.012009,False,False,False
mistral-small,openstack,3,rag,497,True,0.348645,0.57702,0.2818,0.313242,False,False,False
mistral-small,openstack,3,rag,498,True,0.798187,0.57702,0.74354,0.771181,True,True,True
mistral-small,openstack,3,rag,499,True,0.754915,0.57702,0.693057,0.72412,True,True,True
mistral-small,openstack,3,rag,500,True,0.893309,0.57702,0.859899,0.877072,True,True,True
mistral-small,openstack,3,rag,501,False,0.939913,0.57702,0.919787,0.930215,True,True,True
mistral-small,openstack,3,rag,502,False,0.015906,0.57702,0.01171,0.013586,False,False,False
mistral-small,openstack,3,rag,503,True,0.377541,0.57702,0.307773,0.340738,False,False,False
mistral-small,openstack,3,rag,504,True,0.622459,0.57702,0.547221,0.584189,True,True,True
mistral-small,openstack,3,rag,505,True,0.132964,0.57702,0.101056,0.115576,False,False,False
mistral-small,openstack,3,rag,506,False,0.268941,0.57702,0.212395,0.238666,False,False,False
mistral-small,openstack,3,rag,507,True,0.060087,0.57702,0.044764,0.051661,False,False,False
mistral-small,openstack,3,rag,508,False,0.245085,0.57702,0.192235,0.216699,False,False,False
mistral-small,openstack,3,rag,509,True,0.294215,0.57702,0.234056,0.262114,False,False,False
mistral-small,openstack,3,rag,510,True,0.851953,0.57702,0.808369,0.830615,True,True,True
mistral-small,openstack,3,rag,511,False,0.009708,0.57702,0.007135,0.008285,False,False,False
mistral-small,openstack,3,rag,512,False,0.033086,0.57702,0.02447,0.028332,False,False,False
mistral-small,openstack,3,rag,513,True,0.029312,0.57702,0.021657,0.025087,False,False,False
mistral-small,openstack,3,rag,514,False,0.562177,0.57702,0.484867,0.522483,True,False,True
mistral-small,openstack,3,rag,515,True,0.245085,0.57702,0.192235,0.216699,False,False,False
mistral-small,openstack,3,rag,516,False,0.294215,0.57702,0.234056,0.262114,False,False,False
mistral-small,openstack,3,rag,517,True,0.437823,0.57702,0.36342,0.39891,False,False,False
mistral-small,openstack,3,rag,518,False,0.562177,0.57702,0.484867,0.522483,True,False,True
mistral-small,openstack,3,rag,519,False,0.075858,0.57702,0.056757,0.065375,False,False,False
mistral-small,openstack,3,rag,520,False,0.017986,0.57702,0.013248,0.015368,False,False,False
mistral-small,openstack,3,rag,521,False,0.245085,0.57702,0.192235,0.216699,False,False,False
mistral-small,openstack,3,rag,522,True,0.5,0.57702,0.42298,0.460083,False,False,False
mistral-small,openstack,3,rag,523,False,0.5,0.57702,0.42298,0.460083,False,False,False
mistral-small,openstack,3,rag,524,False,0.407333,0.57702,0.335024,0.36935,False,False,False
mistral-small,openstack,3,rag,525,True,0.679179,0.57702,0.608128,0.643363,True,True,True
mistral-small,openstack,3,rag,526,False,0.245085,0.57702,0.192235,0.216699,False,False,False
mistral-small,openstack,3,rag,527,False,0.7773,0.57702,0.718989,0.74838,True,True,True
mistral-small,openstack,3,rag,528,True,0.009708,0.57702,0.007135,0.008285,False,False,False
mistral-small,openstack,3,rag,529,True,0.835484,0.57702,0.788257,0.812295,True,True,True
mistral-small,openstack,3,rag,530,False,0.407333,0.57702,0.335024,0.36935,False,False,False
mistral-small,openstack,3,rag,531,False,0.164516,0.57702,0.126138,0.143686,False,False,False
mistral-small,openstack,3,rag,532,True,0.7773,0.57702,0.718989,0.74838,True,True,True
mistral-small,openstack,3,rag,533,True,0.5,0.57702,0.42298,0.460083,False,False,False
mistral-small,openstack,3,rag,534,True,0.377541,0.57702,0.307773,0.340738,False,False,False
mistral-small,openstack,3,rag,535,True,0.651355,0.57702,0.577971,0.614198,True,True,True
mistral-small,openstack,3,rag,536,True,0.924142,0.57702,0.899298,0.912135,True,True,True
mistral-small,openstack,3,rag,537,True,0.268941,0.57702,0.212395,0.238666,False,False,False
mistral-small,openstack,3,rag,538,False,0.294215,0.57702,0.234056,0.262114,False,False,False
mistral-small,openstack,3,rag,539,False,0.268941,0.57702,0.212395,0.238666,False,False,False
mistral-small,openstack,3,rag,540,True,0.867036,0.57702,0.826991,0.847483,True,True,True
mistral-small,openstack,3,rag,541,False,0.7773,0.57702,0.718989,0.74838,True,True,True
mistral-small,openstack,3,rag,542,False,0.164516,0.57702,0.126138,0.143686,False,False,False
mistral-small,openstack,3,rag,543,True,0.015906,0.57702,0.01171,0.013586,False,False,False
mistral-small,openstack,3,rag,544,False,0.851953,0.57702,0.808369,0.830615,True,True,True
mistral-small,openstack,3,rag,545,False,0.817574,0.57702,0.766643,0.792489,True,True,True
mistral-small,openstack,3,rag,546,False,0.022977,0.57702,0.016947,0.019647,False,False,False
mistral-small,openstack,3,rag,547,True,0.148047,0.57702,0.112991,0.12898,False,False,False
mistral-small,openstack,3,rag,548,False,0.679179,0.57702,0.608128,0.643363,True,True,True
mistral-small,openstack,3,rag,549,True,0.904651,0.57702,0.874292,0.889927,True,True,True
mistral-small,openstack,3,rag,550,False,0.407333,0.57702,0.335024,0.36935,False,False,False
mistral-small,openstack,3,rag,551,False,0.015906,0.57702,0.01171,0.013586,False,False,False
mistral-small,openstack,3,rag,552,True,0.914901,0.57702,0.8874,0.901588,True,True,True
mistral-small,openstack,3,rag,553,True,0.437823,0.57702,0.36342,0.39891,False,False,False
mistral-small,openstack,3,rag,554,True,0.754915,0.57702,0.693057,0.72412,True,True,True
mistral-small,openstack,3,rag,555,True,0.651355,0.57702,0.577971,0.614198,True,True,True
mistral-small,openstack,3,rag,556,False,0.531209,0.57702,0.453745,0.491249,True,False,False
mistral-small,openstack,3,rag,557,False,0.053403,0.57702,0.039713,0.045869,False,False,False
mistral-small,openstack,3,rag,558,True,0.754915,0.57702,0.693057,0.72412,True,True,True
mistral-small,openstack,3,rag,559,False,0.294215,0.57702,0.234056,0.262114,False,False,False
mistral-small,openstack,3,rag,560,True,0.531209,0.57702,0.453745,0.491249,True,False,False
mistral-small,openstack,3,rag,561,False,0.798187,0.57702,0.74354,0.771181,True,True,True
mistral-small,openstack,3,rag,562,True,0.924142,0.57702,0.899298,0.912135,True,True,True
mistral-small,openstack,3,rag,563,False,0.182426,0.57702,0.140572,0.159761,False,False,False
mistral-small,openstack,3,rag,564,True,0.952574,0.57702,0.936401,0.944799,True,True,True
mistral-small,openstack,3,rag,565,False,0.042088,0.57702,0.031203,0.036089,False,False,False
mistral-small,openstack,3,rag,566,False,0.037327,0.57702,0.027638,0.031984,False,False,False
mistral-small,openstack,3,rag,567,True,0.952574,0.57702,0.936401,0.944799,True,True,True
mistral-small,openstack,3,rag,568,True,0.731059,0.57702,0.665845,0.698463,True,True,True
mistral-small,openstack,3,rag,569,False,0.201813,0.57702,0.156362,0.177262,False,False,False
mistral-small,openstack,3,rag,570,False,0.437823,0.57702,0.36342,0.39891,False,False,False
mistral-small,openstack,3,rag,571,True,0.754915,0.57702,0.693057,0.72412,True,True,True
mistral-small,openstack,3,rag,572,True,0.437823,0.57702,0.36342,0.39891,False,False,False
mistral-small,openstack,3,rag,573,False,0.592667,0.57702,0.516107,0.553542,True,True,True
mistral-small,openstack,3,rag,574,False,0.468791,0.57702,0.392802,0.429226,False,False,False
mistral-small,openstack,3,rag,575,False,0.754915,0.57702,0.693057,0.72412,True,True,True
mistral-small,openstack,3,rag,576,False,0.245085,0.57702,0.192235,0.216699,False,False,False
mistral-small,openstack,3,rag,577,False,0.562177,0.57702,0.484867,0.522483,True,False,True
mistral-small,openstack,3,rag,578,False,0.437823,0.57702,0.36342,0.39891,False,False,False
mistral-small,openstack,3,rag,579,True,0.592667,0.57702,0.516107,0.553542,True,True,True
mistral-small,openstack,3,rag,580,False,0.268941,0.57702,0.212395,0.238666,False,False,False
mistral-small,openstack,3,rag,581,False,0.268941,0.57702,0.212395,0.238666,False,False,False
mistral-small,openstack,3,rag,582,False,0.268941,0.57702,0.212395,0.238666,False,False,False
mistral-small,openstack,3,rag,583,True,0.798187,0.57702,0.74354,0.771181,True,True,True
mistral-small,openstack,3,rag,584,False,0.017986,0.57702,0.013248,0.015368,False,False,False
mistral-small,openstack,3,rag,585,True,0.962673,0.57702,0.949762,0.956478,True,True,True
mistral-small,openstack,3,rag,586,True,0.245085,0.57702,0.192235,0.216699,False,False,False
mistral-small,openstack,3,rag,587,False,0.020332,0.57702,0.014986,0.017378,False,False,False
mistral-small,openstack,3,rag,588,False,0.268941,0.57702,0.212395,0.238666,False,False,False
mistral-small,openstack,3,rag,589,True,0.562177,0.57702,0.484867,0.522483,True,False,True
mistral-small,openstack,3,rag,590,False,0.029312,0.57702,0.021657,0.025087,False,False,False
mistral-small,openstack,3,rag,591,True,0.2227,0.57702,0.173568,0.196233,False,False,False
mistral-small,openstack,3,rag,592,False,0.148047,0.57702,0.112991,0.12898,False,False,False
mistral-small,openstack,3,rag,593,True,0.320821,0.57702,0.257204,0.286998,False,False,False
mistral-small,openstack,3,rag,594,True,0.893309,0.57702,0.859899,0.877072,True,True,True
mistral-small,openstack,3,rag,595,False,0.053403,0.57702,0.039713,0.045869,False,False,False
mistral-small,openstack,3,rag,596,True,0.201813,0.57702,0.156362,0.177262,False,False,False
mistral-small,openstack,3,rag,597,False,0.377541,0.57702,0.307773,0.340738,False,False,False
mistral-small,openstack,3,rag,598,False,0.037503,0.57702,0.02777,0.032136,False,False,False
mistral-small,openstack,3,rag,599,True,0.348641,0.57702,0.281797,0.313238,False,False,False
