model,dataset,seed,prompt_style,incident_id,ground_truth_is_anomaly,p_true_raw,p_true_cf,p_true_cc,p_true_bc,pred_raw,pred_cc,pred_bc
qwen2.5-14b,bgl,2,rag,0,False,2e-06,0.000226,0.009884,1e-06,False,False,False
qwen2.5-14b,bgl,2,rag,1,True,0.999965,0.000226,1.0,0.999932,True,True,True
qwen2.5-14b,bgl,2,rag,2,True,1.0,0.000226,1.0,0.999999,True,True,True
qwen2.5-14b,bgl,2,rag,3,False,0.835484,0.000226,0.999955,0.725452,True,True,True
qwen2.5-14b,bgl,2,rag,4,True,0.999999,0.000226,1.0,0.999999,True,True,True
qwen2.5-14b,bgl,2,rag,5,True,0.999999,0.000226,1.0,0.999999,True,True,True
qwen2.5-14b,bgl,2,rag,6,False,8e-06,0.000226,0.03367,4e-06,False,False,False
qwen2.5-14b,bgl,2,rag,7,False,3.5e-05,0.000226,0.135064,1.8e-05,False,False,False
qwen2.5-14b,bgl,2,rag,8,True,0.999995,0.000226,1.0,0.99999,True,True,True
qwen2.5-14b,bgl,2,rag,9,True,0.999999,0.000226,1.0,0.999999,True,True,True
qwen2.5-14b,bgl,2,rag,10,True,0.999665,0.000226,1.0,0.999356,True,True,True
qwen2.5-14b,bgl,2,rag,11,False,6e-06,0.000226,0.026419,3e-06,False,False,False
qwen2.5-14b,bgl,2,rag,12,False,0.622459,0.000226,0.999863,0.461742,True,True,False
qwen2.5-14b,bgl,2,rag,13,True,0.999996,0.000226,1.0,0.999993,True,True,True
qwen2.5-14b,bgl,2,rag,14,True,1.0,0.000226,1.0,0.999999,True,True,True
qwen2.5-14b,bgl,2,rag,15,False,0.880797,0.000226,0.999969,0.793584,True,True,True
qwen2.5-14b,bgl,2,rag,16,True,0.999999,0.000226,1.0,0.999999,True,True,True
qwen2.5-14b,bgl,2,rag,17,True,1.0,0.000226,1.0,0.999999,True,True,True
qwen2.5-14b,bgl,2,rag,18,False,0.992423,0.000226,0.999998,0.985538,True,True,True
qwen2.5-14b,bgl,2,rag,19,True,1.0,0.000226,1.0,0.999999,True,True,True
qwen2.5-14b,bgl,2,rag,20,True,0.999999,0.000226,1.0,0.999998,True,True,True
qwen2.5-14b,bgl,2,rag,21,True,0.999999,0.000226,1.0,0.999999,True,True,True
qwen2.5-14b,bgl,2,rag,22,False,1.1e-05,0.000226,0.04825,6e-06,False,False,False
qwen2.5-14b,bgl,2,rag,23,True,0.592667,0.000226,0.999844,0.430862,True,True,False
qwen2.5-14b,bgl,2,rag,24,False,0.0,0.000226,0.000928,0.0,False,False,False
qwen2.5-14b,bgl,2,rag,25,False,0.201813,0.000226,0.999105,0.11626,False,True,False
qwen2.5-14b,bgl,2,rag,26,True,0.999999,0.000226,1.0,0.999998,True,True,True
qwen2.5-14b,bgl,2,rag,27,True,0.999999,0.000226,1.0,0.999999,True,True,True
qwen2.5-14b,bgl,2,rag,28,False,7.5e-05,0.000226,0.248449,3.9e-05,False,False,False
qwen2.5-14b,bgl,2,rag,29,True,0.999999,0.000226,1.0,0.999999,True,True,True
qwen2.5-14b,bgl,2,rag,30,True,0.999999,0.000226,1.0,0.999999,True,True,True
qwen2.5-14b,bgl,2,rag,31,False,0.000158,0.000226,0.411709,8.2e-05,False,False,False
qwen2.5-14b,bgl,2,rag,32,False,0.053403,0.000226,0.996003,0.028517,False,True,False
qwen2.5-14b,bgl,2,rag,33,True,0.999994,0.000226,1.0,0.999988,True,True,True
qwen2.5-14b,bgl,2,rag,34,True,1.0,0.000226,1.0,0.999999,True,True,True
qwen2.5-14b,bgl,2,rag,35,False,4e-05,0.000226,0.150344,2.1e-05,False,False,False
qwen2.5-14b,bgl,2,rag,36,False,1.9e-05,0.000226,0.077137,1e-05,False,False,False
qwen2.5-14b,bgl,2,rag,37,False,0.979668,0.000226,0.999995,0.961642,True,True,True
qwen2.5-14b,bgl,2,rag,38,False,0.999998,0.000226,1.0,0.999997,True,True,True
qwen2.5-14b,bgl,2,rag,39,True,0.999991,0.000226,1.0,0.999983,True,True,True
qwen2.5-14b,bgl,2,rag,40,True,0.999999,0.000226,1.0,0.999999,True,True,True
qwen2.5-14b,bgl,2,rag,41,False,0.015906,0.000226,0.986185,0.00834,False,True,False
qwen2.5-14b,bgl,2,rag,42,True,1.0,0.000226,1.0,0.999999,True,True,True
qwen2.5-14b,bgl,2,rag,43,True,1.0,0.000226,1.0,0.999999,True,True,True
qwen2.5-14b,bgl,2,rag,44,True,0.999999,0.000226,1.0,0.999999,True,True,True
qwen2.5-14b,bgl,2,rag,45,False,9e-06,0.000226,0.037983,5e-06,False,False,False
qwen2.5-14b,bgl,2,rag,46,True,1.0,0.000226,1.0,0.999999,True,True,True
qwen2.5-14b,bgl,2,rag,47,True,0.999999,0.000226,1.0,0.999999,True,True,True
qwen2.5-14b,bgl,2,rag,48,False,0.182426,0.000226,0.998986,0.10402,False,True,False
qwen2.5-14b,bgl,2,rag,49,True,0.999999,0.000226,1.0,0.999999,True,True,True
qwen2.5-14b,bgl,2,rag,50,True,0.999999,0.000226,1.0,0.999999,True,True,True
qwen2.5-14b,bgl,2,rag,51,True,0.999999,0.000226,1.0,0.999999,True,True,True
qwen2.5-14b,bgl,2,rag,52,True,1.0,0.000226,1.0,1.0,True,True,True
qwen2.5-14b,bgl,2,rag,53,False,0.00071,0.000226,0.758248,0.000369,False,True,False
qwen2.5-14b,bgl,2,rag,54,False,4.5e-05,0.000226,0.167019,2.4e-05,False,False,False
qwen2.5-14b,bgl,2,rag,55,False,0.000261,0.000226,0.535713,0.000136,False,True,False
qwen2.5-14b,bgl,2,rag,56,False,1.7e-05,0.000226,0.068695,9e-06,False,False,False
qwen2.5-14b,bgl,2,rag,57,False,0.977023,0.000226,0.999995,0.956755,True,True,True
qwen2.5-14b,bgl,2,rag,58,False,5.1e-05,0.000226,0.18514,2.7e-05,False,False,False
qwen2.5-14b,bgl,2,rag,59,True,0.999996,0.000226,1.0,0.999993,True,True,True
qwen2.5-14b,bgl,2,rag,60,False,0.042088,0.000226,0.994873,0.02235,False,True,False
qwen2.5-14b,bgl,2,rag,61,True,1.0,0.000226,1.0,0.999999,True,True,True
qwen2.5-14b,bgl,2,rag,62,True,1.0,0.000226,1.0,0.999999,True,True,True
qwen2.5-14b,bgl,2,rag,63,False,6e-06,0.000226,0.026419,3e-06,False,False,False
qwen2.5-14b,bgl,2,rag,64,False,7.5e-05,0.000226,0.248449,3.9e-05,False,False,False
qwen2.5-14b,bgl,2,rag,65,False,0.0,0.000226,0.000638,0.0,False,False,False
qwen2.5-14b,bgl,2,rag,66,True,0.999999,0.000226,1.0,0.999999,True,True,True
qwen2.5-14b,bgl,2,rag,67,False,0.00038,0.000226,0.626703,0.000198,False,True,False
qwen2.5-14b,bgl,2,rag,68,True,1.0,0.000226,1.0,0.999999,True,True,True
qwen2.5-14b,bgl,2,rag,69,False,0.294215,0.000226,0.999457,0.178238,False,True,False
qwen2.5-14b,bgl,2,rag,70,True,0.999999,0.000226,1.0,0.999999,True,True,True
qwen2.5-14b,bgl,2,rag,71,False,5.1e-05,0.000226,0.18514,2.7e-05,False,False,False
qwen2.5-14b,bgl,2,rag,72,False,0.531209,0.000226,0.9998,0.370906,True,True,False
qwen2.5-14b,bgl,2,rag,73,False,5e-06,0.000226,0.023387,3e-06,False,False,False
qwen2.5-14b,bgl,2,rag,74,False,0.000626,0.000226,0.734602,0.000326,False,True,False
qwen2.5-14b,bgl,2,rag,75,True,1.0,0.000226,1.0,1.0,True,True,True
qwen2.5-14b,bgl,2,rag,76,False,0.000261,0.000226,0.535713,0.000136,False,True,False
qwen2.5-14b,bgl,2,rag,77,False,1.3e-05,0.000226,0.054326,7e-06,False,False,False
qwen2.5-14b,bgl,2,rag,78,False,0.000296,0.000226,0.566625,0.000154,False,True,False
qwen2.5-14b,bgl,2,rag,79,True,0.999999,0.000226,1.0,0.999999,True,True,True
qwen2.5-14b,bgl,2,rag,80,False,0.00522,0.000226,0.958636,0.002723,False,True,False
qwen2.5-14b,bgl,2,rag,81,False,6.6e-05,0.000226,0.225848,3.4e-05,False,False,False
qwen2.5-14b,bgl,2,rag,82,True,1.0,0.000226,1.0,0.999999,True,True,True
qwen2.5-14b,bgl,2,rag,83,True,0.999569,0.000226,1.0,0.999173,True,True,True
qwen2.5-14b,bgl,2,rag,84,False,5e-06,0.000226,0.023387,3e-06,False,False,False
qwen2.5-14b,bgl,2,rag,85,False,0.000203,0.000226,0.4733,0.000106,False,False,False
qwen2.5-14b,bgl,2,rag,86,True,0.999904,0.000226,1.0,0.999815,True,True,True
qwen2.5-14b,bgl,2,rag,87,True,0.999877,0.000226,1.0,0.999763,True,True,True
qwen2.5-14b,bgl,2,rag,88,True,0.999997,0.000226,1.0,0.999994,True,True,True
qwen2.5-14b,bgl,2,rag,89,True,0.999999,0.000226,1.0,0.999999,True,True,True
qwen2.5-14b,bgl,2,rag,90,True,0.999999,0.000226,1.0,0.999999,True,True,True
qwen2.5-14b,bgl,2,rag,91,True,0.999979,0.000226,1.0,0.999959,True,True,True
qwen2.5-14b,bgl,2,rag,92,False,0.000553,0.000226,0.709529,0.000288,False,True,False
qwen2.5-14b,bgl,2,rag,93,False,0.000158,0.000226,0.411709,8.2e-05,False,False,False
qwen2.5-14b,bgl,2,rag,94,True,0.999999,0.000226,1.0,0.999999,True,True,True
qwen2.5-14b,bgl,2,rag,95,False,0.00461,0.000226,0.953385,0.002404,False,True,False
qwen2.5-14b,bgl,2,rag,96,False,8.5e-05,0.000226,0.272514,4.4e-05,False,False,False
qwen2.5-14b,bgl,2,rag,97,True,0.999999,0.000226,1.0,0.999999,True,True,True
qwen2.5-14b,bgl,2,rag,98,False,0.939913,0.000226,0.999986,0.890579,True,True,True
qwen2.5-14b,bgl,2,rag,99,False,0.001032,0.000226,0.820258,0.000537,False,True,False
qwen2.5-14b,bgl,2,rag,100,False,5.1e-05,0.000226,0.18514,2.7e-05,False,False,False
qwen2.5-14b,bgl,2,rag,101,True,1.0,0.000226,1.0,0.999999,True,True,True
qwen2.5-14b,bgl,2,rag,102,False,0.0,0.000226,0.000928,0.0,False,False,False
qwen2.5-14b,bgl,2,rag,103,True,0.999999,0.000226,1.0,0.999999,True,True,True
qwen2.5-14b,bgl,2,rag,104,False,5.1e-05,0.000226,0.18514,2.7e-05,False,False,False
qwen2.5-14b,bgl,2,rag,105,False,0.003594,0.000226,0.940927,0.001873,False,True,False
qwen2.5-14b,bgl,2,rag,106,True,0.999999,0.000226,1.0,0.999999,True,True,True
qwen2.5-14b,bgl,2,rag,107,True,0.999999,0.000226,1.0,0.999999,True,True,True
qwen2.5-14b,bgl,2,rag,108,True,0.999999,0.000226,1.0,0.999999,True,True,True
qwen2.5-14b,bgl,2,rag,109,True,0.999985,0.000226,1.0,0.999972,True,True,True
qwen2.5-14b,bgl,2,rag,110,False,0.075858,0.000226,0.997249,0.04096,False,True,False
qwen2.5-14b,bgl,2,rag,111,False,3.5e-05,0.000226,0.135064,1.8e-05,False,False,False
qwen2.5-14b,bgl,2,rag,112,True,0.999999,0.000226,1.0,0.999999,True,True,True
qwen2.5-14b,bgl,2,rag,113,False,0.060087,0.000226,0.996471,0.032191,False,True,False
qwen2.5-14b,bgl,2,rag,114,True,0.999995,0.000226,1.0,0.99999,True,True,True
qwen2.5-14b,bgl,2,rag,115,False,0.012432,0.000226,0.982331,0.006507,False,True,False
qwen2.5-14b,bgl,2,rag,116,True,0.999999,0.000226,1.0,0.999999,True,True,True
qwen2.5-14b,bgl,2,rag,117,False,0.029312,0.000226,0.992558,0.015469,False,True,False
qwen2.5-14b,bgl,2,rag,118,True,0.982014,0.000226,0.999996,0.965996,True,True,True
qwen2.5-14b,bgl,2,rag,119,False,0.00522,0.000226,0.958636,0.002723,False,True,False
qwen2.5-14b,bgl,2,rag,120,False,0.268941,0.000226,0.999385,0.160659,False,True,False
qwen2.5-14b,bgl,2,rag,121,True,0.999999,0.000226,1.0,0.999999,True,True,True
qwen2.5-14b,bgl,2,rag,122,False,0.000158,0.000226,0.411709,8.2e-05,False,False,False
qwen2.5-14b,bgl,2,rag,123,True,0.999089,0.000226,1.0,0.99825,True,True,True
qwen2.5-14b,bgl,2,rag,124,False,6.6e-05,0.000226,0.225848,3.4e-05,False,False,False
qwen2.5-14b,bgl,2,rag,125,True,0.999999,0.000226,1.0,0.999999,True,True,True
qwen2.5-14b,bgl,2,rag,126,True,0.999985,0.000226,1.0,0.999972,True,True,True
qwen2.5-14b,bgl,2,rag,127,True,0.999999,0.000226,1.0,0.999999,True,True,True
qwen2.5-14b,bgl,2,rag,128,False,2e-06,0.000226,0.008733,1e-06,False,False,False
qwen2.5-14b,bgl,2,rag,129,False,2.8e-05,0.000226,0.108428,1.4e-05,False,False,False
qwen2.5-14b,bgl,2,rag,130,True,1.0,0.000226,1.0,0.999999,True,True,True
qwen2.5-14b,bgl,2,rag,131,True,0.999999,0.000226,1.0,0.999999,True,True,True
qwen2.5-14b,bgl,2,rag,132,False,0.000158,0.000226,0.411709,8.2e-05,False,False,False
qwen2.5-14b,bgl,2,rag,133,False,0.037327,0.000226,0.994194,0.019776,False,True,False
qwen2.5-14b,bgl,2,rag,134,False,1.3e-05,0.000226,0.054326,7e-06,False,False,False
qwen2.5-14b,bgl,2,rag,135,False,0.164516,0.000226,0.998851,0.092933,False,True,False
qwen2.5-14b,bgl,2,rag,136,True,0.999989,0.000226,1.0,0.999978,True,True,True
qwen2.5-14b,bgl,2,rag,137,False,0.000231,0.000226,0.504524,0.00012,False,True,False
qwen2.5-14b,bgl,2,rag,138,True,0.999999,0.000226,1.0,0.999999,True,True,True
qwen2.5-14b,bgl,2,rag,139,True,0.999999,0.000226,1.0,0.999999,True,True,True
qwen2.5-14b,bgl,2,rag,140,False,1.3e-05,0.000226,0.054326,7e-06,False,False,False
qwen2.5-14b,bgl,2,rag,141,False,6.6e-05,0.000226,0.225848,3.4e-05,False,False,False
qwen2.5-14b,bgl,2,rag,142,True,0.999904,0.000226,1.0,0.999815,True,True,True
qwen2.5-14b,bgl,2,rag,143,False,9e-06,0.000226,0.037983,5e-06,False,False,False
qwen2.5-14b,bgl,2,rag,144,True,0.999995,0.000226,1.0,0.999991,True,True,True
qwen2.5-14b,bgl,2,rag,145,False,0.993307,0.000226,0.999998,0.987216,True,True,True
qwen2.5-14b,bgl,2,rag,146,True,0.999999,0.000226,1.0,0.999999,True,True,True
qwen2.5-14b,bgl,2,rag,147,True,0.999999,0.000226,1.0,0.999999,True,True,True
qwen2.5-14b,bgl,2,rag,148,False,3e-06,0.000226,0.011185,1e-06,False,False,False
qwen2.5-14b,bgl,2,rag,149,True,1.0,0.000226,1.0,1.0,True,True,True
qwen2.5-14b,hdfs,2,rag,150,True,0.095349,0.000226,0.997856,0.051989,False,True,False
qwen2.5-14b,hdfs,2,rag,151,True,0.679179,0.000226,0.999893,0.524148,True,True,True
qwen2.5-14b,hdfs,2,rag,152,True,0.999979,0.000226,1.0,0.999959,True,True,True
qwen2.5-14b,hdfs,2,rag,153,True,0.348645,0.000226,0.999577,0.217834,False,True,False
qwen2.5-14b,hdfs,2,rag,154,True,0.017986,0.000226,0.987789,0.00944,False,True,False
qwen2.5-14b,hdfs,2,rag,155,False,8.5e-05,0.000226,0.272514,4.4e-05,False,False,False
qwen2.5-14b,hdfs,2,rag,156,False,3e-06,0.000226,0.014317,2e-06,False,False,False
qwen2.5-14b,hdfs,2,rag,157,True,0.798187,0.000226,0.999943,0.672974,True,True,True
qwen2.5-14b,hdfs,2,rag,158,True,0.622459,0.000226,0.999863,0.461742,True,True,False
qwen2.5-14b,hdfs,2,rag,159,False,0.99539,0.000226,0.999999,0.991178,True,True,True
qwen2.5-14b,hdfs,2,rag,160,False,0.851953,0.000226,0.999961,0.749635,True,True,True
qwen2.5-14b,hdfs,2,rag,161,False,0.592667,0.000226,0.999844,0.430862,True,True,False
qwen2.5-14b,hdfs,2,rag,162,True,0.531209,0.000226,0.9998,0.370906,True,True,False
qwen2.5-14b,hdfs,2,rag,163,False,0.99478,0.000226,0.999999,0.990015,True,True,True
qwen2.5-14b,hdfs,2,rag,164,False,0.966914,0.000226,0.999992,0.938293,True,True,True
qwen2.5-14b,hdfs,2,rag,165,False,0.00014,0.000226,0.381803,7.3e-05,False,False,False
qwen2.5-14b,hdfs,2,rag,166,False,0.99962,0.000226,1.0,0.99927,True,True,True
qwen2.5-14b,hdfs,2,rag,167,True,0.294215,0.000226,0.999457,0.178238,False,True,False
qwen2.5-14b,hdfs,2,rag,168,False,0.679179,0.000226,0.999893,0.524148,True,True,True
qwen2.5-14b,hdfs,2,rag,169,False,0.003173,0.000226,0.933584,0.001653,False,True,False
qwen2.5-14b,hdfs,2,rag,170,False,0.998968,0.000226,1.0,0.998018,True,True,True
qwen2.5-14b,hdfs,2,rag,171,False,2e-06,0.000226,0.008733,1e-06,False,False,False
qwen2.5-14b,hdfs,2,rag,172,True,0.997817,0.000226,1.0,0.995813,True,True,True
qwen2.5-14b,hdfs,2,rag,173,True,0.957912,0.000226,0.99999,0.922132,True,True,True
qwen2.5-14b,hdfs,2,rag,174,False,0.164516,0.000226,0.998851,0.092933,False,True,False
qwen2.5-14b,hdfs,2,rag,175,False,0.000109,0.000226,0.324777,5.7e-05,False,False,False
qwen2.5-14b,hdfs,2,rag,176,True,0.99539,0.000226,0.999999,0.991178,True,True,True
qwen2.5-14b,hdfs,2,rag,177,True,0.946597,0.000226,0.999987,0.902178,True,True,True
qwen2.5-14b,hdfs,2,rag,178,False,0.002473,0.000226,0.916299,0.001288,False,True,False
qwen2.5-14b,hdfs,2,rag,179,False,0.182426,0.000226,0.998986,0.10402,False,True,False
qwen2.5-14b,hdfs,2,rag,180,True,0.651355,0.000226,0.999879,0.492917,True,True,False
qwen2.5-14b,hdfs,2,rag,181,False,0.996827,0.000226,0.999999,0.99392,True,True,True
qwen2.5-14b,hdfs,2,rag,182,True,0.997199,0.000226,0.999999,0.994631,True,True,True
qwen2.5-14b,hdfs,2,rag,183,True,0.996827,0.000226,0.999999,0.99392,True,True,True
qwen2.5-14b,hdfs,2,rag,184,True,0.468791,0.000226,0.999743,0.314679,False,True,False
qwen2.5-14b,hdfs,2,rag,185,False,0.201813,0.000226,0.999105,0.11626,False,True,False
qwen2.5-14b,hdfs,2,rag,186,True,0.164516,0.000226,0.998851,0.092933,False,True,False
qwen2.5-14b,hdfs,2,rag,187,False,0.468791,0.000226,0.999743,0.314679,False,True,False
qwen2.5-14b,hdfs,2,rag,188,True,0.904651,0.000226,0.999976,0.831552,True,True,True
qwen2.5-14b,hdfs,2,rag,189,False,0.651355,0.000226,0.999879,0.492917,True,True,False
qwen2.5-14b,hdfs,2,rag,190,True,0.468791,0.000226,0.999743,0.314679,False,True,False
qwen2.5-14b,hdfs,2,rag,191,True,0.060087,0.000226,0.996471,0.032191,False,True,False
qwen2.5-14b,hdfs,2,rag,192,False,0.997527,0.000226,0.999999,0.995259,True,True,True
qwen2.5-14b,hdfs,2,rag,193,True,0.880797,0.000226,0.999969,0.793584,True,True,True
qwen2.5-14b,hdfs,2,rag,194,True,0.002473,0.000226,0.916299,0.001288,False,True,False
qwen2.5-14b,hdfs,2,rag,195,False,0.000109,0.000226,0.324777,5.7e-05,False,False,False
qwen2.5-14b,hdfs,2,rag,196,False,0.867036,0.000226,0.999965,0.772357,True,True,True
qwen2.5-14b,hdfs,2,rag,197,True,0.000488,0.000226,0.683109,0.000254,False,True,False
qwen2.5-14b,hdfs,2,rag,198,True,0.014064,0.000226,0.984374,0.007367,False,True,False
qwen2.5-14b,hdfs,2,rag,199,True,0.996827,0.000226,0.999999,0.99392,True,True,True
qwen2.5-14b,hdfs,2,rag,200,False,0.037327,0.000226,0.994194,0.019776,False,True,False
qwen2.5-14b,hdfs,2,rag,201,True,0.99593,0.000226,0.999999,0.992207,True,True,True
qwen2.5-14b,hdfs,2,rag,202,True,0.989013,0.000226,0.999997,0.979096,True,True,True
qwen2.5-14b,hdfs,2,rag,203,False,0.033086,0.000226,0.993426,0.017493,False,True,False
qwen2.5-14b,hdfs,2,rag,204,True,0.00038,0.000226,0.626703,0.000198,False,True,False
qwen2.5-14b,hdfs,2,rag,205,False,0.798187,0.000226,0.999943,0.672974,True,True,True
qwen2.5-14b,hdfs,2,rag,206,False,3e-06,0.000226,0.012656,2e-06,False,False,False
qwen2.5-14b,hdfs,2,rag,207,False,0.014064,0.000226,0.984374,0.007367,False,True,False
qwen2.5-14b,hdfs,2,rag,208,False,0.984094,0.000226,0.999996,0.969871,True,True,True
qwen2.5-14b,hdfs,2,rag,209,True,0.987568,0.000226,0.999997,0.976378,True,True,True
qwen2.5-14b,hdfs,2,rag,210,False,0.012432,0.000226,0.982331,0.006507,False,True,False
qwen2.5-14b,hdfs,2,rag,211,True,0.00018,0.000226,0.442282,9.3e-05,False,False,False
qwen2.5-14b,hdfs,2,rag,212,False,0.000109,0.000226,0.324777,5.7e-05,False,False,False
qwen2.5-14b,hdfs,2,rag,213,True,0.977023,0.000226,0.999995,0.956755,True,True,True
qwen2.5-14b,hdfs,2,rag,214,True,0.999769,0.000226,1.0,0.999557,True,True,True
qwen2.5-14b,hdfs,2,rag,215,True,0.007577,0.000226,0.971198,0.003957,False,True,False
qwen2.5-14b,hdfs,2,rag,216,False,9e-06,0.000226,0.037983,5e-06,False,False,False
qwen2.5-14b,hdfs,2,rag,217,False,0.017986,0.000226,0.987789,0.00944,False,True,False
qwen2.5-14b,hdfs,2,rag,218,True,0.000804,0.000226,0.780417,0.000419,False,True,False
qwen2.5-14b,hdfs,2,rag,219,False,0.085099,0.000226,0.997572,0.046162,False,True,False
qwen2.5-14b,hdfs,2,rag,220,False,0.997817,0.000226,1.0,0.995813,True,True,True
qwen2.5-14b,hdfs,2,rag,221,False,0.001032,0.000226,0.820258,0.000537,False,True,False
qwen2.5-14b,hdfs,2,rag,222,True,0.952574,0.000226,0.999989,0.912669,True,True,True
qwen2.5-14b,hdfs,2,rag,223,True,0.705785,0.000226,0.999906,0.555191,True,True,True
qwen2.5-14b,hdfs,2,rag,224,False,0.987568,0.000226,0.999997,0.976378,True,True,True
qwen2.5-14b,hdfs,2,rag,225,False,0.7773,0.000226,0.999935,0.644893,True,True,True
qwen2.5-14b,hdfs,2,rag,226,True,0.037327,0.000226,0.994194,0.019776,False,True,False
qwen2.5-14b,hdfs,2,rag,227,True,0.007577,0.000226,0.971198,0.003957,False,True,False
qwen2.5-14b,hdfs,2,rag,228,True,0.893309,0.000226,0.999973,0.813311,True,True,True
qwen2.5-14b,hdfs,2,rag,229,False,0.914901,0.000226,0.999979,0.848343,True,True,True
qwen2.5-14b,hdfs,2,rag,230,False,0.00407,0.000226,0.947504,0.002122,False,True,False
qwen2.5-14b,hdfs,2,rag,231,False,1.5e-05,0.000226,0.061117,8e-06,False,False,False
qwen2.5-14b,hdfs,2,rag,232,True,0.989013,0.000226,0.999997,0.979096,True,True,True
qwen2.5-14b,hdfs,2,rag,233,False,0.867036,0.000226,0.999965,0.772357,True,True,True
qwen2.5-14b,hdfs,2,rag,234,False,0.095349,0.000226,0.997856,0.051989,False,True,False
qwen2.5-14b,hdfs,2,rag,235,True,0.348645,0.000226,0.999577,0.217834,False,True,False
qwen2.5-14b,hdfs,2,rag,236,True,0.00407,0.000226,0.947504,0.002122,False,True,False
qwen2.5-14b,hdfs,2,rag,237,False,1e-05,0.000226,0.042823,5e-06,False,False,False
qwen2.5-14b,hdfs,2,rag,238,True,0.970688,0.000226,0.999993,0.945146,True,True,True
qwen2.5-14b,hdfs,2,rag,239,True,0.817574,0.000226,0.999949,0.699867,True,True,True
qwen2.5-14b,hdfs,2,rag,240,False,0.754915,0.000226,0.999926,0.615778,True,True,True
qwen2.5-14b,hdfs,2,rag,241,True,0.970688,0.000226,0.999993,0.945146,True,True,True
qwen2.5-14b,hdfs,2,rag,242,True,0.651355,0.000226,0.999879,0.492917,True,True,False
qwen2.5-14b,hdfs,2,rag,243,False,0.754915,0.000226,0.999926,0.615778,True,True,True
qwen2.5-14b,hdfs,2,rag,244,True,0.000804,0.000226,0.780417,0.000419,False,True,False
qwen2.5-14b,hdfs,2,rag,245,True,0.817574,0.000226,0.999949,0.699867,True,True,True
qwen2.5-14b,hdfs,2,rag,246,False,1e-05,0.000226,0.042823,5e-06,False,False,False
qwen2.5-14b,hdfs,2,rag,247,False,0.002473,0.000226,0.916299,0.001288,False,True,False
qwen2.5-14b,hdfs,2,rag,248,True,0.001701,0.000226,0.882684,0.000886,False,True,False
qwen2.5-14b,hdfs,2,rag,249,False,0.817574,0.000226,0.999949,0.699867,True,True,True
qwen2.5-14b,hdfs,2,rag,250,True,0.245085,0.000226,0.999303,0.144509,False,True,False
qwen2.5-14b,hdfs,2,rag,251,False,0.914901,0.000226,0.999979,0.848343,True,True,True
qwen2.5-14b,hdfs,2,rag,252,False,0.994089,0.000226,0.999999,0.988701,True,True,True
qwen2.5-14b,hdfs,2,rag,253,True,0.651355,0.000226,0.999879,0.492917,True,True,False
qwen2.5-14b,hdfs,2,rag,254,True,0.999739,0.000226,1.0,0.999498,True,True,True
qwen2.5-14b,hdfs,2,rag,255,True,0.997199,0.000226,0.999999,0.994631,True,True,True
qwen2.5-14b,hdfs,2,rag,256,False,0.998675,0.000226,1.0,0.997456,True,True,True
qwen2.5-14b,hdfs,2,rag,257,False,0.914901,0.000226,0.999979,0.848343,True,True,True
qwen2.5-14b,hdfs,2,rag,258,False,0.99478,0.000226,0.999999,0.990015,True,True,True
qwen2.5-14b,hdfs,2,rag,259,False,2e-06,0.000226,0.009884,1e-06,False,False,False
qwen2.5-14b,hdfs,2,rag,260,True,0.017986,0.000226,0.987789,0.00944,False,True,False
qwen2.5-14b,hdfs,2,rag,261,False,0.037327,0.000226,0.994194,0.019776,False,True,False
qwen2.5-14b,hdfs,2,rag,262,False,0.053403,0.000226,0.996003,0.028517,False,True,False
qwen2.5-14b,hdfs,2,rag,263,True,0.999983,0.000226,1.0,0.999968,True,True,True
qwen2.5-14b,hdfs,2,rag,264,False,0.001927,0.000226,0.895022,0.001003,False,True,False
qwen2.5-14b,hdfs,2,rag,265,True,0.020332,0.000226,0.989208,0.010683,False,True,False
qwen2.5-14b,hdfs,2,rag,266,False,0.095349,0.000226,0.997856,0.051989,False,True,False
qwen2.5-14b,hdfs,2,rag,267,False,3e-06,0.000226,0.012656,2e-06,False,False,False
qwen2.5-14b,hdfs,2,rag,268,True,0.924142,0.000226,0.999981,0.863735,True,True,True
qwen2.5-14b,hdfs,2,rag,269,False,0.957912,0.000226,0.99999,0.922132,True,True,True
qwen2.5-14b,hdfs,2,rag,270,False,0.970688,0.000226,0.999993,0.945146,True,True,True
qwen2.5-14b,hdfs,2,rag,271,False,0.005911,0.000226,0.963318,0.003084,False,True,False
qwen2.5-14b,hdfs,2,rag,272,True,0.798187,0.000226,0.999943,0.672974,True,True,True
qwen2.5-14b,hdfs,2,rag,273,True,0.268941,0.000226,0.999385,0.160659,False,True,False
qwen2.5-14b,hdfs,2,rag,274,True,0.407333,0.000226,0.999671,0.263407,False,True,False
qwen2.5-14b,hdfs,2,rag,275,True,0.468791,0.000226,0.999743,0.314679,False,True,False
qwen2.5-14b,hdfs,2,rag,276,True,0.468791,0.000226,0.999743,0.314679,False,True,False
qwen2.5-14b,hdfs,2,rag,277,False,0.998073,0.000226,1.0,0.996304,True,True,True
qwen2.5-14b,hdfs,2,rag,278,False,0.932453,0.000226,0.999984,0.87779,True,True,True
qwen2.5-14b,hdfs,2,rag,279,True,0.997527,0.000226,0.999999,0.995259,True,True,True
qwen2.5-14b,hdfs,2,rag,280,True,0.245085,0.000226,0.999303,0.144509,False,True,False
qwen2.5-14b,hdfs,2,rag,281,True,0.085099,0.000226,0.997572,0.046162,False,True,False
qwen2.5-14b,hdfs,2,rag,282,True,0.835484,0.000226,0.999955,0.725452,True,True,True
qwen2.5-14b,hdfs,2,rag,283,False,1.9e-05,0.000226,0.077137,1e-05,False,False,False
qwen2.5-14b,hdfs,2,rag,284,False,0.984094,0.000226,0.999996,0.969871,True,True,True
qwen2.5-14b,hdfs,2,rag,285,False,0.00014,0.000226,0.381803,7.3e-05,False,False,False
qwen2.5-14b,hdfs,2,rag,286,True,0.437823,0.000226,0.999709,0.288366,False,True,False
qwen2.5-14b,hdfs,2,rag,287,False,0.407333,0.000226,0.999671,0.263407,False,True,False
qwen2.5-14b,hdfs,2,rag,288,True,0.962673,0.000226,0.999991,0.930647,True,True,True
qwen2.5-14b,hdfs,2,rag,289,True,1e-06,0.000226,0.005315,1e-06,False,False,False
qwen2.5-14b,hdfs,2,rag,290,True,0.00407,0.000226,0.947504,0.002122,False,True,False
qwen2.5-14b,hdfs,2,rag,291,True,0.182426,0.000226,0.998986,0.10402,False,True,False
qwen2.5-14b,hdfs,2,rag,292,True,0.201813,0.000226,0.999105,0.11626,False,True,False
qwen2.5-14b,hdfs,2,rag,293,False,0.998299,0.000226,1.0,0.996736,True,True,True
qwen2.5-14b,hdfs,2,rag,294,False,0.348645,0.000226,0.999577,0.217834,False,True,False
qwen2.5-14b,hdfs,2,rag,295,True,0.999842,0.000226,1.0,0.999696,True,True,True
qwen2.5-14b,hdfs,2,rag,296,True,0.979668,0.000226,0.999995,0.961642,True,True,True
qwen2.5-14b,hdfs,2,rag,297,False,0.000296,0.000226,0.566626,0.000154,False,True,False
qwen2.5-14b,hdfs,2,rag,298,False,0.029312,0.000226,0.992558,0.015469,False,True,False
qwen2.5-14b,hdfs,2,rag,299,False,0.592667,0.000226,0.999844,0.430862,True,True,False
qwen2.5-14b,thunderbird,2,rag,300,True,0.999999,0.000226,1.0,0.999997,True,True,True
qwen2.5-14b,thunderbird,2,rag,301,True,0.999965,0.000226,1.0,0.999932,True,True,True
qwen2.5-14b,thunderbird,2,rag,302,True,0.999999,0.000226,1.0,0.999999,True,True,True
qwen2.5-14b,thunderbird,2,rag,303,False,0.999739,0.000226,1.0,0.999498,True,True,True
qwen2.5-14b,thunderbird,2,rag,304,True,0.99593,0.000226,0.999999,0.992207,True,True,True
qwen2.5-14b,thunderbird,2,rag,305,True,0.999999,0.000226,1.0,0.999998,True,True,True
qwen2.5-14b,thunderbird,2,rag,306,False,5e-06,0.000226,0.020696,2e-06,False,False,False
qwen2.5-14b,thunderbird,2,rag,307,True,1.0,0.000226,1.0,0.999999,True,True,True
qwen2.5-14b,thunderbird,2,rag,308,True,0.999999,0.000226,1.0,0.999998,True,True,True
qwen2.5-14b,thunderbird,2,rag,309,True,0.999999,0.000226,1.0,0.999998,True,True,True
qwen2.5-14b,thunderbird,2,rag,310,False,0.731059,0.000226,0.999917,0.585809,True,True,True
qwen2.5-14b,thunderbird,2,rag,311,False,0.007577,0.000226,0.971198,0.003957,False,True,False
qwen2.5-14b,thunderbird,2,rag,312,True,0.999877,0.000226,1.0,0.999763,True,True,True
qwen2.5-14b,thunderbird,2,rag,313,False,0.999665,0.000226,1.0,0.999356,True,True,True
qwen2.5-14b,thunderbird,2,rag,314,True,0.999997,0.000226,1.0,0.999994,True,True,True
qwen2.5-14b,thunderbird,2,rag,315,False,0.164516,0.000226,0.998851,0.092933,False,True,False
qwen2.5-14b,thunderbird,2,rag,316,False,0.000553,0.000226,0.709529,0.000288,False,True,False
qwen2.5-14b,thunderbird,2,rag,317,False,0.025957,0.000226,0.991575,0.013676,False,True,False
qwen2.5-14b,thunderbird,2,rag,318,False,0.977023,0.000226,0.999995,0.956755,True,True,True
qwen2.5-14b,thunderbird,2,rag,319,False,0.817574,0.000226,0.999949,0.699867,True,True,True
qwen2.5-14b,thunderbird,2,rag,320,False,4.5e-05,0.000226,0.167019,2.4e-05,False,False,False
qwen2.5-14b,thunderbird,2,rag,321,True,0.999999,0.000226,1.0,0.999997,True,True,True
qwen2.5-14b,thunderbird,2,rag,322,False,0.000911,0.000226,0.801086,0.000474,False,True,False
qwen2.5-14b,thunderbird,2,rag,323,True,0.999999,0.000226,1.0,0.999998,True,True,True
qwen2.5-14b,thunderbird,2,rag,324,False,4.5e-05,0.000226,0.167019,2.4e-05,False,False,False
qwen2.5-14b,thunderbird,2,rag,325,True,1.0,0.000226,1.0,0.999999,True,True,True
qwen2.5-14b,thunderbird,2,rag,326,True,0.999998,0.000226,1.0,0.999997,True,True,True
qwen2.5-14b,thunderbird,2,rag,327,False,0.106691,0.000226,0.998108,0.058506,False,True,False
qwen2.5-14b,thunderbird,2,rag,328,False,0.731059,0.000226,0.999917,0.585809,True,True,True
qwen2.5-14b,thunderbird,2,rag,329,False,0.00407,0.000226,0.947504,0.002122,False,True,False
qwen2.5-14b,thunderbird,2,rag,330,True,1.0,0.000226,1.0,0.999999,True,True,True
qwen2.5-14b,thunderbird,2,rag,331,False,5e-06,0.000226,0.020696,2e-06,False,False,False
qwen2.5-14b,thunderbird,2,rag,332,True,0.999983,0.000226,1.0,0.999968,True,True,True
qwen2.5-14b,thunderbird,2,rag,333,False,0.020332,0.000226,0.989208,0.010683,False,True,False
qwen2.5-14b,thunderbird,2,rag,334,True,0.999999,0.000226,1.0,0.999998,True,True,True
qwen2.5-14b,thunderbird,2,rag,335,False,0.294215,0.000226,0.999457,0.178238,False,True,False
qwen2.5-14b,thunderbird,2,rag,336,False,0.0,0.000226,0.000819,0.0,False,False,False
qwen2.5-14b,thunderbird,2,rag,337,True,0.999994,0.000226,1.0,0.999988,True,True,True
qwen2.5-14b,thunderbird,2,rag,338,False,0.001501,0.000226,0.869108,0.000782,False,True,False
qwen2.5-14b,thunderbird,2,rag,339,True,0.999999,0.000226,1.0,0.999999,True,True,True
qwen2.5-14b,thunderbird,2,rag,340,False,0.003173,0.000226,0.933584,0.001653,False,True,False
qwen2.5-14b,thunderbird,2,rag,341,False,9.6e-05,0.000226,0.297987,5e-05,False,False,False
qwen2.5-14b,thunderbird,2,rag,342,True,0.99996,0.000226,1.0,0.999923,True,True,True
qwen2.5-14b,thunderbird,2,rag,343,True,0.999996,0.000226,1.0,0.999993,True,True,True
qwen2.5-14b,thunderbird,2,rag,344,True,0.999999,0.000226,1.0,0.999997,True,True,True
qwen2.5-14b,thunderbird,2,rag,345,True,0.999999,0.000226,1.0,0.999997,True,True,True
qwen2.5-14b,thunderbird,2,rag,346,True,0.999996,0.000226,1.0,0.999993,True,True,True
qwen2.5-14b,thunderbird,2,rag,347,False,4.5e-05,0.000226,0.167019,2.4e-05,False,False,False
qwen2.5-14b,thunderbird,2,rag,348,True,0.999998,0.000226,1.0,0.999997,True,True,True
qwen2.5-14b,thunderbird,2,rag,349,True,0.999994,0.000226,1.0,0.999988,True,True,True
qwen2.5-14b,thunderbird,2,rag,350,True,0.999998,0.000226,1.0,0.999996,True,True,True
qwen2.5-14b,thunderbird,2,rag,351,False,0.029312,0.000226,0.992558,0.015469,False,True,False
qwen2.5-14b,thunderbird,2,rag,352,True,0.999999,0.000226,1.0,0.999999,True,True,True
qwen2.5-14b,thunderbird,2,rag,353,False,0.020332,0.000226,0.989208,0.010683,False,True,False
qwen2.5-14b,thunderbird,2,rag,354,False,0.005911,0.000226,0.963318,0.003084,False,True,False
qwen2.5-14b,thunderbird,2,rag,355,False,0.005911,0.000226,0.963318,0.003084,False,True,False
qwen2.5-14b,thunderbird,2,rag,356,True,0.999999,0.000226,1.0,0.999998,True,True,True
qwen2.5-14b,thunderbird,2,rag,357,False,0.999447,0.000226,1.0,0.998938,True,True,True
qwen2.5-14b,thunderbird,2,rag,358,False,0.970688,0.000226,0.999993,0.945146,True,True,True
qwen2.5-14b,thunderbird,2,rag,359,True,0.999904,0.000226,1.0,0.999815,True,True,True
qwen2.5-14b,thunderbird,2,rag,360,True,0.999999,0.000226,1.0,0.999998,True,True,True
qwen2.5-14b,thunderbird,2,rag,361,False,0.000804,0.000226,0.780417,0.000419,False,True,False
qwen2.5-14b,thunderbird,2,rag,362,True,0.998073,0.000226,1.0,0.996304,True,True,True
qwen2.5-14b,thunderbird,2,rag,363,False,0.002183,0.000226,0.9062,0.001137,False,True,False
qwen2.5-14b,thunderbird,2,rag,364,True,0.999997,0.000226,1.0,0.999995,True,True,True
qwen2.5-14b,thunderbird,2,rag,365,True,0.999972,0.000226,1.0,0.999947,True,True,True
qwen2.5-14b,thunderbird,2,rag,366,True,0.999999,0.000226,1.0,0.999997,True,True,True
qwen2.5-14b,thunderbird,2,rag,367,True,0.999965,0.000226,1.0,0.999932,True,True,True
qwen2.5-14b,thunderbird,2,rag,368,True,0.999965,0.000226,1.0,0.999932,True,True,True
qwen2.5-14b,thunderbird,2,rag,369,False,5e-06,0.000226,0.020696,2e-06,False,False,False
qwen2.5-14b,thunderbird,2,rag,370,True,0.999999,0.000226,1.0,0.999997,True,True,True
qwen2.5-14b,thunderbird,2,rag,371,False,0.914901,0.000226,0.999979,0.848343,True,True,True
qwen2.5-14b,thunderbird,2,rag,372,False,0.003594,0.000226,0.940927,0.001873,False,True,False
qwen2.5-14b,thunderbird,2,rag,373,False,2e-06,0.000226,0.006814,1e-06,False,False,False
qwen2.5-14b,thunderbird,2,rag,374,True,0.999981,0.000226,1.0,0.999964,True,True,True
qwen2.5-14b,thunderbird,2,rag,375,True,0.999987,0.000226,1.0,0.999975,True,True,True
qwen2.5-14b,thunderbird,2,rag,376,False,0.996827,0.000226,0.999999,0.99392,True,True,True
qwen2.5-14b,thunderbird,2,rag,377,False,0.025957,0.000226,0.991575,0.013676,False,True,False
qwen2.5-14b,thunderbird,2,rag,378,True,1.0,0.000226,1.0,0.999999,True,True,True
qwen2.5-14b,thunderbird,2,rag,379,True,0.999965,0.000226,1.0,0.999932,True,True,True
qwen2.5-14b,thunderbird,2,rag,380,True,0.999999,0.000226,1.0,0.999998,True,True,True
qwen2.5-14b,thunderbird,2,rag,381,False,0.904651,0.000226,0.999976,0.831552,True,True,True
qwen2.5-14b,thunderbird,2,rag,382,False,0.2227,0.000226,0.99921,0.129732,False,True,False
qwen2.5-14b,thunderbird,2,rag,383,False,0.998073,0.000226,1.0,0.996304,True,True,True
qwen2.5-14b,thunderbird,2,rag,384,True,0.999942,0.000226,1.0,0.999888,True,True,True
qwen2.5-14b,thunderbird,2,rag,385,False,0.106691,0.000226,0.998108,0.058506,False,True,False
qwen2.5-14b,thunderbird,2,rag,386,False,0.7773,0.000226,0.999935,0.644893,True,True,True
qwen2.5-14b,thunderbird,2,rag,387,True,0.999955,0.000226,1.0,0.999913,True,True,True
qwen2.5-14b,thunderbird,2,rag,388,True,1.0,0.000226,1.0,0.999999,True,True,True
qwen2.5-14b,thunderbird,2,rag,389,False,0.022977,0.000226,0.990464,0.012089,False,True,False
qwen2.5-14b,thunderbird,2,rag,390,True,0.999998,0.000226,1.0,0.999996,True,True,True
qwen2.5-14b,thunderbird,2,rag,391,True,0.999999,0.000226,1.0,0.999999,True,True,True
qwen2.5-14b,thunderbird,2,rag,392,False,0.000335,0.000226,0.597028,0.000175,False,True,False
qwen2.5-14b,thunderbird,2,rag,393,True,0.999999,0.000226,1.0,0.999997,True,True,True
qwen2.5-14b,thunderbird,2,rag,394,True,0.998968,0.000226,1.0,0.998018,True,True,True
qwen2.5-14b,thunderbird,2,rag,395,False,0.377541,0.000226,0.999627,0.239881,False,True,False
qwen2.5-14b,thunderbird,2,rag,396,True,0.999992,0.000226,1.0,0.999985,True,True,True
qwen2.5-14b,thunderbird,2,rag,397,True,0.999972,0.000226,1.0,0.999947,True,True,True
qwen2.5-14b,thunderbird,2,rag,398,False,0.867036,0.000226,0.999965,0.772357,True,True,True
qwen2.5-14b,thunderbird,2,rag,399,False,0.00117,0.000226,0.837956,0.000609,False,True,False
qwen2.5-14b,thunderbird,2,rag,400,True,0.999965,0.000226,1.0,0.999932,True,True,True
qwen2.5-14b,thunderbird,2,rag,401,False,0.000231,0.000226,0.504524,0.00012,False,True,False
qwen2.5-14b,thunderbird,2,rag,402,True,0.999995,0.000226,1.0,0.99999,True,True,True
qwen2.5-14b,thunderbird,2,rag,403,True,0.999997,0.000226,1.0,0.999995,True,True,True
qwen2.5-14b,thunderbird,2,rag,404,False,0.001701,0.000226,0.882684,0.000886,False,True,False
qwen2.5-14b,thunderbird,2,rag,405,True,0.999999,0.000226,1.0,0.999997,True,True,True
qwen2.5-14b,thunderbird,2,rag,406,True,0.999995,0.000226,1.0,0.999991,True,True,True
qwen2.5-14b,thunderbird,2,rag,407,True,0.999992,0.000226,1.0,0.999985,True,True,True
qwen2.5-14b,thunderbird,2,rag,408,False,0.095349,0.000226,0.997856,0.051989,False,True,False
qwen2.5-14b,thunderbird,2,rag,409,False,0.000158,0.000226,0.411709,8.2e-05,False,False,False
qwen2.5-14b,thunderbird,2,rag,410,False,0.622459,0.000226,0.999863,0.461742,True,True,False
qwen2.5-14b,thunderbird,2,rag,411,False,0.268941,0.000226,0.999385,0.160659,False,True,False
qwen2.5-14b,thunderbird,2,rag,412,True,0.99929,0.000226,1.0,0.998637,True,True,True
qwen2.5-14b,thunderbird,2,rag,413,False,0.006693,0.000226,0.967488,0.003494,False,True,False
qwen2.5-14b,thunderbird,2,rag,414,False,0.880797,0.000226,0.999969,0.793584,True,True,True
qwen2.5-14b,thunderbird,2,rag,415,True,0.999992,0.000226,1.0,0.999985,True,True,True
qwen2.5-14b,thunderbird,2,rag,416,False,0.245085,0.000226,0.999303,0.144509,False,True,False
qwen2.5-14b,thunderbird,2,rag,417,True,0.924142,0.000226,0.999981,0.863735,True,True,True
qwen2.5-14b,thunderbird,2,rag,418,False,0.000431,0.000226,0.655453,0.000224,False,True,False
qwen2.5-14b,thunderbird,2,rag,419,False,0.00117,0.000226,0.837956,0.000609,False,True,False
qwen2.5-14b,thunderbird,2,rag,420,True,0.999999,0.000226,1.0,0.999998,True,True,True
qwen2.5-14b,thunderbird,2,rag,421,False,1e-06,0.000226,0.002518,0.0,False,False,False
qwen2.5-14b,thunderbird,2,rag,422,False,0.977023,0.000226,0.999995,0.956755,True,True,True
qwen2.5-14b,thunderbird,2,rag,423,False,0.998499,0.000226,1.0,0.997119,True,True,True
qwen2.5-14b,thunderbird,2,rag,424,False,0.924142,0.000226,0.999981,0.863735,True,True,True
qwen2.5-14b,thunderbird,2,rag,425,True,0.999996,0.000226,1.0,0.999993,True,True,True
qwen2.5-14b,thunderbird,2,rag,426,True,0.999997,0.000226,1.0,0.999994,True,True,True
qwen2.5-14b,thunderbird,2,rag,427,False,0.002801,0.000226,0.925401,0.001459,False,True,False
qwen2.5-14b,thunderbird,2,rag,428,False,1e-06,0.000226,0.003659,0.0,False,False,False
qwen2.5-14b,thunderbird,2,rag,429,False,0.001927,0.000226,0.895022,0.001003,False,True,False
qwen2.5-14b,thunderbird,2,rag,430,False,0.99478,0.000226,0.999999,0.990015,True,True,True
qwen2.5-14b,thunderbird,2,rag,431,False,0.132964,0.000226,0.998526,0.073896,False,True,False
qwen2.5-14b,thunderbird,2,rag,432,True,0.999998,0.000226,1.0,0.999996,True,True,True
qwen2.5-14b,thunderbird,2,rag,433,True,0.999987,0.000226,1.0,0.999975,True,True,True
qwen2.5-14b,thunderbird,2,rag,434,True,0.999999,0.000226,1.0,0.999997,True,True,True
qwen2.5-14b,thunderbird,2,rag,435,True,0.999999,0.000226,1.0,0.999999,True,True,True
qwen2.5-14b,thunderbird,2,rag,436,False,0.0,0.000226,4.1e-05,0.0,False,False,False
qwen2.5-14b,thunderbird,2,rag,437,False,0.00461,0.000226,0.953385,0.002404,False,True,False
qwen2.5-14b,thunderbird,2,rag,438,False,0.000231,0.000226,0.504524,0.00012,False,True,False
qwen2.5-14b,thunderbird,2,rag,439,False,0.000804,0.000226,0.780417,0.000419,False,True,False
qwen2.5-14b,thunderbird,2,rag,440,True,0.999999,0.000226,1.0,0.999998,True,True,True
qwen2.5-14b,thunderbird,2,rag,441,False,5.1e-05,0.000226,0.18514,2.7e-05,False,False,False
qwen2.5-14b,thunderbird,2,rag,442,True,0.999999,0.000226,1.0,0.999999,True,True,True
qwen2.5-14b,thunderbird,2,rag,443,True,0.999998,0.000226,1.0,0.999996,True,True,True
qwen2.5-14b,thunderbird,2,rag,444,True,0.999999,0.000226,1.0,0.999997,True,True,True
qwen2.5-14b,thunderbird,2,rag,445,True,0.999999,0.000226,1.0,0.999998,True,True,True
qwen2.5-14b,thunderbird,2,rag,446,True,0.999998,0.000226,1.0,0.999997,True,True,True
qwen2.5-14b,thunderbird,2,rag,447,False,7.5e-05,0.000226,0.248449,3.9e-05,False,False,False
qwen2.5-14b,thunderbird,2,rag,448,False,3.1e-05,0.000226,0.121116,1.6e-05,False,False,False
qwen2.5-14b,thunderbird,2,rag,449,True,0.999996,0.000226,1.0,0.999993,True,True,True
qwen2.5-14b,openstack,2,rag,450,True,0.966914,0.000226,0.999992,0.938293,True,True,True
qwen2.5-14b,openstack,2,rag,451,True,0.000626,0.000226,0.734602,0.000326,False,True,False
qwen2.5-14b,openstack,2,rag,452,False,0.000109,0.000226,0.324777,5.7e-05,False,False,False
qwen2.5-14b,openstack,2,rag,453,True,0.2227,0.000226,0.99921,0.129732,False,True,False
qwen2.5-14b,openstack,2,rag,454,False,0.679179,0.000226,0.999893,0.524148,True,True,True
qwen2.5-14b,openstack,2,rag,455,False,0.006693,0.000226,0.967488,0.003494,False,True,False
qwen2.5-14b,openstack,2,rag,456,False,0.000488,0.000226,0.683109,0.000254,False,True,False
qwen2.5-14b,openstack,2,rag,457,False,0.531209,0.000226,0.9998,0.370906,True,True,False
qwen2.5-14b,openstack,2,rag,458,False,0.001927,0.000226,0.895022,0.001003,False,True,False
qwen2.5-14b,openstack,2,rag,459,True,0.132964,0.000226,0.998526,0.073896,False,True,False
qwen2.5-14b,openstack,2,rag,460,True,0.010987,0.000226,0.980025,0.005747,False,True,False
qwen2.5-14b,openstack,2,rag,461,False,0.893309,0.000226,0.999973,0.813311,True,True,True
qwen2.5-14b,openstack,2,rag,462,True,0.001032,0.000226,0.820258,0.000537,False,True,False
qwen2.5-14b,openstack,2,rag,463,True,0.001501,0.000226,0.869108,0.000782,False,True,False
qwen2.5-14b,openstack,2,rag,464,True,0.003173,0.000226,0.933584,0.001653,False,True,False
qwen2.5-14b,openstack,2,rag,465,False,0.006693,0.000226,0.967488,0.003494,False,True,False
qwen2.5-14b,openstack,2,rag,466,True,0.067547,0.000226,0.996884,0.036322,False,True,False
qwen2.5-14b,openstack,2,rag,467,True,0.001325,0.000226,0.854221,0.00069,False,True,False
qwen2.5-14b,openstack,2,rag,468,True,0.320821,0.000226,0.999521,0.197288,False,True,False
qwen2.5-14b,openstack,2,rag,469,True,0.294215,0.000226,0.999457,0.178238,False,True,False
qwen2.5-14b,openstack,2,rag,470,False,0.0,0.000226,0.000207,0.0,False,False,False
qwen2.5-14b,openstack,2,rag,471,True,0.377541,0.000226,0.999627,0.239881,False,True,False
qwen2.5-14b,openstack,2,rag,472,False,0.085099,0.000226,0.997572,0.046162,False,True,False
qwen2.5-14b,openstack,2,rag,473,True,0.952574,0.000226,0.999989,0.912669,True,True,True
qwen2.5-14b,openstack,2,rag,474,False,0.025957,0.000226,0.991575,0.013676,False,True,False
qwen2.5-14b,openstack,2,rag,475,True,0.000911,0.000226,0.801086,0.000474,False,True,False
qwen2.5-14b,openstack,2,rag,476,True,0.000261,0.000226,0.535713,0.000136,False,True,False
qwen2.5-14b,openstack,2,rag,477,False,0.002183,0.000226,0.9062,0.001137,False,True,False
qwen2.5-14b,openstack,2,rag,478,False,0.003173,0.000226,0.933584,0.001653,False,True,False
qwen2.5-14b,openstack,2,rag,479,True,0.000123,0.000226,0.352766,6.4e-05,False,False,False
qwen2.5-14b,openstack,2,rag,480,True,0.939913,0.000226,0.999986,0.890579,True,True,True
qwen2.5-14b,openstack,2,rag,481,True,0.5,0.000226,0.999774,0.342239,False,True,False
qwen2.5-14b,openstack,2,rag,482,True,0.067547,0.000226,0.996884,0.036322,False,True,False
qwen2.5-14b,openstack,2,rag,483,True,0.377541,0.000226,0.999627,0.239881,False,True,False
qwen2.5-14b,openstack,2,rag,484,True,1e-06,0.000226,0.004144,0.0,False,False,False
qwen2.5-14b,openstack,2,rag,485,False,5.8e-05,0.000226,0.204744,3e-05,False,False,False
qwen2.5-14b,openstack,2,rag,486,False,0.562177,0.000226,0.999824,0.400512,True,True,False
qwen2.5-14b,openstack,2,rag,487,False,0.000488,0.000226,0.683109,0.000254,False,True,False
qwen2.5-14b,openstack,2,rag,488,False,0.000911,0.000226,0.801086,0.000474,False,True,False
qwen2.5-14b,openstack,2,rag,489,True,0.294215,0.000226,0.999457,0.178238,False,True,False
qwen2.5-14b,openstack,2,rag,490,False,2e-06,0.000226,0.009884,1e-06,False,False,False
qwen2.5-14b,openstack,2,rag,491,True,0.085099,0.000226,0.997572,0.046162,False,True,False
qwen2.5-14b,openstack,2,rag,492,True,0.562177,0.000226,0.999824,0.400512,True,True,False
qwen2.5-14b,openstack,2,rag,493,True,0.437823,0.000226,0.999709,0.288366,False,True,False
qwen2.5-14b,openstack,2,rag,494,False,0.005911,0.000226,0.963318,0.003084,False,True,False
qwen2.5-14b,openstack,2,rag,495,False,0.012432,0.000226,0.982331,0.006507,False,True,False
qwen2.5-14b,openstack,2,rag,496,False,0.0,0.000226,7.6e-05,0.0,False,False,False
qwen2.5-14b,openstack,2,rag,497,True,0.562177,0.000226,0.999824,0.400512,True,True,False
qwen2.5-14b,openstack,2,rag,498,True,0.377541,0.000226,0.999627,0.239881,False,True,False
qwen2.5-14b,openstack,2,rag,499,True,0.982014,0.000226,0.999996,0.965996,True,True,True
qwen2.5-14b,openstack,2,rag,500,True,0.987568,0.000226,0.999997,0.976378,True,True,True
qwen2.5-14b,openstack,2,rag,501,False,0.851953,0.000226,0.999961,0.749635,True,True,True
qwen2.5-14b,openstack,2,rag,502,False,0.0,0.000226,0.000438,0.0,False,False,False
qwen2.5-14b,openstack,2,rag,503,True,0.622459,0.000226,0.999863,0.461742,True,True,False
qwen2.5-14b,openstack,2,rag,504,True,0.014064,0.000226,0.984374,0.007367,False,True,False
qwen2.5-14b,openstack,2,rag,505,True,4.5e-05,0.000226,0.167019,2.4e-05,False,False,False
qwen2.5-14b,openstack,2,rag,506,False,0.201813,0.000226,0.999105,0.11626,False,True,False
qwen2.5-14b,openstack,2,rag,507,True,0.042088,0.000226,0.994873,0.02235,False,True,False
qwen2.5-14b,openstack,2,rag,508,False,1.1e-05,0.000226,0.04825,6e-06,False,False,False
qwen2.5-14b,openstack,2,rag,509,True,0.029312,0.000226,0.992558,0.015469,False,True,False
qwen2.5-14b,openstack,2,rag,510,True,0.268941,0.000226,0.999385,0.160659,False,True,False
qwen2.5-14b,openstack,2,rag,511,False,0.002183,0.000226,0.9062,0.001137,False,True,False
qwen2.5-14b,openstack,2,rag,512,False,1e-06,0.000226,0.004144,0.0,False,False,False
qwen2.5-14b,openstack,2,rag,513,True,0.000203,0.000226,0.4733,0.000106,False,False,False
qwen2.5-14b,openstack,2,rag,514,False,0.047426,0.000226,0.995473,0.025251,False,True,False
qwen2.5-14b,openstack,2,rag,515,True,9.6e-05,0.000226,0.297987,5e-05,False,False,False
qwen2.5-14b,openstack,2,rag,516,False,0.000911,0.000226,0.801086,0.000474,False,True,False
qwen2.5-14b,openstack,2,rag,517,True,0.001501,0.000226,0.869108,0.000782,False,True,False
qwen2.5-14b,openstack,2,rag,518,False,0.904651,0.000226,0.999976,0.831552,True,True,True
qwen2.5-14b,openstack,2,rag,519,False,4.5e-05,0.000226,0.167019,2.4e-05,False,False,False
qwen2.5-14b,openstack,2,rag,520,False,2e-06,0.000226,0.006814,1e-06,False,False,False
qwen2.5-14b,openstack,2,rag,521,False,2.4e-05,0.000226,0.096922,1.3e-05,False,False,False
qwen2.5-14b,openstack,2,rag,522,True,0.015906,0.000226,0.986185,0.00834,False,True,False
qwen2.5-14b,openstack,2,rag,523,False,0.989013,0.000226,0.999997,0.979096,True,True,True
qwen2.5-14b,openstack,2,rag,524,False,3e-06,0.000226,0.014317,2e-06,False,False,False
qwen2.5-14b,openstack,2,rag,525,True,0.592667,0.000226,0.999844,0.430862,True,True,False
qwen2.5-14b,openstack,2,rag,526,False,0.245085,0.000226,0.999303,0.144509,False,True,False
qwen2.5-14b,openstack,2,rag,527,False,0.999797,0.000226,1.0,0.999609,True,True,True
qwen2.5-14b,openstack,2,rag,528,True,0.000158,0.000226,0.411709,8.2e-05,False,False,False
qwen2.5-14b,openstack,2,rag,529,True,0.407333,0.000226,0.999671,0.263407,False,True,False
qwen2.5-14b,openstack,2,rag,530,False,0.00407,0.000226,0.947504,0.002122,False,True,False
qwen2.5-14b,openstack,2,rag,531,False,0.000203,0.000226,0.4733,0.000106,False,False,False
qwen2.5-14b,openstack,2,rag,532,True,0.2227,0.000226,0.99921,0.129732,False,True,False
qwen2.5-14b,openstack,2,rag,533,True,0.407333,0.000226,0.999671,0.263407,False,True,False
qwen2.5-14b,openstack,2,rag,534,True,0.042088,0.000226,0.994873,0.02235,False,True,False
qwen2.5-14b,openstack,2,rag,535,True,0.817574,0.000226,0.999949,0.699867,True,True,True
qwen2.5-14b,openstack,2,rag,536,True,0.148047,0.000226,0.998699,0.082919,False,True,False
qwen2.5-14b,openstack,2,rag,537,True,0.047426,0.000226,0.995473,0.025251,False,True,False
qwen2.5-14b,openstack,2,rag,538,False,2.4e-05,0.000226,0.096922,1.3e-05,False,False,False
qwen2.5-14b,openstack,2,rag,539,False,3.5e-05,0.000226,0.135064,1.8e-05,False,False,False
qwen2.5-14b,openstack,2,rag,540,True,0.006693,0.000226,0.967488,0.003494,False,True,False
qwen2.5-14b,openstack,2,rag,541,False,0.320821,0.000226,0.999521,0.197288,False,True,False
qwen2.5-14b,openstack,2,rag,542,False,9e-06,0.000226,0.037983,5e-06,False,False,False
qwen2.5-14b,openstack,2,rag,543,True,0.0,0.000226,0.001529,0.0,False,False,False
qwen2.5-14b,openstack,2,rag,544,False,0.851953,0.000226,0.999961,0.749635,True,True,True
qwen2.5-14b,openstack,2,rag,545,False,0.946597,0.000226,0.999987,0.902178,True,True,True
qwen2.5-14b,openstack,2,rag,546,False,0.0,0.000226,0.000111,0.0,False,False,False
qwen2.5-14b,openstack,2,rag,547,True,0.001325,0.000226,0.854221,0.00069,False,True,False
qwen2.5-14b,openstack,2,rag,548,False,0.067547,0.000226,0.996884,0.036322,False,True,False
qwen2.5-14b,openstack,2,rag,549,True,0.2227,0.000226,0.99921,0.129732,False,True,False
qwen2.5-14b,openstack,2,rag,550,False,0.952574,0.000226,0.999989,0.912669,True,True,True
qwen2.5-14b,openstack,2,rag,551,False,0.000158,0.000226,0.411709,8.2e-05,False,False,False
qwen2.5-14b,openstack,2,rag,552,True,0.2227,0.000226,0.99921,0.129732,False,True,False
qwen2.5-14b,openstack,2,rag,553,True,0.437823,0.000226,0.999709,0.288366,False,True,False
qwen2.5-14b,openstack,2,rag,554,True,0.705785,0.000226,0.999906,0.555191,True,True,True
qwen2.5-14b,openstack,2,rag,555,True,0.993307,0.000226,0.999998,0.987216,True,True,True
qwen2.5-14b,openstack,2,rag,556,False,0.106691,0.000226,0.998108,0.058506,False,True,False
qwen2.5-14b,openstack,2,rag,557,False,0.00014,0.000226,0.381803,7.3e-05,False,False,False
qwen2.5-14b,openstack,2,rag,558,True,0.020332,0.000226,0.989208,0.010683,False,True,False
qwen2.5-14b,openstack,2,rag,559,False,0.000911,0.000226,0.801086,0.000474,False,True,False
qwen2.5-14b,openstack,2,rag,560,True,0.932453,0.000226,0.999984,0.87779,True,True,True
qwen2.5-14b,openstack,2,rag,561,False,0.798187,0.000226,0.999943,0.672974,True,True,True
qwen2.5-14b,openstack,2,rag,562,True,0.798187,0.000226,0.999943,0.672974,True,True,True
qwen2.5-14b,openstack,2,rag,563,False,5.1e-05,0.000226,0.18514,2.7e-05,False,False,False
qwen2.5-14b,openstack,2,rag,564,True,0.952574,0.000226,0.999989,0.912669,True,True,True
qwen2.5-14b,openstack,2,rag,565,False,0.164516,0.000226,0.998851,0.092933,False,True,False
qwen2.5-14b,openstack,2,rag,566,False,0.182426,0.000226,0.998986,0.10402,False,True,False
qwen2.5-14b,openstack,2,rag,567,True,0.991423,0.000226,0.999998,0.983644,True,True,True
qwen2.5-14b,openstack,2,rag,568,True,0.979668,0.000226,0.999995,0.961642,True,True,True
qwen2.5-14b,openstack,2,rag,569,False,0.106691,0.000226,0.998108,0.058506,False,True,False
qwen2.5-14b,openstack,2,rag,570,False,0.651355,0.000226,0.999879,0.492917,True,True,False
qwen2.5-14b,openstack,2,rag,571,True,0.974043,0.000226,0.999994,0.951278,True,True,True
qwen2.5-14b,openstack,2,rag,572,True,0.047426,0.000226,0.995473,0.025251,False,True,False
qwen2.5-14b,openstack,2,rag,573,False,0.320821,0.000226,0.999521,0.197288,False,True,False
qwen2.5-14b,openstack,2,rag,574,False,0.095349,0.000226,0.997856,0.051989,False,True,False
qwen2.5-14b,openstack,2,rag,575,False,0.952574,0.000226,0.999989,0.912669,True,True,True
qwen2.5-14b,openstack,2,rag,576,False,0.348645,0.000226,0.999577,0.217834,False,True,False
qwen2.5-14b,openstack,2,rag,577,False,0.008577,0.000226,0.974496,0.004481,False,True,False
qwen2.5-14b,openstack,2,rag,578,False,0.201813,0.000226,0.999105,0.11626,False,True,False
qwen2.5-14b,openstack,2,rag,579,True,0.377541,0.000226,0.999627,0.239881,False,True,False
qwen2.5-14b,openstack,2,rag,580,False,0.037327,0.000226,0.994194,0.019776,False,True,False
qwen2.5-14b,openstack,2,rag,581,False,0.007577,0.000226,0.971198,0.003957,False,True,False
qwen2.5-14b,openstack,2,rag,582,False,9e-06,0.000226,0.037983,5e-06,False,False,False
qwen2.5-14b,openstack,2,rag,583,True,0.996827,0.000226,0.999999,0.99392,True,True,True
qwen2.5-14b,openstack,2,rag,584,False,1e-06,0.000226,0.006018,1e-06,False,False,False
qwen2.5-14b,openstack,2,rag,585,True,0.977023,0.000226,0.999995,0.956755,True,True,True
qwen2.5-14b,openstack,2,rag,586,True,1.7e-05,0.000226,0.068695,9e-06,False,False,False
qwen2.5-14b,openstack,2,rag,587,False,0.0,0.000226,0.001962,0.0,False,False,False
qwen2.5-14b,openstack,2,rag,588,False,0.00117,0.000226,0.837956,0.000609,False,True,False
qwen2.5-14b,openstack,2,rag,589,True,0.798187,0.000226,0.999943,0.672974,True,True,True
qwen2.5-14b,openstack,2,rag,590,False,0.020332,0.000226,0.989208,0.010683,False,True,False
qwen2.5-14b,openstack,2,rag,591,True,0.468791,0.000226,0.999743,0.314679,False,True,False
qwen2.5-14b,openstack,2,rag,592,False,0.0,0.000226,0.001962,0.0,False,False,False
qwen2.5-14b,openstack,2,rag,593,True,0.015906,0.000226,0.986185,0.00834,False,True,False
qwen2.5-14b,openstack,2,rag,594,True,0.562177,0.000226,0.999824,0.400512,True,True,False
qwen2.5-14b,openstack,2,rag,595,False,0.037327,0.000226,0.994194,0.019776,False,True,False
qwen2.5-14b,openstack,2,rag,596,True,3.5e-05,0.000226,0.135064,1.8e-05,False,False,False
qwen2.5-14b,openstack,2,rag,597,False,0.001927,0.000226,0.895022,0.001003,False,True,False
qwen2.5-14b,openstack,2,rag,598,False,2e-06,0.000226,0.008733,1e-06,False,False,False
qwen2.5-14b,openstack,2,rag,599,True,0.00071,0.000226,0.758232,0.000369,False,True,False
mistral-small,bgl,2,rag,0,False,0.002473,0.594903,0.001685,0.002108,False,False,False
mistral-small,bgl,2,rag,1,True,0.996827,0.594903,0.995348,0.996279,True,True,True
mistral-small,bgl,2,rag,2,True,0.998402,0.594903,0.997655,0.998125,True,True,True
mistral-small,bgl,2,rag,3,False,0.008577,0.594903,0.005857,0.007318,False,False,False
mistral-small,bgl,2,rag,4,True,0.999089,0.594903,0.998663,0.998931,True,True,True
mistral-small,bgl,2,rag,5,True,0.999089,0.594903,0.998663,0.998931,True,True,True
mistral-small,bgl,2,rag,6,False,0.001927,0.594903,0.001313,0.001642,False,False,False
mistral-small,bgl,2,rag,7,False,0.003173,0.594903,0.002163,0.002705,False,False,False
mistral-small,bgl,2,rag,8,True,0.997817,0.594903,0.996798,0.99744,True,True,True
mistral-small,bgl,2,rag,9,True,0.999089,0.594903,0.998663,0.998931,True,True,True
mistral-small,bgl,2,rag,10,True,0.075858,0.594903,0.052937,0.065375,False,False,False
mistral-small,bgl,2,rag,11,False,0.001927,0.594903,0.001313,0.001642,False,False,False
mistral-small,bgl,2,rag,12,False,0.946597,0.594903,0.923489,0.937905,True,True,True
mistral-small,bgl,2,rag,13,True,0.990292,0.594903,0.985807,0.988626,True,True,True
mistral-small,bgl,2,rag,14,True,0.998402,0.594903,0.997655,0.998125,True,True,True
mistral-small,bgl,2,rag,15,False,0.006693,0.594903,0.004567,0.005709,False,False,False
mistral-small,bgl,2,rag,16,True,0.999089,0.594903,0.998663,0.998931,True,True,True
mistral-small,bgl,2,rag,17,True,0.998402,0.594903,0.997655,0.998125,True,True,True
mistral-small,bgl,2,rag,18,False,0.835484,0.594903,0.775691,0.812295,True,True,True
mistral-small,bgl,2,rag,19,True,0.998402,0.594903,0.997655,0.998125,True,True,True
mistral-small,bgl,2,rag,20,True,0.99593,0.594903,0.994034,0.995227,True,True,True
mistral-small,bgl,2,rag,21,True,0.999089,0.594903,0.998663,0.998931,True,True,True
mistral-small,bgl,2,rag,22,False,0.00522,0.594903,0.003561,0.004452,False,False,False
mistral-small,bgl,2,rag,23,True,0.562177,0.594903,0.466483,0.522483,True,False,True
mistral-small,bgl,2,rag,24,False,0.001501,0.594903,0.001023,0.001279,False,False,False
mistral-small,bgl,2,rag,25,False,0.037327,0.594903,0.025724,0.031984,False,False,False
mistral-small,bgl,2,rag,26,True,0.996406,0.594903,0.994732,0.995785,True,True,True
mistral-small,bgl,2,rag,27,True,0.999089,0.594903,0.998663,0.998931,True,True,True
mistral-small,bgl,2,rag,28,False,0.002473,0.594903,0.001685,0.002108,False,False,False
mistral-small,bgl,2,rag,29,True,0.999089,0.594903,0.998663,0.998931,True,True,True
mistral-small,bgl,2,rag,30,True,0.999089,0.594903,0.998663,0.998931,True,True,True
mistral-small,bgl,2,rag,31,False,0.00461,0.594903,0.003143,0.003931,False,False,False
mistral-small,bgl,2,rag,32,False,0.320821,0.594903,0.243374,0.286998,False,False,False
mistral-small,bgl,2,rag,33,True,0.997817,0.594903,0.996798,0.99744,True,True,True
mistral-small,bgl,2,rag,34,True,0.998402,0.594903,0.997655,0.998125,True,True,True
mistral-small,bgl,2,rag,35,False,0.001927,0.594903,0.001313,0.001642,False,False,False
mistral-small,bgl,2,rag,36,False,0.002183,0.594903,0.001487,0.001861,False,False,False
mistral-small,bgl,2,rag,37,False,0.060087,0.594903,0.041716,0.051661,False,False,False
mistral-small,bgl,2,rag,38,False,0.851953,0.594903,0.796689,0.830615,True,True,True
mistral-small,bgl,2,rag,39,True,0.997817,0.594903,0.996798,0.99744,True,True,True
mistral-small,bgl,2,rag,40,True,0.999089,0.594903,0.998663,0.998931,True,True,True
mistral-small,bgl,2,rag,41,False,0.010987,0.594903,0.007508,0.009378,False,False,False
mistral-small,bgl,2,rag,42,True,0.998402,0.594903,0.997655,0.998125,True,True,True
mistral-small,bgl,2,rag,43,True,0.998402,0.594903,0.997655,0.998125,True,True,True
mistral-small,bgl,2,rag,44,True,0.999089,0.594903,0.998663,0.998931,True,True,True
mistral-small,bgl,2,rag,45,False,0.002183,0.594903,0.001487,0.001861,False,False,False
mistral-small,bgl,2,rag,46,True,0.997199,0.594903,0.995892,0.996715,True,True,True
mistral-small,bgl,2,rag,47,True,0.999089,0.594903,0.998663,0.998931,True,True,True
mistral-small,bgl,2,rag,48,False,0.020332,0.594903,0.013936,0.017378,False,False,False
mistral-small,bgl,2,rag,49,True,0.999089,0.594903,0.998663,0.998931,True,True,True
mistral-small,bgl,2,rag,50,True,0.999089,0.594903,0.998663,0.998931,True,True,True
mistral-small,bgl,2,rag,51,True,0.999089,0.594903,0.998663,0.998931,True,True,True
mistral-small,bgl,2,rag,52,True,0.939913,0.594903,0.914176,0.930215,True,True,True
mistral-small,bgl,2,rag,53,False,0.00407,0.594903,0.002775,0.00347,False,False,False
mistral-small,bgl,2,rag,54,False,0.001927,0.594903,0.001313,0.001642,False,False,False
mistral-small,bgl,2,rag,55,False,0.002801,0.594903,0.001909,0.002388,False,False,False
mistral-small,bgl,2,rag,56,False,0.001927,0.594903,0.001313,0.001642,False,False,False
mistral-small,bgl,2,rag,57,False,0.037327,0.594903,0.025724,0.031984,False,False,False
mistral-small,bgl,2,rag,58,False,0.095349,0.594903,0.066965,0.082413,False,False,False
mistral-small,bgl,2,rag,59,True,0.990292,0.594903,0.985807,0.988626,True,True,True
mistral-small,bgl,2,rag,60,False,0.006693,0.594903,0.004567,0.005709,False,False,False
mistral-small,bgl,2,rag,61,True,0.997199,0.594903,0.995892,0.996715,True,True,True
mistral-small,bgl,2,rag,62,True,0.998402,0.594903,0.997655,0.998125,True,True,True
mistral-small,bgl,2,rag,63,False,0.001701,0.594903,0.001159,0.00145,False,False,False
mistral-small,bgl,2,rag,64,False,0.002183,0.594903,0.001487,0.001861,False,False,False
mistral-small,bgl,2,rag,65,False,0.001501,0.594903,0.001023,0.001279,False,False,False
mistral-small,bgl,2,rag,66,True,0.999089,0.594903,0.998663,0.998931,True,True,True
mistral-small,bgl,2,rag,67,False,0.002801,0.594903,0.001909,0.002388,False,False,False
mistral-small,bgl,2,rag,68,True,0.998402,0.594903,0.997655,0.998125,True,True,True
mistral-small,bgl,2,rag,69,False,0.320821,0.594903,0.243374,0.286998,False,False,False
mistral-small,bgl,2,rag,70,True,0.999089,0.594903,0.998663,0.998931,True,True,True
mistral-small,bgl,2,rag,71,False,0.095349,0.594903,0.066965,0.082413,False,False,False
mistral-small,bgl,2,rag,72,False,0.042088,0.594903,0.02905,0.036089,False,False,False
mistral-small,bgl,2,rag,73,False,0.001325,0.594903,0.000903,0.001129,False,False,False
mistral-small,bgl,2,rag,74,False,0.007577,0.594903,0.005172,0.006464,False,False,False
mistral-small,bgl,2,rag,75,True,0.939913,0.594903,0.914176,0.930215,True,True,True
mistral-small,bgl,2,rag,76,False,0.003594,0.594903,0.00245,0.003064,False,False,False
mistral-small,bgl,2,rag,77,False,0.002183,0.594903,0.001487,0.001861,False,False,False
mistral-small,bgl,2,rag,78,False,0.003173,0.594903,0.002163,0.002705,False,False,False
mistral-small,bgl,2,rag,79,True,0.999089,0.594903,0.998663,0.998931,True,True,True
mistral-small,bgl,2,rag,80,False,0.119203,0.594903,0.08438,0.1034,False,False,False
mistral-small,bgl,2,rag,81,False,0.003173,0.594903,0.002163,0.002705,False,False,False
mistral-small,bgl,2,rag,82,True,0.998402,0.594903,0.997655,0.998125,True,True,True
mistral-small,bgl,2,rag,83,True,0.679179,0.594903,0.590427,0.643363,True,True,True
mistral-small,bgl,2,rag,84,False,0.001927,0.594903,0.001313,0.001642,False,False,False
mistral-small,bgl,2,rag,85,False,0.002473,0.594903,0.001685,0.002108,False,False,False
mistral-small,bgl,2,rag,86,True,0.989013,0.594903,0.983948,0.987131,True,True,True
mistral-small,bgl,2,rag,87,True,0.991423,0.594903,0.987454,0.989949,True,True,True
mistral-small,bgl,2,rag,88,True,0.997817,0.594903,0.996798,0.99744,True,True,True
mistral-small,bgl,2,rag,89,True,0.999089,0.594903,0.998663,0.998931,True,True,True
mistral-small,bgl,2,rag,90,True,0.999089,0.594903,0.998663,0.998931,True,True,True
mistral-small,bgl,2,rag,91,True,0.99539,0.594903,0.993245,0.994595,True,True,True
mistral-small,bgl,2,rag,92,False,0.002473,0.594903,0.001685,0.002108,False,False,False
mistral-small,bgl,2,rag,93,False,0.002801,0.594903,0.001909,0.002388,False,False,False
mistral-small,bgl,2,rag,94,True,0.999089,0.594903,0.998663,0.998931,True,True,True
mistral-small,bgl,2,rag,95,False,0.003594,0.594903,0.00245,0.003064,False,False,False
mistral-small,bgl,2,rag,96,False,0.00407,0.594903,0.002775,0.00347,False,False,False
mistral-small,bgl,2,rag,97,True,0.999089,0.594903,0.998663,0.998931,True,True,True
mistral-small,bgl,2,rag,98,False,0.085099,0.594903,0.059565,0.07344,False,False,False
mistral-small,bgl,2,rag,99,False,0.002801,0.594903,0.001909,0.002388,False,False,False
mistral-small,bgl,2,rag,100,False,0.002473,0.594903,0.001685,0.002108,False,False,False
mistral-small,bgl,2,rag,101,True,0.998402,0.594903,0.997655,0.998125,True,True,True
mistral-small,bgl,2,rag,102,False,0.001325,0.594903,0.000903,0.001129,False,False,False
mistral-small,bgl,2,rag,103,True,0.999089,0.594903,0.998663,0.998931,True,True,True
mistral-small,bgl,2,rag,104,False,0.001927,0.594903,0.001313,0.001642,False,False,False
mistral-small,bgl,2,rag,105,False,0.00522,0.594903,0.003561,0.004452,False,False,False
mistral-small,bgl,2,rag,106,True,0.999089,0.594903,0.998663,0.998931,True,True,True
mistral-small,bgl,2,rag,107,True,0.999089,0.594903,0.998663,0.998931,True,True,True
mistral-small,bgl,2,rag,108,True,0.999089,0.594903,0.998663,0.998931,True,True,True
mistral-small,bgl,2,rag,109,True,0.99593,0.594903,0.994034,0.995227,True,True,True
mistral-small,bgl,2,rag,110,False,0.106691,0.594903,0.075211,0.092372,False,False,False
mistral-small,bgl,2,rag,111,False,0.00117,0.594903,0.000797,0.000997,False,False,False
mistral-small,bgl,2,rag,112,True,0.999089,0.594903,0.998663,0.998931,True,True,True
mistral-small,bgl,2,rag,113,False,0.020332,0.594903,0.013936,0.017378,False,False,False
mistral-small,bgl,2,rag,114,True,0.997527,0.594903,0.996373,0.9971,True,True,True
mistral-small,bgl,2,rag,115,False,0.020332,0.594903,0.013936,0.017378,False,False,False
mistral-small,bgl,2,rag,116,True,0.999089,0.594903,0.998663,0.998931,True,True,True
mistral-small,bgl,2,rag,117,False,0.005911,0.594903,0.004033,0.005041,False,False,False
mistral-small,bgl,2,rag,118,True,0.5,0.594903,0.405097,0.460083,False,False,False
mistral-small,bgl,2,rag,119,False,0.053403,0.594903,0.036995,0.045869,False,False,False
mistral-small,bgl,2,rag,120,False,0.294215,0.594903,0.2211,0.262114,False,False,False
mistral-small,bgl,2,rag,121,True,0.999089,0.594903,0.998663,0.998931,True,True,True
mistral-small,bgl,2,rag,122,False,0.00461,0.594903,0.003143,0.003931,False,False,False
mistral-small,bgl,2,rag,123,True,0.979668,0.594903,0.970423,0.976223,True,True,True
mistral-small,bgl,2,rag,124,False,0.002473,0.594903,0.001685,0.002108,False,False,False
mistral-small,bgl,2,rag,125,True,0.999089,0.594903,0.998663,0.998931,True,True,True
mistral-small,bgl,2,rag,126,True,0.996827,0.594903,0.995348,0.996279,True,True,True
mistral-small,bgl,2,rag,127,True,0.999089,0.594903,0.998663,0.998931,True,True,True
mistral-small,bgl,2,rag,128,False,0.001701,0.594903,0.001159,0.00145,False,False,False
mistral-small,bgl,2,rag,129,False,0.001927,0.594903,0.001313,0.001642,False,False,False
mistral-small,bgl,2,rag,130,True,0.998402,0.594903,0.997655,0.998125,True,True,True
mistral-small,bgl,2,rag,131,True,0.999089,0.594903,0.998663,0.998931,True,True,True
mistral-small,bgl,2,rag,132,False,0.00522,0.594903,0.003561,0.004452,False,False,False
mistral-small,bgl,2,rag,133,False,0.060087,0.594903,0.041716,0.051661,False,False,False
mistral-small,bgl,2,rag,134,False,0.002473,0.594903,0.001685,0.002108,False,False,False
mistral-small,bgl,2,rag,135,False,0.020332,0.594903,0.013936,0.017378,False,False,False
mistral-small,bgl,2,rag,136,True,0.997527,0.594903,0.996373,0.9971,True,True,True
mistral-small,bgl,2,rag,137,False,0.002801,0.594903,0.001909,0.002388,False,False,False
mistral-small,bgl,2,rag,138,True,0.999089,0.594903,0.998663,0.998931,True,True,True
mistral-small,bgl,2,rag,139,True,0.999089,0.594903,0.998663,0.998931,True,True,True
mistral-small,bgl,2,rag,140,False,0.002473,0.594903,0.001685,0.002108,False,False,False
mistral-small,bgl,2,rag,141,False,0.00407,0.594903,0.002775,0.00347,False,False,False
mistral-small,bgl,2,rag,142,True,0.989013,0.594903,0.983948,0.987131,True,True,True
mistral-small,bgl,2,rag,143,False,0.002183,0.594903,0.001487,0.001861,False,False,False
mistral-small,bgl,2,rag,144,True,0.997527,0.594903,0.996373,0.9971,True,True,True
mistral-small,bgl,2,rag,145,False,0.754915,0.594903,0.677155,0.72412,True,True,True
mistral-small,bgl,2,rag,146,True,0.999089,0.594903,0.998663,0.998931,True,True,True
mistral-small,bgl,2,rag,147,True,0.999089,0.594903,0.998663,0.998931,True,True,True
mistral-small,bgl,2,rag,148,False,0.002183,0.594903,0.001487,0.001861,False,False,False
mistral-small,bgl,2,rag,149,True,0.997199,0.594903,0.995892,0.996715,True,True,True
mistral-small,hdfs,2,rag,150,True,0.437823,0.594903,0.346543,0.39891,False,False,False
mistral-small,hdfs,2,rag,151,True,0.437823,0.594903,0.346543,0.39891,False,False,False
mistral-small,hdfs,2,rag,152,True,0.904651,0.594903,0.865963,0.889927,True,True,True
mistral-small,hdfs,2,rag,153,True,0.2227,0.594903,0.163246,0.196233,False,False,False
mistral-small,hdfs,2,rag,154,True,0.407333,0.594903,0.318805,0.36935,False,False,False
mistral-small,hdfs,2,rag,155,False,0.009708,0.594903,0.006632,0.008285,False,False,False
mistral-small,hdfs,2,rag,156,False,0.003594,0.594903,0.00245,0.003064,False,False,False
mistral-small,hdfs,2,rag,157,True,0.622459,0.594903,0.5289,0.584189,True,True,True
mistral-small,hdfs,2,rag,158,True,0.377541,0.594903,0.292294,0.340738,False,False,False
mistral-small,hdfs,2,rag,159,False,0.754915,0.594903,0.677155,0.72412,True,True,True
mistral-small,hdfs,2,rag,160,False,0.531209,0.594903,0.435543,0.491249,True,False,False
mistral-small,hdfs,2,rag,161,False,0.5,0.594903,0.405097,0.460083,False,False,False
mistral-small,hdfs,2,rag,162,True,0.294215,0.594903,0.2211,0.262114,False,False,False
mistral-small,hdfs,2,rag,163,False,0.835484,0.594903,0.775691,0.812295,True,True,True
mistral-small,hdfs,2,rag,164,False,0.531209,0.594903,0.435543,0.491249,True,False,False
mistral-small,hdfs,2,rag,165,False,0.007577,0.594903,0.005172,0.006464,False,False,False
mistral-small,hdfs,2,rag,166,False,0.835484,0.594903,0.775691,0.812295,True,True,True
mistral-small,hdfs,2,rag,167,True,0.2227,0.594903,0.163246,0.196233,False,False,False
mistral-small,hdfs,2,rag,168,False,0.679179,0.594903,0.590427,0.643363,True,True,True
mistral-small,hdfs,2,rag,169,False,0.006693,0.594903,0.004567,0.005709,False,False,False
mistral-small,hdfs,2,rag,170,False,0.974043,0.594903,0.962339,0.969675,True,True,True
mistral-small,hdfs,2,rag,171,False,0.008577,0.594903,0.005857,0.007318,False,False,False
mistral-small,hdfs,2,rag,172,True,0.985936,0.594903,0.979482,0.983536,True,True,True
mistral-small,hdfs,2,rag,173,True,0.622459,0.594903,0.5289,0.584189,True,True,True
mistral-small,hdfs,2,rag,174,False,0.622459,0.594903,0.5289,0.584189,True,True,True
mistral-small,hdfs,2,rag,175,False,0.00461,0.594903,0.003144,0.003931,False,False,False
mistral-small,hdfs,2,rag,176,True,0.731059,0.594903,0.649247,0.698464,True,True,True
mistral-small,hdfs,2,rag,177,True,0.622459,0.594903,0.5289,0.584189,True,True,True
mistral-small,hdfs,2,rag,178,False,0.132964,0.594903,0.094553,0.115576,False,False,False
mistral-small,hdfs,2,rag,179,False,0.622459,0.594903,0.5289,0.584189,True,True,True
mistral-small,hdfs,2,rag,180,True,0.437823,0.594903,0.346543,0.39891,False,False,False
mistral-small,hdfs,2,rag,181,False,0.974043,0.594903,0.962339,0.969675,True,True,True
mistral-small,hdfs,2,rag,182,True,0.962673,0.594903,0.946126,0.956478,True,True,True
mistral-small,hdfs,2,rag,183,True,0.731059,0.594903,0.649247,0.698463,True,True,True
mistral-small,hdfs,2,rag,184,True,0.651355,0.594903,0.559894,0.614198,True,True,True
mistral-small,hdfs,2,rag,185,False,0.531209,0.594903,0.435543,0.491249,True,False,False
mistral-small,hdfs,2,rag,186,True,0.592667,0.594903,0.497683,0.553542,True,False,True
mistral-small,hdfs,2,rag,187,False,0.085099,0.594903,0.059565,0.07344,False,False,False
mistral-small,hdfs,2,rag,188,True,0.731059,0.594903,0.649247,0.698463,True,True,True
mistral-small,hdfs,2,rag,189,False,0.437823,0.594903,0.346543,0.39891,False,False,False
mistral-small,hdfs,2,rag,190,True,0.592667,0.594903,0.497683,0.553542,True,False,True
mistral-small,hdfs,2,rag,191,True,0.132964,0.594903,0.094553,0.115576,False,False,False
mistral-small,hdfs,2,rag,192,False,0.962673,0.594903,0.946126,0.956478,True,True,True
mistral-small,hdfs,2,rag,193,True,0.679179,0.594903,0.590427,0.643363,True,True,True
mistral-small,hdfs,2,rag,194,True,0.132964,0.594903,0.094553,0.115576,False,False,False
mistral-small,hdfs,2,rag,195,False,0.005911,0.594903,0.004033,0.005041,False,False,False
mistral-small,hdfs,2,rag,196,False,0.5,0.594903,0.405097,0.460083,False,False,False
mistral-small,hdfs,2,rag,197,True,0.095349,0.594903,0.066965,0.082413,False,False,False
mistral-small,hdfs,2,rag,198,True,0.437823,0.594903,0.346543,0.39891,False,False,False
mistral-small,hdfs,2,rag,199,True,0.705785,0.594903,0.620278,0.671503,True,True,True
mistral-small,hdfs,2,rag,200,False,0.106691,0.594903,0.075211,0.092372,False,False,False
mistral-small,hdfs,2,rag,201,True,0.437823,0.594903,0.346543,0.39891,False,False,False
mistral-small,hdfs,2,rag,202,True,0.957912,0.594903,0.939388,0.950967,True,True,True
mistral-small,hdfs,2,rag,203,False,0.622459,0.594903,0.5289,0.584189,True,True,True
mistral-small,hdfs,2,rag,204,True,0.106691,0.594903,0.075211,0.092372,False,False,False
mistral-small,hdfs,2,rag,205,False,0.622459,0.594903,0.5289,0.584189,True,True,True
mistral-small,hdfs,2,rag,206,False,0.005911,0.594903,0.004033,0.005041,False,False,False
mistral-small,hdfs,2,rag,207,False,0.245085,0.594903,0.181047,0.216699,False,False,False
mistral-small,hdfs,2,rag,208,False,0.651355,0.594903,0.559894,0.614198,True,True,True
mistral-small,hdfs,2,rag,209,True,0.7773,0.594903,0.703856,0.74838,True,True,True
mistral-small,hdfs,2,rag,210,False,0.2227,0.594903,0.163246,0.196233,False,False,False
mistral-small,hdfs,2,rag,211,True,0.008577,0.594903,0.005857,0.007318,False,False,False
mistral-small,hdfs,2,rag,212,False,0.006693,0.594903,0.004567,0.005709,False,False,False
mistral-small,hdfs,2,rag,213,True,0.531209,0.594903,0.435543,0.491249,True,False,False
mistral-small,hdfs,2,rag,214,True,0.984094,0.594903,0.976814,0.981385,True,True,True
mistral-small,hdfs,2,rag,215,True,0.148047,0.594903,0.10581,0.12898,False,False,False
mistral-small,hdfs,2,rag,216,False,0.008577,0.594903,0.005857,0.007318,False,False,False
mistral-small,hdfs,2,rag,217,False,0.468791,0.594903,0.375365,0.429226,False,False,False
mistral-small,hdfs,2,rag,218,True,0.132964,0.594903,0.094553,0.115576,False,False,False
mistral-small,hdfs,2,rag,219,False,0.132964,0.594903,0.094553,0.115576,False,False,False
mistral-small,hdfs,2,rag,220,False,0.974043,0.594903,0.962339,0.969675,True,True,True
mistral-small,hdfs,2,rag,221,False,0.148047,0.594903,0.10581,0.12898,False,False,False
mistral-small,hdfs,2,rag,222,True,0.407333,0.594903,0.318805,0.36935,False,False,False
mistral-small,hdfs,2,rag,223,True,0.377541,0.594903,0.292294,0.340738,False,False,False
mistral-small,hdfs,2,rag,224,False,0.679179,0.594903,0.590427,0.643363,True,True,True
mistral-small,hdfs,2,rag,225,False,0.148047,0.594903,0.10581,0.12898,False,False,False
mistral-small,hdfs,2,rag,226,True,0.268941,0.594903,0.200324,0.238666,False,False,False
mistral-small,hdfs,2,rag,227,True,0.119203,0.594903,0.08438,0.1034,False,False,False
mistral-small,hdfs,2,rag,228,True,0.562177,0.594903,0.466483,0.522483,True,False,True
mistral-small,hdfs,2,rag,229,False,0.731059,0.594903,0.649247,0.698463,True,True,True
mistral-small,hdfs,2,rag,230,False,0.182426,0.594903,0.131899,0.159761,False,False,False
mistral-small,hdfs,2,rag,231,False,0.006693,0.594903,0.004567,0.005709,False,False,False
mistral-small,hdfs,2,rag,232,True,0.622459,0.594903,0.5289,0.584189,True,True,True
mistral-small,hdfs,2,rag,233,False,0.651355,0.594903,0.559894,0.614198,True,True,True
mistral-small,hdfs,2,rag,234,False,0.531209,0.594903,0.435543,0.491249,True,False,False
mistral-small,hdfs,2,rag,235,True,0.468791,0.594903,0.375365,0.429226,False,False,False
mistral-small,hdfs,2,rag,236,True,0.531209,0.594903,0.435543,0.491249,True,False,False
mistral-small,hdfs,2,rag,237,False,0.006693,0.594903,0.004567,0.005709,False,False,False
mistral-small,hdfs,2,rag,238,True,0.982014,0.594903,0.973807,0.978958,True,True,True
mistral-small,hdfs,2,rag,239,True,0.437823,0.594903,0.346543,0.39891,False,False,False
mistral-small,hdfs,2,rag,240,False,0.5,0.594903,0.405097,0.460083,False,False,False
mistral-small,hdfs,2,rag,241,True,0.731059,0.594903,0.649247,0.698464,True,True,True
mistral-small,hdfs,2,rag,242,True,0.320821,0.594903,0.243374,0.286998,False,False,False
mistral-small,hdfs,2,rag,243,False,0.679179,0.594903,0.590427,0.643363,True,True,True
mistral-small,hdfs,2,rag,244,True,0.067547,0.594903,0.047009,0.05814,False,False,False
mistral-small,hdfs,2,rag,245,True,0.468791,0.594903,0.375365,0.429226,False,False,False
mistral-small,hdfs,2,rag,246,False,0.007577,0.594903,0.005172,0.006464,False,False,False
mistral-small,hdfs,2,rag,247,False,0.010987,0.594903,0.007508,0.009378,False,False,False
mistral-small,hdfs,2,rag,248,True,0.106691,0.594903,0.075211,0.092372,False,False,False
mistral-small,hdfs,2,rag,249,False,0.622459,0.594903,0.5289,0.584189,True,True,True
mistral-small,hdfs,2,rag,250,True,0.377541,0.594903,0.292294,0.340738,False,False,False
mistral-small,hdfs,2,rag,251,False,0.562177,0.594903,0.466483,0.522483,True,False,True
mistral-small,hdfs,2,rag,252,False,0.974043,0.594903,0.962339,0.969675,True,True,True
mistral-small,hdfs,2,rag,253,True,0.348645,0.594903,0.267123,0.313242,False,False,False
mistral-small,hdfs,2,rag,254,True,0.989013,0.594903,0.983948,0.987131,True,True,True
mistral-small,hdfs,2,rag,255,True,0.705785,0.594903,0.620278,0.671503,True,True,True
mistral-small,hdfs,2,rag,256,False,0.982014,0.594903,0.973807,0.978958,True,True,True
mistral-small,hdfs,2,rag,257,False,0.562177,0.594903,0.466483,0.522483,True,False,True
mistral-small,hdfs,2,rag,258,False,0.705785,0.594903,0.620278,0.671503,True,True,True
mistral-small,hdfs,2,rag,259,False,0.002801,0.594903,0.001909,0.002388,False,False,False
mistral-small,hdfs,2,rag,260,True,0.148047,0.594903,0.10581,0.12898,False,False,False
mistral-small,hdfs,2,rag,261,False,0.132964,0.594903,0.094553,0.115576,False,False,False
mistral-small,hdfs,2,rag,262,False,0.010987,0.594903,0.007508,0.009378,False,False,False
mistral-small,hdfs,2,rag,263,True,0.979668,0.594903,0.970423,0.976223,True,True,True
mistral-small,hdfs,2,rag,264,False,0.106691,0.594903,0.075211,0.092372,False,False,False
mistral-small,hdfs,2,rag,265,True,0.119203,0.594903,0.08438,0.1034,False,False,False
mistral-small,hdfs,2,rag,266,False,0.880797,0.594903,0.834205,0.862948,True,True,True
mistral-small,hdfs,2,rag,267,False,0.002801,0.594903,0.001909,0.002388,False,False,False
mistral-small,hdfs,2,rag,268,True,0.468791,0.594903,0.375365,0.429226,False,False,False
mistral-small,hdfs,2,rag,269,False,0.592667,0.594903,0.497683,0.553542,True,False,True
mistral-small,hdfs,2,rag,270,False,0.974043,0.594903,0.962339,0.969675,True,True,True
mistral-small,hdfs,2,rag,271,False,0.095349,0.594903,0.066965,0.082413,False,False,False
mistral-small,hdfs,2,rag,272,True,0.679179,0.594903,0.590427,0.643363,True,True,True
mistral-small,hdfs,2,rag,273,True,0.201813,0.594903,0.146882,0.177262,False,False,False
mistral-small,hdfs,2,rag,274,True,0.592667,0.594903,0.497683,0.553542,True,False,True
mistral-small,hdfs,2,rag,275,True,0.245085,0.594903,0.181047,0.216699,False,False,False
mistral-small,hdfs,2,rag,276,True,0.531209,0.594903,0.435543,0.491249,True,False,False
mistral-small,hdfs,2,rag,277,False,0.817574,0.594903,0.753196,0.792489,True,True,True
mistral-small,hdfs,2,rag,278,False,0.705785,0.594903,0.620278,0.671503,True,True,True
mistral-small,hdfs,2,rag,279,True,0.966914,0.594903,0.952154,0.961395,True,True,True
mistral-small,hdfs,2,rag,280,True,0.468791,0.594903,0.375365,0.429226,False,False,False
mistral-small,hdfs,2,rag,281,True,0.164516,0.594903,0.118233,0.143686,False,False,False
mistral-small,hdfs,2,rag,282,True,0.651355,0.594903,0.559894,0.614198,True,True,True
mistral-small,hdfs,2,rag,283,False,0.007577,0.594903,0.005172,0.006464,False,False,False
mistral-small,hdfs,2,rag,284,False,0.679179,0.594903,0.590427,0.643363,True,True,True
mistral-small,hdfs,2,rag,285,False,0.005911,0.594903,0.004033,0.005041,False,False,False
mistral-small,hdfs,2,rag,286,True,0.622459,0.594903,0.5289,0.584189,True,True,True
mistral-small,hdfs,2,rag,287,False,0.592667,0.594903,0.497683,0.553542,True,False,True
mistral-small,hdfs,2,rag,288,True,0.268941,0.594903,0.200324,0.238666,False,False,False
mistral-small,hdfs,2,rag,289,True,0.002473,0.594903,0.001685,0.002108,False,False,False
mistral-small,hdfs,2,rag,290,True,0.002473,0.594903,0.001685,0.002108,False,False,False
mistral-small,hdfs,2,rag,291,True,0.164516,0.594903,0.118233,0.143686,False,False,False
mistral-small,hdfs,2,rag,292,True,0.407333,0.594903,0.318805,0.36935,False,False,False
mistral-small,hdfs,2,rag,293,False,0.977023,0.594903,0.966616,0.973143,True,True,True
mistral-small,hdfs,2,rag,294,False,0.562177,0.594903,0.466483,0.522483,True,False,True
mistral-small,hdfs,2,rag,295,True,0.974043,0.594903,0.962339,0.969675,True,True,True
mistral-small,hdfs,2,rag,296,True,0.531209,0.594903,0.435543,0.491249,True,False,False
mistral-small,hdfs,2,rag,297,False,0.095349,0.594903,0.066965,0.082413,False,False,False
mistral-small,hdfs,2,rag,298,False,0.182426,0.594903,0.131899,0.159761,False,False,False
mistral-small,hdfs,2,rag,299,False,0.148047,0.594903,0.10581,0.12898,False,False,False
mistral-small,thunderbird,2,rag,300,True,0.998499,0.594903,0.997797,0.998239,True,True,True
mistral-small,thunderbird,2,rag,301,True,0.997199,0.594903,0.995892,0.996715,True,True,True
mistral-small,thunderbird,2,rag,302,True,0.997527,0.594903,0.996373,0.9971,True,True,True
mistral-small,thunderbird,2,rag,303,False,0.119203,0.594903,0.08438,0.1034,False,False,False
mistral-small,thunderbird,2,rag,304,True,0.974043,0.594903,0.962339,0.969675,True,True,True
mistral-small,thunderbird,2,rag,305,True,0.99478,0.594903,0.992353,0.99388,True,True,True
mistral-small,thunderbird,2,rag,306,False,0.003594,0.594903,0.00245,0.003064,False,False,False
mistral-small,thunderbird,2,rag,307,True,0.997817,0.594903,0.996798,0.99744,True,True,True
mistral-small,thunderbird,2,rag,308,True,0.997817,0.594903,0.996798,0.99744,True,True,True
mistral-small,thunderbird,2,rag,309,True,0.996406,0.594903,0.994732,0.995785,True,True,True
mistral-small,thunderbird,2,rag,310,False,0.010987,0.594903,0.007508,0.009378,False,False,False
mistral-small,thunderbird,2,rag,311,False,0.014064,0.594903,0.00962,0.012009,False,False,False
mistral-small,thunderbird,2,rag,312,True,0.997199,0.594903,0.995892,0.996715,True,True,True
mistral-small,thunderbird,2,rag,313,False,0.990292,0.594903,0.985807,0.988626,True,True,True
mistral-small,thunderbird,2,rag,314,True,0.998499,0.594903,0.997797,0.998239,True,True,True
mistral-small,thunderbird,2,rag,315,False,0.037327,0.594903,0.025724,0.031984,False,False,False
mistral-small,thunderbird,2,rag,316,False,0.001501,0.594903,0.001023,0.001279,False,False,False
mistral-small,thunderbird,2,rag,317,False,0.010987,0.594903,0.007508,0.009378,False,False,False
mistral-small,thunderbird,2,rag,318,False,0.407333,0.594903,0.318805,0.36935,False,False,False
mistral-small,thunderbird,2,rag,319,False,0.119203,0.594903,0.08438,0.1034,False,False,False
mistral-small,thunderbird,2,rag,320,False,0.007577,0.594903,0.005172,0.006464,False,False,False
mistral-small,thunderbird,2,rag,321,True,0.998499,0.594903,0.997797,0.998239,True,True,True
mistral-small,thunderbird,2,rag,322,False,0.001701,0.594903,0.001159,0.00145,False,False,False
mistral-small,thunderbird,2,rag,323,True,0.99593,0.594903,0.994034,0.995227,True,True,True
mistral-small,thunderbird,2,rag,324,False,0.106691,0.594903,0.075211,0.092372,False,False,False
mistral-small,thunderbird,2,rag,325,True,0.998299,0.594903,0.997504,0.998005,True,True,True
mistral-small,thunderbird,2,rag,326,True,0.989013,0.594903,0.983948,0.987131,True,True,True
mistral-small,thunderbird,2,rag,327,False,0.029312,0.594903,0.020149,0.025087,False,False,False
mistral-small,thunderbird,2,rag,328,False,0.268941,0.594903,0.200324,0.238666,False,False,False
mistral-small,thunderbird,2,rag,329,False,0.015906,0.594903,0.010887,0.013586,False,False,False
mistral-small,thunderbird,2,rag,330,True,0.997527,0.594903,0.996373,0.9971,True,True,True
mistral-small,thunderbird,2,rag,331,False,0.003594,0.594903,0.00245,0.003064,False,False,False
mistral-small,thunderbird,2,rag,332,True,0.99478,0.594903,0.992353,0.99388,True,True,True
mistral-small,thunderbird,2,rag,333,False,0.033086,0.594903,0.02277,0.028332,False,False,False
mistral-small,thunderbird,2,rag,334,True,0.996406,0.594903,0.994732,0.995785,True,True,True
mistral-small,thunderbird,2,rag,335,False,0.017986,0.594903,0.012318,0.015368,False,False,False
mistral-small,thunderbird,2,rag,336,False,0.047426,0.594903,0.032791,0.040699,False,False,False
mistral-small,thunderbird,2,rag,337,True,0.99478,0.594903,0.992353,0.99388,True,True,True
mistral-small,thunderbird,2,rag,338,False,0.014064,0.594903,0.00962,0.012009,False,False,False
mistral-small,thunderbird,2,rag,339,True,0.998675,0.594903,0.998055,0.998445,True,True,True
mistral-small,thunderbird,2,rag,340,False,0.017986,0.594903,0.012318,0.015368,False,False,False
mistral-small,thunderbird,2,rag,341,False,0.001325,0.594903,0.000903,0.001129,False,False,False
mistral-small,thunderbird,2,rag,342,True,0.996406,0.594903,0.994732,0.995785,True,True,True
mistral-small,thunderbird,2,rag,343,True,0.998299,0.594903,0.997504,0.998005,True,True,True
mistral-small,thunderbird,2,rag,344,True,0.997527,0.594903,0.996373,0.9971,True,True,True
mistral-small,thunderbird,2,rag,345,True,0.998499,0.594903,0.997797,0.998239,True,True,True
mistral-small,thunderbird,2,rag,346,True,0.99539,0.594903,0.993245,0.994595,True,True,True
mistral-small,thunderbird,2,rag,347,False,0.007577,0.594903,0.005172,0.006464,False,False,False
mistral-small,thunderbird,2,rag,348,True,0.997199,0.594903,0.995892,0.996715,True,True,True
mistral-small,thunderbird,2,rag,349,True,0.996827,0.594903,0.995348,0.996279,True,True,True
mistral-small,thunderbird,2,rag,350,True,0.996827,0.594903,0.995348,0.996279,True,True,True
mistral-small,thunderbird,2,rag,351,False,0.020332,0.594903,0.013936,0.017378,False,False,False
mistral-small,thunderbird,2,rag,352,True,0.998675,0.594903,0.998055,0.998445,True,True,True
mistral-small,thunderbird,2,rag,353,False,0.020332,0.594903,0.013936,0.017378,False,False,False
mistral-small,thunderbird,2,rag,354,False,0.025957,0.594903,0.017823,0.022204,False,False,False
mistral-small,thunderbird,2,rag,355,False,0.017986,0.594903,0.012318,0.015368,False,False,False
mistral-small,thunderbird,2,rag,356,True,0.99539,0.594903,0.993245,0.994595,True,True,True
mistral-small,thunderbird,2,rag,357,False,0.201813,0.594903,0.146882,0.177262,False,False,False
mistral-small,thunderbird,2,rag,358,False,0.531209,0.594903,0.435543,0.491249,True,False,False
mistral-small,thunderbird,2,rag,359,True,0.99593,0.594903,0.994034,0.995227,True,True,True
mistral-small,thunderbird,2,rag,360,True,0.99478,0.594903,0.992353,0.99388,True,True,True
mistral-small,thunderbird,2,rag,361,False,0.003594,0.594903,0.00245,0.003064,False,False,False
mistral-small,thunderbird,2,rag,362,True,0.991423,0.594903,0.987454,0.989949,True,True,True
mistral-small,thunderbird,2,rag,363,False,0.164516,0.594903,0.118233,0.143686,False,False,False
mistral-small,thunderbird,2,rag,364,True,0.99539,0.594903,0.993245,0.994595,True,True,True
mistral-small,thunderbird,2,rag,365,True,0.99593,0.594903,0.994034,0.995227,True,True,True
mistral-small,thunderbird,2,rag,366,True,0.998499,0.594903,0.997797,0.998239,True,True,True
mistral-small,thunderbird,2,rag,367,True,0.997199,0.594903,0.995892,0.996715,True,True,True
mistral-small,thunderbird,2,rag,368,True,0.997199,0.594903,0.995892,0.996715,True,True,True
mistral-small,thunderbird,2,rag,369,False,0.003594,0.594903,0.00245,0.003064,False,False,False
mistral-small,thunderbird,2,rag,370,True,0.998499,0.594903,0.997797,0.998239,True,True,True
mistral-small,thunderbird,2,rag,371,False,0.754915,0.594903,0.677155,0.72412,True,True,True
mistral-small,thunderbird,2,rag,372,False,0.017986,0.594903,0.012318,0.015368,False,False,False
mistral-small,thunderbird,2,rag,373,False,0.005911,0.594903,0.004033,0.005041,False,False,False
mistral-small,thunderbird,2,rag,374,True,0.99478,0.594903,0.992353,0.99388,True,True,True
mistral-small,thunderbird,2,rag,375,True,0.996827,0.594903,0.995348,0.996279,True,True,True
mistral-small,thunderbird,2,rag,376,False,0.060087,0.594903,0.041716,0.051661,False,False,False
mistral-small,thunderbird,2,rag,377,False,0.022977,0.594903,0.015762,0.019647,False,False,False
mistral-small,thunderbird,2,rag,378,True,0.998299,0.594903,0.997504,0.998005,True,True,True
mistral-small,thunderbird,2,rag,379,True,0.997199,0.594903,0.995892,0.996715,True,True,True
mistral-small,thunderbird,2,rag,380,True,0.996406,0.594903,0.994732,0.995785,True,True,True
mistral-small,thunderbird,2,rag,381,False,0.320821,0.594903,0.243374,0.286998,False,False,False
mistral-small,thunderbird,2,rag,382,False,0.047426,0.594903,0.032791,0.040699,False,False,False
mistral-small,thunderbird,2,rag,383,False,0.075858,0.594903,0.052937,0.065375,False,False,False
mistral-small,thunderbird,2,rag,384,True,0.991423,0.594903,0.987454,0.989949,True,True,True
mistral-small,thunderbird,2,rag,385,False,0.067547,0.594903,0.047009,0.05814,False,False,False
mistral-small,thunderbird,2,rag,386,False,0.00407,0.594903,0.002775,0.00347,False,False,False
mistral-small,thunderbird,2,rag,387,True,0.997199,0.594903,0.995892,0.996715,True,True,True
mistral-small,thunderbird,2,rag,388,True,0.998299,0.594903,0.997504,0.998005,True,True,True
mistral-small,thunderbird,2,rag,389,False,0.002183,0.594903,0.001487,0.001861,False,False,False
mistral-small,thunderbird,2,rag,390,True,0.997199,0.594903,0.995892,0.996715,True,True,True
mistral-small,thunderbird,2,rag,391,True,0.996827,0.594903,0.995348,0.996279,True,True,True
mistral-small,thunderbird,2,rag,392,False,0.00522,0.594903,0.003561,0.004452,False,False,False
mistral-small,thunderbird,2,rag,393,True,0.998499,0.594903,0.997797,0.998239,True,True,True
mistral-small,thunderbird,2,rag,394,True,0.982014,0.594903,0.973807,0.978958,True,True,True
mistral-small,thunderbird,2,rag,395,False,0.015906,0.594903,0.010887,0.013586,False,False,False
mistral-small,thunderbird,2,rag,396,True,0.998675,0.594903,0.998055,0.998445,True,True,True
mistral-small,thunderbird,2,rag,397,True,0.996406,0.594903,0.994732,0.995785,True,True,True
mistral-small,thunderbird,2,rag,398,False,0.025957,0.594903,0.017823,0.022204,False,False,False
mistral-small,thunderbird,2,rag,399,False,0.085099,0.594903,0.059565,0.07344,False,False,False
mistral-small,thunderbird,2,rag,400,True,0.997199,0.594903,0.995892,0.996715,True,True,True
mistral-small,thunderbird,2,rag,401,False,0.001927,0.594903,0.001313,0.001642,False,False,False
mistral-small,thunderbird,2,rag,402,True,0.99478,0.594903,0.992353,0.99388,True,True,True
mistral-small,thunderbird,2,rag,403,True,0.991423,0.594903,0.987454,0.989949,True,True,True
mistral-small,thunderbird,2,rag,404,False,0.029312,0.594903,0.020149,0.025087,False,False,False
mistral-small,thunderbird,2,rag,405,True,0.998499,0.594903,0.997797,0.998239,True,True,True
mistral-small,thunderbird,2,rag,406,True,0.998299,0.594903,0.997504,0.998005,True,True,True
mistral-small,thunderbird,2,rag,407,True,0.99539,0.594903,0.993245,0.994595,True,True,True
mistral-small,thunderbird,2,rag,408,False,0.022977,0.594903,0.015762,0.019647,False,False,False
mistral-small,thunderbird,2,rag,409,False,0.001927,0.594903,0.001313,0.001642,False,False,False
mistral-small,thunderbird,2,rag,410,False,0.060087,0.594903,0.041716,0.051661,False,False,False
mistral-small,thunderbird,2,rag,411,False,0.010987,0.594903,0.007508,0.009378,False,False,False
mistral-small,thunderbird,2,rag,412,True,0.970688,0.594903,0.957537,0.965776,True,True,True
mistral-small,thunderbird,2,rag,413,False,0.029312,0.594903,0.020149,0.025087,False,False,False
mistral-small,thunderbird,2,rag,414,False,0.047426,0.594903,0.032791,0.040699,False,False,False
mistral-small,thunderbird,2,rag,415,True,0.997817,0.594903,0.996798,0.99744,True,True,True
mistral-small,thunderbird,2,rag,416,False,0.010987,0.594903,0.007508,0.009378,False,False,False
mistral-small,thunderbird,2,rag,417,True,0.984094,0.594903,0.976814,0.981385,True,True,True
mistral-small,thunderbird,2,rag,418,False,0.009708,0.594903,0.006632,0.008285,False,False,False
mistral-small,thunderbird,2,rag,419,False,0.033086,0.594903,0.02277,0.028332,False,False,False
mistral-small,thunderbird,2,rag,420,True,0.997817,0.594903,0.996798,0.99744,True,True,True
mistral-small,thunderbird,2,rag,421,False,0.182426,0.594903,0.131899,0.159761,False,False,False
mistral-small,thunderbird,2,rag,422,False,0.132964,0.594903,0.094553,0.115576,False,False,False
mistral-small,thunderbird,2,rag,423,False,0.119203,0.594903,0.08438,0.1034,False,False,False
mistral-small,thunderbird,2,rag,424,False,0.002473,0.594903,0.001685,0.002108,False,False,False
mistral-small,thunderbird,2,rag,425,True,0.99539,0.594903,0.993245,0.994595,True,True,True
mistral-small,thunderbird,2,rag,426,True,0.99593,0.594903,0.994034,0.995227,True,True,True
mistral-small,thunderbird,2,rag,427,False,0.022977,0.594903,0.015762,0.019647,False,False,False
mistral-small,thunderbird,2,rag,428,False,0.020332,0.594903,0.013936,0.017378,False,False,False
mistral-small,thunderbird,2,rag,429,False,0.022977,0.594903,0.015762,0.019647,False,False,False
mistral-small,thunderbird,2,rag,430,False,0.817574,0.594903,0.753196,0.792489,True,True,True
mistral-small,thunderbird,2,rag,431,False,0.003594,0.594903,0.00245,0.003064,False,False,False
mistral-small,thunderbird,2,rag,432,True,0.996406,0.594903,0.994732,0.995785,True,True,True
mistral-small,thunderbird,2,rag,433,True,0.996406,0.594903,0.994732,0.995785,True,True,True
mistral-small,thunderbird,2,rag,434,True,0.998499,0.594903,0.997797,0.998239,True,True,True
mistral-small,thunderbird,2,rag,435,True,0.998675,0.594903,0.998055,0.998445,True,True,True
mistral-small,thunderbird,2,rag,436,False,0.012432,0.594903,0.008499,0.010613,False,False,False
mistral-small,thunderbird,2,rag,437,False,0.033086,0.594903,0.02277,0.028332,False,False,False
mistral-small,thunderbird,2,rag,438,False,0.008577,0.594903,0.005857,0.007318,False,False,False
mistral-small,thunderbird,2,rag,439,False,0.001501,0.594903,0.001023,0.001279,False,False,False
mistral-small,thunderbird,2,rag,440,True,0.99593,0.594903,0.994034,0.995227,True,True,True
mistral-small,thunderbird,2,rag,441,False,0.106691,0.594903,0.075211,0.092372,False,False,False
mistral-small,thunderbird,2,rag,442,True,0.99478,0.594903,0.992353,0.99388,True,True,True
mistral-small,thunderbird,2,rag,443,True,0.996827,0.594903,0.995348,0.996279,True,True,True
mistral-small,thunderbird,2,rag,444,True,0.996827,0.594903,0.995348,0.996279,True,True,True
mistral-small,thunderbird,2,rag,445,True,0.997199,0.594903,0.995892,0.996715,True,True,True
mistral-small,thunderbird,2,rag,446,True,0.992423,0.594903,0.988912,0.99112,True,True,True
mistral-small,thunderbird,2,rag,447,False,0.025957,0.594903,0.017823,0.022204,False,False,False
mistral-small,thunderbird,2,rag,448,False,0.025957,0.594903,0.017823,0.022204,False,False,False
mistral-small,thunderbird,2,rag,449,True,0.99478,0.594903,0.992353,0.99388,True,True,True
mistral-small,openstack,2,rag,450,True,0.468791,0.594903,0.375365,0.429226,False,False,False
mistral-small,openstack,2,rag,451,True,0.468791,0.594903,0.375365,0.429226,False,False,False
mistral-small,openstack,2,rag,452,False,0.201813,0.594903,0.146882,0.177262,False,False,False
mistral-small,openstack,2,rag,453,True,0.562177,0.594903,0.466483,0.522483,True,False,True
mistral-small,openstack,2,rag,454,False,0.437823,0.594903,0.346543,0.39891,False,False,False
mistral-small,openstack,2,rag,455,False,0.020332,0.594903,0.013936,0.017378,False,False,False
mistral-small,openstack,2,rag,456,False,0.245085,0.594903,0.181047,0.216699,False,False,False
mistral-small,openstack,2,rag,457,False,0.835484,0.594903,0.775691,0.812295,True,True,True
mistral-small,openstack,2,rag,458,False,0.939913,0.594903,0.914176,0.930215,True,True,True
mistral-small,openstack,2,rag,459,True,0.377541,0.594903,0.292294,0.340738,False,False,False
mistral-small,openstack,2,rag,460,True,0.562177,0.594903,0.466483,0.522483,True,False,True
mistral-small,openstack,2,rag,461,False,0.407333,0.594903,0.318805,0.36935,False,False,False
mistral-small,openstack,2,rag,462,True,0.106691,0.594903,0.075211,0.092372,False,False,False
mistral-small,openstack,2,rag,463,True,0.468791,0.594903,0.375365,0.429226,False,False,False
mistral-small,openstack,2,rag,464,True,0.835484,0.594903,0.775691,0.812295,True,True,True
mistral-small,openstack,2,rag,465,False,0.348645,0.594903,0.267123,0.313242,False,False,False
mistral-small,openstack,2,rag,466,True,0.5,0.594903,0.405097,0.460083,False,False,False
mistral-small,openstack,2,rag,467,True,0.468791,0.594903,0.375365,0.429226,False,False,False
mistral-small,openstack,2,rag,468,True,0.562177,0.594903,0.466483,0.522483,True,False,True
mistral-small,openstack,2,rag,469,True,0.468791,0.594903,0.375365,0.429226,False,False,False
mistral-small,openstack,2,rag,470,False,0.007577,0.594903,0.005172,0.006464,False,False,False
mistral-small,openstack,2,rag,471,True,0.914901,0.594903,0.87982,0.901588,True,True,True
mistral-small,openstack,2,rag,472,False,0.348645,0.594903,0.267123,0.313242,False,False,False
mistral-small,openstack,2,rag,473,True,0.164516,0.594903,0.118233,0.143686,False,False,False
mistral-small,openstack,2,rag,474,False,0.294215,0.594903,0.2211,0.262114,False,False,False
mistral-small,openstack,2,rag,475,True,0.377541,0.594903,0.292294,0.340738,False,False,False
mistral-small,openstack,2,rag,476,True,0.042088,0.594903,0.02905,0.036089,False,False,False
mistral-small,openstack,2,rag,477,False,0.010987,0.594903,0.007508,0.009378,False,False,False
mistral-small,openstack,2,rag,478,False,0.468791,0.594903,0.375365,0.429226,False,False,False
mistral-small,openstack,2,rag,479,True,0.164516,0.594903,0.118233,0.143686,False,False,False
mistral-small,openstack,2,rag,480,True,0.622459,0.594903,0.5289,0.584189,True,True,True
mistral-small,openstack,2,rag,481,True,0.914901,0.594903,0.87982,0.901588,True,True,True
mistral-small,openstack,2,rag,482,True,0.437823,0.594903,0.346543,0.39891,False,False,False
mistral-small,openstack,2,rag,483,True,0.731059,0.594903,0.649247,0.698463,True,True,True
mistral-small,openstack,2,rag,484,True,0.148047,0.594903,0.10581,0.12898,False,False,False
mistral-small,openstack,2,rag,485,False,0.164516,0.594903,0.118233,0.143686,False,False,False
mistral-small,openstack,2,rag,486,False,0.531209,0.594903,0.435543,0.491249,True,False,False
mistral-small,openstack,2,rag,487,False,0.5,0.594903,0.405097,0.460083,False,False,False
mistral-small,openstack,2,rag,488,False,0.022977,0.594903,0.015762,0.019647,False,False,False
mistral-small,openstack,2,rag,489,True,0.437823,0.594903,0.346543,0.39891,False,False,False
mistral-small,openstack,2,rag,490,False,0.268941,0.594903,0.200324,0.238666,False,False,False
mistral-small,openstack,2,rag,491,True,0.754915,0.594903,0.677155,0.72412,True,True,True
mistral-small,openstack,2,rag,492,True,0.880797,0.594903,0.834205,0.862948,True,True,True
mistral-small,openstack,2,rag,493,True,0.798187,0.594903,0.729232,0.771181,True,True,True
mistral-small,openstack,2,rag,494,False,0.268941,0.594903,0.200324,0.238666,False,False,False
mistral-small,openstack,2,rag,495,False,0.033086,0.594903,0.02277,0.028332,False,False,False
mistral-small,openstack,2,rag,496,False,0.014064,0.594903,0.00962,0.012009,False,False,False
mistral-small,openstack,2,rag,497,True,0.348645,0.594903,0.267123,0.313242,False,False,False
mistral-small,openstack,2,rag,498,True,0.798187,0.594903,0.729232,0.771181,True,True,True
mistral-small,openstack,2,rag,499,True,0.754915,0.594903,0.677155,0.72412,True,True,True
mistral-small,openstack,2,rag,500,True,0.893309,0.594903,0.85078,0.877072,True,True,True
mistral-small,openstack,2,rag,501,False,0.939913,0.594903,0.914176,0.930215,True,True,True
mistral-small,openstack,2,rag,502,False,0.015906,0.594903,0.010887,0.013586,False,False,False
mistral-small,openstack,2,rag,503,True,0.377541,0.594903,0.292294,0.340738,False,False,False
mistral-small,openstack,2,rag,504,True,0.622459,0.594903,0.5289,0.584189,True,True,True
mistral-small,openstack,2,rag,505,True,0.132964,0.594903,0.094553,0.115576,False,False,False
mistral-small,openstack,2,rag,506,False,0.268941,0.594903,0.200324,0.238666,False,False,False
mistral-small,openstack,2,rag,507,True,0.060087,0.594903,0.041716,0.051661,False,False,False
mistral-small,openstack,2,rag,508,False,0.245085,0.594903,0.181047,0.216699,False,False,False
mistral-small,openstack,2,rag,509,True,0.294215,0.594903,0.2211,0.262114,False,False,False
mistral-small,openstack,2,rag,510,True,0.851953,0.594903,0.796689,0.830615,True,True,True
mistral-small,openstack,2,rag,511,False,0.009708,0.594903,0.006632,0.008285,False,False,False
mistral-small,openstack,2,rag,512,False,0.033086,0.594903,0.02277,0.028332,False,False,False
mistral-small,openstack,2,rag,513,True,0.029312,0.594903,0.020149,0.025087,False,False,False
mistral-small,openstack,2,rag,514,False,0.562177,0.594903,0.466483,0.522483,True,False,True
mistral-small,openstack,2,rag,515,True,0.245085,0.594903,0.181047,0.216699,False,False,False
mistral-small,openstack,2,rag,516,False,0.294215,0.594903,0.2211,0.262114,False,False,False
mistral-small,openstack,2,rag,517,True,0.437823,0.594903,0.346543,0.39891,False,False,False
mistral-small,openstack,2,rag,518,False,0.562177,0.594903,0.466483,0.522483,True,False,True
mistral-small,openstack,2,rag,519,False,0.075858,0.594903,0.052937,0.065375,False,False,False
mistral-small,openstack,2,rag,520,False,0.017986,0.594903,0.012318,0.015368,False,False,False
mistral-small,openstack,2,rag,521,False,0.245085,0.594903,0.181047,0.216699,False,False,False
mistral-small,openstack,2,rag,522,True,0.5,0.594903,0.405097,0.460083,False,False,False
mistral-small,openstack,2,rag,523,False,0.5,0.594903,0.405097,0.460083,False,False,False
mistral-small,openstack,2,rag,524,False,0.407333,0.594903,0.318805,0.36935,False,False,False
mistral-small,openstack,2,rag,525,True,0.679179,0.594903,0.590427,0.643363,True,True,True
mistral-small,openstack,2,rag,526,False,0.245085,0.594903,0.181047,0.216699,False,False,False
mistral-small,openstack,2,rag,527,False,0.7773,0.594903,0.703856,0.74838,True,True,True
mistral-small,openstack,2,rag,528,True,0.009708,0.594903,0.006632,0.008285,False,False,False
mistral-small,openstack,2,rag,529,True,0.835484,0.594903,0.775691,0.812295,True,True,True
mistral-small,openstack,2,rag,530,False,0.407333,0.594903,0.318805,0.36935,False,False,False
mistral-small,openstack,2,rag,531,False,0.164516,0.594903,0.118233,0.143686,False,False,False
mistral-small,openstack,2,rag,532,True,0.7773,0.594903,0.703856,0.74838,True,True,True
mistral-small,openstack,2,rag,533,True,0.5,0.594903,0.405097,0.460083,False,False,False
mistral-small,openstack,2,rag,534,True,0.377541,0.594903,0.292294,0.340738,False,False,False
mistral-small,openstack,2,rag,535,True,0.651355,0.594903,0.559894,0.614198,True,True,True
mistral-small,openstack,2,rag,536,True,0.924142,0.594903,0.892423,0.912135,True,True,True
mistral-small,openstack,2,rag,537,True,0.268941,0.594903,0.200324,0.238666,False,False,False
mistral-small,openstack,2,rag,538,False,0.294215,0.594903,0.2211,0.262114,False,False,False
mistral-small,openstack,2,rag,539,False,0.268941,0.594903,0.200324,0.238666,False,False,False
mistral-small,openstack,2,rag,540,True,0.867036,0.594903,0.816188,0.847483,True,True,True
mistral-small,openstack,2,rag,541,False,0.7773,0.594903,0.703856,0.74838,True,True,True
mistral-small,openstack,2,rag,542,False,0.164516,0.594903,0.118233,0.143686,False,False,False
mistral-small,openstack,2,rag,543,True,0.015906,0.594903,0.010887,0.013586,False,False,False
mistral-small,openstack,2,rag,544,False,0.851953,0.594903,0.796689,0.830615,True,True,True
mistral-small,openstack,2,rag,545,False,0.817574,0.594903,0.753196,0.792489,True,True,True
mistral-small,openstack,2,rag,546,False,0.022977,0.594903,0.015762,0.019647,False,False,False
mistral-small,openstack,2,rag,547,True,0.148047,0.594903,0.10581,0.12898,False,False,False
mistral-small,openstack,2,rag,548,False,0.679179,0.594903,0.590427,0.643363,True,True,True
mistral-small,openstack,2,rag,549,True,0.904651,0.594903,0.865963,0.889927,True,True,True
mistral-small,openstack,2,rag,550,False,0.407333,0.594903,0.318805,0.36935,False,False,False
mistral-small,openstack,2,rag,551,False,0.015906,0.594903,0.010887,0.013586,False,False,False
mistral-small,openstack,2,rag,552,True,0.914901,0.594903,0.87982,0.901588,True,True,True
mistral-small,openstack,2,rag,553,True,0.437823,0.594903,0.346543,0.39891,False,False,False
mistral-small,openstack,2,rag,554,True,0.754915,0.594903,0.677155,0.72412,True,True,True
mistral-small,openstack,2,rag,555,True,0.651355,0.594903,0.559894,0.614198,True,True,True
mistral-small,openstack,2,rag,556,False,0.531209,0.594903,0.435543,0.491249,True,False,False
mistral-small,openstack,2,rag,557,False,0.053403,0.594903,0.036995,0.045869,False,False,False
mistral-small,openstack,2,rag,558,True,0.754915,0.594903,0.677155,0.72412,True,True,True
mistral-small,openstack,2,rag,559,False,0.294215,0.594903,0.2211,0.262114,False,False,False
mistral-small,openstack,2,rag,560,True,0.531209,0.594903,0.435543,0.491249,True,False,False
mistral-small,openstack,2,rag,561,False,0.798187,0.594903,0.729232,0.771181,True,True,True
mistral-small,openstack,2,rag,562,True,0.924142,0.594903,0.892423,0.912135,True,True,True
mistral-small,openstack,2,rag,563,False,0.182426,0.594903,0.131899,0.159761,False,False,False
mistral-small,openstack,2,rag,564,True,0.952574,0.594903,0.931867,0.944799,True,True,True
mistral-small,openstack,2,rag,565,False,0.042088,0.594903,0.02905,0.036089,False,False,False
mistral-small,openstack,2,rag,566,False,0.037327,0.594903,0.025724,0.031984,False,False,False
mistral-small,openstack,2,rag,567,True,0.952574,0.594903,0.931867,0.944799,True,True,True
mistral-small,openstack,2,rag,568,True,0.731059,0.594903,0.649247,0.698463,True,True,True
mistral-small,openstack,2,rag,569,False,0.201813,0.594903,0.146882,0.177262,False,False,False
mistral-small,openstack,2,rag,570,False,0.437823,0.594903,0.346543,0.39891,False,False,False
mistral-small,openstack,2,rag,571,True,0.754915,0.594903,0.677155,0.72412,True,True,True
mistral-small,openstack,2,rag,572,True,0.437823,0.594903,0.346543,0.39891,False,False,False
mistral-small,openstack,2,rag,573,False,0.592667,0.594903,0.497683,0.553542,True,False,True
mistral-small,openstack,2,rag,574,False,0.468791,0.594903,0.375365,0.429226,False,False,False
mistral-small,openstack,2,rag,575,False,0.754915,0.594903,0.677155,0.72412,True,True,True
mistral-small,openstack,2,rag,576,False,0.245085,0.594903,0.181047,0.216699,False,False,False
mistral-small,openstack,2,rag,577,False,0.562177,0.594903,0.466483,0.522483,True,False,True
mistral-small,openstack,2,rag,578,False,0.437823,0.594903,0.346543,0.39891,False,False,False
mistral-small,openstack,2,rag,579,True,0.592667,0.594903,0.497683,0.553542,True,False,True
mistral-small,openstack,2,rag,580,False,0.268941,0.594903,0.200324,0.238666,False,False,False
mistral-small,openstack,2,rag,581,False,0.268941,0.594903,0.200324,0.238666,False,False,False
mistral-small,openstack,2,rag,582,False,0.268941,0.594903,0.200324,0.238666,False,False,False
mistral-small,openstack,2,rag,583,True,0.798187,0.594903,0.729232,0.771181,True,True,True
mistral-small,openstack,2,rag,584,False,0.017986,0.594903,0.012318,0.015368,False,False,False
mistral-small,openstack,2,rag,585,True,0.962673,0.594903,0.946126,0.956478,True,True,True
mistral-small,openstack,2,rag,586,True,0.245085,0.594903,0.181047,0.216699,False,False,False
mistral-small,openstack,2,rag,587,False,0.020332,0.594903,0.013936,0.017378,False,False,False
mistral-small,openstack,2,rag,588,False,0.268941,0.594903,0.200324,0.238666,False,False,False
mistral-small,openstack,2,rag,589,True,0.562177,0.594903,0.466483,0.522483,True,False,True
mistral-small,openstack,2,rag,590,False,0.029312,0.594903,0.020149,0.025087,False,False,False
mistral-small,openstack,2,rag,591,True,0.2227,0.594903,0.163246,0.196233,False,False,False
mistral-small,openstack,2,rag,592,False,0.148047,0.594903,0.10581,0.12898,False,False,False
mistral-small,openstack,2,rag,593,True,0.320821,0.594903,0.243374,0.286998,False,False,False
mistral-small,openstack,2,rag,594,True,0.893309,0.594903,0.85078,0.877072,True,True,True
mistral-small,openstack,2,rag,595,False,0.053403,0.594903,0.036995,0.045869,False,False,False
mistral-small,openstack,2,rag,596,True,0.201813,0.594903,0.146882,0.177262,False,False,False
mistral-small,openstack,2,rag,597,False,0.377541,0.594903,0.292294,0.340738,False,False,False
mistral-small,openstack,2,rag,598,False,0.037503,0.594903,0.025847,0.032136,False,False,False
mistral-small,openstack,2,rag,599,True,0.348641,0.594903,0.267119,0.313238,False,False,False
