model,dataset,seed,prompt_style,incident_id,ground_truth_is_anomaly,p_true_raw,p_true_cf,p_true_cc,p_true_bc,pred_raw,pred_cc,pred_bc
qwen2.5-14b,bgl,3,zero_shot,0,False,0.999569,0.090722,0.999957,0.997979,True,True,True
qwen2.5-14b,bgl,3,zero_shot,1,True,0.999976,0.090722,0.999998,0.999886,True,True,True
qwen2.5-14b,bgl,3,zero_shot,2,True,0.99929,0.090722,0.999929,0.996673,True,True,True
qwen2.5-14b,bgl,3,zero_shot,3,False,0.880797,0.090722,0.986677,0.611184,True,True,True
qwen2.5-14b,bgl,3,zero_shot,4,True,0.999089,0.090722,0.999909,0.995732,True,True,True
qwen2.5-14b,bgl,3,zero_shot,5,True,0.999089,0.090722,0.999909,0.995732,True,True,True
qwen2.5-14b,bgl,3,zero_shot,6,False,0.999374,0.090722,0.999937,0.997063,True,True,True
qwen2.5-14b,bgl,3,zero_shot,7,False,0.999955,0.090722,0.999995,0.999787,True,True,True
qwen2.5-14b,bgl,3,zero_shot,8,True,0.999949,0.090722,0.999995,0.999758,True,True,True
qwen2.5-14b,bgl,3,zero_shot,9,True,0.999089,0.090722,0.999909,0.995732,True,True,True
qwen2.5-14b,bgl,3,zero_shot,10,True,0.999985,0.090722,0.999999,0.999931,True,True,True
qwen2.5-14b,bgl,3,zero_shot,11,False,0.999934,0.090722,0.999993,0.99969,True,True,True
qwen2.5-14b,bgl,3,zero_shot,12,False,0.320821,0.090722,0.825614,0.091313,False,True,False
qwen2.5-14b,bgl,3,zero_shot,13,True,0.999995,0.090722,0.999999,0.999975,True,True,True
qwen2.5-14b,bgl,3,zero_shot,14,True,0.99929,0.090722,0.999929,0.996673,True,True,True
qwen2.5-14b,bgl,3,zero_shot,15,False,0.468791,0.090722,0.898426,0.158063,False,True,False
qwen2.5-14b,bgl,3,zero_shot,16,True,0.999089,0.090722,0.999909,0.995732,True,True,True
qwen2.5-14b,bgl,3,zero_shot,17,True,0.99929,0.090722,0.999929,0.996673,True,True,True
qwen2.5-14b,bgl,3,zero_shot,18,False,0.998073,0.090722,0.999807,0.991007,True,True,True
qwen2.5-14b,bgl,3,zero_shot,19,True,0.99929,0.090722,0.999929,0.996673,True,True,True
qwen2.5-14b,bgl,3,zero_shot,20,True,0.999979,0.090722,0.999998,0.999899,True,True,True
qwen2.5-14b,bgl,3,zero_shot,21,True,0.999089,0.090722,0.999909,0.995732,True,True,True
qwen2.5-14b,bgl,3,zero_shot,22,False,0.053403,0.090722,0.361203,0.011859,False,False,False
qwen2.5-14b,bgl,3,zero_shot,23,True,0.999955,0.090722,0.999995,0.999787,True,True,True
qwen2.5-14b,bgl,3,zero_shot,24,False,0.000296,0.090722,0.002958,6.3e-05,False,False,False
qwen2.5-14b,bgl,3,zero_shot,25,False,0.999995,0.090722,1.0,0.999978,True,True,True
qwen2.5-14b,bgl,3,zero_shot,26,True,0.999972,0.090722,0.999997,0.999871,True,True,True
qwen2.5-14b,bgl,3,zero_shot,27,True,0.999089,0.090722,0.999909,0.995732,True,True,True
qwen2.5-14b,bgl,3,zero_shot,28,False,0.999965,0.090722,0.999996,0.999834,True,True,True
qwen2.5-14b,bgl,3,zero_shot,29,True,0.999089,0.090722,0.999909,0.995732,True,True,True
qwen2.5-14b,bgl,3,zero_shot,30,True,0.999089,0.090722,0.999909,0.995732,True,True,True
qwen2.5-14b,bgl,3,zero_shot,31,False,0.999447,0.090722,0.999945,0.997407,True,True,True
qwen2.5-14b,bgl,3,zero_shot,32,False,0.468791,0.090722,0.898426,0.158063,False,True,False
qwen2.5-14b,bgl,3,zero_shot,33,True,0.999993,0.090722,0.999999,0.999967,True,True,True
qwen2.5-14b,bgl,3,zero_shot,34,True,0.99929,0.090722,0.999929,0.996673,True,True,True
qwen2.5-14b,bgl,3,zero_shot,35,False,0.999904,0.090722,0.99999,0.999548,True,True,True
qwen2.5-14b,bgl,3,zero_shot,36,False,0.999877,0.090722,0.999988,0.99942,True,True,True
qwen2.5-14b,bgl,3,zero_shot,37,False,0.99539,0.090722,0.999538,0.978695,True,True,True
qwen2.5-14b,bgl,3,zero_shot,38,False,0.999995,0.090722,1.0,0.999978,True,True,True
qwen2.5-14b,bgl,3,zero_shot,39,True,0.999942,0.090722,0.999994,0.999726,True,True,True
qwen2.5-14b,bgl,3,zero_shot,40,True,0.999089,0.090722,0.999909,0.995732,True,True,True
qwen2.5-14b,bgl,3,zero_shot,41,False,0.020332,0.090722,0.172195,0.004396,False,False,False
qwen2.5-14b,bgl,3,zero_shot,42,True,0.99929,0.090722,0.999929,0.996673,True,True,True
qwen2.5-14b,bgl,3,zero_shot,43,True,0.99929,0.090722,0.999929,0.996673,True,True,True
qwen2.5-14b,bgl,3,zero_shot,44,True,0.999089,0.090722,0.999909,0.995732,True,True,True
qwen2.5-14b,bgl,3,zero_shot,45,False,0.999955,0.090722,0.999995,0.999787,True,True,True
qwen2.5-14b,bgl,3,zero_shot,46,True,0.99999,0.090722,0.999999,0.999952,True,True,True
qwen2.5-14b,bgl,3,zero_shot,47,True,0.999089,0.090722,0.999909,0.995732,True,True,True
qwen2.5-14b,bgl,3,zero_shot,48,False,0.997199,0.090722,0.99972,0.986969,True,True,True
qwen2.5-14b,bgl,3,zero_shot,49,True,0.999089,0.090722,0.999909,0.995732,True,True,True
qwen2.5-14b,bgl,3,zero_shot,50,True,0.999089,0.090722,0.999909,0.995732,True,True,True
qwen2.5-14b,bgl,3,zero_shot,51,True,0.999089,0.090722,0.999909,0.995732,True,True,True
qwen2.5-14b,bgl,3,zero_shot,52,True,0.999877,0.090722,0.999988,0.99942,True,True,True
qwen2.5-14b,bgl,3,zero_shot,53,False,0.148047,0.090722,0.635261,0.03565,False,True,False
qwen2.5-14b,bgl,3,zero_shot,54,False,0.999904,0.090722,0.99999,0.999548,True,True,True
qwen2.5-14b,bgl,3,zero_shot,55,False,0.999891,0.090722,0.999989,0.999488,True,True,True
qwen2.5-14b,bgl,3,zero_shot,56,False,0.999925,0.090722,0.999993,0.999648,True,True,True
qwen2.5-14b,bgl,3,zero_shot,57,False,0.999089,0.090722,0.999909,0.995732,True,True,True
qwen2.5-14b,bgl,3,zero_shot,58,False,0.999998,0.090722,1.0,0.999991,True,True,True
qwen2.5-14b,bgl,3,zero_shot,59,True,0.999997,0.090722,1.0,0.999988,True,True,True
qwen2.5-14b,bgl,3,zero_shot,60,False,0.245085,0.090722,0.764921,0.064603,False,True,False
qwen2.5-14b,bgl,3,zero_shot,61,True,0.999991,0.090722,0.999999,0.999958,True,True,True
qwen2.5-14b,bgl,3,zero_shot,62,True,0.99929,0.090722,0.999929,0.996673,True,True,True
qwen2.5-14b,bgl,3,zero_shot,63,False,0.999904,0.090722,0.99999,0.999548,True,True,True
qwen2.5-14b,bgl,3,zero_shot,64,False,0.999877,0.090722,0.999988,0.99942,True,True,True
qwen2.5-14b,bgl,3,zero_shot,65,False,0.002183,0.090722,0.021454,0.000465,False,False,False
qwen2.5-14b,bgl,3,zero_shot,66,True,0.999089,0.090722,0.999909,0.995732,True,True,True
qwen2.5-14b,bgl,3,zero_shot,67,False,0.999955,0.090722,0.999995,0.999787,True,True,True
qwen2.5-14b,bgl,3,zero_shot,68,True,0.99929,0.090722,0.999929,0.996673,True,True,True
qwen2.5-14b,bgl,3,zero_shot,69,False,0.982014,0.090722,0.998176,0.920729,True,True,True
qwen2.5-14b,bgl,3,zero_shot,70,True,0.999089,0.090722,0.999909,0.995732,True,True,True
qwen2.5-14b,bgl,3,zero_shot,71,False,0.999998,0.090722,1.0,0.999991,True,True,True
qwen2.5-14b,bgl,3,zero_shot,72,False,0.999942,0.090722,0.999994,0.999726,True,True,True
qwen2.5-14b,bgl,3,zero_shot,73,False,0.00117,0.090722,0.011599,0.000249,False,False,False
qwen2.5-14b,bgl,3,zero_shot,74,False,0.982014,0.090722,0.998176,0.920729,True,True,True
qwen2.5-14b,bgl,3,zero_shot,75,True,0.999877,0.090722,0.999988,0.99942,True,True,True
qwen2.5-14b,bgl,3,zero_shot,76,False,0.999665,0.090722,0.999967,0.998426,True,True,True
qwen2.5-14b,bgl,3,zero_shot,77,False,0.999842,0.090722,0.999984,0.999256,True,True,True
qwen2.5-14b,bgl,3,zero_shot,78,False,0.999739,0.090722,0.999974,0.998773,True,True,True
qwen2.5-14b,bgl,3,zero_shot,79,True,0.999089,0.090722,0.999909,0.995732,True,True,True
qwen2.5-14b,bgl,3,zero_shot,80,False,0.999196,0.090722,0.99992,0.996231,True,True,True
qwen2.5-14b,bgl,3,zero_shot,81,False,0.999934,0.090722,0.999993,0.99969,True,True,True
qwen2.5-14b,bgl,3,zero_shot,82,True,0.99929,0.090722,0.999929,0.996673,True,True,True
qwen2.5-14b,bgl,3,zero_shot,83,True,0.999904,0.090722,0.99999,0.999548,True,True,True
qwen2.5-14b,bgl,3,zero_shot,84,False,0.999955,0.090722,0.999995,0.999787,True,True,True
qwen2.5-14b,bgl,3,zero_shot,85,False,0.99982,0.090722,0.999982,0.999157,True,True,True
qwen2.5-14b,bgl,3,zero_shot,86,True,0.99478,0.090722,0.999477,0.975927,True,True,True
qwen2.5-14b,bgl,3,zero_shot,87,True,0.99996,0.090722,0.999996,0.999812,True,True,True
qwen2.5-14b,bgl,3,zero_shot,88,True,0.999991,0.090722,0.999999,0.999958,True,True,True
qwen2.5-14b,bgl,3,zero_shot,89,True,0.999089,0.090722,0.999909,0.995732,True,True,True
qwen2.5-14b,bgl,3,zero_shot,90,True,0.999089,0.090722,0.999909,0.995732,True,True,True
qwen2.5-14b,bgl,3,zero_shot,91,True,0.999915,0.090722,0.999992,0.999601,True,True,True
qwen2.5-14b,bgl,3,zero_shot,92,False,0.999877,0.090722,0.999988,0.99942,True,True,True
qwen2.5-14b,bgl,3,zero_shot,93,False,0.99986,0.090722,0.999986,0.999343,True,True,True
qwen2.5-14b,bgl,3,zero_shot,94,True,0.999089,0.090722,0.999909,0.995732,True,True,True
qwen2.5-14b,bgl,3,zero_shot,95,False,0.201813,0.090722,0.717045,0.051042,False,True,False
qwen2.5-14b,bgl,3,zero_shot,96,False,0.075858,0.090722,0.451367,0.017163,False,False,False
qwen2.5-14b,bgl,3,zero_shot,97,True,0.999089,0.090722,0.999909,0.995732,True,True,True
qwen2.5-14b,bgl,3,zero_shot,98,False,0.320821,0.090722,0.825614,0.091313,False,True,False
qwen2.5-14b,bgl,3,zero_shot,99,False,0.999976,0.090722,0.999998,0.999886,True,True,True
qwen2.5-14b,bgl,3,zero_shot,100,False,0.999915,0.090722,0.999992,0.999601,True,True,True
qwen2.5-14b,bgl,3,zero_shot,101,True,0.99929,0.090722,0.999929,0.996673,True,True,True
qwen2.5-14b,bgl,3,zero_shot,102,False,0.001325,0.090722,0.013123,0.000282,False,False,False
qwen2.5-14b,bgl,3,zero_shot,103,True,0.999089,0.090722,0.999909,0.995732,True,True,True
qwen2.5-14b,bgl,3,zero_shot,104,False,0.999569,0.090722,0.999957,0.997979,True,True,True
qwen2.5-14b,bgl,3,zero_shot,105,False,0.622459,0.090722,0.942938,0.259665,True,True,False
qwen2.5-14b,bgl,3,zero_shot,106,True,0.999089,0.090722,0.999909,0.995732,True,True,True
qwen2.5-14b,bgl,3,zero_shot,107,True,0.999089,0.090722,0.999909,0.995732,True,True,True
qwen2.5-14b,bgl,3,zero_shot,108,True,0.999089,0.090722,0.999909,0.995732,True,True,True
qwen2.5-14b,bgl,3,zero_shot,109,True,0.99996,0.090722,0.999996,0.999812,True,True,True
qwen2.5-14b,bgl,3,zero_shot,110,False,0.989013,0.090722,0.998893,0.950372,True,True,True
qwen2.5-14b,bgl,3,zero_shot,111,False,0.000335,0.090722,0.003351,7.1e-05,False,False,False
qwen2.5-14b,bgl,3,zero_shot,112,True,0.999089,0.090722,0.999909,0.995732,True,True,True
qwen2.5-14b,bgl,3,zero_shot,113,False,0.989013,0.090722,0.998893,0.950372,True,True,True
qwen2.5-14b,bgl,3,zero_shot,114,True,0.99996,0.090722,0.999996,0.999812,True,True,True
qwen2.5-14b,bgl,3,zero_shot,115,False,0.999983,0.090722,0.999998,0.999921,True,True,True
qwen2.5-14b,bgl,3,zero_shot,116,True,0.999089,0.090722,0.999909,0.995732,True,True,True
qwen2.5-14b,bgl,3,zero_shot,117,False,0.164516,0.090722,0.663706,0.040206,False,True,False
qwen2.5-14b,bgl,3,zero_shot,118,True,0.999904,0.090722,0.99999,0.999548,True,True,True
qwen2.5-14b,bgl,3,zero_shot,119,False,0.999987,0.090722,0.999999,0.999939,True,True,True
qwen2.5-14b,bgl,3,zero_shot,120,False,0.999569,0.090722,0.999957,0.997979,True,True,True
qwen2.5-14b,bgl,3,zero_shot,121,True,0.999089,0.090722,0.999909,0.995732,True,True,True
qwen2.5-14b,bgl,3,zero_shot,122,False,0.999447,0.090722,0.999945,0.997407,True,True,True
qwen2.5-14b,bgl,3,zero_shot,123,True,0.999942,0.090722,0.999994,0.999726,True,True,True
qwen2.5-14b,bgl,3,zero_shot,124,False,0.999983,0.090722,0.999998,0.999921,True,True,True
qwen2.5-14b,bgl,3,zero_shot,125,True,0.999089,0.090722,0.999909,0.995732,True,True,True
qwen2.5-14b,bgl,3,zero_shot,126,True,0.999904,0.090722,0.99999,0.999548,True,True,True
qwen2.5-14b,bgl,3,zero_shot,127,True,0.999089,0.090722,0.999909,0.995732,True,True,True
qwen2.5-14b,bgl,3,zero_shot,128,False,0.003173,0.090722,0.030914,0.000677,False,False,False
qwen2.5-14b,bgl,3,zero_shot,129,False,0.99996,0.090722,0.999996,0.999812,True,True,True
qwen2.5-14b,bgl,3,zero_shot,130,True,0.99929,0.090722,0.999929,0.996673,True,True,True
qwen2.5-14b,bgl,3,zero_shot,131,True,0.999089,0.090722,0.999909,0.995732,True,True,True
qwen2.5-14b,bgl,3,zero_shot,132,False,0.060087,0.090722,0.390515,0.013417,False,False,False
qwen2.5-14b,bgl,3,zero_shot,133,False,0.970688,0.090722,0.996996,0.875696,True,True,True
qwen2.5-14b,bgl,3,zero_shot,134,False,0.999925,0.090722,0.999993,0.999648,True,True,True
qwen2.5-14b,bgl,3,zero_shot,135,False,0.999704,0.090722,0.99997,0.99861,True,True,True
qwen2.5-14b,bgl,3,zero_shot,136,True,0.99996,0.090722,0.999996,0.999812,True,True,True
qwen2.5-14b,bgl,3,zero_shot,137,False,0.999665,0.090722,0.999967,0.998426,True,True,True
qwen2.5-14b,bgl,3,zero_shot,138,True,0.999089,0.090722,0.999909,0.995732,True,True,True
qwen2.5-14b,bgl,3,zero_shot,139,True,0.999089,0.090722,0.999909,0.995732,True,True,True
qwen2.5-14b,bgl,3,zero_shot,140,False,0.999915,0.090722,0.999992,0.999601,True,True,True
qwen2.5-14b,bgl,3,zero_shot,141,False,0.007577,0.090722,0.071085,0.001622,False,False,False
qwen2.5-14b,bgl,3,zero_shot,142,True,0.992423,0.090722,0.999239,0.965353,True,True,True
qwen2.5-14b,bgl,3,zero_shot,143,False,0.99986,0.090722,0.999986,0.999343,True,True,True
qwen2.5-14b,bgl,3,zero_shot,144,True,0.999934,0.090722,0.999993,0.99969,True,True,True
qwen2.5-14b,bgl,3,zero_shot,145,False,0.982014,0.090722,0.998176,0.920729,True,True,True
qwen2.5-14b,bgl,3,zero_shot,146,True,0.999089,0.090722,0.999909,0.995732,True,True,True
qwen2.5-14b,bgl,3,zero_shot,147,True,0.999089,0.090722,0.999909,0.995732,True,True,True
qwen2.5-14b,bgl,3,zero_shot,148,False,0.997817,0.090722,0.999782,0.989822,True,True,True
qwen2.5-14b,bgl,3,zero_shot,149,True,0.999985,0.090722,0.999999,0.999931,True,True,True
qwen2.5-14b,hdfs,3,zero_shot,150,True,0.010987,0.090722,0.100187,0.002358,False,False,False
qwen2.5-14b,hdfs,3,zero_shot,151,True,0.060087,0.090722,0.390515,0.013417,False,False,False
qwen2.5-14b,hdfs,3,zero_shot,152,True,0.998675,0.090722,0.999868,0.993802,True,True,True
qwen2.5-14b,hdfs,3,zero_shot,153,True,0.294215,0.090722,0.806878,0.081457,False,True,False
qwen2.5-14b,hdfs,3,zero_shot,154,True,0.000911,0.090722,0.009057,0.000194,False,False,False
qwen2.5-14b,hdfs,3,zero_shot,155,False,0.705785,0.090722,0.960069,0.337891,True,True,False
qwen2.5-14b,hdfs,3,zero_shot,156,False,0.020332,0.090722,0.172195,0.004396,False,False,False
qwen2.5-14b,hdfs,3,zero_shot,157,True,0.562177,0.090722,0.927899,0.214551,True,True,False
qwen2.5-14b,hdfs,3,zero_shot,158,True,0.407333,0.090722,0.873233,0.12756,False,True,False
qwen2.5-14b,hdfs,3,zero_shot,159,False,0.037327,0.090722,0.279862,0.008181,False,False,False
qwen2.5-14b,hdfs,3,zero_shot,160,False,0.067547,0.090722,0.42064,0.015177,False,False,False
qwen2.5-14b,hdfs,3,zero_shot,161,False,0.053403,0.090722,0.361203,0.011859,False,False,False
qwen2.5-14b,hdfs,3,zero_shot,162,True,0.201813,0.090722,0.717045,0.051042,False,True,False
qwen2.5-14b,hdfs,3,zero_shot,163,False,0.999739,0.090722,0.999974,0.998773,True,True,True
qwen2.5-14b,hdfs,3,zero_shot,164,False,0.2227,0.090722,0.741706,0.057448,False,True,False
qwen2.5-14b,hdfs,3,zero_shot,165,False,0.182426,0.090722,0.691012,0.045317,False,True,False
qwen2.5-14b,hdfs,3,zero_shot,166,False,0.705785,0.090722,0.960069,0.337891,True,True,False
qwen2.5-14b,hdfs,3,zero_shot,167,True,0.022977,0.090722,0.19075,0.004978,False,False,False
qwen2.5-14b,hdfs,3,zero_shot,168,False,0.022977,0.090722,0.19075,0.004978,False,False,False
qwen2.5-14b,hdfs,3,zero_shot,169,False,0.033086,0.090722,0.255375,0.007227,False,False,False
qwen2.5-14b,hdfs,3,zero_shot,170,False,0.000911,0.090722,0.009057,0.000194,False,False,False
qwen2.5-14b,hdfs,3,zero_shot,171,False,0.132964,0.090722,0.605839,0.031593,False,True,False
qwen2.5-14b,hdfs,3,zero_shot,172,True,0.00461,0.090722,0.044356,0.000984,False,False,False
qwen2.5-14b,hdfs,3,zero_shot,173,True,0.001501,0.090722,0.014845,0.00032,False,False,False
qwen2.5-14b,hdfs,3,zero_shot,174,False,0.201813,0.090722,0.717045,0.051042,False,True,False
qwen2.5-14b,hdfs,3,zero_shot,175,False,0.798187,0.090722,0.975394,0.45693,True,True,False
qwen2.5-14b,hdfs,3,zero_shot,176,True,0.007577,0.090722,0.071085,0.001622,False,False,False
qwen2.5-14b,hdfs,3,zero_shot,177,True,0.182426,0.090722,0.691012,0.045317,False,True,False
qwen2.5-14b,hdfs,3,zero_shot,178,False,0.119203,0.090722,0.575628,0.027985,False,True,False
qwen2.5-14b,hdfs,3,zero_shot,179,False,0.022977,0.090722,0.19075,0.004978,False,False,False
qwen2.5-14b,hdfs,3,zero_shot,180,True,0.003594,0.090722,0.034886,0.000767,False,False,False
qwen2.5-14b,hdfs,3,zero_shot,181,False,0.085099,0.090722,0.48247,0.019403,False,False,False
qwen2.5-14b,hdfs,3,zero_shot,182,True,0.893309,0.090722,0.988224,0.640444,True,True,True
qwen2.5-14b,hdfs,3,zero_shot,183,True,0.562177,0.090722,0.927899,0.214551,True,True,False
qwen2.5-14b,hdfs,3,zero_shot,184,True,0.998073,0.090722,0.999807,0.991007,True,True,True
qwen2.5-14b,hdfs,3,zero_shot,185,False,0.003594,0.090722,0.034886,0.000767,False,False,False
qwen2.5-14b,hdfs,3,zero_shot,186,True,8.5e-05,0.090722,0.000849,1.8e-05,False,False,False
qwen2.5-14b,hdfs,3,zero_shot,187,False,0.037327,0.090722,0.279862,0.008181,False,False,False
qwen2.5-14b,hdfs,3,zero_shot,188,True,0.075858,0.090722,0.451367,0.017163,False,False,False
qwen2.5-14b,hdfs,3,zero_shot,189,False,0.000553,0.090722,0.005513,0.000118,False,False,False
qwen2.5-14b,hdfs,3,zero_shot,190,True,0.007577,0.090722,0.071085,0.001622,False,False,False
qwen2.5-14b,hdfs,3,zero_shot,191,True,0.025957,0.090722,0.210794,0.005637,False,False,False
qwen2.5-14b,hdfs,3,zero_shot,192,False,0.119203,0.090722,0.575628,0.027985,False,True,False
qwen2.5-14b,hdfs,3,zero_shot,193,True,0.407333,0.090722,0.873233,0.12756,False,True,False
qwen2.5-14b,hdfs,3,zero_shot,194,True,0.003173,0.090722,0.030914,0.000677,False,False,False
qwen2.5-14b,hdfs,3,zero_shot,195,False,0.348645,0.090722,0.842885,0.102228,False,True,False
qwen2.5-14b,hdfs,3,zero_shot,196,False,0.022977,0.090722,0.19075,0.004978,False,False,False
qwen2.5-14b,hdfs,3,zero_shot,197,True,0.010987,0.090722,0.100187,0.002358,False,False,False
qwen2.5-14b,hdfs,3,zero_shot,198,True,0.132964,0.090722,0.605839,0.031593,False,True,False
qwen2.5-14b,hdfs,3,zero_shot,199,True,0.009708,0.090722,0.089468,0.002081,False,False,False
qwen2.5-14b,hdfs,3,zero_shot,200,False,0.015906,0.090722,0.139416,0.003427,False,False,False
qwen2.5-14b,hdfs,3,zero_shot,201,True,0.996827,0.090722,0.999683,0.985259,True,True,True
qwen2.5-14b,hdfs,3,zero_shot,202,True,0.095349,0.090722,0.51371,0.02193,False,True,False
qwen2.5-14b,hdfs,3,zero_shot,203,False,0.003173,0.090722,0.030914,0.000677,False,False,False
qwen2.5-14b,hdfs,3,zero_shot,204,True,0.000553,0.090722,0.005513,0.000118,False,False,False
qwen2.5-14b,hdfs,3,zero_shot,205,False,0.001927,0.090722,0.018981,0.000411,False,False,False
qwen2.5-14b,hdfs,3,zero_shot,206,False,0.008577,0.090722,0.079794,0.001837,False,False,False
qwen2.5-14b,hdfs,3,zero_shot,207,False,0.015906,0.090722,0.139416,0.003427,False,False,False
qwen2.5-14b,hdfs,3,zero_shot,208,False,0.407333,0.090722,0.873233,0.12756,False,True,False
qwen2.5-14b,hdfs,3,zero_shot,209,True,0.294215,0.090722,0.806878,0.081457,False,True,False
qwen2.5-14b,hdfs,3,zero_shot,210,False,0.798187,0.090722,0.975394,0.45693,True,True,False
qwen2.5-14b,hdfs,3,zero_shot,211,True,0.095349,0.090722,0.51371,0.02193,False,True,False
qwen2.5-14b,hdfs,3,zero_shot,212,False,0.119203,0.090722,0.575628,0.027985,False,True,False
qwen2.5-14b,hdfs,3,zero_shot,213,True,0.033086,0.090722,0.255375,0.007227,False,False,False
qwen2.5-14b,hdfs,3,zero_shot,214,True,0.042088,0.090722,0.305732,0.00926,False,False,False
qwen2.5-14b,hdfs,3,zero_shot,215,True,0.119203,0.090722,0.575628,0.027985,False,True,False
qwen2.5-14b,hdfs,3,zero_shot,216,False,0.014064,0.090722,0.125083,0.003025,False,False,False
qwen2.5-14b,hdfs,3,zero_shot,217,False,0.001501,0.090722,0.014845,0.00032,False,False,False
qwen2.5-14b,hdfs,3,zero_shot,218,True,0.754915,0.090722,0.968625,0.395869,True,True,False
qwen2.5-14b,hdfs,3,zero_shot,219,False,0.268941,0.090722,0.786651,0.072581,False,True,False
qwen2.5-14b,hdfs,3,zero_shot,220,False,0.010987,0.090722,0.100187,0.002358,False,False,False
qwen2.5-14b,hdfs,3,zero_shot,221,False,0.592667,0.090722,0.935827,0.236366,True,True,False
qwen2.5-14b,hdfs,3,zero_shot,222,True,0.00407,0.090722,0.039349,0.000869,False,False,False
qwen2.5-14b,hdfs,3,zero_shot,223,True,0.017986,0.090722,0.1551,0.003881,False,False,False
qwen2.5-14b,hdfs,3,zero_shot,224,False,0.047426,0.090722,0.332889,0.01048,False,False,False
qwen2.5-14b,hdfs,3,zero_shot,225,False,0.437823,0.090722,0.886437,0.14213,False,True,False
qwen2.5-14b,hdfs,3,zero_shot,226,True,0.835484,0.090722,0.980732,0.519313,True,True,True
qwen2.5-14b,hdfs,3,zero_shot,227,True,0.022977,0.090722,0.19075,0.004978,False,False,False
qwen2.5-14b,hdfs,3,zero_shot,228,True,0.014064,0.090722,0.125083,0.003025,False,False,False
qwen2.5-14b,hdfs,3,zero_shot,229,False,0.003594,0.090722,0.034886,0.000767,False,False,False
qwen2.5-14b,hdfs,3,zero_shot,230,False,0.009708,0.090722,0.089468,0.002081,False,False,False
qwen2.5-14b,hdfs,3,zero_shot,231,False,0.017986,0.090722,0.1551,0.003881,False,False,False
qwen2.5-14b,hdfs,3,zero_shot,232,True,0.033086,0.090722,0.255375,0.007227,False,False,False
qwen2.5-14b,hdfs,3,zero_shot,233,False,0.095349,0.090722,0.51371,0.02193,False,True,False
qwen2.5-14b,hdfs,3,zero_shot,234,False,0.904651,0.090722,0.989593,0.668696,True,True,True
qwen2.5-14b,hdfs,3,zero_shot,235,True,0.006693,0.090722,0.06326,0.001431,False,False,False
qwen2.5-14b,hdfs,3,zero_shot,236,True,0.000553,0.090722,0.005513,0.000118,False,False,False
qwen2.5-14b,hdfs,3,zero_shot,237,False,0.010987,0.090722,0.100187,0.002358,False,False,False
qwen2.5-14b,hdfs,3,zero_shot,238,True,0.000109,0.090722,0.00109,2.3e-05,False,False,False
qwen2.5-14b,hdfs,3,zero_shot,239,True,0.106691,0.090722,0.544842,0.024778,False,True,False
qwen2.5-14b,hdfs,3,zero_shot,240,False,9.6e-05,0.090722,0.000962,2e-05,False,False,False
qwen2.5-14b,hdfs,3,zero_shot,241,True,0.085099,0.090722,0.48247,0.019403,False,False,False
qwen2.5-14b,hdfs,3,zero_shot,242,True,0.957912,0.090722,0.995635,0.828821,True,True,True
qwen2.5-14b,hdfs,3,zero_shot,243,False,0.201813,0.090722,0.717045,0.051042,False,True,False
qwen2.5-14b,hdfs,3,zero_shot,244,True,0.132964,0.090722,0.605839,0.031593,False,True,False
qwen2.5-14b,hdfs,3,zero_shot,245,True,0.182426,0.090722,0.691012,0.045317,False,True,False
qwen2.5-14b,hdfs,3,zero_shot,246,False,0.010987,0.090722,0.100187,0.002358,False,False,False
qwen2.5-14b,hdfs,3,zero_shot,247,False,0.132964,0.090722,0.605839,0.031593,False,True,False
qwen2.5-14b,hdfs,3,zero_shot,248,True,0.851953,0.090722,0.982957,0.550401,True,True,True
qwen2.5-14b,hdfs,3,zero_shot,249,False,0.106691,0.090722,0.544842,0.024778,False,True,False
qwen2.5-14b,hdfs,3,zero_shot,250,True,0.005911,0.090722,0.056245,0.001263,False,False,False
qwen2.5-14b,hdfs,3,zero_shot,251,False,0.060087,0.090722,0.390515,0.013417,False,False,False
qwen2.5-14b,hdfs,3,zero_shot,252,False,0.002801,0.090722,0.027381,0.000597,False,False,False
qwen2.5-14b,hdfs,3,zero_shot,253,True,0.2227,0.090722,0.741706,0.057448,False,True,False
qwen2.5-14b,hdfs,3,zero_shot,254,True,0.020332,0.090722,0.172195,0.004396,False,False,False
qwen2.5-14b,hdfs,3,zero_shot,255,True,0.085099,0.090722,0.48247,0.019403,False,False,False
qwen2.5-14b,hdfs,3,zero_shot,256,False,0.132964,0.090722,0.605839,0.031593,False,True,False
qwen2.5-14b,hdfs,3,zero_shot,257,False,0.132964,0.090722,0.605839,0.031593,False,True,False
qwen2.5-14b,hdfs,3,zero_shot,258,False,0.047426,0.090722,0.332889,0.01048,False,False,False
qwen2.5-14b,hdfs,3,zero_shot,259,False,0.025957,0.090722,0.210794,0.005637,False,False,False
qwen2.5-14b,hdfs,3,zero_shot,260,True,0.020332,0.090722,0.172195,0.004396,False,False,False
qwen2.5-14b,hdfs,3,zero_shot,261,False,0.067547,0.090722,0.42064,0.015177,False,False,False
qwen2.5-14b,hdfs,3,zero_shot,262,False,0.006693,0.090722,0.06326,0.001431,False,False,False
qwen2.5-14b,hdfs,3,zero_shot,263,True,0.994089,0.090722,0.999407,0.972809,True,True,True
qwen2.5-14b,hdfs,3,zero_shot,264,False,0.067547,0.090722,0.42064,0.015177,False,False,False
qwen2.5-14b,hdfs,3,zero_shot,265,True,0.053403,0.090722,0.361203,0.011859,False,False,False
qwen2.5-14b,hdfs,3,zero_shot,266,False,0.060087,0.090722,0.390515,0.013417,False,False,False
qwen2.5-14b,hdfs,3,zero_shot,267,False,0.095349,0.090722,0.51371,0.02193,False,True,False
qwen2.5-14b,hdfs,3,zero_shot,268,True,0.00522,0.090722,0.049966,0.001115,False,False,False
qwen2.5-14b,hdfs,3,zero_shot,269,False,0.320821,0.090722,0.825614,0.091313,False,True,False
qwen2.5-14b,hdfs,3,zero_shot,270,False,0.00461,0.090722,0.044356,0.000984,False,False,False
qwen2.5-14b,hdfs,3,zero_shot,271,False,0.075858,0.090722,0.451367,0.017163,False,False,False
qwen2.5-14b,hdfs,3,zero_shot,272,True,0.025957,0.090722,0.210794,0.005637,False,False,False
qwen2.5-14b,hdfs,3,zero_shot,273,True,0.164516,0.090722,0.663706,0.040206,False,True,False
qwen2.5-14b,hdfs,3,zero_shot,274,True,0.592667,0.090722,0.935827,0.236366,True,True,False
qwen2.5-14b,hdfs,3,zero_shot,275,True,0.033086,0.090722,0.255375,0.007227,False,False,False
qwen2.5-14b,hdfs,3,zero_shot,276,True,0.998299,0.090722,0.99983,0.992055,True,True,True
qwen2.5-14b,hdfs,3,zero_shot,277,False,0.996406,0.090722,0.99964,0.983329,True,True,True
qwen2.5-14b,hdfs,3,zero_shot,278,False,0.998499,0.090722,0.99985,0.992982,True,True,True
qwen2.5-14b,hdfs,3,zero_shot,279,True,0.075858,0.090722,0.451367,0.017163,False,False,False
qwen2.5-14b,hdfs,3,zero_shot,280,True,0.053403,0.090722,0.361203,0.011859,False,False,False
qwen2.5-14b,hdfs,3,zero_shot,281,True,0.003594,0.090722,0.034886,0.000767,False,False,False
qwen2.5-14b,hdfs,3,zero_shot,282,True,0.042088,0.090722,0.305732,0.00926,False,False,False
qwen2.5-14b,hdfs,3,zero_shot,283,False,0.407333,0.090722,0.873233,0.12756,False,True,False
qwen2.5-14b,hdfs,3,zero_shot,284,False,0.029312,0.090722,0.23234,0.006383,False,False,False
qwen2.5-14b,hdfs,3,zero_shot,285,False,0.754915,0.090722,0.968625,0.395869,True,True,False
qwen2.5-14b,hdfs,3,zero_shot,286,True,0.000431,0.090722,0.004299,9.2e-05,False,False,False
qwen2.5-14b,hdfs,3,zero_shot,287,False,0.003173,0.090722,0.030914,0.000677,False,False,False
qwen2.5-14b,hdfs,3,zero_shot,288,True,0.99962,0.090722,0.999962,0.998216,True,True,True
qwen2.5-14b,hdfs,3,zero_shot,289,True,0.037327,0.090722,0.279862,0.008181,False,False,False
qwen2.5-14b,hdfs,3,zero_shot,290,True,0.053403,0.090722,0.361203,0.011859,False,False,False
qwen2.5-14b,hdfs,3,zero_shot,291,True,0.075858,0.090722,0.451367,0.017163,False,False,False
qwen2.5-14b,hdfs,3,zero_shot,292,True,0.001032,0.090722,0.01025,0.00022,False,False,False
qwen2.5-14b,hdfs,3,zero_shot,293,False,0.106691,0.090722,0.544842,0.024778,False,True,False
qwen2.5-14b,hdfs,3,zero_shot,294,False,0.245085,0.090722,0.764921,0.064603,False,True,False
qwen2.5-14b,hdfs,3,zero_shot,295,True,0.999447,0.090722,0.999945,0.997407,True,True,True
qwen2.5-14b,hdfs,3,zero_shot,296,True,0.998675,0.090722,0.999868,0.993802,True,True,True
qwen2.5-14b,hdfs,3,zero_shot,297,False,0.2227,0.090722,0.741706,0.057448,False,True,False
qwen2.5-14b,hdfs,3,zero_shot,298,False,0.893309,0.090722,0.988224,0.640444,True,True,True
qwen2.5-14b,hdfs,3,zero_shot,299,False,0.468791,0.090722,0.898426,0.158063,False,True,False
qwen2.5-14b,thunderbird,3,zero_shot,300,True,0.999999,0.090722,1.0,0.999994,True,True,True
qwen2.5-14b,thunderbird,3,zero_shot,301,True,0.999998,0.090722,1.0,0.999993,True,True,True
qwen2.5-14b,thunderbird,3,zero_shot,302,True,0.999998,0.090722,1.0,0.999993,True,True,True
qwen2.5-14b,thunderbird,3,zero_shot,303,False,0.999739,0.090722,0.999974,0.998773,True,True,True
qwen2.5-14b,thunderbird,3,zero_shot,304,True,0.999949,0.090722,0.999995,0.999758,True,True,True
qwen2.5-14b,thunderbird,3,zero_shot,305,True,0.999999,0.090722,1.0,0.999997,True,True,True
qwen2.5-14b,thunderbird,3,zero_shot,306,False,0.999797,0.090722,0.99998,0.999044,True,True,True
qwen2.5-14b,thunderbird,3,zero_shot,307,True,0.999998,0.090722,1.0,0.999992,True,True,True
qwen2.5-14b,thunderbird,3,zero_shot,308,True,0.999996,0.090722,1.0,0.999982,True,True,True
qwen2.5-14b,thunderbird,3,zero_shot,309,True,0.999991,0.090722,0.999999,0.999958,True,True,True
qwen2.5-14b,thunderbird,3,zero_shot,310,False,0.017986,0.090722,0.1551,0.003881,False,False,False
qwen2.5-14b,thunderbird,3,zero_shot,311,False,0.996827,0.090722,0.999683,0.985259,True,True,True
qwen2.5-14b,thunderbird,3,zero_shot,312,True,0.999997,0.090722,1.0,0.999986,True,True,True
qwen2.5-14b,thunderbird,3,zero_shot,313,False,0.999993,0.090722,0.999999,0.999967,True,True,True
qwen2.5-14b,thunderbird,3,zero_shot,314,True,0.999996,0.090722,1.0,0.999982,True,True,True
qwen2.5-14b,thunderbird,3,zero_shot,315,False,0.997527,0.090722,0.999753,0.988482,True,True,True
qwen2.5-14b,thunderbird,3,zero_shot,316,False,0.531209,0.090722,0.919076,0.194237,True,True,False
qwen2.5-14b,thunderbird,3,zero_shot,317,False,9.6e-05,0.090722,0.000962,2e-05,False,False,False
qwen2.5-14b,thunderbird,3,zero_shot,318,False,0.999996,0.090722,1.0,0.99998,True,True,True
qwen2.5-14b,thunderbird,3,zero_shot,319,False,0.998499,0.090722,0.99985,0.992982,True,True,True
qwen2.5-14b,thunderbird,3,zero_shot,320,False,1.7e-05,0.090722,0.000167,4e-06,False,False,False
qwen2.5-14b,thunderbird,3,zero_shot,321,True,0.999999,0.090722,1.0,0.999994,True,True,True
qwen2.5-14b,thunderbird,3,zero_shot,322,False,0.679179,0.090722,0.954992,0.310516,True,True,False
qwen2.5-14b,thunderbird,3,zero_shot,323,True,0.999995,0.090722,1.0,0.999978,True,True,True
qwen2.5-14b,thunderbird,3,zero_shot,324,False,0.00038,0.090722,0.003795,8.1e-05,False,False,False
qwen2.5-14b,thunderbird,3,zero_shot,325,True,0.999994,0.090722,0.999999,0.999971,True,True,True
qwen2.5-14b,thunderbird,3,zero_shot,326,True,0.999999,0.090722,1.0,0.999996,True,True,True
qwen2.5-14b,thunderbird,3,zero_shot,327,False,0.99883,0.090722,0.999883,0.994526,True,True,True
qwen2.5-14b,thunderbird,3,zero_shot,328,False,0.999997,0.090722,1.0,0.999985,True,True,True
qwen2.5-14b,thunderbird,3,zero_shot,329,False,0.999877,0.090722,0.999988,0.99942,True,True,True
qwen2.5-14b,thunderbird,3,zero_shot,330,True,0.999998,0.090722,1.0,0.999991,True,True,True
qwen2.5-14b,thunderbird,3,zero_shot,331,False,0.999797,0.090722,0.99998,0.999044,True,True,True
qwen2.5-14b,thunderbird,3,zero_shot,332,True,0.999998,0.090722,1.0,0.999992,True,True,True
qwen2.5-14b,thunderbird,3,zero_shot,333,False,0.999842,0.090722,0.999984,0.999256,True,True,True
qwen2.5-14b,thunderbird,3,zero_shot,334,True,0.999989,0.090722,0.999999,0.999946,True,True,True
qwen2.5-14b,thunderbird,3,zero_shot,335,False,0.990292,0.090722,0.999023,0.955946,True,True,True
qwen2.5-14b,thunderbird,3,zero_shot,336,False,0.132964,0.090722,0.605839,0.031593,False,True,False
qwen2.5-14b,thunderbird,3,zero_shot,337,True,0.999996,0.090722,1.0,0.999982,True,True,True
qwen2.5-14b,thunderbird,3,zero_shot,338,False,0.996827,0.090722,0.999683,0.985259,True,True,True
qwen2.5-14b,thunderbird,3,zero_shot,339,True,0.999997,0.090722,1.0,0.999986,True,True,True
qwen2.5-14b,thunderbird,3,zero_shot,340,False,0.132964,0.090722,0.605839,0.031593,False,True,False
qwen2.5-14b,thunderbird,3,zero_shot,341,False,0.651355,0.090722,0.949303,0.284406,True,True,False
qwen2.5-14b,thunderbird,3,zero_shot,342,True,0.999998,0.090722,1.0,0.999989,True,True,True
qwen2.5-14b,thunderbird,3,zero_shot,343,True,0.999999,0.090722,1.0,0.999994,True,True,True
qwen2.5-14b,thunderbird,3,zero_shot,344,True,0.999997,0.090722,1.0,0.999986,True,True,True
qwen2.5-14b,thunderbird,3,zero_shot,345,True,0.999999,0.090722,1.0,0.999994,True,True,True
qwen2.5-14b,thunderbird,3,zero_shot,346,True,0.999996,0.090722,1.0,0.99998,True,True,True
qwen2.5-14b,thunderbird,3,zero_shot,347,False,9e-06,0.090722,9e-05,2e-06,False,False,False
qwen2.5-14b,thunderbird,3,zero_shot,348,True,0.999997,0.090722,1.0,0.999986,True,True,True
qwen2.5-14b,thunderbird,3,zero_shot,349,True,0.999998,0.090722,1.0,0.999989,True,True,True
qwen2.5-14b,thunderbird,3,zero_shot,350,True,0.999999,0.090722,1.0,0.999995,True,True,True
qwen2.5-14b,thunderbird,3,zero_shot,351,False,8.5e-05,0.090722,0.000849,1.8e-05,False,False,False
qwen2.5-14b,thunderbird,3,zero_shot,352,True,0.999997,0.090722,1.0,0.999986,True,True,True
qwen2.5-14b,thunderbird,3,zero_shot,353,False,0.320821,0.090722,0.825614,0.091313,False,True,False
qwen2.5-14b,thunderbird,3,zero_shot,354,False,0.999089,0.090722,0.999909,0.995732,True,True,True
qwen2.5-14b,thunderbird,3,zero_shot,355,False,9.6e-05,0.090722,0.000962,2e-05,False,False,False
qwen2.5-14b,thunderbird,3,zero_shot,356,True,0.999995,0.090722,1.0,0.999978,True,True,True
qwen2.5-14b,thunderbird,3,zero_shot,357,False,0.932453,0.090722,0.992824,0.745981,True,True,True
qwen2.5-14b,thunderbird,3,zero_shot,358,False,0.999983,0.090722,0.999998,0.999921,True,True,True
qwen2.5-14b,thunderbird,3,zero_shot,359,True,0.999994,0.090722,0.999999,0.999971,True,True,True
qwen2.5-14b,thunderbird,3,zero_shot,360,True,0.999996,0.090722,1.0,0.999982,True,True,True
qwen2.5-14b,thunderbird,3,zero_shot,361,False,0.622459,0.090722,0.942938,0.259665,True,True,False
qwen2.5-14b,thunderbird,3,zero_shot,362,True,0.999942,0.090722,0.999994,0.999726,True,True,True
qwen2.5-14b,thunderbird,3,zero_shot,363,False,0.999999,0.090722,1.0,0.999997,True,True,True
qwen2.5-14b,thunderbird,3,zero_shot,364,True,0.999996,0.090722,1.0,0.99998,True,True,True
qwen2.5-14b,thunderbird,3,zero_shot,365,True,0.999987,0.090722,0.999999,0.999939,True,True,True
qwen2.5-14b,thunderbird,3,zero_shot,366,True,0.999999,0.090722,1.0,0.999994,True,True,True
qwen2.5-14b,thunderbird,3,zero_shot,367,True,0.999998,0.090722,1.0,0.999993,True,True,True
qwen2.5-14b,thunderbird,3,zero_shot,368,True,0.999998,0.090722,1.0,0.999993,True,True,True
qwen2.5-14b,thunderbird,3,zero_shot,369,False,0.999797,0.090722,0.99998,0.999044,True,True,True
qwen2.5-14b,thunderbird,3,zero_shot,370,True,0.999999,0.090722,1.0,0.999994,True,True,True
qwen2.5-14b,thunderbird,3,zero_shot,371,False,0.914901,0.090722,0.990805,0.695782,True,True,True
qwen2.5-14b,thunderbird,3,zero_shot,372,False,0.999704,0.090722,0.99997,0.99861,True,True,True
qwen2.5-14b,thunderbird,3,zero_shot,373,False,0.001325,0.090722,0.013123,0.000282,False,False,False
qwen2.5-14b,thunderbird,3,zero_shot,374,True,0.999996,0.090722,1.0,0.99998,True,True,True
qwen2.5-14b,thunderbird,3,zero_shot,375,True,0.999992,0.090722,0.999999,0.999963,True,True,True
qwen2.5-14b,thunderbird,3,zero_shot,376,False,0.989013,0.090722,0.998893,0.950372,True,True,True
qwen2.5-14b,thunderbird,3,zero_shot,377,False,0.989013,0.090722,0.998893,0.950372,True,True,True
qwen2.5-14b,thunderbird,3,zero_shot,378,True,0.999994,0.090722,0.999999,0.999971,True,True,True
qwen2.5-14b,thunderbird,3,zero_shot,379,True,0.999998,0.090722,1.0,0.999993,True,True,True
qwen2.5-14b,thunderbird,3,zero_shot,380,True,0.999987,0.090722,0.999999,0.999939,True,True,True
qwen2.5-14b,thunderbird,3,zero_shot,381,False,0.991423,0.090722,0.999138,0.96092,True,True,True
qwen2.5-14b,thunderbird,3,zero_shot,382,False,0.999949,0.090722,0.999995,0.999758,True,True,True
qwen2.5-14b,thunderbird,3,zero_shot,383,False,0.99883,0.090722,0.999883,0.994526,True,True,True
qwen2.5-14b,thunderbird,3,zero_shot,384,True,0.999969,0.090722,0.999997,0.999853,True,True,True
qwen2.5-14b,thunderbird,3,zero_shot,385,False,0.182426,0.090722,0.691012,0.045317,False,True,False
qwen2.5-14b,thunderbird,3,zero_shot,386,False,0.835484,0.090722,0.980732,0.519313,True,True,True
qwen2.5-14b,thunderbird,3,zero_shot,387,True,0.999998,0.090722,1.0,0.999992,True,True,True
qwen2.5-14b,thunderbird,3,zero_shot,388,True,0.999994,0.090722,0.999999,0.999971,True,True,True
qwen2.5-14b,thunderbird,3,zero_shot,389,False,0.592667,0.090722,0.935827,0.236366,True,True,False
qwen2.5-14b,thunderbird,3,zero_shot,390,True,0.999996,0.090722,1.0,0.99998,True,True,True
qwen2.5-14b,thunderbird,3,zero_shot,391,True,0.999996,0.090722,1.0,0.99998,True,True,True
qwen2.5-14b,thunderbird,3,zero_shot,392,False,9.6e-05,0.090722,0.000962,2e-05,False,False,False
qwen2.5-14b,thunderbird,3,zero_shot,393,True,0.999999,0.090722,1.0,0.999994,True,True,True
qwen2.5-14b,thunderbird,3,zero_shot,394,True,0.999976,0.090722,0.999998,0.999886,True,True,True
qwen2.5-14b,thunderbird,3,zero_shot,395,False,0.982014,0.090722,0.998176,0.920729,True,True,True
qwen2.5-14b,thunderbird,3,zero_shot,396,True,0.999996,0.090722,1.0,0.999982,True,True,True
qwen2.5-14b,thunderbird,3,zero_shot,397,True,0.999995,0.090722,1.0,0.999978,True,True,True
qwen2.5-14b,thunderbird,3,zero_shot,398,False,0.867036,0.090722,0.98493,0.5811,True,True,True
qwen2.5-14b,thunderbird,3,zero_shot,399,False,0.002473,0.090722,0.024242,0.000527,False,False,False
qwen2.5-14b,thunderbird,3,zero_shot,400,True,0.999998,0.090722,1.0,0.999993,True,True,True
qwen2.5-14b,thunderbird,3,zero_shot,401,False,0.531209,0.090722,0.919076,0.194237,True,True,False
qwen2.5-14b,thunderbird,3,zero_shot,402,True,0.999987,0.090722,0.999999,0.999939,True,True,True
qwen2.5-14b,thunderbird,3,zero_shot,403,True,0.999989,0.090722,0.999999,0.999946,True,True,True
qwen2.5-14b,thunderbird,3,zero_shot,404,False,0.997527,0.090722,0.999753,0.988482,True,True,True
qwen2.5-14b,thunderbird,3,zero_shot,405,True,0.999999,0.090722,1.0,0.999994,True,True,True
qwen2.5-14b,thunderbird,3,zero_shot,406,True,0.999999,0.090722,1.0,0.999994,True,True,True
qwen2.5-14b,thunderbird,3,zero_shot,407,True,0.999999,0.090722,1.0,0.999997,True,True,True
qwen2.5-14b,thunderbird,3,zero_shot,408,False,0.060087,0.090722,0.390515,0.013417,False,False,False
qwen2.5-14b,thunderbird,3,zero_shot,409,False,0.592667,0.090722,0.935827,0.236366,True,True,False
qwen2.5-14b,thunderbird,3,zero_shot,410,False,0.939913,0.090722,0.993662,0.768932,True,True,True
qwen2.5-14b,thunderbird,3,zero_shot,411,False,0.651355,0.090722,0.949303,0.284406,True,True,False
qwen2.5-14b,thunderbird,3,zero_shot,412,True,0.999981,0.090722,0.999998,0.999911,True,True,True
qwen2.5-14b,thunderbird,3,zero_shot,413,False,0.996827,0.090722,0.999683,0.985259,True,True,True
qwen2.5-14b,thunderbird,3,zero_shot,414,False,0.377541,0.090722,0.858739,0.114284,False,True,False
qwen2.5-14b,thunderbird,3,zero_shot,415,True,0.999998,0.090722,1.0,0.999993,True,True,True
qwen2.5-14b,thunderbird,3,zero_shot,416,False,0.201813,0.090722,0.717045,0.051042,False,True,False
qwen2.5-14b,thunderbird,3,zero_shot,417,True,0.999995,0.090722,0.999999,0.999975,True,True,True
qwen2.5-14b,thunderbird,3,zero_shot,418,False,0.017986,0.090722,0.1551,0.003881,False,False,False
qwen2.5-14b,thunderbird,3,zero_shot,419,False,0.075858,0.090722,0.451367,0.017163,False,False,False
qwen2.5-14b,thunderbird,3,zero_shot,420,True,0.999996,0.090722,1.0,0.99998,True,True,True
qwen2.5-14b,thunderbird,3,zero_shot,421,False,0.002801,0.090722,0.027381,0.000597,False,False,False
qwen2.5-14b,thunderbird,3,zero_shot,422,False,0.99929,0.090722,0.999929,0.996673,True,True,True
qwen2.5-14b,thunderbird,3,zero_shot,423,False,0.991423,0.090722,0.999138,0.96092,True,True,True
qwen2.5-14b,thunderbird,3,zero_shot,424,False,0.705785,0.090722,0.960069,0.337891,True,True,False
qwen2.5-14b,thunderbird,3,zero_shot,425,True,0.999997,0.090722,1.0,0.999988,True,True,True
qwen2.5-14b,thunderbird,3,zero_shot,426,True,0.999997,0.090722,1.0,0.999988,True,True,True
qwen2.5-14b,thunderbird,3,zero_shot,427,False,8.5e-05,0.090722,0.000849,1.8e-05,False,False,False
qwen2.5-14b,thunderbird,3,zero_shot,428,False,0.002801,0.090722,0.027381,0.000597,False,False,False
qwen2.5-14b,thunderbird,3,zero_shot,429,False,0.999904,0.090722,0.99999,0.999548,True,True,True
qwen2.5-14b,thunderbird,3,zero_shot,430,False,0.999942,0.090722,0.999994,0.999726,True,True,True
qwen2.5-14b,thunderbird,3,zero_shot,431,False,0.294215,0.090722,0.806878,0.081457,False,True,False
qwen2.5-14b,thunderbird,3,zero_shot,432,True,0.999995,0.090722,0.999999,0.999975,True,True,True
qwen2.5-14b,thunderbird,3,zero_shot,433,True,0.999994,0.090722,0.999999,0.999971,True,True,True
qwen2.5-14b,thunderbird,3,zero_shot,434,True,0.999999,0.090722,1.0,0.999994,True,True,True
qwen2.5-14b,thunderbird,3,zero_shot,435,True,0.999997,0.090722,1.0,0.999986,True,True,True
qwen2.5-14b,thunderbird,3,zero_shot,436,False,0.001701,0.090722,0.016788,0.000362,False,False,False
qwen2.5-14b,thunderbird,3,zero_shot,437,False,0.002473,0.090722,0.024242,0.000527,False,False,False
qwen2.5-14b,thunderbird,3,zero_shot,438,False,0.00071,0.090722,0.007068,0.000151,False,False,False
qwen2.5-14b,thunderbird,3,zero_shot,439,False,0.651355,0.090722,0.949303,0.284406,True,True,False
qwen2.5-14b,thunderbird,3,zero_shot,440,True,0.999989,0.090722,0.999999,0.999946,True,True,True
qwen2.5-14b,thunderbird,3,zero_shot,441,False,0.033086,0.090722,0.255375,0.007227,False,False,False
qwen2.5-14b,thunderbird,3,zero_shot,442,True,0.999997,0.090722,1.0,0.999986,True,True,True
qwen2.5-14b,thunderbird,3,zero_shot,443,True,0.999999,0.090722,1.0,0.999995,True,True,True
qwen2.5-14b,thunderbird,3,zero_shot,444,True,0.999999,0.090722,1.0,0.999994,True,True,True
qwen2.5-14b,thunderbird,3,zero_shot,445,True,0.999995,0.090722,0.999999,0.999975,True,True,True
qwen2.5-14b,thunderbird,3,zero_shot,446,True,0.999989,0.090722,0.999999,0.999946,True,True,True
qwen2.5-14b,thunderbird,3,zero_shot,447,False,0.000431,0.090722,0.004299,9.2e-05,False,False,False
qwen2.5-14b,thunderbird,3,zero_shot,448,False,0.00522,0.090722,0.049966,0.001115,False,False,False
qwen2.5-14b,thunderbird,3,zero_shot,449,True,0.999994,0.090722,0.999999,0.999971,True,True,True
qwen2.5-14b,openstack,3,zero_shot,450,True,0.000626,0.090722,0.006242,0.000133,False,False,False
qwen2.5-14b,openstack,3,zero_shot,451,True,0.00522,0.090722,0.049966,0.001115,False,False,False
qwen2.5-14b,openstack,3,zero_shot,452,False,0.00522,0.090722,0.049966,0.001115,False,False,False
qwen2.5-14b,openstack,3,zero_shot,453,True,0.000335,0.090722,0.003351,7.1e-05,False,False,False
qwen2.5-14b,openstack,3,zero_shot,454,False,0.924142,0.090722,0.991877,0.721576,True,True,True
qwen2.5-14b,openstack,3,zero_shot,455,False,2.8e-05,0.090722,0.000276,6e-06,False,False,False
qwen2.5-14b,openstack,3,zero_shot,456,False,0.001501,0.090722,0.014845,0.00032,False,False,False
qwen2.5-14b,openstack,3,zero_shot,457,False,0.880797,0.090722,0.986677,0.611184,True,True,True
qwen2.5-14b,openstack,3,zero_shot,458,False,8.5e-05,0.090722,0.000849,1.8e-05,False,False,False
qwen2.5-14b,openstack,3,zero_shot,459,True,0.033086,0.090722,0.255375,0.007227,False,False,False
qwen2.5-14b,openstack,3,zero_shot,460,True,0.006693,0.090722,0.06326,0.001431,False,False,False
qwen2.5-14b,openstack,3,zero_shot,461,False,0.119203,0.090722,0.575628,0.027985,False,True,False
qwen2.5-14b,openstack,3,zero_shot,462,True,0.00038,0.090722,0.003795,8.1e-05,False,False,False
qwen2.5-14b,openstack,3,zero_shot,463,True,0.001325,0.090722,0.013123,0.000282,False,False,False
qwen2.5-14b,openstack,3,zero_shot,464,True,4e-06,0.090722,3.7e-05,1e-06,False,False,False
qwen2.5-14b,openstack,3,zero_shot,465,False,0.00461,0.090722,0.044356,0.000984,False,False,False
qwen2.5-14b,openstack,3,zero_shot,466,True,0.000911,0.090722,0.009057,0.000194,False,False,False
qwen2.5-14b,openstack,3,zero_shot,467,True,0.003173,0.090722,0.030914,0.000677,False,False,False
qwen2.5-14b,openstack,3,zero_shot,468,True,0.002801,0.090722,0.027381,0.000597,False,False,False
qwen2.5-14b,openstack,3,zero_shot,469,True,0.00014,0.090722,0.0014,3e-05,False,False,False
qwen2.5-14b,openstack,3,zero_shot,470,False,6e-06,0.090722,6.2e-05,1e-06,False,False,False
qwen2.5-14b,openstack,3,zero_shot,471,True,0.001501,0.090722,0.014845,0.00032,False,False,False
qwen2.5-14b,openstack,3,zero_shot,472,False,0.904651,0.090722,0.989593,0.668696,True,True,True
qwen2.5-14b,openstack,3,zero_shot,473,True,0.991423,0.090722,0.999138,0.96092,True,True,True
qwen2.5-14b,openstack,3,zero_shot,474,False,0.00117,0.090722,0.011599,0.000249,False,False,False
qwen2.5-14b,openstack,3,zero_shot,475,True,0.005911,0.090722,0.056245,0.001263,False,False,False
qwen2.5-14b,openstack,3,zero_shot,476,True,0.377541,0.090722,0.858739,0.114284,False,True,False
qwen2.5-14b,openstack,3,zero_shot,477,False,0.00038,0.090722,0.003795,8.1e-05,False,False,False
qwen2.5-14b,openstack,3,zero_shot,478,False,0.00038,0.090722,0.003795,8.1e-05,False,False,False
qwen2.5-14b,openstack,3,zero_shot,479,True,0.001501,0.090722,0.014845,0.00032,False,False,False
qwen2.5-14b,openstack,3,zero_shot,480,True,0.001032,0.090722,0.01025,0.00022,False,False,False
qwen2.5-14b,openstack,3,zero_shot,481,True,0.000911,0.090722,0.009057,0.000194,False,False,False
qwen2.5-14b,openstack,3,zero_shot,482,True,0.002473,0.090722,0.024242,0.000527,False,False,False
qwen2.5-14b,openstack,3,zero_shot,483,True,0.002183,0.090722,0.021454,0.000465,False,False,False
qwen2.5-14b,openstack,3,zero_shot,484,True,0.001032,0.090722,0.01025,0.00022,False,False,False
qwen2.5-14b,openstack,3,zero_shot,485,False,0.00461,0.090722,0.044356,0.000984,False,False,False
qwen2.5-14b,openstack,3,zero_shot,486,False,0.164516,0.090722,0.663706,0.040206,False,True,False
qwen2.5-14b,openstack,3,zero_shot,487,False,0.000335,0.090722,0.003351,7.1e-05,False,False,False
qwen2.5-14b,openstack,3,zero_shot,488,False,0.00522,0.090722,0.049966,0.001115,False,False,False
qwen2.5-14b,openstack,3,zero_shot,489,True,0.000553,0.090722,0.005513,0.000118,False,False,False
qwen2.5-14b,openstack,3,zero_shot,490,False,0.075858,0.090722,0.451367,0.017163,False,False,False
qwen2.5-14b,openstack,3,zero_shot,491,True,0.003173,0.090722,0.030914,0.000677,False,False,False
qwen2.5-14b,openstack,3,zero_shot,492,True,1.1e-05,0.090722,0.000115,2e-06,False,False,False
qwen2.5-14b,openstack,3,zero_shot,493,True,0.006693,0.090722,0.06326,0.001431,False,False,False
qwen2.5-14b,openstack,3,zero_shot,494,False,0.012432,0.090722,0.112032,0.002671,False,False,False
qwen2.5-14b,openstack,3,zero_shot,495,False,0.008577,0.090722,0.079794,0.001837,False,False,False
qwen2.5-14b,openstack,3,zero_shot,496,False,6e-06,0.090722,6.2e-05,1e-06,False,False,False
qwen2.5-14b,openstack,3,zero_shot,497,True,0.977023,0.090722,0.997659,0.900455,True,True,True
qwen2.5-14b,openstack,3,zero_shot,498,True,8.5e-05,0.090722,0.000849,1.8e-05,False,False,False
qwen2.5-14b,openstack,3,zero_shot,499,True,0.966914,0.090722,0.996598,0.861439,True,True,True
qwen2.5-14b,openstack,3,zero_shot,500,True,0.025957,0.090722,0.210794,0.005637,False,False,False
qwen2.5-14b,openstack,3,zero_shot,501,False,0.002801,0.090722,0.027381,0.000597,False,False,False
qwen2.5-14b,openstack,3,zero_shot,502,False,3e-06,0.090722,2.6e-05,1e-06,False,False,False
qwen2.5-14b,openstack,3,zero_shot,503,True,0.012432,0.090722,0.112032,0.002671,False,False,False
qwen2.5-14b,openstack,3,zero_shot,504,True,0.060087,0.090722,0.390515,0.013417,False,False,False
qwen2.5-14b,openstack,3,zero_shot,505,True,0.000488,0.090722,0.004868,0.000104,False,False,False
qwen2.5-14b,openstack,3,zero_shot,506,False,0.003173,0.090722,0.030914,0.000677,False,False,False
qwen2.5-14b,openstack,3,zero_shot,507,True,0.2227,0.090722,0.741706,0.057448,False,True,False
qwen2.5-14b,openstack,3,zero_shot,508,False,0.000804,0.090722,0.008001,0.000171,False,False,False
qwen2.5-14b,openstack,3,zero_shot,509,True,0.085099,0.090722,0.48247,0.019403,False,False,False
qwen2.5-14b,openstack,3,zero_shot,510,True,4e-06,0.090722,3.7e-05,1e-06,False,False,False
qwen2.5-14b,openstack,3,zero_shot,511,False,0.042088,0.090722,0.305732,0.00926,False,False,False
qwen2.5-14b,openstack,3,zero_shot,512,False,0.001325,0.090722,0.013123,0.000282,False,False,False
qwen2.5-14b,openstack,3,zero_shot,513,True,0.000488,0.090722,0.004868,0.000104,False,False,False
qwen2.5-14b,openstack,3,zero_shot,514,False,0.000296,0.090722,0.002958,6.3e-05,False,False,False
qwen2.5-14b,openstack,3,zero_shot,515,True,0.001032,0.090722,0.01025,0.00022,False,False,False
qwen2.5-14b,openstack,3,zero_shot,516,False,4e-06,0.090722,4.2e-05,1e-06,False,False,False
qwen2.5-14b,openstack,3,zero_shot,517,True,0.001927,0.090722,0.018981,0.000411,False,False,False
qwen2.5-14b,openstack,3,zero_shot,518,False,0.962673,0.090722,0.996146,0.845834,True,True,True
qwen2.5-14b,openstack,3,zero_shot,519,False,0.000911,0.090722,0.009057,0.000194,False,False,False
qwen2.5-14b,openstack,3,zero_shot,520,False,0.037327,0.090722,0.279862,0.008181,False,False,False
qwen2.5-14b,openstack,3,zero_shot,521,False,0.007577,0.090722,0.071085,0.001622,False,False,False
qwen2.5-14b,openstack,3,zero_shot,522,True,0.002801,0.090722,0.027381,0.000597,False,False,False
qwen2.5-14b,openstack,3,zero_shot,523,False,0.001325,0.090722,0.013123,0.000282,False,False,False
qwen2.5-14b,openstack,3,zero_shot,524,False,0.000203,0.090722,0.002035,4.3e-05,False,False,False
qwen2.5-14b,openstack,3,zero_shot,525,True,0.7773,0.090722,0.972209,0.426118,True,True,False
qwen2.5-14b,openstack,3,zero_shot,526,False,0.033086,0.090722,0.255375,0.007227,False,False,False
qwen2.5-14b,openstack,3,zero_shot,527,False,0.993307,0.090722,0.999328,0.969299,True,True,True
qwen2.5-14b,openstack,3,zero_shot,528,True,0.952574,0.090722,0.995057,0.810351,True,True,True
qwen2.5-14b,openstack,3,zero_shot,529,True,0.000109,0.090722,0.00109,2.3e-05,False,False,False
qwen2.5-14b,openstack,3,zero_shot,530,False,0.001032,0.090722,0.01025,0.00022,False,False,False
qwen2.5-14b,openstack,3,zero_shot,531,False,0.005911,0.090722,0.056245,0.001263,False,False,False
qwen2.5-14b,openstack,3,zero_shot,532,True,7.5e-05,0.090722,0.00075,1.6e-05,False,False,False
qwen2.5-14b,openstack,3,zero_shot,533,True,0.000335,0.090722,0.003351,7.1e-05,False,False,False
qwen2.5-14b,openstack,3,zero_shot,534,True,0.000804,0.090722,0.008001,0.000171,False,False,False
qwen2.5-14b,openstack,3,zero_shot,535,True,0.407333,0.090722,0.873233,0.12756,False,True,False
qwen2.5-14b,openstack,3,zero_shot,536,True,0.00117,0.090722,0.011599,0.000249,False,False,False
qwen2.5-14b,openstack,3,zero_shot,537,True,0.00461,0.090722,0.044356,0.000984,False,False,False
qwen2.5-14b,openstack,3,zero_shot,538,False,0.001927,0.090722,0.018981,0.000411,False,False,False
qwen2.5-14b,openstack,3,zero_shot,539,False,0.294215,0.090722,0.806878,0.081457,False,True,False
qwen2.5-14b,openstack,3,zero_shot,540,True,0.001032,0.090722,0.01025,0.00022,False,False,False
qwen2.5-14b,openstack,3,zero_shot,541,False,0.007577,0.090722,0.071085,0.001622,False,False,False
qwen2.5-14b,openstack,3,zero_shot,542,False,0.000488,0.090722,0.004868,0.000104,False,False,False
qwen2.5-14b,openstack,3,zero_shot,543,True,0.003594,0.090722,0.034886,0.000767,False,False,False
qwen2.5-14b,openstack,3,zero_shot,544,False,0.001501,0.090722,0.014845,0.00032,False,False,False
qwen2.5-14b,openstack,3,zero_shot,545,False,0.679179,0.090722,0.954992,0.310516,True,True,False
qwen2.5-14b,openstack,3,zero_shot,546,False,5e-06,0.090722,5.4e-05,1e-06,False,False,False
qwen2.5-14b,openstack,3,zero_shot,547,True,0.000553,0.090722,0.005513,0.000118,False,False,False
qwen2.5-14b,openstack,3,zero_shot,548,False,0.014064,0.090722,0.125083,0.003025,False,False,False
qwen2.5-14b,openstack,3,zero_shot,549,True,0.000335,0.090722,0.003351,7.1e-05,False,False,False
qwen2.5-14b,openstack,3,zero_shot,550,False,0.000335,0.090722,0.003351,7.1e-05,False,False,False
qwen2.5-14b,openstack,3,zero_shot,551,False,0.001927,0.090722,0.018981,0.000411,False,False,False
qwen2.5-14b,openstack,3,zero_shot,552,True,0.00071,0.090722,0.007068,0.000151,False,False,False
qwen2.5-14b,openstack,3,zero_shot,553,True,0.000626,0.090722,0.006242,0.000133,False,False,False
qwen2.5-14b,openstack,3,zero_shot,554,True,0.067547,0.090722,0.42064,0.015177,False,False,False
qwen2.5-14b,openstack,3,zero_shot,555,True,0.377541,0.090722,0.858739,0.114284,False,True,False
qwen2.5-14b,openstack,3,zero_shot,556,False,0.952574,0.090722,0.995057,0.810351,True,True,True
qwen2.5-14b,openstack,3,zero_shot,557,False,0.00461,0.090722,0.044356,0.000984,False,False,False
qwen2.5-14b,openstack,3,zero_shot,558,True,6e-06,0.090722,6.2e-05,1e-06,False,False,False
qwen2.5-14b,openstack,3,zero_shot,559,False,0.00014,0.090722,0.0014,3e-05,False,False,False
qwen2.5-14b,openstack,3,zero_shot,560,True,0.7773,0.090722,0.972209,0.426118,True,True,False
qwen2.5-14b,openstack,3,zero_shot,561,False,0.015906,0.090722,0.139416,0.003427,False,False,False
qwen2.5-14b,openstack,3,zero_shot,562,True,0.002473,0.090722,0.024242,0.000527,False,False,False
qwen2.5-14b,openstack,3,zero_shot,563,False,0.001701,0.090722,0.016788,0.000362,False,False,False
qwen2.5-14b,openstack,3,zero_shot,564,True,0.000261,0.090722,0.002612,5.6e-05,False,False,False
qwen2.5-14b,openstack,3,zero_shot,565,False,0.904651,0.090722,0.989593,0.668696,True,True,True
qwen2.5-14b,openstack,3,zero_shot,566,False,0.348645,0.090722,0.842885,0.102228,False,True,False
qwen2.5-14b,openstack,3,zero_shot,567,True,0.000626,0.090722,0.006242,0.000133,False,False,False
qwen2.5-14b,openstack,3,zero_shot,568,True,0.042088,0.090722,0.305732,0.00926,False,False,False
qwen2.5-14b,openstack,3,zero_shot,569,False,0.000203,0.090722,0.002035,4.3e-05,False,False,False
qwen2.5-14b,openstack,3,zero_shot,570,False,0.00407,0.090722,0.039349,0.000869,False,False,False
qwen2.5-14b,openstack,3,zero_shot,571,True,0.974043,0.090722,0.997348,0.888676,True,True,True
qwen2.5-14b,openstack,3,zero_shot,572,True,0.053403,0.090722,0.361203,0.011859,False,False,False
qwen2.5-14b,openstack,3,zero_shot,573,False,0.705785,0.090722,0.960069,0.337891,True,True,False
qwen2.5-14b,openstack,3,zero_shot,574,False,0.007577,0.090722,0.071085,0.001622,False,False,False
qwen2.5-14b,openstack,3,zero_shot,575,False,0.067547,0.090722,0.42064,0.015177,False,False,False
qwen2.5-14b,openstack,3,zero_shot,576,False,0.002473,0.090722,0.024242,0.000527,False,False,False
qwen2.5-14b,openstack,3,zero_shot,577,False,0.407333,0.090722,0.873233,0.12756,False,True,False
qwen2.5-14b,openstack,3,zero_shot,578,False,0.005911,0.090722,0.056245,0.001263,False,False,False
qwen2.5-14b,openstack,3,zero_shot,579,True,0.001701,0.090722,0.016788,0.000362,False,False,False
qwen2.5-14b,openstack,3,zero_shot,580,False,0.993307,0.090722,0.999328,0.969299,True,True,True
qwen2.5-14b,openstack,3,zero_shot,581,False,0.002473,0.090722,0.024242,0.000527,False,False,False
qwen2.5-14b,openstack,3,zero_shot,582,False,0.001032,0.090722,0.01025,0.00022,False,False,False
qwen2.5-14b,openstack,3,zero_shot,583,True,0.000488,0.090722,0.004868,0.000104,False,False,False
qwen2.5-14b,openstack,3,zero_shot,584,False,0.037327,0.090722,0.279862,0.008181,False,False,False
qwen2.5-14b,openstack,3,zero_shot,585,True,0.000488,0.090722,0.004868,0.000104,False,False,False
qwen2.5-14b,openstack,3,zero_shot,586,True,0.000626,0.090722,0.006242,0.000133,False,False,False
qwen2.5-14b,openstack,3,zero_shot,587,False,0.00522,0.090722,0.049966,0.001115,False,False,False
qwen2.5-14b,openstack,3,zero_shot,588,False,0.022977,0.090722,0.19075,0.004978,False,False,False
qwen2.5-14b,openstack,3,zero_shot,589,True,0.002183,0.090722,0.021454,0.000465,False,False,False
qwen2.5-14b,openstack,3,zero_shot,590,False,0.008577,0.090722,0.079794,0.001837,False,False,False
qwen2.5-14b,openstack,3,zero_shot,591,True,0.00407,0.090722,0.039349,0.000869,False,False,False
qwen2.5-14b,openstack,3,zero_shot,592,False,0.00018,0.090722,0.001796,3.8e-05,False,False,False
qwen2.5-14b,openstack,3,zero_shot,593,True,0.000296,0.090722,0.002958,6.3e-05,False,False,False
qwen2.5-14b,openstack,3,zero_shot,594,True,0.00038,0.090722,0.003795,8.1e-05,False,False,False
qwen2.5-14b,openstack,3,zero_shot,595,False,0.047426,0.090722,0.332889,0.01048,False,False,False
qwen2.5-14b,openstack,3,zero_shot,596,True,0.001032,0.090722,0.01025,0.00022,False,False,False
qwen2.5-14b,openstack,3,zero_shot,597,False,0.00014,0.090722,0.0014,3e-05,False,False,False
qwen2.5-14b,openstack,3,zero_shot,598,False,0.001032,0.090722,0.01025,0.00022,False,False,False
qwen2.5-14b,openstack,3,zero_shot,599,True,0.029312,0.090722,0.23234,0.006383,False,False,False
mistral-small,bgl,3,zero_shot,0,False,0.731059,0.30712,0.859799,0.708597,True,True,True
mistral-small,bgl,3,zero_shot,1,True,0.939913,0.30712,0.972445,0.933304,True,True,True
mistral-small,bgl,3,zero_shot,2,True,0.893309,0.30712,0.949723,0.882216,True,True,True
mistral-small,bgl,3,zero_shot,3,False,0.904651,0.30712,0.955367,0.894597,True,True,True
mistral-small,bgl,3,zero_shot,4,True,0.939913,0.30712,0.972445,0.933304,True,True,True
mistral-small,bgl,3,zero_shot,5,True,0.939913,0.30712,0.972445,0.933304,True,True,True
mistral-small,bgl,3,zero_shot,6,False,0.7773,0.30712,0.887316,0.757419,True,True,True
mistral-small,bgl,3,zero_shot,7,False,0.705785,0.30712,0.844042,0.682131,True,True,True
mistral-small,bgl,3,zero_shot,8,True,0.952574,0.30712,0.978408,0.947279,True,True,True
mistral-small,bgl,3,zero_shot,9,True,0.939913,0.30712,0.972445,0.933304,True,True,True
mistral-small,bgl,3,zero_shot,10,True,0.7773,0.30712,0.887316,0.757419,True,True,True
mistral-small,bgl,3,zero_shot,11,False,0.754915,0.30712,0.8742,0.73372,True,True,True
mistral-small,bgl,3,zero_shot,12,False,0.867036,0.30712,0.936352,0.853658,True,True,True
mistral-small,bgl,3,zero_shot,13,True,0.851953,0.30712,0.928483,0.837342,True,True,True
mistral-small,bgl,3,zero_shot,14,True,0.893309,0.30712,0.949723,0.882216,True,True,True
mistral-small,bgl,3,zero_shot,15,False,0.245085,0.30712,0.422778,0.22506,False,False,False
mistral-small,bgl,3,zero_shot,16,True,0.939913,0.30712,0.972445,0.933304,True,True,True
mistral-small,bgl,3,zero_shot,17,True,0.893309,0.30712,0.949723,0.882216,True,True,True
mistral-small,bgl,3,zero_shot,18,False,0.952574,0.30712,0.978408,0.947279,True,True,True
mistral-small,bgl,3,zero_shot,19,True,0.893309,0.30712,0.949723,0.882216,True,True,True
mistral-small,bgl,3,zero_shot,20,True,0.962673,0.30712,0.983104,0.958456,True,True,True
mistral-small,bgl,3,zero_shot,21,True,0.939913,0.30712,0.972445,0.933304,True,True,True
mistral-small,bgl,3,zero_shot,22,False,0.320821,0.30712,0.515899,0.297043,False,True,False
mistral-small,bgl,3,zero_shot,23,True,0.966914,0.30712,0.985059,0.963158,True,True,True
mistral-small,bgl,3,zero_shot,24,False,0.037327,0.30712,0.08044,0.033523,False,False,False
mistral-small,bgl,3,zero_shot,25,False,0.952574,0.30712,0.978408,0.947279,True,True,True
mistral-small,bgl,3,zero_shot,26,True,0.946597,0.30712,0.975604,0.940676,True,True,True
mistral-small,bgl,3,zero_shot,27,True,0.939913,0.30712,0.972445,0.933304,True,True,True
mistral-small,bgl,3,zero_shot,28,False,0.705785,0.30712,0.844042,0.682131,True,True,True
mistral-small,bgl,3,zero_shot,29,True,0.939913,0.30712,0.972445,0.933304,True,True,True
mistral-small,bgl,3,zero_shot,30,True,0.939913,0.30712,0.972445,0.933304,True,True,True
mistral-small,bgl,3,zero_shot,31,False,0.798187,0.30712,0.899223,0.779642,True,True,True
mistral-small,bgl,3,zero_shot,32,False,0.245085,0.30712,0.422778,0.22506,False,False,False
mistral-small,bgl,3,zero_shot,33,True,0.946597,0.30712,0.975604,0.940676,True,True,True
mistral-small,bgl,3,zero_shot,34,True,0.893309,0.30712,0.949723,0.882216,True,True,True
mistral-small,bgl,3,zero_shot,35,False,0.7773,0.30712,0.887316,0.757419,True,True,True
mistral-small,bgl,3,zero_shot,36,False,0.7773,0.30712,0.887316,0.757419,True,True,True
mistral-small,bgl,3,zero_shot,37,False,0.348645,0.30712,0.547015,0.323788,False,True,False
mistral-small,bgl,3,zero_shot,38,False,0.904651,0.30712,0.955367,0.894597,True,True,True
mistral-small,bgl,3,zero_shot,39,True,0.939913,0.30712,0.972445,0.933304,True,True,True
mistral-small,bgl,3,zero_shot,40,True,0.939913,0.30712,0.972445,0.933304,True,True,True
mistral-small,bgl,3,zero_shot,41,False,0.294215,0.30712,0.484659,0.27162,False,False,False
mistral-small,bgl,3,zero_shot,42,True,0.893309,0.30712,0.949723,0.882216,True,True,True
mistral-small,bgl,3,zero_shot,43,True,0.893309,0.30712,0.949723,0.882216,True,True,True
mistral-small,bgl,3,zero_shot,44,True,0.939913,0.30712,0.972445,0.933304,True,True,True
mistral-small,bgl,3,zero_shot,45,False,0.7773,0.30712,0.887316,0.757419,True,True,True
mistral-small,bgl,3,zero_shot,46,True,0.962673,0.30712,0.983104,0.958456,True,True,True
mistral-small,bgl,3,zero_shot,47,True,0.939913,0.30712,0.972445,0.933304,True,True,True
mistral-small,bgl,3,zero_shot,48,False,0.817574,0.30712,0.909999,0.800366,True,True,True
mistral-small,bgl,3,zero_shot,49,True,0.939913,0.30712,0.972445,0.933304,True,True,True
mistral-small,bgl,3,zero_shot,50,True,0.939913,0.30712,0.972445,0.933304,True,True,True
mistral-small,bgl,3,zero_shot,51,True,0.939913,0.30712,0.972445,0.933304,True,True,True
mistral-small,bgl,3,zero_shot,52,True,0.679179,0.30712,0.826872,0.654433,True,True,True
mistral-small,bgl,3,zero_shot,53,False,0.294215,0.30712,0.484659,0.27162,False,False,False
mistral-small,bgl,3,zero_shot,54,False,0.731059,0.30712,0.859799,0.708597,True,True,True
mistral-small,bgl,3,zero_shot,55,False,0.754915,0.30712,0.8742,0.73372,True,True,True
mistral-small,bgl,3,zero_shot,56,False,0.754915,0.30712,0.8742,0.73372,True,True,True
mistral-small,bgl,3,zero_shot,57,False,0.904651,0.30712,0.955367,0.894597,True,True,True
mistral-small,bgl,3,zero_shot,58,False,0.984094,0.30712,0.992886,0.982252,True,True,True
mistral-small,bgl,3,zero_shot,59,True,0.924142,0.30712,0.964893,0.915952,True,True,True
mistral-small,bgl,3,zero_shot,60,False,0.817574,0.30712,0.909999,0.800366,True,True,True
mistral-small,bgl,3,zero_shot,61,True,0.962673,0.30712,0.983104,0.958456,True,True,True
mistral-small,bgl,3,zero_shot,62,True,0.893309,0.30712,0.949723,0.882216,True,True,True
mistral-small,bgl,3,zero_shot,63,False,0.731059,0.30712,0.859799,0.708597,True,True,True
mistral-small,bgl,3,zero_shot,64,False,0.731059,0.30712,0.859799,0.708597,True,True,True
mistral-small,bgl,3,zero_shot,65,False,0.047426,0.30712,0.10098,0.042639,False,False,False
mistral-small,bgl,3,zero_shot,66,True,0.939913,0.30712,0.972445,0.933304,True,True,True
mistral-small,bgl,3,zero_shot,67,False,0.754915,0.30712,0.8742,0.73372,True,True,True
mistral-small,bgl,3,zero_shot,68,True,0.893309,0.30712,0.949723,0.882216,True,True,True
mistral-small,bgl,3,zero_shot,69,False,0.731059,0.30712,0.859799,0.708597,True,True,True
mistral-small,bgl,3,zero_shot,70,True,0.939913,0.30712,0.972445,0.933304,True,True,True
mistral-small,bgl,3,zero_shot,71,False,0.984094,0.30712,0.992886,0.982252,True,True,True
mistral-small,bgl,3,zero_shot,72,False,0.952574,0.30712,0.978408,0.947279,True,True,True
mistral-small,bgl,3,zero_shot,73,False,0.042088,0.30712,0.090185,0.037818,False,False,False
mistral-small,bgl,3,zero_shot,74,False,0.893309,0.30712,0.949723,0.882216,True,True,True
mistral-small,bgl,3,zero_shot,75,True,0.679179,0.30712,0.826872,0.654433,True,True,True
mistral-small,bgl,3,zero_shot,76,False,0.754915,0.30712,0.8742,0.73372,True,True,True
mistral-small,bgl,3,zero_shot,77,False,0.731059,0.30712,0.859799,0.708597,True,True,True
mistral-small,bgl,3,zero_shot,78,False,0.754915,0.30712,0.8742,0.73372,True,True,True
mistral-small,bgl,3,zero_shot,79,True,0.939913,0.30712,0.972445,0.933304,True,True,True
mistral-small,bgl,3,zero_shot,80,False,0.835484,0.30712,0.919725,0.819591,True,True,True
mistral-small,bgl,3,zero_shot,81,False,0.754915,0.30712,0.8742,0.73372,True,True,True
mistral-small,bgl,3,zero_shot,82,True,0.893309,0.30712,0.949723,0.882216,True,True,True
mistral-small,bgl,3,zero_shot,83,True,0.851953,0.30712,0.928483,0.837342,True,True,True
mistral-small,bgl,3,zero_shot,84,False,0.731059,0.30712,0.859799,0.708597,True,True,True
mistral-small,bgl,3,zero_shot,85,False,0.651355,0.30712,0.808241,0.625646,True,True,True
mistral-small,bgl,3,zero_shot,86,True,0.817574,0.30712,0.909999,0.800366,True,True,True
mistral-small,bgl,3,zero_shot,87,True,0.952574,0.30712,0.978408,0.947279,True,True,True
mistral-small,bgl,3,zero_shot,88,True,0.946597,0.30712,0.975604,0.940676,True,True,True
mistral-small,bgl,3,zero_shot,89,True,0.939913,0.30712,0.972445,0.933304,True,True,True
mistral-small,bgl,3,zero_shot,90,True,0.939913,0.30712,0.972445,0.933304,True,True,True
mistral-small,bgl,3,zero_shot,91,True,0.952574,0.30712,0.978408,0.947279,True,True,True
mistral-small,bgl,3,zero_shot,92,False,0.754915,0.30712,0.8742,0.73372,True,True,True
mistral-small,bgl,3,zero_shot,93,False,0.754915,0.30712,0.8742,0.73372,True,True,True
mistral-small,bgl,3,zero_shot,94,True,0.939913,0.30712,0.972445,0.933304,True,True,True
mistral-small,bgl,3,zero_shot,95,False,0.348645,0.30712,0.547015,0.323788,False,True,False
mistral-small,bgl,3,zero_shot,96,False,0.245085,0.30712,0.422778,0.22506,False,False,False
mistral-small,bgl,3,zero_shot,97,True,0.939913,0.30712,0.972445,0.933304,True,True,True
mistral-small,bgl,3,zero_shot,98,False,0.622459,0.30712,0.788118,0.595941,True,True,True
mistral-small,bgl,3,zero_shot,99,False,0.731059,0.30712,0.859799,0.708597,True,True,True
mistral-small,bgl,3,zero_shot,100,False,0.7773,0.30712,0.887316,0.757419,True,True,True
mistral-small,bgl,3,zero_shot,101,True,0.893309,0.30712,0.949723,0.882216,True,True,True
mistral-small,bgl,3,zero_shot,102,False,0.060087,0.30712,0.126046,0.054094,False,False,False
mistral-small,bgl,3,zero_shot,103,True,0.939913,0.30712,0.972445,0.933304,True,True,True
mistral-small,bgl,3,zero_shot,104,False,0.754915,0.30712,0.8742,0.73372,True,True,True
mistral-small,bgl,3,zero_shot,105,False,0.754915,0.30712,0.8742,0.73372,True,True,True
mistral-small,bgl,3,zero_shot,106,True,0.939913,0.30712,0.972445,0.933304,True,True,True
mistral-small,bgl,3,zero_shot,107,True,0.939913,0.30712,0.972445,0.933304,True,True,True
mistral-small,bgl,3,zero_shot,108,True,0.939913,0.30712,0.972445,0.933304,True,True,True
mistral-small,bgl,3,zero_shot,109,True,0.946597,0.30712,0.975604,0.940676,True,True,True
mistral-small,bgl,3,zero_shot,110,False,0.7773,0.30712,0.887316,0.757419,True,True,True
mistral-small,bgl,3,zero_shot,111,False,0.029312,0.30712,0.063782,0.026303,False,False,False
mistral-small,bgl,3,zero_shot,112,True,0.939913,0.30712,0.972445,0.933304,True,True,True
mistral-small,bgl,3,zero_shot,113,False,0.914901,0.30712,0.960404,0.905816,True,True,True
mistral-small,bgl,3,zero_shot,114,True,0.946597,0.30712,0.975604,0.940676,True,True,True
mistral-small,bgl,3,zero_shot,115,False,0.952574,0.30712,0.978408,0.947279,True,True,True
mistral-small,bgl,3,zero_shot,116,True,0.939913,0.30712,0.972445,0.933304,True,True,True
mistral-small,bgl,3,zero_shot,117,False,0.798187,0.30712,0.899223,0.779642,True,True,True
mistral-small,bgl,3,zero_shot,118,True,0.966914,0.30712,0.985059,0.963158,True,True,True
mistral-small,bgl,3,zero_shot,119,False,0.952574,0.30712,0.978408,0.947279,True,True,True
mistral-small,bgl,3,zero_shot,120,False,0.962673,0.30712,0.983104,0.958456,True,True,True
mistral-small,bgl,3,zero_shot,121,True,0.939913,0.30712,0.972445,0.933304,True,True,True
mistral-small,bgl,3,zero_shot,122,False,0.798187,0.30712,0.899223,0.779642,True,True,True
mistral-small,bgl,3,zero_shot,123,True,0.962673,0.30712,0.983104,0.958456,True,True,True
mistral-small,bgl,3,zero_shot,124,False,0.731059,0.30712,0.859799,0.708597,True,True,True
mistral-small,bgl,3,zero_shot,125,True,0.939913,0.30712,0.972445,0.933304,True,True,True
mistral-small,bgl,3,zero_shot,126,True,0.957912,0.30712,0.980897,0.953184,True,True,True
mistral-small,bgl,3,zero_shot,127,True,0.939913,0.30712,0.972445,0.933304,True,True,True
mistral-small,bgl,3,zero_shot,128,False,0.037327,0.30712,0.08044,0.033523,False,False,False
mistral-small,bgl,3,zero_shot,129,False,0.679179,0.30712,0.826872,0.654433,True,True,True
mistral-small,bgl,3,zero_shot,130,True,0.893309,0.30712,0.949723,0.882216,True,True,True
mistral-small,bgl,3,zero_shot,131,True,0.939913,0.30712,0.972445,0.933304,True,True,True
mistral-small,bgl,3,zero_shot,132,False,0.268941,0.30712,0.453539,0.247607,False,False,False
mistral-small,bgl,3,zero_shot,133,False,0.835484,0.30712,0.919725,0.819591,True,True,True
mistral-small,bgl,3,zero_shot,134,False,0.754915,0.30712,0.8742,0.73372,True,True,True
mistral-small,bgl,3,zero_shot,135,False,0.7773,0.30712,0.887316,0.757419,True,True,True
mistral-small,bgl,3,zero_shot,136,True,0.946597,0.30712,0.975604,0.940676,True,True,True
mistral-small,bgl,3,zero_shot,137,False,0.622459,0.30712,0.788118,0.595941,True,True,True
mistral-small,bgl,3,zero_shot,138,True,0.939913,0.30712,0.972445,0.933304,True,True,True
mistral-small,bgl,3,zero_shot,139,True,0.939913,0.30712,0.972445,0.933304,True,True,True
mistral-small,bgl,3,zero_shot,140,False,0.754915,0.30712,0.8742,0.73372,True,True,True
mistral-small,bgl,3,zero_shot,141,False,0.268941,0.30712,0.453539,0.247606,False,False,False
mistral-small,bgl,3,zero_shot,142,True,0.679179,0.30712,0.826872,0.654433,True,True,True
mistral-small,bgl,3,zero_shot,143,False,0.7773,0.30712,0.887316,0.757419,True,True,True
mistral-small,bgl,3,zero_shot,144,True,0.946597,0.30712,0.975604,0.940676,True,True,True
mistral-small,bgl,3,zero_shot,145,False,0.7773,0.30712,0.887316,0.757419,True,True,True
mistral-small,bgl,3,zero_shot,146,True,0.939913,0.30712,0.972445,0.933304,True,True,True
mistral-small,bgl,3,zero_shot,147,True,0.939913,0.30712,0.972445,0.933304,True,True,True
mistral-small,bgl,3,zero_shot,148,False,0.798187,0.30712,0.899223,0.779642,True,True,True
mistral-small,bgl,3,zero_shot,149,True,0.962673,0.30712,0.983104,0.958456,True,True,True
mistral-small,hdfs,3,zero_shot,150,True,0.119203,0.30712,0.233907,0.107992,False,False,False
mistral-small,hdfs,3,zero_shot,151,True,0.245085,0.30712,0.422778,0.22506,False,False,False
mistral-small,hdfs,3,zero_shot,152,True,0.731059,0.30712,0.859799,0.708597,True,True,True
mistral-small,hdfs,3,zero_shot,153,True,0.294215,0.30712,0.484659,0.27162,False,False,False
mistral-small,hdfs,3,zero_shot,154,True,0.164516,0.30712,0.307596,0.149768,False,False,False
mistral-small,hdfs,3,zero_shot,155,False,0.182426,0.30712,0.334839,0.166392,False,False,False
mistral-small,hdfs,3,zero_shot,156,False,0.132964,0.30712,0.257046,0.120636,False,False,False
mistral-small,hdfs,3,zero_shot,157,True,0.2227,0.30712,0.392604,0.20401,False,False,False
mistral-small,hdfs,3,zero_shot,158,True,0.268941,0.30712,0.453539,0.247607,False,False,False
mistral-small,hdfs,3,zero_shot,159,False,0.148047,0.30712,0.281632,0.134538,False,False,False
mistral-small,hdfs,3,zero_shot,160,False,0.132964,0.30712,0.257046,0.120636,False,False,False
mistral-small,hdfs,3,zero_shot,161,False,0.119203,0.30712,0.233907,0.107992,False,False,False
mistral-small,hdfs,3,zero_shot,162,True,0.148047,0.30712,0.281632,0.134538,False,False,False
mistral-small,hdfs,3,zero_shot,163,False,0.867036,0.30712,0.936352,0.853658,True,True,True
mistral-small,hdfs,3,zero_shot,164,False,0.294215,0.30712,0.484659,0.27162,False,False,False
mistral-small,hdfs,3,zero_shot,165,False,0.245085,0.30712,0.422778,0.22506,False,False,False
mistral-small,hdfs,3,zero_shot,166,False,0.5,0.30712,0.69288,0.472174,False,True,False
mistral-small,hdfs,3,zero_shot,167,True,0.119203,0.30712,0.233907,0.107992,False,False,False
mistral-small,hdfs,3,zero_shot,168,False,0.182426,0.30712,0.334839,0.166392,False,False,False
mistral-small,hdfs,3,zero_shot,169,False,0.164516,0.30712,0.307596,0.149768,False,False,False
mistral-small,hdfs,3,zero_shot,170,False,0.148047,0.30712,0.281632,0.134538,False,False,False
mistral-small,hdfs,3,zero_shot,171,False,0.245085,0.30712,0.422778,0.22506,False,False,False
mistral-small,hdfs,3,zero_shot,172,True,0.164516,0.30712,0.307596,0.149768,False,False,False
mistral-small,hdfs,3,zero_shot,173,True,0.2227,0.30712,0.392604,0.20401,False,False,False
mistral-small,hdfs,3,zero_shot,174,False,0.201813,0.30712,0.363228,0.18446,False,False,False
mistral-small,hdfs,3,zero_shot,175,False,0.562177,0.30712,0.743381,0.53459,True,True,True
mistral-small,hdfs,3,zero_shot,176,True,0.119203,0.30712,0.233907,0.107992,False,False,False
mistral-small,hdfs,3,zero_shot,177,True,0.201813,0.30712,0.363228,0.18446,False,False,False
mistral-small,hdfs,3,zero_shot,178,False,0.148047,0.30712,0.281632,0.134538,False,False,False
mistral-small,hdfs,3,zero_shot,179,False,0.132964,0.30712,0.257046,0.120636,False,False,False
mistral-small,hdfs,3,zero_shot,180,True,0.245085,0.30712,0.422778,0.22506,False,False,False
mistral-small,hdfs,3,zero_shot,181,False,0.182426,0.30712,0.334839,0.166392,False,False,False
mistral-small,hdfs,3,zero_shot,182,True,0.268941,0.30712,0.453539,0.247607,False,False,False
mistral-small,hdfs,3,zero_shot,183,True,0.268941,0.30712,0.453539,0.247607,False,False,False
mistral-small,hdfs,3,zero_shot,184,True,0.531209,0.30712,0.718821,0.503395,True,True,True
mistral-small,hdfs,3,zero_shot,185,False,0.201813,0.30712,0.363228,0.18446,False,False,False
mistral-small,hdfs,3,zero_shot,186,True,0.132964,0.30712,0.257046,0.120636,False,False,False
mistral-small,hdfs,3,zero_shot,187,False,0.201813,0.30712,0.363228,0.18446,False,False,False
mistral-small,hdfs,3,zero_shot,188,True,0.148047,0.30712,0.281632,0.134538,False,False,False
mistral-small,hdfs,3,zero_shot,189,False,0.132964,0.30712,0.257046,0.120636,False,False,False
mistral-small,hdfs,3,zero_shot,190,True,0.132964,0.30712,0.257046,0.120636,False,False,False
mistral-small,hdfs,3,zero_shot,191,True,0.201813,0.30712,0.363228,0.18446,False,False,False
mistral-small,hdfs,3,zero_shot,192,False,0.201813,0.30712,0.363228,0.18446,False,False,False
mistral-small,hdfs,3,zero_shot,193,True,0.201813,0.30712,0.363228,0.18446,False,False,False
mistral-small,hdfs,3,zero_shot,194,True,0.119203,0.30712,0.233907,0.107992,False,False,False
mistral-small,hdfs,3,zero_shot,195,False,0.268941,0.30712,0.453539,0.247607,False,False,False
mistral-small,hdfs,3,zero_shot,196,False,0.119203,0.30712,0.233907,0.107992,False,False,False
mistral-small,hdfs,3,zero_shot,197,True,0.182426,0.30712,0.334839,0.166392,False,False,False
mistral-small,hdfs,3,zero_shot,198,True,0.245085,0.30712,0.422778,0.22506,False,False,False
mistral-small,hdfs,3,zero_shot,199,True,0.106691,0.30712,0.212256,0.096527,False,False,False
mistral-small,hdfs,3,zero_shot,200,False,0.148047,0.30712,0.281632,0.134538,False,False,False
mistral-small,hdfs,3,zero_shot,201,True,0.731059,0.30712,0.859799,0.708597,True,True,True
mistral-small,hdfs,3,zero_shot,202,True,0.201813,0.30712,0.363228,0.18446,False,False,False
mistral-small,hdfs,3,zero_shot,203,False,0.201813,0.30712,0.363228,0.18446,False,False,False
mistral-small,hdfs,3,zero_shot,204,True,0.132964,0.30712,0.257046,0.120636,False,False,False
mistral-small,hdfs,3,zero_shot,205,False,0.132964,0.30712,0.257046,0.120636,False,False,False
mistral-small,hdfs,3,zero_shot,206,False,0.201813,0.30712,0.363228,0.18446,False,False,False
mistral-small,hdfs,3,zero_shot,207,False,0.320821,0.30712,0.515899,0.297043,False,True,False
mistral-small,hdfs,3,zero_shot,208,False,0.348645,0.30712,0.547015,0.323788,False,True,False
mistral-small,hdfs,3,zero_shot,209,True,0.268941,0.30712,0.453539,0.247607,False,False,False
mistral-small,hdfs,3,zero_shot,210,False,0.531209,0.30712,0.718821,0.503395,True,True,True
mistral-small,hdfs,3,zero_shot,211,True,0.148047,0.30712,0.281632,0.134538,False,False,False
mistral-small,hdfs,3,zero_shot,212,False,0.201813,0.30712,0.363228,0.18446,False,False,False
mistral-small,hdfs,3,zero_shot,213,True,0.148047,0.30712,0.281632,0.134538,False,False,False
mistral-small,hdfs,3,zero_shot,214,True,0.106691,0.30712,0.212256,0.096527,False,False,False
mistral-small,hdfs,3,zero_shot,215,True,0.2227,0.30712,0.392604,0.20401,False,False,False
mistral-small,hdfs,3,zero_shot,216,False,0.2227,0.30712,0.392604,0.20401,False,False,False
mistral-small,hdfs,3,zero_shot,217,False,0.132964,0.30712,0.257046,0.120636,False,False,False
mistral-small,hdfs,3,zero_shot,218,True,0.562177,0.30712,0.743381,0.53459,True,True,True
mistral-small,hdfs,3,zero_shot,219,False,0.2227,0.30712,0.392604,0.20401,False,False,False
mistral-small,hdfs,3,zero_shot,220,False,0.182426,0.30712,0.334839,0.166392,False,False,False
mistral-small,hdfs,3,zero_shot,221,False,0.531209,0.30712,0.718821,0.503395,True,True,True
mistral-small,hdfs,3,zero_shot,222,True,0.132964,0.30712,0.257046,0.120636,False,False,False
mistral-small,hdfs,3,zero_shot,223,True,0.182426,0.30712,0.334839,0.166392,False,False,False
mistral-small,hdfs,3,zero_shot,224,False,0.148047,0.30712,0.281632,0.134538,False,False,False
mistral-small,hdfs,3,zero_shot,225,False,0.201813,0.30712,0.363228,0.18446,False,False,False
mistral-small,hdfs,3,zero_shot,226,True,0.622459,0.30712,0.788118,0.595941,True,True,True
mistral-small,hdfs,3,zero_shot,227,True,0.182426,0.30712,0.334839,0.166392,False,False,False
mistral-small,hdfs,3,zero_shot,228,True,0.182426,0.30712,0.334839,0.166392,False,False,False
mistral-small,hdfs,3,zero_shot,229,False,0.164516,0.30712,0.307596,0.149768,False,False,False
mistral-small,hdfs,3,zero_shot,230,False,0.119203,0.30712,0.233907,0.107992,False,False,False
mistral-small,hdfs,3,zero_shot,231,False,0.182426,0.30712,0.334839,0.166392,False,False,False
mistral-small,hdfs,3,zero_shot,232,True,0.132964,0.30712,0.257046,0.120636,False,False,False
mistral-small,hdfs,3,zero_shot,233,False,0.201813,0.30712,0.363228,0.18446,False,False,False
mistral-small,hdfs,3,zero_shot,234,False,0.562177,0.30712,0.743381,0.53459,True,True,True
mistral-small,hdfs,3,zero_shot,235,True,0.2227,0.30712,0.392604,0.20401,False,False,False
mistral-small,hdfs,3,zero_shot,236,True,0.119203,0.30712,0.233907,0.107992,False,False,False
mistral-small,hdfs,3,zero_shot,237,False,0.201813,0.30712,0.363228,0.18446,False,False,False
mistral-small,hdfs,3,zero_shot,238,True,0.148047,0.30712,0.281632,0.134538,False,False,False
mistral-small,hdfs,3,zero_shot,239,True,0.119203,0.30712,0.233907,0.107992,False,False,False
mistral-small,hdfs,3,zero_shot,240,False,0.106691,0.30712,0.212256,0.096527,False,False,False
mistral-small,hdfs,3,zero_shot,241,True,0.2227,0.30712,0.392604,0.20401,False,False,False
mistral-small,hdfs,3,zero_shot,242,True,0.622459,0.30712,0.788118,0.595941,True,True,True
mistral-small,hdfs,3,zero_shot,243,False,0.2227,0.30712,0.392604,0.20401,False,False,False
mistral-small,hdfs,3,zero_shot,244,True,0.294215,0.30712,0.484659,0.27162,False,False,False
mistral-small,hdfs,3,zero_shot,245,True,0.245085,0.30712,0.422778,0.22506,False,False,False
mistral-small,hdfs,3,zero_shot,246,False,0.164516,0.30712,0.307596,0.149768,False,False,False
mistral-small,hdfs,3,zero_shot,247,False,0.268941,0.30712,0.453539,0.247607,False,False,False
mistral-small,hdfs,3,zero_shot,248,True,0.622459,0.30712,0.788118,0.595941,True,True,True
mistral-small,hdfs,3,zero_shot,249,False,0.245085,0.30712,0.422778,0.22506,False,False,False
mistral-small,hdfs,3,zero_shot,250,True,0.182426,0.30712,0.334839,0.166392,False,False,False
mistral-small,hdfs,3,zero_shot,251,False,0.245085,0.30712,0.422778,0.22506,False,False,False
mistral-small,hdfs,3,zero_shot,252,False,0.106691,0.30712,0.212256,0.096527,False,False,False
mistral-small,hdfs,3,zero_shot,253,True,0.164516,0.30712,0.307596,0.149768,False,False,False
mistral-small,hdfs,3,zero_shot,254,True,0.132964,0.30712,0.257046,0.120636,False,False,False
mistral-small,hdfs,3,zero_shot,255,True,0.148047,0.30712,0.281632,0.134538,False,False,False
mistral-small,hdfs,3,zero_shot,256,False,0.245085,0.30712,0.422778,0.22506,False,False,False
mistral-small,hdfs,3,zero_shot,257,False,0.201813,0.30712,0.363228,0.18446,False,False,False
mistral-small,hdfs,3,zero_shot,258,False,0.106691,0.30712,0.212256,0.096527,False,False,False
mistral-small,hdfs,3,zero_shot,259,False,0.132964,0.30712,0.257046,0.120636,False,False,False
mistral-small,hdfs,3,zero_shot,260,True,0.132964,0.30712,0.257046,0.120636,False,False,False
mistral-small,hdfs,3,zero_shot,261,False,0.201813,0.30712,0.363228,0.18446,False,False,False
mistral-small,hdfs,3,zero_shot,262,False,0.164516,0.30712,0.307596,0.149768,False,False,False
mistral-small,hdfs,3,zero_shot,263,True,0.679179,0.30712,0.826872,0.654433,True,True,True
mistral-small,hdfs,3,zero_shot,264,False,0.182426,0.30712,0.334839,0.166392,False,False,False
mistral-small,hdfs,3,zero_shot,265,True,0.201813,0.30712,0.363228,0.18446,False,False,False
mistral-small,hdfs,3,zero_shot,266,False,0.085099,0.30712,0.173448,0.076816,False,False,False
mistral-small,hdfs,3,zero_shot,267,False,0.106691,0.30712,0.212256,0.096527,False,False,False
mistral-small,hdfs,3,zero_shot,268,True,0.182426,0.30712,0.334839,0.166392,False,False,False
mistral-small,hdfs,3,zero_shot,269,False,0.2227,0.30712,0.392604,0.20401,False,False,False
mistral-small,hdfs,3,zero_shot,270,False,0.148047,0.30712,0.281632,0.134538,False,False,False
mistral-small,hdfs,3,zero_shot,271,False,0.2227,0.30712,0.392604,0.20401,False,False,False
mistral-small,hdfs,3,zero_shot,272,True,0.268941,0.30712,0.453539,0.247607,False,False,False
mistral-small,hdfs,3,zero_shot,273,True,0.268941,0.30712,0.453539,0.247607,False,False,False
mistral-small,hdfs,3,zero_shot,274,True,0.164516,0.30712,0.307596,0.149768,False,False,False
mistral-small,hdfs,3,zero_shot,275,True,0.2227,0.30712,0.392604,0.20401,False,False,False
mistral-small,hdfs,3,zero_shot,276,True,0.754915,0.30712,0.8742,0.73372,True,True,True
mistral-small,hdfs,3,zero_shot,277,False,0.754915,0.30712,0.8742,0.73372,True,True,True
mistral-small,hdfs,3,zero_shot,278,False,0.731059,0.30712,0.859799,0.708597,True,True,True
mistral-small,hdfs,3,zero_shot,279,True,0.245085,0.30712,0.422778,0.22506,False,False,False
mistral-small,hdfs,3,zero_shot,280,True,0.2227,0.30712,0.392604,0.20401,False,False,False
mistral-small,hdfs,3,zero_shot,281,True,0.085099,0.30712,0.173448,0.076816,False,False,False
mistral-small,hdfs,3,zero_shot,282,True,0.132964,0.30712,0.257046,0.120636,False,False,False
mistral-small,hdfs,3,zero_shot,283,False,0.268941,0.30712,0.453539,0.247606,False,False,False
mistral-small,hdfs,3,zero_shot,284,False,0.119203,0.30712,0.233907,0.107992,False,False,False
mistral-small,hdfs,3,zero_shot,285,False,0.5,0.30712,0.69288,0.472174,False,True,False
mistral-small,hdfs,3,zero_shot,286,True,0.095349,0.30712,0.192106,0.086162,False,False,False
mistral-small,hdfs,3,zero_shot,287,False,0.095349,0.30712,0.192106,0.086162,False,False,False
mistral-small,hdfs,3,zero_shot,288,True,0.754915,0.30712,0.8742,0.73372,True,True,True
mistral-small,hdfs,3,zero_shot,289,True,0.119203,0.30712,0.233907,0.107992,False,False,False
mistral-small,hdfs,3,zero_shot,290,True,0.132964,0.30712,0.257046,0.120636,False,False,False
mistral-small,hdfs,3,zero_shot,291,True,0.2227,0.30712,0.392604,0.20401,False,False,False
mistral-small,hdfs,3,zero_shot,292,True,0.2227,0.30712,0.392604,0.20401,False,False,False
mistral-small,hdfs,3,zero_shot,293,False,0.2227,0.30712,0.392604,0.20401,False,False,False
mistral-small,hdfs,3,zero_shot,294,False,0.268941,0.30712,0.453539,0.247607,False,False,False
mistral-small,hdfs,3,zero_shot,295,True,0.851953,0.30712,0.928483,0.837342,True,True,True
mistral-small,hdfs,3,zero_shot,296,True,0.705785,0.30712,0.844042,0.682131,True,True,True
mistral-small,hdfs,3,zero_shot,297,False,0.164516,0.30712,0.307596,0.149768,False,False,False
mistral-small,hdfs,3,zero_shot,298,False,0.562177,0.30712,0.743381,0.53459,True,True,True
mistral-small,hdfs,3,zero_shot,299,False,0.201813,0.30712,0.363228,0.18446,False,False,False
mistral-small,thunderbird,3,zero_shot,300,True,0.984094,0.30712,0.992886,0.982252,True,True,True
mistral-small,thunderbird,3,zero_shot,301,True,0.982014,0.30712,0.991947,0.979936,True,True,True
mistral-small,thunderbird,3,zero_shot,302,True,0.962673,0.30712,0.983104,0.958456,True,True,True
mistral-small,thunderbird,3,zero_shot,303,False,0.7773,0.30712,0.887316,0.757419,True,True,True
mistral-small,thunderbird,3,zero_shot,304,True,0.835484,0.30712,0.919725,0.819591,True,True,True
mistral-small,thunderbird,3,zero_shot,305,True,0.979668,0.30712,0.990884,0.977326,True,True,True
mistral-small,thunderbird,3,zero_shot,306,False,0.932453,0.30712,0.96889,0.925088,True,True,True
mistral-small,thunderbird,3,zero_shot,307,True,0.962673,0.30712,0.983104,0.958456,True,True,True
mistral-small,thunderbird,3,zero_shot,308,True,0.914901,0.30712,0.960404,0.905816,True,True,True
mistral-small,thunderbird,3,zero_shot,309,True,0.966914,0.30712,0.985059,0.963158,True,True,True
mistral-small,thunderbird,3,zero_shot,310,False,0.095349,0.30712,0.192106,0.086162,False,False,False
mistral-small,thunderbird,3,zero_shot,311,False,0.705785,0.30712,0.844042,0.682131,True,True,True
mistral-small,thunderbird,3,zero_shot,312,True,0.914901,0.30712,0.960404,0.905816,True,True,True
mistral-small,thunderbird,3,zero_shot,313,False,0.914901,0.30712,0.960404,0.905816,True,True,True
mistral-small,thunderbird,3,zero_shot,314,True,0.974043,0.30712,0.988326,0.971072,True,True,True
mistral-small,thunderbird,3,zero_shot,315,False,0.817574,0.30712,0.909999,0.800366,True,True,True
mistral-small,thunderbird,3,zero_shot,316,False,0.468791,0.30712,0.66566,0.441169,False,True,False
mistral-small,thunderbird,3,zero_shot,317,False,0.047426,0.30712,0.10098,0.042639,False,False,False
mistral-small,thunderbird,3,zero_shot,318,False,0.924142,0.30712,0.964893,0.915952,True,True,True
mistral-small,thunderbird,3,zero_shot,319,False,0.705785,0.30712,0.844042,0.682131,True,True,True
mistral-small,thunderbird,3,zero_shot,320,False,0.025957,0.30712,0.056712,0.023284,False,False,False
mistral-small,thunderbird,3,zero_shot,321,True,0.982014,0.30712,0.991947,0.979936,True,True,True
mistral-small,thunderbird,3,zero_shot,322,False,0.437823,0.30712,0.637289,0.410616,False,True,False
mistral-small,thunderbird,3,zero_shot,323,True,0.962673,0.30712,0.983104,0.958456,True,True,True
mistral-small,thunderbird,3,zero_shot,324,False,0.047426,0.30712,0.10098,0.042639,False,False,False
mistral-small,thunderbird,3,zero_shot,325,True,0.970688,0.30712,0.986792,0.967346,True,True,True
mistral-small,thunderbird,3,zero_shot,326,True,0.974043,0.30712,0.988326,0.971072,True,True,True
mistral-small,thunderbird,3,zero_shot,327,False,0.914901,0.30712,0.960404,0.905816,True,True,True
mistral-small,thunderbird,3,zero_shot,328,False,0.932453,0.30712,0.96889,0.925088,True,True,True
mistral-small,thunderbird,3,zero_shot,329,False,0.939913,0.30712,0.972445,0.933304,True,True,True
mistral-small,thunderbird,3,zero_shot,330,True,0.962673,0.30712,0.983104,0.958456,True,True,True
mistral-small,thunderbird,3,zero_shot,331,False,0.932453,0.30712,0.96889,0.925088,True,True,True
mistral-small,thunderbird,3,zero_shot,332,True,0.946597,0.30712,0.975604,0.940676,True,True,True
mistral-small,thunderbird,3,zero_shot,333,False,0.893309,0.30712,0.949723,0.882216,True,True,True
mistral-small,thunderbird,3,zero_shot,334,True,0.970688,0.30712,0.986792,0.967346,True,True,True
mistral-small,thunderbird,3,zero_shot,335,False,0.531209,0.30712,0.718821,0.503395,True,True,True
mistral-small,thunderbird,3,zero_shot,336,False,0.060087,0.30712,0.126046,0.054094,False,False,False
mistral-small,thunderbird,3,zero_shot,337,True,0.952574,0.30712,0.978408,0.947279,True,True,True
mistral-small,thunderbird,3,zero_shot,338,False,0.924142,0.30712,0.964893,0.915952,True,True,True
mistral-small,thunderbird,3,zero_shot,339,True,0.946597,0.30712,0.975604,0.940676,True,True,True
mistral-small,thunderbird,3,zero_shot,340,False,0.053403,0.30712,0.112907,0.048043,False,False,False
mistral-small,thunderbird,3,zero_shot,341,False,0.468791,0.30712,0.66566,0.441169,False,True,False
mistral-small,thunderbird,3,zero_shot,342,True,0.970688,0.30712,0.986792,0.967346,True,True,True
mistral-small,thunderbird,3,zero_shot,343,True,0.984094,0.30712,0.992886,0.982252,True,True,True
mistral-small,thunderbird,3,zero_shot,344,True,0.914901,0.30712,0.960404,0.905816,True,True,True
mistral-small,thunderbird,3,zero_shot,345,True,0.982014,0.30712,0.991947,0.979936,True,True,True
mistral-small,thunderbird,3,zero_shot,346,True,0.952574,0.30712,0.978408,0.947279,True,True,True
mistral-small,thunderbird,3,zero_shot,347,False,0.106691,0.30712,0.212256,0.096527,False,False,False
mistral-small,thunderbird,3,zero_shot,348,True,0.914901,0.30712,0.960404,0.905816,True,True,True
mistral-small,thunderbird,3,zero_shot,349,True,0.970688,0.30712,0.986792,0.967346,True,True,True
mistral-small,thunderbird,3,zero_shot,350,True,0.974043,0.30712,0.988326,0.971072,True,True,True
mistral-small,thunderbird,3,zero_shot,351,False,0.148047,0.30712,0.281632,0.134538,False,False,False
mistral-small,thunderbird,3,zero_shot,352,True,0.946597,0.30712,0.975604,0.940676,True,True,True
mistral-small,thunderbird,3,zero_shot,353,False,0.201813,0.30712,0.363228,0.18446,False,False,False
mistral-small,thunderbird,3,zero_shot,354,False,0.851953,0.30712,0.928483,0.837342,True,True,True
mistral-small,thunderbird,3,zero_shot,355,False,0.268941,0.30712,0.453539,0.247607,False,False,False
mistral-small,thunderbird,3,zero_shot,356,True,0.939913,0.30712,0.972445,0.933304,True,True,True
mistral-small,thunderbird,3,zero_shot,357,False,0.622459,0.30712,0.788118,0.595941,True,True,True
mistral-small,thunderbird,3,zero_shot,358,False,0.893309,0.30712,0.949723,0.882216,True,True,True
mistral-small,thunderbird,3,zero_shot,359,True,0.924142,0.30712,0.964893,0.915952,True,True,True
mistral-small,thunderbird,3,zero_shot,360,True,0.957912,0.30712,0.980897,0.953184,True,True,True
mistral-small,thunderbird,3,zero_shot,361,False,0.468791,0.30712,0.66566,0.441169,False,True,False
mistral-small,thunderbird,3,zero_shot,362,True,0.914901,0.30712,0.960404,0.905816,True,True,True
mistral-small,thunderbird,3,zero_shot,363,False,0.989013,0.30712,0.9951,0.987734,True,True,True
mistral-small,thunderbird,3,zero_shot,364,True,0.952574,0.30712,0.978408,0.947279,True,True,True
mistral-small,thunderbird,3,zero_shot,365,True,0.957912,0.30712,0.980897,0.953184,True,True,True
mistral-small,thunderbird,3,zero_shot,366,True,0.984094,0.30712,0.992886,0.982252,True,True,True
mistral-small,thunderbird,3,zero_shot,367,True,0.982014,0.30712,0.991947,0.979936,True,True,True
mistral-small,thunderbird,3,zero_shot,368,True,0.982014,0.30712,0.991947,0.979936,True,True,True
mistral-small,thunderbird,3,zero_shot,369,False,0.932453,0.30712,0.96889,0.925088,True,True,True
mistral-small,thunderbird,3,zero_shot,370,True,0.984094,0.30712,0.992886,0.982252,True,True,True
mistral-small,thunderbird,3,zero_shot,371,False,0.705785,0.30712,0.844042,0.682131,True,True,True
mistral-small,thunderbird,3,zero_shot,372,False,0.893309,0.30712,0.949723,0.882216,True,True,True
mistral-small,thunderbird,3,zero_shot,373,False,0.060087,0.30712,0.126046,0.054094,False,False,False
mistral-small,thunderbird,3,zero_shot,374,True,0.939913,0.30712,0.972445,0.933304,True,True,True
mistral-small,thunderbird,3,zero_shot,375,True,0.939913,0.30712,0.972445,0.933304,True,True,True
mistral-small,thunderbird,3,zero_shot,376,False,0.348645,0.30712,0.547015,0.323788,False,True,False
mistral-small,thunderbird,3,zero_shot,377,False,0.731059,0.30712,0.859799,0.708597,True,True,True
mistral-small,thunderbird,3,zero_shot,378,True,0.970688,0.30712,0.986792,0.967346,True,True,True
mistral-small,thunderbird,3,zero_shot,379,True,0.982014,0.30712,0.991947,0.979936,True,True,True
mistral-small,thunderbird,3,zero_shot,380,True,0.970688,0.30712,0.986792,0.967346,True,True,True
mistral-small,thunderbird,3,zero_shot,381,False,0.2227,0.30712,0.392604,0.20401,False,False,False
mistral-small,thunderbird,3,zero_shot,382,False,0.914901,0.30712,0.960404,0.905816,True,True,True
mistral-small,thunderbird,3,zero_shot,383,False,0.705785,0.30712,0.844042,0.682131,True,True,True
mistral-small,thunderbird,3,zero_shot,384,True,0.924142,0.30712,0.964893,0.915952,True,True,True
mistral-small,thunderbird,3,zero_shot,385,False,0.320821,0.30712,0.515899,0.297043,False,True,False
mistral-small,thunderbird,3,zero_shot,386,False,0.377541,0.30712,0.577768,0.351736,False,True,False
mistral-small,thunderbird,3,zero_shot,387,True,0.977023,0.30712,0.989683,0.974384,True,True,True
mistral-small,thunderbird,3,zero_shot,388,True,0.970688,0.30712,0.986792,0.967346,True,True,True
mistral-small,thunderbird,3,zero_shot,389,False,0.437823,0.30712,0.637289,0.410616,False,True,False
mistral-small,thunderbird,3,zero_shot,390,True,0.946597,0.30712,0.975604,0.940676,True,True,True
mistral-small,thunderbird,3,zero_shot,391,True,0.962673,0.30712,0.983104,0.958456,True,True,True
mistral-small,thunderbird,3,zero_shot,392,False,0.067547,0.30712,0.140471,0.060858,False,False,False
mistral-small,thunderbird,3,zero_shot,393,True,0.984094,0.30712,0.992886,0.982252,True,True,True
mistral-small,thunderbird,3,zero_shot,394,True,0.914901,0.30712,0.960404,0.905816,True,True,True
mistral-small,thunderbird,3,zero_shot,395,False,0.651355,0.30712,0.808241,0.625646,True,True,True
mistral-small,thunderbird,3,zero_shot,396,True,0.974043,0.30712,0.988326,0.971072,True,True,True
mistral-small,thunderbird,3,zero_shot,397,True,0.904651,0.30712,0.955367,0.894597,True,True,True
mistral-small,thunderbird,3,zero_shot,398,False,0.148047,0.30712,0.281632,0.134538,False,False,False
mistral-small,thunderbird,3,zero_shot,399,False,0.201813,0.30712,0.363228,0.18446,False,False,False
mistral-small,thunderbird,3,zero_shot,400,True,0.982014,0.30712,0.991947,0.979936,True,True,True
mistral-small,thunderbird,3,zero_shot,401,False,0.437823,0.30712,0.637289,0.410616,False,True,False
mistral-small,thunderbird,3,zero_shot,402,True,0.957912,0.30712,0.980897,0.953184,True,True,True
mistral-small,thunderbird,3,zero_shot,403,True,0.924142,0.30712,0.964893,0.915952,True,True,True
mistral-small,thunderbird,3,zero_shot,404,False,0.817574,0.30712,0.909999,0.800366,True,True,True
mistral-small,thunderbird,3,zero_shot,405,True,0.984094,0.30712,0.992886,0.982252,True,True,True
mistral-small,thunderbird,3,zero_shot,406,True,0.979668,0.30712,0.990884,0.977326,True,True,True
mistral-small,thunderbird,3,zero_shot,407,True,0.979668,0.30712,0.990884,0.977326,True,True,True
mistral-small,thunderbird,3,zero_shot,408,False,0.119203,0.30712,0.233907,0.107992,False,False,False
mistral-small,thunderbird,3,zero_shot,409,False,0.407333,0.30712,0.60793,0.380738,False,True,False
mistral-small,thunderbird,3,zero_shot,410,False,0.754915,0.30712,0.8742,0.73372,True,True,True
mistral-small,thunderbird,3,zero_shot,411,False,0.119203,0.30712,0.233907,0.107992,False,False,False
mistral-small,thunderbird,3,zero_shot,412,True,0.867036,0.30712,0.936352,0.853658,True,True,True
mistral-small,thunderbird,3,zero_shot,413,False,0.851953,0.30712,0.928483,0.837342,True,True,True
mistral-small,thunderbird,3,zero_shot,414,False,0.5,0.30712,0.69288,0.472174,False,True,False
mistral-small,thunderbird,3,zero_shot,415,True,0.977023,0.30712,0.989683,0.974384,True,True,True
mistral-small,thunderbird,3,zero_shot,416,False,0.164516,0.30712,0.307596,0.149768,False,False,False
mistral-small,thunderbird,3,zero_shot,417,True,0.904651,0.30712,0.955367,0.894597,True,True,True
mistral-small,thunderbird,3,zero_shot,418,False,0.106691,0.30712,0.212256,0.096527,False,False,False
mistral-small,thunderbird,3,zero_shot,419,False,0.320821,0.30712,0.515899,0.297043,False,True,False
mistral-small,thunderbird,3,zero_shot,420,True,0.914901,0.30712,0.960404,0.905816,True,True,True
mistral-small,thunderbird,3,zero_shot,421,False,0.085099,0.30712,0.173448,0.076816,False,False,False
mistral-small,thunderbird,3,zero_shot,422,False,0.798187,0.30712,0.899223,0.779642,True,True,True
mistral-small,thunderbird,3,zero_shot,423,False,0.679179,0.30712,0.826872,0.654433,True,True,True
mistral-small,thunderbird,3,zero_shot,424,False,0.377541,0.30712,0.577768,0.351736,False,True,False
mistral-small,thunderbird,3,zero_shot,425,True,0.939913,0.30712,0.972445,0.933304,True,True,True
mistral-small,thunderbird,3,zero_shot,426,True,0.974043,0.30712,0.988326,0.971072,True,True,True
mistral-small,thunderbird,3,zero_shot,427,False,0.075858,0.30712,0.156252,0.068407,False,False,False
mistral-small,thunderbird,3,zero_shot,428,False,0.132964,0.30712,0.257046,0.120636,False,False,False
mistral-small,thunderbird,3,zero_shot,429,False,0.914901,0.30712,0.960404,0.905816,True,True,True
mistral-small,thunderbird,3,zero_shot,430,False,0.867036,0.30712,0.936352,0.853658,True,True,True
mistral-small,thunderbird,3,zero_shot,431,False,0.348645,0.30712,0.547015,0.323788,False,True,False
mistral-small,thunderbird,3,zero_shot,432,True,0.946597,0.30712,0.975604,0.940676,True,True,True
mistral-small,thunderbird,3,zero_shot,433,True,0.932453,0.30712,0.96889,0.925088,True,True,True
mistral-small,thunderbird,3,zero_shot,434,True,0.984094,0.30712,0.992886,0.982252,True,True,True
mistral-small,thunderbird,3,zero_shot,435,True,0.946597,0.30712,0.975604,0.940676,True,True,True
mistral-small,thunderbird,3,zero_shot,436,False,0.042088,0.30712,0.090185,0.037818,False,False,False
mistral-small,thunderbird,3,zero_shot,437,False,0.119203,0.30712,0.233907,0.107992,False,False,False
mistral-small,thunderbird,3,zero_shot,438,False,0.060087,0.30712,0.126046,0.054094,False,False,False
mistral-small,thunderbird,3,zero_shot,439,False,0.468791,0.30712,0.66566,0.441169,False,True,False
mistral-small,thunderbird,3,zero_shot,440,True,0.970688,0.30712,0.986792,0.967346,True,True,True
mistral-small,thunderbird,3,zero_shot,441,False,0.148047,0.30712,0.281632,0.134538,False,False,False
mistral-small,thunderbird,3,zero_shot,442,True,0.952574,0.30712,0.978408,0.947279,True,True,True
mistral-small,thunderbird,3,zero_shot,443,True,0.974043,0.30712,0.988326,0.971072,True,True,True
mistral-small,thunderbird,3,zero_shot,444,True,0.979668,0.30712,0.990884,0.977326,True,True,True
mistral-small,thunderbird,3,zero_shot,445,True,0.974043,0.30712,0.988326,0.971072,True,True,True
mistral-small,thunderbird,3,zero_shot,446,True,0.946597,0.30712,0.975604,0.940676,True,True,True
mistral-small,thunderbird,3,zero_shot,447,False,0.037327,0.30712,0.08044,0.033523,False,False,False
mistral-small,thunderbird,3,zero_shot,448,False,0.148047,0.30712,0.281632,0.134538,False,False,False
mistral-small,thunderbird,3,zero_shot,449,True,0.962673,0.30712,0.983104,0.958456,True,True,True
mistral-small,openstack,3,zero_shot,450,True,0.085099,0.30712,0.173449,0.076816,False,False,False
mistral-small,openstack,3,zero_shot,451,True,0.201813,0.30712,0.363228,0.18446,False,False,False
mistral-small,openstack,3,zero_shot,452,False,0.148047,0.30712,0.281632,0.134538,False,False,False
mistral-small,openstack,3,zero_shot,453,True,0.182426,0.30712,0.334839,0.166392,False,False,False
mistral-small,openstack,3,zero_shot,454,False,0.562177,0.30712,0.743381,0.53459,True,True,True
mistral-small,openstack,3,zero_shot,455,False,0.067547,0.30712,0.140471,0.060858,False,False,False
mistral-small,openstack,3,zero_shot,456,False,0.182426,0.30712,0.334839,0.166392,False,False,False
mistral-small,openstack,3,zero_shot,457,False,0.348645,0.30712,0.547015,0.323788,False,True,False
mistral-small,openstack,3,zero_shot,458,False,0.060087,0.30712,0.126046,0.054094,False,False,False
mistral-small,openstack,3,zero_shot,459,True,0.182426,0.30712,0.334839,0.166392,False,False,False
mistral-small,openstack,3,zero_shot,460,True,0.164516,0.30712,0.307596,0.149768,False,False,False
mistral-small,openstack,3,zero_shot,461,False,0.201813,0.30712,0.363228,0.18446,False,False,False
mistral-small,openstack,3,zero_shot,462,True,0.075858,0.30712,0.156252,0.068407,False,False,False
mistral-small,openstack,3,zero_shot,463,True,0.060087,0.30712,0.126046,0.054094,False,False,False
mistral-small,openstack,3,zero_shot,464,True,0.075858,0.30712,0.156252,0.068407,False,False,False
mistral-small,openstack,3,zero_shot,465,False,0.148047,0.30712,0.281632,0.134538,False,False,False
mistral-small,openstack,3,zero_shot,466,True,0.047426,0.30712,0.10098,0.042639,False,False,False
mistral-small,openstack,3,zero_shot,467,True,0.075858,0.30712,0.156252,0.068407,False,False,False
mistral-small,openstack,3,zero_shot,468,True,0.268941,0.30712,0.453539,0.247607,False,False,False
mistral-small,openstack,3,zero_shot,469,True,0.119203,0.30712,0.233907,0.107992,False,False,False
mistral-small,openstack,3,zero_shot,470,False,0.067547,0.30712,0.140471,0.060858,False,False,False
mistral-small,openstack,3,zero_shot,471,True,0.132964,0.30712,0.257046,0.120636,False,False,False
mistral-small,openstack,3,zero_shot,472,False,0.320821,0.30712,0.515899,0.297043,False,True,False
mistral-small,openstack,3,zero_shot,473,True,0.622459,0.30712,0.788118,0.595941,True,True,True
mistral-small,openstack,3,zero_shot,474,False,0.106691,0.30712,0.212256,0.096527,False,False,False
mistral-small,openstack,3,zero_shot,475,True,0.075858,0.30712,0.156252,0.068407,False,False,False
mistral-small,openstack,3,zero_shot,476,True,0.245085,0.30712,0.422778,0.22506,False,False,False
mistral-small,openstack,3,zero_shot,477,False,0.067547,0.30712,0.140471,0.060858,False,False,False
mistral-small,openstack,3,zero_shot,478,False,0.119203,0.30712,0.233907,0.107992,False,False,False
mistral-small,openstack,3,zero_shot,479,True,0.164516,0.30712,0.307596,0.149768,False,False,False
mistral-small,openstack,3,zero_shot,480,True,0.148047,0.30712,0.281632,0.134538,False,False,False
mistral-small,openstack,3,zero_shot,481,True,0.067547,0.30712,0.140471,0.060858,False,False,False
mistral-small,openstack,3,zero_shot,482,True,0.119203,0.30712,0.233907,0.107992,False,False,False
mistral-small,openstack,3,zero_shot,483,True,0.132964,0.30712,0.257046,0.120636,False,False,False
mistral-small,openstack,3,zero_shot,484,True,0.132964,0.30712,0.257046,0.120636,False,False,False
mistral-small,openstack,3,zero_shot,485,False,0.119203,0.30712,0.233907,0.107992,False,False,False
mistral-small,openstack,3,zero_shot,486,False,0.407333,0.30712,0.60793,0.380738,False,True,False
mistral-small,openstack,3,zero_shot,487,False,0.182426,0.30712,0.334839,0.166392,False,False,False
mistral-small,openstack,3,zero_shot,488,False,0.132964,0.30712,0.257046,0.120636,False,False,False
mistral-small,openstack,3,zero_shot,489,True,0.075858,0.30712,0.156252,0.068407,False,False,False
mistral-small,openstack,3,zero_shot,490,False,0.182426,0.30712,0.334839,0.166392,False,False,False
mistral-small,openstack,3,zero_shot,491,True,0.095349,0.30712,0.192106,0.086162,False,False,False
mistral-small,openstack,3,zero_shot,492,True,0.075858,0.30712,0.156252,0.068407,False,False,False
mistral-small,openstack,3,zero_shot,493,True,0.245085,0.30712,0.422778,0.22506,False,False,False
mistral-small,openstack,3,zero_shot,494,False,0.148047,0.30712,0.281632,0.134538,False,False,False
mistral-small,openstack,3,zero_shot,495,False,0.106691,0.30712,0.212256,0.096527,False,False,False
mistral-small,openstack,3,zero_shot,496,False,0.053403,0.30712,0.112907,0.048043,False,False,False
mistral-small,openstack,3,zero_shot,497,True,0.348645,0.30712,0.547015,0.323788,False,True,False
mistral-small,openstack,3,zero_shot,498,True,0.106691,0.30712,0.212256,0.096527,False,False,False
mistral-small,openstack,3,zero_shot,499,True,0.592667,0.30712,0.766494,0.565516,True,True,True
mistral-small,openstack,3,zero_shot,500,True,0.164516,0.30712,0.307596,0.149768,False,False,False
mistral-small,openstack,3,zero_shot,501,False,0.067547,0.30712,0.140471,0.060858,False,False,False
mistral-small,openstack,3,zero_shot,502,False,0.067547,0.30712,0.140471,0.060858,False,False,False
mistral-small,openstack,3,zero_shot,503,True,0.407333,0.30712,0.60793,0.380738,False,True,False
mistral-small,openstack,3,zero_shot,504,True,0.2227,0.30712,0.392604,0.20401,False,False,False
mistral-small,openstack,3,zero_shot,505,True,0.075858,0.30712,0.156252,0.068407,False,False,False
mistral-small,openstack,3,zero_shot,506,False,0.320821,0.30712,0.515899,0.297043,False,True,False
mistral-small,openstack,3,zero_shot,507,True,0.562177,0.30712,0.743381,0.53459,True,True,True
mistral-small,openstack,3,zero_shot,508,False,0.085099,0.30712,0.173449,0.076816,False,False,False
mistral-small,openstack,3,zero_shot,509,True,0.294215,0.30712,0.484659,0.27162,False,False,False
mistral-small,openstack,3,zero_shot,510,True,0.075858,0.30712,0.156252,0.068407,False,False,False
mistral-small,openstack,3,zero_shot,511,False,0.085099,0.30712,0.173449,0.076816,False,False,False
mistral-small,openstack,3,zero_shot,512,False,0.075858,0.30712,0.156252,0.068407,False,False,False
mistral-small,openstack,3,zero_shot,513,True,0.182426,0.30712,0.334839,0.166392,False,False,False
mistral-small,openstack,3,zero_shot,514,False,0.095349,0.30712,0.192106,0.086162,False,False,False
mistral-small,openstack,3,zero_shot,515,True,0.119203,0.30712,0.233907,0.107992,False,False,False
mistral-small,openstack,3,zero_shot,516,False,0.060087,0.30712,0.126046,0.054094,False,False,False
mistral-small,openstack,3,zero_shot,517,True,0.060087,0.30712,0.126046,0.054094,False,False,False
mistral-small,openstack,3,zero_shot,518,False,0.562177,0.30712,0.743381,0.53459,True,True,True
mistral-small,openstack,3,zero_shot,519,False,0.095349,0.30712,0.192106,0.086162,False,False,False
mistral-small,openstack,3,zero_shot,520,False,0.201813,0.30712,0.363228,0.18446,False,False,False
mistral-small,openstack,3,zero_shot,521,False,0.377541,0.30712,0.577768,0.351736,False,True,False
mistral-small,openstack,3,zero_shot,522,True,0.182426,0.30712,0.334839,0.166392,False,False,False
mistral-small,openstack,3,zero_shot,523,False,0.119203,0.30712,0.233907,0.107992,False,False,False
mistral-small,openstack,3,zero_shot,524,False,0.067547,0.30712,0.140471,0.060858,False,False,False
mistral-small,openstack,3,zero_shot,525,True,0.377541,0.30712,0.577768,0.351736,False,True,False
mistral-small,openstack,3,zero_shot,526,False,0.348645,0.30712,0.547015,0.323788,False,True,False
mistral-small,openstack,3,zero_shot,527,False,0.7773,0.30712,0.887316,0.757419,True,True,True
mistral-small,openstack,3,zero_shot,528,True,0.5,0.30712,0.69288,0.472174,False,True,False
mistral-small,openstack,3,zero_shot,529,True,0.132964,0.30712,0.257046,0.120636,False,False,False
mistral-small,openstack,3,zero_shot,530,False,0.201813,0.30712,0.363228,0.18446,False,False,False
mistral-small,openstack,3,zero_shot,531,False,0.268941,0.30712,0.453539,0.247607,False,False,False
mistral-small,openstack,3,zero_shot,532,True,0.095349,0.30712,0.192106,0.086162,False,False,False
mistral-small,openstack,3,zero_shot,533,True,0.095349,0.30712,0.192106,0.086162,False,False,False
mistral-small,openstack,3,zero_shot,534,True,0.294215,0.30712,0.484659,0.27162,False,False,False
mistral-small,openstack,3,zero_shot,535,True,0.294215,0.30712,0.484659,0.27162,False,False,False
mistral-small,openstack,3,zero_shot,536,True,0.132964,0.30712,0.257046,0.120636,False,False,False
mistral-small,openstack,3,zero_shot,537,True,0.201813,0.30712,0.363228,0.18446,False,False,False
mistral-small,openstack,3,zero_shot,538,False,0.268941,0.30712,0.453539,0.247607,False,False,False
mistral-small,openstack,3,zero_shot,539,False,0.407333,0.30712,0.60793,0.380738,False,True,False
mistral-small,openstack,3,zero_shot,540,True,0.201813,0.30712,0.363228,0.18446,False,False,False
mistral-small,openstack,3,zero_shot,541,False,0.132964,0.30712,0.257046,0.120636,False,False,False
mistral-small,openstack,3,zero_shot,542,False,0.132964,0.30712,0.257046,0.120636,False,False,False
mistral-small,openstack,3,zero_shot,543,True,0.268941,0.30712,0.453539,0.247607,False,False,False
mistral-small,openstack,3,zero_shot,544,False,0.164516,0.30712,0.307596,0.149768,False,False,False
mistral-small,openstack,3,zero_shot,545,False,0.705785,0.30712,0.844042,0.682131,True,True,True
mistral-small,openstack,3,zero_shot,546,False,0.067547,0.30712,0.140471,0.060858,False,False,False
mistral-small,openstack,3,zero_shot,547,True,0.075858,0.30712,0.156252,0.068407,False,False,False
mistral-small,openstack,3,zero_shot,548,False,0.348645,0.30712,0.547015,0.323788,False,True,False
mistral-small,openstack,3,zero_shot,549,True,0.106691,0.30712,0.212256,0.096527,False,False,False
mistral-small,openstack,3,zero_shot,550,False,0.075858,0.30712,0.156252,0.068407,False,False,False
mistral-small,openstack,3,zero_shot,551,False,0.148047,0.30712,0.281632,0.134538,False,False,False
mistral-small,openstack,3,zero_shot,552,True,0.119203,0.30712,0.233907,0.107992,False,False,False
mistral-small,openstack,3,zero_shot,553,True,0.119203,0.30712,0.233907,0.107992,False,False,False
mistral-small,openstack,3,zero_shot,554,True,0.119203,0.30712,0.233907,0.107992,False,False,False
mistral-small,openstack,3,zero_shot,555,True,0.320821,0.30712,0.515899,0.297043,False,True,False
mistral-small,openstack,3,zero_shot,556,False,0.294215,0.30712,0.484659,0.27162,False,False,False
mistral-small,openstack,3,zero_shot,557,False,0.294215,0.30712,0.484659,0.27162,False,False,False
mistral-small,openstack,3,zero_shot,558,True,0.085099,0.30712,0.173449,0.076816,False,False,False
mistral-small,openstack,3,zero_shot,559,False,0.119203,0.30712,0.233907,0.107992,False,False,False
mistral-small,openstack,3,zero_shot,560,True,0.2227,0.30712,0.392604,0.20401,False,False,False
mistral-small,openstack,3,zero_shot,561,False,0.268941,0.30712,0.453539,0.247607,False,False,False
mistral-small,openstack,3,zero_shot,562,True,0.164516,0.30712,0.307596,0.149768,False,False,False
mistral-small,openstack,3,zero_shot,563,False,0.268941,0.30712,0.453539,0.247607,False,False,False
mistral-small,openstack,3,zero_shot,564,True,0.2227,0.30712,0.392604,0.20401,False,False,False
mistral-small,openstack,3,zero_shot,565,False,0.320821,0.30712,0.515899,0.297043,False,True,False
mistral-small,openstack,3,zero_shot,566,False,0.377541,0.30712,0.577768,0.351736,False,True,False
mistral-small,openstack,3,zero_shot,567,True,0.2227,0.30712,0.392604,0.20401,False,False,False
mistral-small,openstack,3,zero_shot,568,True,0.294215,0.30712,0.484659,0.27162,False,False,False
mistral-small,openstack,3,zero_shot,569,False,0.085099,0.30712,0.173448,0.076816,False,False,False
mistral-small,openstack,3,zero_shot,570,False,0.085099,0.30712,0.173449,0.076816,False,False,False
mistral-small,openstack,3,zero_shot,571,True,0.592667,0.30712,0.766494,0.565516,True,True,True
mistral-small,openstack,3,zero_shot,572,True,0.245085,0.30712,0.422778,0.22506,False,False,False
mistral-small,openstack,3,zero_shot,573,False,0.562177,0.30712,0.743381,0.53459,True,True,True
mistral-small,openstack,3,zero_shot,574,False,0.182426,0.30712,0.334839,0.166392,False,False,False
mistral-small,openstack,3,zero_shot,575,False,0.377541,0.30712,0.577768,0.351736,False,True,False
mistral-small,openstack,3,zero_shot,576,False,0.075858,0.30712,0.156252,0.068407,False,False,False
mistral-small,openstack,3,zero_shot,577,False,0.377541,0.30712,0.577768,0.351736,False,True,False
mistral-small,openstack,3,zero_shot,578,False,0.095349,0.30712,0.192106,0.086162,False,False,False
mistral-small,openstack,3,zero_shot,579,True,0.245085,0.30712,0.422778,0.22506,False,False,False
mistral-small,openstack,3,zero_shot,580,False,0.407333,0.30712,0.60793,0.380738,False,True,False
mistral-small,openstack,3,zero_shot,581,False,0.164516,0.30712,0.307596,0.149768,False,False,False
mistral-small,openstack,3,zero_shot,582,False,0.085099,0.30712,0.173448,0.076816,False,False,False
mistral-small,openstack,3,zero_shot,583,True,0.085099,0.30712,0.173448,0.076816,False,False,False
mistral-small,openstack,3,zero_shot,584,False,0.201813,0.30712,0.363228,0.18446,False,False,False
mistral-small,openstack,3,zero_shot,585,True,0.2227,0.30712,0.392604,0.20401,False,False,False
mistral-small,openstack,3,zero_shot,586,True,0.294215,0.30712,0.484659,0.27162,False,False,False
mistral-small,openstack,3,zero_shot,587,False,0.067547,0.30712,0.140471,0.060858,False,False,False
mistral-small,openstack,3,zero_shot,588,False,0.148047,0.30712,0.281632,0.134538,False,False,False
mistral-small,openstack,3,zero_shot,589,True,0.067547,0.30712,0.140471,0.060858,False,False,False
mistral-small,openstack,3,zero_shot,590,False,0.148047,0.30712,0.281632,0.134538,False,False,False
mistral-small,openstack,3,zero_shot,591,True,0.095349,0.30712,0.192106,0.086162,False,False,False
mistral-small,openstack,3,zero_shot,592,False,0.067547,0.30712,0.140471,0.060858,False,False,False
mistral-small,openstack,3,zero_shot,593,True,0.075858,0.30712,0.156252,0.068407,False,False,False
mistral-small,openstack,3,zero_shot,594,True,0.119208,0.30712,0.233915,0.107996,False,False,False
mistral-small,openstack,3,zero_shot,595,False,0.197996,0.30712,0.357726,0.180897,False,False,False
mistral-small,openstack,3,zero_shot,596,True,0.060087,0.30712,0.126046,0.054094,False,False,False
mistral-small,openstack,3,zero_shot,597,False,0.085099,0.30712,0.173449,0.076816,False,False,False
mistral-small,openstack,3,zero_shot,598,False,0.075858,0.30712,0.156252,0.068407,False,False,False
mistral-small,openstack,3,zero_shot,599,True,0.348645,0.30712,0.547015,0.323788,False,True,False
