model,provider,dataset,prompt_style,incident_id,ground_truth_is_anomaly,ground_truth_category,pred_is_anomaly,pred_severity,pred_root_cause,raw_output,latency_s,input_tokens,output_tokens,cost_usd
llama3.1:70b-instruct-q4_K_M,ollama,bgl,rag,0,False,NORMAL,False,low,none,"{   ""is_anomaly"": false,   ""severity"": ""low"",   ""root_cause"": ""none"",   ""remediation"": ""none"" }",2.875,404,36,0.0
llama3.1:70b-instruct-q4_K_M,ollama,bgl,rag,1,True,APPSEV,True,medium,"Multiple CioStream socket connections to the same IP address were severed, indicating a possible issue with the application server or network connectivity.","{   ""is_anomaly"": true,   ""severity"": ""medium"",   ""root_cause"": ""Multiple CioStream socket connections to the same IP address were severed, indicating a possible issue with the application server or network connectivity."",   ""remediation"": ""Investigate and restart the application server or check network connectivity to resolve the issue."" }",3.018,924,74,0.0
llama3.1:70b-instruct-q4_K_M,ollama,bgl,rag,2,True,KERNSTOR,True,high,Repeated data storage interrupts indicate a potential kernel storage issue.,"{   ""is_anomaly"": true,   ""severity"": ""high"",   ""root_cause"": ""Repeated data storage interrupts indicate a potential kernel storage issue."",   ""remediation"": ""Investigate and resolve the underlying kernel storage problem to prevent further interruptions."" }",2.549,362,57,0.0
llama3.1:70b-instruct-q4_K_M,ollama,bgl,rag,3,False,NORMAL,True,high,"The system experienced a sudden and consistent spike in double-hummer alignment exceptions, indicating a potential hardware or software failure.","{   ""is_anomaly"": true,   ""severity"": ""high"",   ""root_cause"": ""The system experienced a sudden and consistent spike in double-hummer alignment exceptions, indicating a potential hardware or software failure."",   ""remediation"": ""Investigate the underlying cause of the alignment exceptions and restart or replace the faulty component."" }",2.95,444,72,0.0
llama3.1:70b-instruct-q4_K_M,ollama,bgl,rag,4,True,KERNDTLB,True,high,"A kernel data TLB error interrupt anomaly occurred, indicating a potential issue with memory management.","{   ""is_anomaly"": true,   ""severity"": ""high"",   ""root_cause"": ""A kernel data TLB error interrupt anomaly occurred, indicating a potential issue with memory management."",   ""remediation"": ""Investigate and restart the system or check for firmware updates to resolve the kernel data TLB error."" }",2.878,405,70,0.0
llama3.1:70b-instruct-q4_K_M,ollama,bgl,rag,5,True,KERNDTLB,True,high,"A kernel data TLB error interrupt anomaly occurred, indicating a potential issue with memory management.","{   ""is_anomaly"": true,   ""severity"": ""high"",   ""root_cause"": ""A kernel data TLB error interrupt anomaly occurred, indicating a potential issue with memory management."",   ""remediation"": ""Investigate and restart the system or check for firmware updates to resolve the kernel data TLB error."" }",2.784,405,70,0.0
llama3.1:70b-instruct-q4_K_M,ollama,bgl,rag,6,False,NORMAL,False,low,none,"{   ""is_anomaly"": false,   ""severity"": ""low"",   ""root_cause"": ""none"",   ""remediation"": ""none"" }",1.726,404,36,0.0
llama3.1:70b-instruct-q4_K_M,ollama,bgl,rag,7,False,NORMAL,False,low,none,"{   ""is_anomaly"": false,   ""severity"": ""low"",   ""root_cause"": ""none"",   ""remediation"": ""none"" }",1.722,404,36,0.0
llama3.1:70b-instruct-q4_K_M,ollama,bgl,rag,8,True,APPSEV,True,medium,Multiple CioStream socket connections to the same IP address were severed due to errors reading message prefixes.,"{   ""is_anomaly"": true,   ""severity"": ""medium"",   ""root_cause"": ""Multiple CioStream socket connections to the same IP address were severed due to errors reading message prefixes."",   ""remediation"": ""Investigate and resolve connectivity issues with the server at IP address 172.16.96.116."" }",3.025,879,73,0.0
llama3.1:70b-instruct-q4_K_M,ollama,bgl,rag,9,True,KERNDTLB,True,high,"A kernel data TLB error interrupt anomaly occurred, indicating a potential issue with memory management.","{   ""is_anomaly"": true,   ""severity"": ""high"",   ""root_cause"": ""A kernel data TLB error interrupt anomaly occurred, indicating a potential issue with memory management."",   ""remediation"": ""Investigate and restart the system or check for firmware updates to resolve the kernel data TLB error."" }",3.009,405,70,0.0
llama3.1:70b-instruct-q4_K_M,ollama,bgl,rag,10,True,KERNDTLB,True,medium,"A data TLB error interrupt occurred, indicating a potential memory management issue.","{   ""is_anomaly"": true,   ""severity"": ""medium"",   ""root_cause"": ""A data TLB error interrupt occurred, indicating a potential memory management issue."",   ""remediation"": ""Investigate and resolve the memory management issue causing the TLB error interrupt."" }",2.874,402,62,0.0
llama3.1:70b-instruct-q4_K_M,ollama,bgl,rag,11,False,NORMAL,False,low,none,"{   ""is_anomaly"": false,   ""severity"": ""low"",   ""root_cause"": ""none"",   ""remediation"": ""none"" }",1.979,401,36,0.0
llama3.1:70b-instruct-q4_K_M,ollama,bgl,rag,12,False,NORMAL,True,medium,"The system received multiple signal 15 errors with varying addresses, indicating a potential issue with process termination or communication.","{   ""is_anomaly"": true,   ""severity"": ""medium"",   ""root_cause"": ""The system received multiple signal 15 errors with varying addresses, indicating a potential issue with process termination or communication."",   ""remediation"": ""Investigate and resolve the underlying cause of the signal 15 errors, potentially related to application or service misconfiguration."" }",3.735,814,77,0.0
llama3.1:70b-instruct-q4_K_M,ollama,bgl,rag,13,True,KERNRTSP,True,high,The system experienced a kernel runtime panic due to repeated machine check errors.,"{   ""is_anomaly"": true,   ""severity"": ""high"",   ""root_cause"": ""The system experienced a kernel runtime panic due to repeated machine check errors."",   ""remediation"": ""Investigate and address the underlying hardware issue causing the machine check errors."" }",2.94,487,60,0.0
llama3.1:70b-instruct-q4_K_M,ollama,bgl,rag,14,True,KERNSTOR,True,high,Repeated data storage interrupts indicate a potential kernel storage issue.,"{   ""is_anomaly"": true,   ""severity"": ""high"",   ""root_cause"": ""Repeated data storage interrupts indicate a potential kernel storage issue."",   ""remediation"": ""Investigate and resolve the underlying kernel storage problem to prevent further interruptions."" }",2.47,362,57,0.0
llama3.1:70b-instruct-q4_K_M,ollama,bgl,rag,15,False,NORMAL,True,medium,"Unexpected appearance of a new address (02f692fc) in the log window, deviating from the typical pattern of repeated addresses.","{   ""is_anomaly"": true,   ""severity"": ""medium"",   ""root_cause"": ""Unexpected appearance of a new address (02f692fc) in the log window, deviating from the typical pattern of repeated addresses."",   ""remediation"": ""Investigate and verify the legitimacy of the new address (02f692fc) to determine if it's a valid system activity or an error."" }",3.926,530,88,0.0
llama3.1:70b-instruct-q4_K_M,ollama,bgl,rag,16,True,KERNDTLB,True,high,"A kernel data TLB error interrupt anomaly occurred, indicating a potential issue with memory management.","{   ""is_anomaly"": true,   ""severity"": ""high"",   ""root_cause"": ""A kernel data TLB error interrupt anomaly occurred, indicating a potential issue with memory management."",   ""remediation"": ""Investigate and restart the system or check for firmware updates to resolve the kernel data TLB error."" }",2.975,405,70,0.0
llama3.1:70b-instruct-q4_K_M,ollama,bgl,rag,17,True,KERNSTOR,True,high,Repeated data storage interrupts indicate a potential kernel storage issue.,"{   ""is_anomaly"": true,   ""severity"": ""high"",   ""root_cause"": ""Repeated data storage interrupts indicate a potential kernel storage issue."",   ""remediation"": ""Investigate and resolve the underlying kernel storage problem to prevent further interruptions."" }",2.49,362,57,0.0
llama3.1:70b-instruct-q4_K_M,ollama,bgl,rag,18,False,NORMAL,True,medium,"The directory /home/germann2/SPaSM_static does not exist, causing the chdir operation to fail.","{   ""is_anomaly"": true,   ""severity"": ""medium"",   ""root_cause"": ""The directory /home/germann2/SPaSM_static does not exist, causing the chdir operation to fail."",   ""remediation"": ""Verify the existence of the directory and create it if necessary, or update the configuration to point to a valid directory."" }",3.878,824,80,0.0
llama3.1:70b-instruct-q4_K_M,ollama,bgl,rag,19,True,KERNSTOR,True,high,Repeated data storage interrupts indicate a potential kernel storage issue.,"{   ""is_anomaly"": true,   ""severity"": ""high"",   ""root_cause"": ""Repeated data storage interrupts indicate a potential kernel storage issue."",   ""remediation"": ""Investigate and resolve the underlying kernel storage problem to prevent further interruptions."" }",2.598,362,57,0.0
llama3.1:70b-instruct-q4_K_M,ollama,bgl,rag,20,True,KERNMNTF,True,high,Multiple Lustre mount failures occurred due to a potential kernel issue or file system corruption.,"{   ""is_anomaly"": true,   ""severity"": ""high"",   ""root_cause"": ""Multiple Lustre mount failures occurred due to a potential kernel issue or file system corruption."",   ""remediation"": ""Investigate and restart the affected Lustre servers, and consider running a file system check to resolve any underlying issues."" }",3.453,605,72,0.0
llama3.1:70b-instruct-q4_K_M,ollama,bgl,rag,21,True,KERNDTLB,True,high,"A kernel data TLB error interrupt anomaly occurred, indicating a potential issue with memory management.","{   ""is_anomaly"": true,   ""severity"": ""high"",   ""root_cause"": ""A kernel data TLB error interrupt anomaly occurred, indicating a potential issue with memory management."",   ""remediation"": ""Investigate and restart the system or check for firmware updates to resolve the kernel data TLB error."" }",2.983,405,70,0.0
llama3.1:70b-instruct-q4_K_M,ollama,bgl,rag,22,False,NORMAL,False,low,none,"{   ""is_anomaly"": false,   ""severity"": ""low"",   ""root_cause"": ""none"",   ""remediation"": ""none"" }",2.11,530,36,0.0
llama3.1:70b-instruct-q4_K_M,ollama,bgl,rag,23,True,APPOUT,True,medium,The system encountered an input/output error while attempting to change directory to /p/gb1/stella/RAPTOR/2183.,"{   ""is_anomaly"": true,   ""severity"": ""medium"",   ""root_cause"": ""The system encountered an input/output error while attempting to change directory to /p/gb1/stella/RAPTOR/2183."",   ""remediation"": ""Check the file system and disk for errors, and ensure that the target directory exists and is accessible."" }",3.978,909,79,0.0
llama3.1:70b-instruct-q4_K_M,ollama,bgl,rag,24,False,NORMAL,False,low,none,"{   ""is_anomaly"": false,   ""severity"": ""low"",   ""root_cause"": ""none"",   ""remediation"": ""none"" }",2.545,904,36,0.0
llama3.1:70b-instruct-q4_K_M,ollama,bgl,rag,25,False,NORMAL,True,medium,The system is attempting to load an executable with an invalid format.,"{   ""is_anomaly"": true,   ""severity"": ""medium"",   ""root_cause"": ""The system is attempting to load an executable with an invalid format."",   ""remediation"": ""Verify the file format and ensure it matches the expected architecture."" }",3.474,1129,57,0.0
llama3.1:70b-instruct-q4_K_M,ollama,bgl,rag,26,True,KERNMNTF,True,high,Multiple Lustre mount failures occurred due to a potential kernel issue or file system corruption.,"{   ""is_anomaly"": true,   ""severity"": ""high"",   ""root_cause"": ""Multiple Lustre mount failures occurred due to a potential kernel issue or file system corruption."",   ""remediation"": ""Investigate and restart the affected Lustre servers, and consider running a file system check to resolve any underlying issues."" }",3.599,605,72,0.0
llama3.1:70b-instruct-q4_K_M,ollama,bgl,rag,27,True,KERNDTLB,True,high,"A kernel data TLB error interrupt anomaly occurred, indicating a potential issue with memory management.","{   ""is_anomaly"": true,   ""severity"": ""high"",   ""root_cause"": ""A kernel data TLB error interrupt anomaly occurred, indicating a potential issue with memory management."",   ""remediation"": ""Investigate and restart the system or check for firmware updates to resolve the kernel data TLB error."" }",2.992,405,70,0.0
llama3.1:70b-instruct-q4_K_M,ollama,bgl,rag,28,False,NORMAL,False,low,none,"{   ""is_anomaly"": false,   ""severity"": ""low"",   ""root_cause"": ""none"",   ""remediation"": ""none"" }",2.04,403,36,0.0
llama3.1:70b-instruct-q4_K_M,ollama,bgl,rag,29,True,KERNDTLB,True,high,"A kernel data TLB error interrupt anomaly occurred, indicating a potential issue with memory management.","{   ""is_anomaly"": true,   ""severity"": ""high"",   ""root_cause"": ""A kernel data TLB error interrupt anomaly occurred, indicating a potential issue with memory management."",   ""remediation"": ""Investigate and restart the system or check for firmware updates to resolve the kernel data TLB error."" }",2.982,405,70,0.0
llama3.1:70b-instruct-q4_K_M,ollama,bgl,rag,30,True,KERNDTLB,True,high,"A kernel data TLB error interrupt anomaly occurred, indicating a potential issue with memory management.","{   ""is_anomaly"": true,   ""severity"": ""high"",   ""root_cause"": ""A kernel data TLB error interrupt anomaly occurred, indicating a potential issue with memory management."",   ""remediation"": ""Investigate and restart the system or check for firmware updates to resolve the kernel data TLB error."" }",2.852,405,70,0.0
llama3.1:70b-instruct-q4_K_M,ollama,bgl,rag,31,False,NORMAL,False,low,none,"{   ""is_anomaly"": false,   ""severity"": ""low"",   ""root_cause"": ""none"",   ""remediation"": ""none"" }",2.064,429,36,0.0
llama3.1:70b-instruct-q4_K_M,ollama,bgl,rag,32,False,NORMAL,False,low,none,"{   ""is_anomaly"": false,   ""severity"": ""low"",   ""root_cause"": ""none"",   ""remediation"": ""none"" }",2.124,571,36,0.0
llama3.1:70b-instruct-q4_K_M,ollama,bgl,rag,33,True,APPSEV,True,medium,"Multiple CioStream sockets to the same IP address experienced severed links, indicating a possible issue with the application server or network connectivity.","{   ""is_anomaly"": true,   ""severity"": ""medium"",   ""root_cause"": ""Multiple CioStream sockets to the same IP address experienced severed links, indicating a possible issue with the application server or network connectivity."",   ""remediation"": ""Investigate and restart the application server or check network connectivity to resolve the issue."" }",3.843,909,74,0.0
llama3.1:70b-instruct-q4_K_M,ollama,bgl,rag,34,True,KERNSTOR,True,high,Repeated data storage interrupts indicate a potential kernel storage issue.,"{   ""is_anomaly"": true,   ""severity"": ""high"",   ""root_cause"": ""Repeated data storage interrupts indicate a potential kernel storage issue."",   ""remediation"": ""Investigate and resolve the underlying kernel storage problem to prevent further interruptions."" }",2.607,362,57,0.0
llama3.1:70b-instruct-q4_K_M,ollama,bgl,rag,35,False,NORMAL,False,low,none,"{   ""is_anomaly"": false,   ""severity"": ""low"",   ""root_cause"": ""none"",   ""remediation"": ""none"" }",1.984,399,36,0.0
llama3.1:70b-instruct-q4_K_M,ollama,bgl,rag,36,False,NORMAL,False,low,none,"{   ""is_anomaly"": false,   ""severity"": ""low"",   ""root_cause"": ""none"",   ""remediation"": ""none"" }",2.007,404,36,0.0
llama3.1:70b-instruct-q4_K_M,ollama,bgl,rag,37,False,NORMAL,True,medium,The system experienced a series of identical errors with mask 0x01 at the same memory address 0x111d8c60.,"{   ""is_anomaly"": true,   ""severity"": ""medium"",   ""root_cause"": ""The system experienced a series of identical errors with mask 0x01 at the same memory address 0x111d8c60."",   ""remediation"": ""Investigate and fix the issue causing the repeated errors at memory address 0x111d8c60."" }",3.854,630,82,0.0
llama3.1:70b-instruct-q4_K_M,ollama,bgl,rag,38,False,NORMAL,True,high,"Multiple processor card slots have invalid node ECIDs, indicating a hardware configuration issue.","{   ""is_anomaly"": true,   ""severity"": ""high"",   ""root_cause"": ""Multiple processor card slots have invalid node ECIDs, indicating a hardware configuration issue."",   ""remediation"": ""Verify and correct the VPD information for the affected nodes in slots J13, J14, and J17."" }",3.721,878,71,0.0
llama3.1:70b-instruct-q4_K_M,ollama,bgl,rag,39,True,APPSEV,True,medium,Multiple CioStream socket connections to the same IP address were severed due to errors reading message prefixes.,"{   ""is_anomaly"": true,   ""severity"": ""medium"",   ""root_cause"": ""Multiple CioStream socket connections to the same IP address were severed due to errors reading message prefixes."",   ""remediation"": ""Investigate and resolve connectivity issues between the ciod process and the remote host at 172.16.96.116."" }",4.028,879,77,0.0
llama3.1:70b-instruct-q4_K_M,ollama,bgl,rag,40,True,KERNDTLB,True,high,"A kernel data TLB error interrupt anomaly occurred, indicating a potential issue with memory management.","{   ""is_anomaly"": true,   ""severity"": ""high"",   ""root_cause"": ""A kernel data TLB error interrupt anomaly occurred, indicating a potential issue with memory management."",   ""remediation"": ""Investigate and restart the system or check for firmware updates to resolve the kernel data TLB error."" }",3.088,405,70,0.0
llama3.1:70b-instruct-q4_K_M,ollama,bgl,rag,41,False,NORMAL,True,high,"The system is experiencing a severe repetition of identical log entries, indicating a potential infinite loop or stuck process.","{   ""is_anomaly"": true,   ""severity"": ""high"",   ""root_cause"": ""The system is experiencing a severe repetition of identical log entries, indicating a potential infinite loop or stuck process."",   ""remediation"": ""Investigate and terminate the process with ID 00085fd0 to prevent further resource exhaustion."" }",3.509,595,72,0.0
llama3.1:70b-instruct-q4_K_M,ollama,bgl,rag,42,True,KERNSTOR,True,high,Repeated data storage interrupts indicate a potential kernel storage issue.,"{   ""is_anomaly"": true,   ""severity"": ""high"",   ""root_cause"": ""Repeated data storage interrupts indicate a potential kernel storage issue."",   ""remediation"": ""Investigate and resolve the underlying kernel storage problem to prevent further interruptions."" }",2.524,362,57,0.0
llama3.1:70b-instruct-q4_K_M,ollama,bgl,rag,43,True,KERNSTOR,True,high,Repeated data storage interrupts indicate a potential kernel storage issue.,"{   ""is_anomaly"": true,   ""severity"": ""high"",   ""root_cause"": ""Repeated data storage interrupts indicate a potential kernel storage issue."",   ""remediation"": ""Investigate and resolve the underlying kernel storage problem to prevent further interruptions."" }",2.428,362,57,0.0
llama3.1:70b-instruct-q4_K_M,ollama,bgl,rag,44,True,KERNDTLB,True,high,"A kernel data TLB error interrupt anomaly occurred, indicating a potential issue with memory management.","{   ""is_anomaly"": true,   ""severity"": ""high"",   ""root_cause"": ""A kernel data TLB error interrupt anomaly occurred, indicating a potential issue with memory management."",   ""remediation"": ""Investigate and restart the system or check for firmware updates to resolve the kernel data TLB error."" }",3.007,405,70,0.0
llama3.1:70b-instruct-q4_K_M,ollama,bgl,rag,45,False,NORMAL,False,low,none,"{   ""is_anomaly"": false,   ""severity"": ""low"",   ""root_cause"": ""none"",   ""remediation"": ""none"" }",2.054,404,36,0.0
llama3.1:70b-instruct-q4_K_M,ollama,bgl,rag,46,True,KERNMNTF,True,high,"Multiple Lustre mount failures occurred at point /p/gb1, indicating a potential kernel or mounting issue.","{   ""is_anomaly"": true,   ""severity"": ""high"",   ""root_cause"": ""Multiple Lustre mount failures occurred at point /p/gb1, indicating a potential kernel or mounting issue."",   ""remediation"": ""Investigate and restart the affected Lustre servers or reconfigure the mounting points as needed."" }",3.521,615,72,0.0
llama3.1:70b-instruct-q4_K_M,ollama,bgl,rag,47,True,KERNDTLB,True,high,"A kernel data TLB error interrupt anomaly occurred, indicating a potential issue with memory management.","{   ""is_anomaly"": true,   ""severity"": ""high"",   ""root_cause"": ""A kernel data TLB error interrupt anomaly occurred, indicating a potential issue with memory management."",   ""remediation"": ""Investigate and restart the system or check for firmware updates to resolve the kernel data TLB error."" }",3.007,405,70,0.0
llama3.1:70b-instruct-q4_K_M,ollama,bgl,rag,48,False,NORMAL,True,high,The system experienced a repeated exception syndrome register error with a consistent value of 0x00800000.,"{   ""is_anomaly"": true,   ""severity"": ""high"",   ""root_cause"": ""The system experienced a repeated exception syndrome register error with a consistent value of 0x00800000."",   ""remediation"": ""Investigate and restart the affected component or system to clear the exception syndrome register."" }",3.265,454,69,0.0
llama3.1:70b-instruct-q4_K_M,ollama,bgl,rag,49,True,KERNDTLB,True,high,"A kernel data TLB error interrupt anomaly occurred, indicating a potential issue with memory management.","{   ""is_anomaly"": true,   ""severity"": ""high"",   ""root_cause"": ""A kernel data TLB error interrupt anomaly occurred, indicating a potential issue with memory management."",   ""remediation"": ""Investigate and restart the system or check for firmware updates to resolve the kernel data TLB error."" }",3.054,405,70,0.0
llama3.1:70b-instruct-q4_K_M,ollama,bgl,rag,50,True,KERNDTLB,True,high,"A kernel data TLB error interrupt anomaly occurred, indicating a potential issue with memory management.","{   ""is_anomaly"": true,   ""severity"": ""high"",   ""root_cause"": ""A kernel data TLB error interrupt anomaly occurred, indicating a potential issue with memory management."",   ""remediation"": ""Investigate and restart the system or check for firmware updates to resolve the kernel data TLB error."" }",2.92,405,70,0.0
llama3.1:70b-instruct-q4_K_M,ollama,bgl,rag,51,True,KERNDTLB,True,high,"A kernel data TLB error interrupt anomaly occurred, indicating a potential issue with memory management.","{   ""is_anomaly"": true,   ""severity"": ""high"",   ""root_cause"": ""A kernel data TLB error interrupt anomaly occurred, indicating a potential issue with memory management."",   ""remediation"": ""Investigate and restart the system or check for firmware updates to resolve the kernel data TLB error."" }",2.892,405,70,0.0
llama3.1:70b-instruct-q4_K_M,ollama,bgl,rag,52,True,KERNMICRO,True,high,Multiple Microloader Assertion errors occurred in a short period of time.,"{   ""is_anomaly"": true,   ""severity"": ""high"",   ""root_cause"": ""Multiple Microloader Assertion errors occurred in a short period of time."",   ""remediation"": ""Investigate and restart the microloader service to resolve the issue."" }",4.106,1824,58,0.0
llama3.1:70b-instruct-q4_K_M,ollama,bgl,rag,53,False,NORMAL,False,low,none,"{   ""is_anomaly"": false,   ""severity"": ""low"",   ""root_cause"": ""none"",   ""remediation"": ""none"" }",2.457,530,36,0.0
llama3.1:70b-instruct-q4_K_M,ollama,bgl,rag,54,False,NORMAL,False,low,none,"{   ""is_anomaly"": false,   ""severity"": ""low"",   ""root_cause"": ""none"",   ""remediation"": ""none"" }",2.051,404,36,0.0
llama3.1:70b-instruct-q4_K_M,ollama,bgl,rag,55,False,NORMAL,False,low,none,"{   ""is_anomaly"": false,   ""severity"": ""low"",   ""root_cause"": ""none"",   ""remediation"": ""none"" }",2.02,404,36,0.0
llama3.1:70b-instruct-q4_K_M,ollama,bgl,rag,56,False,NORMAL,False,low,none,"{   ""is_anomaly"": false,   ""severity"": ""low"",   ""root_cause"": ""none"",   ""remediation"": ""none"" }",2.017,404,36,0.0
llama3.1:70b-instruct-q4_K_M,ollama,bgl,rag,57,False,NORMAL,True,high,"The system generated an excessive number of core files for the program /home/germann2/BGL-demo/SPaSM_mpi, indicating a potential crash or memory leak.","{   ""is_anomaly"": true,   ""severity"": ""high"",   ""root_cause"": ""The system generated an excessive number of core files for the program /home/germann2/BGL-demo/SPaSM_mpi, indicating a potential crash or memory leak."",   ""remediation"": ""Investigate and debug the SPaSM_mpi program to identify the cause of the crashes and prevent further core file generation."" }",9.94,589,91,0.0
llama3.1:70b-instruct-q4_K_M,ollama,bgl,rag,58,False,NORMAL,False,low,none,"{   ""is_anomaly"": false,   ""severity"": ""low"",   ""root_cause"": ""none"",   ""remediation"": ""none"" }",2.757,1199,36,0.0
llama3.1:70b-instruct-q4_K_M,ollama,bgl,rag,59,True,KERNRTSP,True,high,"The system experienced repeated RTS panics due to an unknown reason, indicating a potential kernel-level issue.","{   ""is_anomaly"": true,   ""severity"": ""high"",   ""root_cause"": ""The system experienced repeated RTS panics due to an unknown reason, indicating a potential kernel-level issue."",   ""remediation"": ""Investigate and address the underlying cause of the RTS panics, potentially involving a kernel update or configuration change."" }",3.686,487,74,0.0
llama3.1:70b-instruct-q4_K_M,ollama,bgl,rag,60,False,NORMAL,False,low,none,"{   ""is_anomaly"": false,   ""severity"": ""low"",   ""root_cause"": ""none"",   ""remediation"": ""none"" }",2.087,444,36,0.0
llama3.1:70b-instruct-q4_K_M,ollama,bgl,rag,61,True,KERNMNTF,True,high,"Multiple Lustre mount failures occurred at point /p/gb1, indicating a potential kernel or mounting issue.","{   ""is_anomaly"": true,   ""severity"": ""high"",   ""root_cause"": ""Multiple Lustre mount failures occurred at point /p/gb1, indicating a potential kernel or mounting issue."",   ""remediation"": ""Investigate and resolve the underlying cause of the Lustre mount failures, potentially involving a reboot or reconfiguration of the affected nodes."" }",3.868,615,80,0.0
llama3.1:70b-instruct-q4_K_M,ollama,bgl,rag,62,True,KERNSTOR,True,high,Repeated data storage interrupts indicate a potential kernel storage issue.,"{   ""is_anomaly"": true,   ""severity"": ""high"",   ""root_cause"": ""Repeated data storage interrupts indicate a potential kernel storage issue."",   ""remediation"": ""Investigate and resolve the underlying kernel storage problem to prevent further interruptions."" }",2.645,362,57,0.0
llama3.1:70b-instruct-q4_K_M,ollama,bgl,rag,63,False,NORMAL,False,low,none,"{   ""is_anomaly"": false,   ""severity"": ""low"",   ""root_cause"": ""none"",   ""remediation"": ""none"" }",2.053,404,36,0.0
llama3.1:70b-instruct-q4_K_M,ollama,bgl,rag,64,False,NORMAL,False,low,none,"{   ""is_anomaly"": false,   ""severity"": ""low"",   ""root_cause"": ""none"",   ""remediation"": ""none"" }",1.988,404,36,0.0
llama3.1:70b-instruct-q4_K_M,ollama,bgl,rag,65,False,NORMAL,False,low,none,"{   ""is_anomaly"": false,   ""severity"": ""low"",   ""root_cause"": ""none"",   ""remediation"": ""none"" }",2.456,904,36,0.0
llama3.1:70b-instruct-q4_K_M,ollama,bgl,rag,66,True,KERNDTLB,True,high,"A kernel data TLB error interrupt anomaly occurred, indicating a potential issue with memory management.","{   ""is_anomaly"": true,   ""severity"": ""high"",   ""root_cause"": ""A kernel data TLB error interrupt anomaly occurred, indicating a potential issue with memory management."",   ""remediation"": ""Investigate and restart the system or check for firmware updates to resolve the kernel data TLB error."" }",3.115,405,70,0.0
llama3.1:70b-instruct-q4_K_M,ollama,bgl,rag,67,False,NORMAL,False,low,none,"{   ""is_anomaly"": false,   ""severity"": ""low"",   ""root_cause"": ""none"",   ""remediation"": ""none"" }",2.0,404,36,0.0
llama3.1:70b-instruct-q4_K_M,ollama,bgl,rag,68,True,KERNSTOR,True,high,Repeated data storage interrupts indicate a potential kernel storage issue.,"{   ""is_anomaly"": true,   ""severity"": ""high"",   ""root_cause"": ""Repeated data storage interrupts indicate a potential kernel storage issue."",   ""remediation"": ""Investigate and resolve the underlying kernel storage problem to prevent further interruptions."" }",2.502,362,57,0.0
llama3.1:70b-instruct-q4_K_M,ollama,bgl,rag,69,False,NORMAL,True,medium,"Multiple DDR errors and torus retransmission/input pipe errors were detected and corrected on rank 0, symbol 30.","{   ""is_anomaly"": true,   ""severity"": ""medium"",   ""root_cause"": ""Multiple DDR errors and torus retransmission/input pipe errors were detected and corrected on rank 0, symbol 30."",   ""remediation"": ""Investigate the cause of the errors on rank 0, symbol 30, and consider replacing or repairing the faulty component if necessary."" }",4.034,669,84,0.0
llama3.1:70b-instruct-q4_K_M,ollama,bgl,rag,70,True,KERNDTLB,True,high,"A kernel data TLB error interrupt anomaly occurred, indicating a potential issue with memory management.","{   ""is_anomaly"": true,   ""severity"": ""high"",   ""root_cause"": ""A kernel data TLB error interrupt anomaly occurred, indicating a potential issue with memory management."",   ""remediation"": ""Investigate and restart the system or check for firmware updates to resolve the kernel data TLB error."" }",3.119,405,70,0.0
llama3.1:70b-instruct-q4_K_M,ollama,bgl,rag,71,False,NORMAL,False,low,none,"{   ""is_anomaly"": false,   ""severity"": ""low"",   ""root_cause"": ""none"",   ""remediation"": ""none"" }",1.848,1199,36,0.0
llama3.1:70b-instruct-q4_K_M,ollama,bgl,rag,72,False,NORMAL,True,medium,The system is unable to load the program image due to a permission denied error.,"{   ""is_anomaly"": true,   ""severity"": ""medium"",   ""root_cause"": ""The system is unable to load the program image due to a permission denied error."",   ""remediation"": ""Check and adjust file permissions for /bgl/apps/swl-prep/rky-swl/MPI-PERF/IMB/perf_tests/IMB-MPI1.14MB."" }",4.675,1129,87,0.0
llama3.1:70b-instruct-q4_K_M,ollama,bgl,rag,73,False,NORMAL,False,low,none,"{   ""is_anomaly"": false,   ""severity"": ""low"",   ""root_cause"": ""none"",   ""remediation"": ""none"" }",2.608,904,36,0.0
llama3.1:70b-instruct-q4_K_M,ollama,bgl,rag,74,False,NORMAL,False,low,none,"{   ""is_anomaly"": false,   ""severity"": ""low"",   ""root_cause"": ""none"",   ""remediation"": ""none"" }",2.152,414,36,0.0
llama3.1:70b-instruct-q4_K_M,ollama,bgl,rag,75,True,KERNMICRO,True,high,Multiple Microloader Assertion errors occurred in a short period of time.,"{   ""is_anomaly"": true,   ""severity"": ""high"",   ""root_cause"": ""Multiple Microloader Assertion errors occurred in a short period of time."",   ""remediation"": ""Investigate and restart the microloader service to resolve the issue."" }",2.708,1824,58,0.0
llama3.1:70b-instruct-q4_K_M,ollama,bgl,rag,76,False,NORMAL,False,low,none,"{   ""is_anomaly"": false,   ""severity"": ""low"",   ""root_cause"": ""none"",   ""remediation"": ""none"" }",2.298,401,36,0.0
llama3.1:70b-instruct-q4_K_M,ollama,bgl,rag,77,False,NORMAL,False,low,none,"{   ""is_anomaly"": false,   ""severity"": ""low"",   ""root_cause"": ""none"",   ""remediation"": ""none"" }",2.026,404,36,0.0
llama3.1:70b-instruct-q4_K_M,ollama,bgl,rag,78,False,NORMAL,False,low,none,"{   ""is_anomaly"": false,   ""severity"": ""low"",   ""root_cause"": ""none"",   ""remediation"": ""none"" }",1.991,404,36,0.0
llama3.1:70b-instruct-q4_K_M,ollama,bgl,rag,79,True,KERNDTLB,True,high,"A kernel data TLB error interrupt anomaly occurred, indicating a potential issue with memory management.","{   ""is_anomaly"": true,   ""severity"": ""high"",   ""root_cause"": ""A kernel data TLB error interrupt anomaly occurred, indicating a potential issue with memory management."",   ""remediation"": ""Investigate and restart the system or check for firmware updates to resolve the kernel data TLB error."" }",3.054,405,70,0.0
llama3.1:70b-instruct-q4_K_M,ollama,bgl,rag,80,False,NORMAL,False,low,none,"{   ""is_anomaly"": false,   ""severity"": ""low"",   ""root_cause"": ""none"",   ""remediation"": ""none"" }",2.299,669,36,0.0
llama3.1:70b-instruct-q4_K_M,ollama,bgl,rag,81,False,NORMAL,False,low,none,"{   ""is_anomaly"": false,   ""severity"": ""low"",   ""root_cause"": ""none"",   ""remediation"": ""none"" }",2.105,403,36,0.0
llama3.1:70b-instruct-q4_K_M,ollama,bgl,rag,82,True,KERNSTOR,True,high,Repeated data storage interrupts indicate a potential kernel storage issue.,"{   ""is_anomaly"": true,   ""severity"": ""high"",   ""root_cause"": ""Repeated data storage interrupts indicate a potential kernel storage issue."",   ""remediation"": ""Investigate and resolve the underlying kernel storage problem to prevent further interruptions."" }",2.568,362,57,0.0
llama3.1:70b-instruct-q4_K_M,ollama,bgl,rag,83,True,KERNRTSP,True,high,"Multiple DDR errors and a torus sender retransmission error occurred, followed by an RTS panic.","{   ""is_anomaly"": true,   ""severity"": ""high"",   ""root_cause"": ""Multiple DDR errors and a torus sender retransmission error occurred, followed by an RTS panic."",   ""remediation"": ""Restart the system and inspect the memory modules for potential hardware issues."" }",3.222,612,65,0.0
llama3.1:70b-instruct-q4_K_M,ollama,bgl,rag,84,False,NORMAL,False,low,none,"{   ""is_anomaly"": false,   ""severity"": ""low"",   ""root_cause"": ""none"",   ""remediation"": ""none"" }",2.117,404,36,0.0
llama3.1:70b-instruct-q4_K_M,ollama,bgl,rag,85,False,NORMAL,False,low,none,"{   ""is_anomaly"": false,   ""severity"": ""low"",   ""root_cause"": ""none"",   ""remediation"": ""none"" }",2.031,401,36,0.0
llama3.1:70b-instruct-q4_K_M,ollama,bgl,rag,86,True,KERNSTOR,True,high,Repeated data storage interrupts and identical data address accesses indicate a potential kernel storage anomaly.,"{   ""is_anomaly"": true,   ""severity"": ""high"",   ""root_cause"": ""Repeated data storage interrupts and identical data address accesses indicate a potential kernel storage anomaly."",   ""remediation"": ""Investigate and restart the kernel storage module to resolve the issue."" }",2.96,398,61,0.0
llama3.1:70b-instruct-q4_K_M,ollama,bgl,rag,87,True,KERNTERM,True,high,"Kernel terminated repeatedly due to reason 1004, indicating a potential kernel panic issue.","{   ""is_anomaly"": true,   ""severity"": ""high"",   ""root_cause"": ""Kernel terminated repeatedly due to reason 1004, indicating a potential kernel panic issue."",   ""remediation"": ""Investigate and address the underlying cause of kernel termination reason 1004."" }",3.193,488,64,0.0
llama3.1:70b-instruct-q4_K_M,ollama,bgl,rag,88,True,APPSEV,True,medium,"Multiple CioStream sockets to the same IP address experienced severed links, indicating a possible issue with the application server or network connectivity.","{   ""is_anomaly"": true,   ""severity"": ""medium"",   ""root_cause"": ""Multiple CioStream sockets to the same IP address experienced severed links, indicating a possible issue with the application server or network connectivity."",   ""remediation"": ""Investigate and restart the affected application server or check network connectivity to resolve the issue."" }",3.897,909,75,0.0
llama3.1:70b-instruct-q4_K_M,ollama,bgl,rag,89,True,KERNDTLB,True,high,"A kernel data TLB error interrupt anomaly occurred, indicating a potential issue with memory management.","{   ""is_anomaly"": true,   ""severity"": ""high"",   ""root_cause"": ""A kernel data TLB error interrupt anomaly occurred, indicating a potential issue with memory management."",   ""remediation"": ""Investigate and restart the system or check for firmware updates to resolve the kernel data TLB error."" }",3.165,405,70,0.0
llama3.1:70b-instruct-q4_K_M,ollama,bgl,rag,90,True,KERNDTLB,True,high,"A kernel data TLB error interrupt anomaly occurred, indicating a potential issue with memory management.","{   ""is_anomaly"": true,   ""severity"": ""high"",   ""root_cause"": ""A kernel data TLB error interrupt anomaly occurred, indicating a potential issue with memory management."",   ""remediation"": ""Investigate and restart the system or check for firmware updates to resolve the kernel data TLB error."" }",2.912,405,70,0.0
llama3.1:70b-instruct-q4_K_M,ollama,bgl,rag,91,True,APPREAD,True,medium,Failed to read message prefix on multiple CioStream sockets due to a possible application read issue.,"{   ""is_anomaly"": true,   ""severity"": ""medium"",   ""root_cause"": ""Failed to read message prefix on multiple CioStream sockets due to a possible application read issue."",   ""remediation"": ""Investigate and restart the affected application or service to reestablish connections."" }",3.546,898,65,0.0
llama3.1:70b-instruct-q4_K_M,ollama,bgl,rag,92,False,NORMAL,False,low,none,"{   ""is_anomaly"": false,   ""severity"": ""low"",   ""root_cause"": ""none"",   ""remediation"": ""none"" }",2.132,404,36,0.0
llama3.1:70b-instruct-q4_K_M,ollama,bgl,rag,93,False,NORMAL,False,low,none,"{   ""is_anomaly"": false,   ""severity"": ""low"",   ""root_cause"": ""none"",   ""remediation"": ""none"" }",2.05,404,36,0.0
llama3.1:70b-instruct-q4_K_M,ollama,bgl,rag,94,True,KERNDTLB,True,high,"A kernel data TLB error interrupt anomaly occurred, indicating a potential issue with memory management.","{   ""is_anomaly"": true,   ""severity"": ""high"",   ""root_cause"": ""A kernel data TLB error interrupt anomaly occurred, indicating a potential issue with memory management."",   ""remediation"": ""Investigate and restart the system or check for firmware updates to resolve the kernel data TLB error."" }",3.05,405,70,0.0
llama3.1:70b-instruct-q4_K_M,ollama,bgl,rag,95,False,NORMAL,False,low,none,"{   ""is_anomaly"": false,   ""severity"": ""low"",   ""root_cause"": ""none"",   ""remediation"": ""none"" }",2.17,530,36,0.0
llama3.1:70b-instruct-q4_K_M,ollama,bgl,rag,96,False,NORMAL,False,low,none,"{   ""is_anomaly"": false,   ""severity"": ""low"",   ""root_cause"": ""none"",   ""remediation"": ""none"" }",2.221,529,36,0.0
llama3.1:70b-instruct-q4_K_M,ollama,bgl,rag,97,True,KERNDTLB,True,high,"A kernel data TLB error interrupt anomaly occurred, indicating a potential issue with memory management.","{   ""is_anomaly"": true,   ""severity"": ""high"",   ""root_cause"": ""A kernel data TLB error interrupt anomaly occurred, indicating a potential issue with memory management."",   ""remediation"": ""Investigate and restart the system or check for firmware updates to resolve the kernel data TLB error."" }",3.043,405,70,0.0
llama3.1:70b-instruct-q4_K_M,ollama,bgl,rag,98,False,NORMAL,True,medium,"A byte ordering exception occurred multiple times, indicating a potential issue with data processing or encoding.","{   ""is_anomaly"": true,   ""severity"": ""medium"",   ""root_cause"": ""A byte ordering exception occurred multiple times, indicating a potential issue with data processing or encoding."",   ""remediation"": ""Investigate and correct any issues with data formatting or encoding to prevent further exceptions."" }",3.13,429,66,0.0
llama3.1:70b-instruct-q4_K_M,ollama,bgl,rag,99,False,NORMAL,False,low,none,"{   ""is_anomaly"": false,   ""severity"": ""low"",   ""root_cause"": ""none"",   ""remediation"": ""none"" }",2.024,403,36,0.0
llama3.1:70b-instruct-q4_K_M,ollama,bgl,rag,100,False,NORMAL,False,low,none,"{   ""is_anomaly"": false,   ""severity"": ""low"",   ""root_cause"": ""none"",   ""remediation"": ""none"" }",2.097,404,36,0.0
llama3.1:70b-instruct-q4_K_M,ollama,bgl,rag,101,True,KERNSTOR,True,high,Repeated data storage interrupts indicate a potential kernel storage issue.,"{   ""is_anomaly"": true,   ""severity"": ""high"",   ""root_cause"": ""Repeated data storage interrupts indicate a potential kernel storage issue."",   ""remediation"": ""Investigate and resolve the underlying kernel storage problem to prevent further interruptions."" }",2.544,362,57,0.0
llama3.1:70b-instruct-q4_K_M,ollama,bgl,rag,102,False,NORMAL,False,low,none,"{   ""is_anomaly"": false,   ""severity"": ""low"",   ""root_cause"": ""none"",   ""remediation"": ""none"" }",2.349,904,36,0.0
llama3.1:70b-instruct-q4_K_M,ollama,bgl,rag,103,True,KERNDTLB,True,high,"A kernel data TLB error interrupt anomaly occurred, indicating a potential issue with memory management.","{   ""is_anomaly"": true,   ""severity"": ""high"",   ""root_cause"": ""A kernel data TLB error interrupt anomaly occurred, indicating a potential issue with memory management."",   ""remediation"": ""Investigate and restart the system or check for firmware updates to resolve the kernel data TLB error."" }",3.135,405,70,0.0
llama3.1:70b-instruct-q4_K_M,ollama,bgl,rag,104,False,NORMAL,False,low,none,"{   ""is_anomaly"": false,   ""severity"": ""low"",   ""root_cause"": ""none"",   ""remediation"": ""none"" }",2.0,401,36,0.0
llama3.1:70b-instruct-q4_K_M,ollama,bgl,rag,105,False,NORMAL,False,low,none,"{   ""is_anomaly"": false,   ""severity"": ""low"",   ""root_cause"": ""none"",   ""remediation"": ""none"" }",2.095,444,36,0.0
llama3.1:70b-instruct-q4_K_M,ollama,bgl,rag,106,True,KERNDTLB,True,high,"A kernel data TLB error interrupt anomaly occurred, indicating a potential issue with memory management.","{   ""is_anomaly"": true,   ""severity"": ""high"",   ""root_cause"": ""A kernel data TLB error interrupt anomaly occurred, indicating a potential issue with memory management."",   ""remediation"": ""Investigate and restart the system or check for firmware updates to resolve the kernel data TLB error."" }",2.981,405,70,0.0
llama3.1:70b-instruct-q4_K_M,ollama,bgl,rag,107,True,KERNDTLB,True,high,"A kernel data TLB error interrupt anomaly occurred, indicating a potential issue with memory management.","{   ""is_anomaly"": true,   ""severity"": ""high"",   ""root_cause"": ""A kernel data TLB error interrupt anomaly occurred, indicating a potential issue with memory management."",   ""remediation"": ""Investigate and restart the system or check for firmware updates to resolve the kernel data TLB error."" }",2.928,405,70,0.0
llama3.1:70b-instruct-q4_K_M,ollama,bgl,rag,108,True,KERNDTLB,True,high,"A kernel data TLB error interrupt anomaly occurred, indicating a potential issue with memory management.","{   ""is_anomaly"": true,   ""severity"": ""high"",   ""root_cause"": ""A kernel data TLB error interrupt anomaly occurred, indicating a potential issue with memory management."",   ""remediation"": ""Investigate and restart the system or check for firmware updates to resolve the kernel data TLB error."" }",2.886,405,70,0.0
llama3.1:70b-instruct-q4_K_M,ollama,bgl,rag,109,True,APPREAD,True,medium,Failed to read message prefix on multiple CioStream sockets due to a possible application read issue.,"{   ""is_anomaly"": true,   ""severity"": ""medium"",   ""root_cause"": ""Failed to read message prefix on multiple CioStream sockets due to a possible application read issue."",   ""remediation"": ""Investigate and restart the ciod service or check for issues with the connected application."" }",3.632,898,68,0.0
llama3.1:70b-instruct-q4_K_M,ollama,bgl,rag,110,False,NORMAL,False,low,none,"{   ""is_anomaly"": false,   ""severity"": ""low"",   ""root_cause"": ""none"",   ""remediation"": ""none"" }",2.45,743,36,0.0
llama3.1:70b-instruct-q4_K_M,ollama,bgl,rag,111,False,NORMAL,False,low,none,"{   ""is_anomaly"": false,   ""severity"": ""low"",   ""root_cause"": ""none"",   ""remediation"": ""none"" }",2.529,904,36,0.0
llama3.1:70b-instruct-q4_K_M,ollama,bgl,rag,112,True,KERNDTLB,True,high,"A kernel data TLB error interrupt anomaly occurred, indicating a potential issue with memory management.","{   ""is_anomaly"": true,   ""severity"": ""high"",   ""root_cause"": ""A kernel data TLB error interrupt anomaly occurred, indicating a potential issue with memory management."",   ""remediation"": ""Investigate and restart the system or check for firmware updates to resolve the kernel data TLB error."" }",3.158,405,70,0.0
llama3.1:70b-instruct-q4_K_M,ollama,bgl,rag,113,False,NORMAL,False,low,none,"{   ""is_anomaly"": false,   ""severity"": ""low"",   ""root_cause"": ""none"",   ""remediation"": ""none"" }",2.086,414,36,0.0
llama3.1:70b-instruct-q4_K_M,ollama,bgl,rag,114,True,APPSEV,True,medium,Multiple CioStream socket connections to the same IP address were severed due to errors reading message prefixes.,"{   ""is_anomaly"": true,   ""severity"": ""medium"",   ""root_cause"": ""Multiple CioStream socket connections to the same IP address were severed due to errors reading message prefixes."",   ""remediation"": ""Investigate and resolve connectivity issues with the server at IP address 172.16.96.116."" }",3.819,879,73,0.0
llama3.1:70b-instruct-q4_K_M,ollama,bgl,rag,115,False,NORMAL,False,low,none,"{   ""is_anomaly"": false,   ""severity"": ""low"",   ""root_cause"": ""none"",   ""remediation"": ""none"" }",2.756,1129,36,0.0
llama3.1:70b-instruct-q4_K_M,ollama,bgl,rag,116,True,KERNDTLB,True,high,"A kernel data TLB error interrupt anomaly occurred, indicating a potential issue with memory management.","{   ""is_anomaly"": true,   ""severity"": ""high"",   ""root_cause"": ""A kernel data TLB error interrupt anomaly occurred, indicating a potential issue with memory management."",   ""remediation"": ""Investigate and restart the system or check for firmware updates to resolve the kernel data TLB error."" }",3.182,405,70,0.0
llama3.1:70b-instruct-q4_K_M,ollama,bgl,rag,117,False,NORMAL,False,low,none,"{   ""is_anomaly"": false,   ""severity"": ""low"",   ""root_cause"": ""none"",   ""remediation"": ""none"" }",2.022,444,36,0.0
llama3.1:70b-instruct-q4_K_M,ollama,bgl,rag,118,True,APPBUSY,True,medium,The system was unable to create a node map from the specified file due to a device or resource being busy.,"{   ""is_anomaly"": true,   ""severity"": ""medium"",   ""root_cause"": ""The system was unable to create a node map from the specified file due to a device or resource being busy."",   ""remediation"": ""Check for and resolve any conflicts or locks on the file /p/gb2/pakin1/sweep3d-5x5x400-10mk-3mmi-1024pes-sweep/sweep.map."" }",4.983,1069,100,0.0
llama3.1:70b-instruct-q4_K_M,ollama,bgl,rag,119,False,NORMAL,False,low,none,"{   ""is_anomaly"": false,   ""severity"": ""low"",   ""root_cause"": ""none"",   ""remediation"": ""none"" }",2.767,1029,36,0.0
llama3.1:70b-instruct-q4_K_M,ollama,bgl,rag,120,False,NORMAL,True,medium,Data cache search parity errors were detected and correction attempts failed.,"{   ""is_anomaly"": true,   ""severity"": ""medium"",   ""root_cause"": ""Data cache search parity errors were detected and correction attempts failed."",   ""remediation"": ""Investigate hardware issues with the data cache and consider replacing faulty components."" }",3.342,792,58,0.0
llama3.1:70b-instruct-q4_K_M,ollama,bgl,rag,121,True,KERNDTLB,True,high,"A kernel data TLB error interrupt anomaly occurred, indicating a potential issue with memory management.","{   ""is_anomaly"": true,   ""severity"": ""high"",   ""root_cause"": ""A kernel data TLB error interrupt anomaly occurred, indicating a potential issue with memory management."",   ""remediation"": ""Investigate and restart the system or check for firmware updates to resolve the kernel data TLB error."" }",3.131,405,70,0.0
llama3.1:70b-instruct-q4_K_M,ollama,bgl,rag,122,False,NORMAL,False,low,none,"{   ""is_anomaly"": false,   ""severity"": ""low"",   ""root_cause"": ""none"",   ""remediation"": ""none"" }",2.079,429,36,0.0
llama3.1:70b-instruct-q4_K_M,ollama,bgl,rag,123,True,KERNMNT,True,high,Multiple Lustre mount failures occurred due to a potential kernel issue or filesystem corruption.,"{   ""is_anomaly"": true,   ""severity"": ""high"",   ""root_cause"": ""Multiple Lustre mount failures occurred due to a potential kernel issue or filesystem corruption."",   ""remediation"": ""Investigate and resolve the underlying cause of the Lustre mount failures, potentially involving a reboot or filesystem repair."" }",3.399,555,70,0.0
llama3.1:70b-instruct-q4_K_M,ollama,bgl,rag,124,False,NORMAL,False,low,none,"{   ""is_anomaly"": false,   ""severity"": ""low"",   ""root_cause"": ""none"",   ""remediation"": ""none"" }",2.067,404,36,0.0
llama3.1:70b-instruct-q4_K_M,ollama,bgl,rag,125,True,KERNDTLB,True,high,"A kernel data TLB error interrupt anomaly occurred, indicating a potential issue with memory management.","{   ""is_anomaly"": true,   ""severity"": ""high"",   ""root_cause"": ""A kernel data TLB error interrupt anomaly occurred, indicating a potential issue with memory management."",   ""remediation"": ""Investigate and restart the system or check for firmware updates to resolve the kernel data TLB error."" }",2.991,405,70,0.0
llama3.1:70b-instruct-q4_K_M,ollama,bgl,rag,126,True,APPSEV,True,medium,"Multiple CioStream socket connections to the same IP address were severed, indicating a potential issue with the application server or network connectivity.","{   ""is_anomaly"": true,   ""severity"": ""medium"",   ""root_cause"": ""Multiple CioStream socket connections to the same IP address were severed, indicating a potential issue with the application server or network connectivity."",   ""remediation"": ""Investigate and restart the ciod service or check network connectivity to resolve the issue."" }",3.907,864,75,0.0
llama3.1:70b-instruct-q4_K_M,ollama,bgl,rag,127,True,KERNDTLB,True,high,"A kernel data TLB error interrupt anomaly occurred, indicating a potential issue with memory management.","{   ""is_anomaly"": true,   ""severity"": ""high"",   ""root_cause"": ""A kernel data TLB error interrupt anomaly occurred, indicating a potential issue with memory management."",   ""remediation"": ""Investigate and restart the system or check for firmware updates to resolve the kernel data TLB error."" }",3.152,405,70,0.0
llama3.1:70b-instruct-q4_K_M,ollama,bgl,rag,128,False,NORMAL,False,low,none,"{   ""is_anomaly"": false,   ""severity"": ""low"",   ""root_cause"": ""none"",   ""remediation"": ""none"" }",2.453,904,36,0.0
llama3.1:70b-instruct-q4_K_M,ollama,bgl,rag,129,False,NORMAL,False,low,none,"{   ""is_anomaly"": false,   ""severity"": ""low"",   ""root_cause"": ""none"",   ""remediation"": ""none"" }",2.196,404,36,0.0
llama3.1:70b-instruct-q4_K_M,ollama,bgl,rag,130,True,KERNSTOR,True,high,Repeated data storage interrupts indicate a potential kernel storage issue.,"{   ""is_anomaly"": true,   ""severity"": ""high"",   ""root_cause"": ""Repeated data storage interrupts indicate a potential kernel storage issue."",   ""remediation"": ""Investigate and resolve the underlying kernel storage problem to prevent further interruptions."" }",2.547,362,57,0.0
llama3.1:70b-instruct-q4_K_M,ollama,bgl,rag,131,True,KERNDTLB,True,high,"A kernel data TLB error interrupt anomaly occurred, indicating a potential issue with memory management.","{   ""is_anomaly"": true,   ""severity"": ""high"",   ""root_cause"": ""A kernel data TLB error interrupt anomaly occurred, indicating a potential issue with memory management."",   ""remediation"": ""Investigate and restart the system or check for firmware updates to resolve the kernel data TLB error."" }",3.005,405,70,0.0
llama3.1:70b-instruct-q4_K_M,ollama,bgl,rag,132,False,NORMAL,False,low,none,"{   ""is_anomaly"": false,   ""severity"": ""low"",   ""root_cause"": ""none"",   ""remediation"": ""none"" }",2.174,530,36,0.0
llama3.1:70b-instruct-q4_K_M,ollama,bgl,rag,133,False,NORMAL,False,low,none,"{   ""is_anomaly"": false,   ""severity"": ""low"",   ""root_cause"": ""none"",   ""remediation"": ""none"" }",2.147,574,36,0.0
llama3.1:70b-instruct-q4_K_M,ollama,bgl,rag,134,False,NORMAL,False,low,none,"{   ""is_anomaly"": false,   ""severity"": ""low"",   ""root_cause"": ""none"",   ""remediation"": ""none"" }",2.113,402,36,0.0
llama3.1:70b-instruct-q4_K_M,ollama,bgl,rag,135,False,NORMAL,False,low,none,"{   ""is_anomaly"": false,   ""severity"": ""low"",   ""root_cause"": ""none"",   ""remediation"": ""none"" }",2.112,458,36,0.0
llama3.1:70b-instruct-q4_K_M,ollama,bgl,rag,136,True,APPSEV,True,medium,Multiple CioStream socket connections to the same IP address were severed due to errors reading message prefixes.,"{   ""is_anomaly"": true,   ""severity"": ""medium"",   ""root_cause"": ""Multiple CioStream socket connections to the same IP address were severed due to errors reading message prefixes."",   ""remediation"": ""Investigate and resolve connectivity issues between the ciod process and the remote host at 172.16.96.116."" }",3.998,864,77,0.0
llama3.1:70b-instruct-q4_K_M,ollama,bgl,rag,137,False,NORMAL,False,low,none,"{   ""is_anomaly"": false,   ""severity"": ""low"",   ""root_cause"": ""none"",   ""remediation"": ""none"" }",2.188,399,36,0.0
llama3.1:70b-instruct-q4_K_M,ollama,bgl,rag,138,True,KERNDTLB,True,high,"A kernel data TLB error interrupt anomaly occurred, indicating a potential issue with memory management.","{   ""is_anomaly"": true,   ""severity"": ""high"",   ""root_cause"": ""A kernel data TLB error interrupt anomaly occurred, indicating a potential issue with memory management."",   ""remediation"": ""Investigate and restart the system or check for firmware updates to resolve the kernel data TLB error."" }",3.061,405,70,0.0
llama3.1:70b-instruct-q4_K_M,ollama,bgl,rag,139,True,KERNDTLB,True,high,"A kernel data TLB error interrupt anomaly occurred, indicating a potential issue with memory management.","{   ""is_anomaly"": true,   ""severity"": ""high"",   ""root_cause"": ""A kernel data TLB error interrupt anomaly occurred, indicating a potential issue with memory management."",   ""remediation"": ""Investigate and restart the system or check for firmware updates to resolve the kernel data TLB error."" }",2.943,405,70,0.0
llama3.1:70b-instruct-q4_K_M,ollama,bgl,rag,140,False,NORMAL,False,low,none,"{   ""is_anomaly"": false,   ""severity"": ""low"",   ""root_cause"": ""none"",   ""remediation"": ""none"" }",2.05,404,36,0.0
llama3.1:70b-instruct-q4_K_M,ollama,bgl,rag,141,False,NORMAL,False,low,none,"{   ""is_anomaly"": false,   ""severity"": ""low"",   ""root_cause"": ""none"",   ""remediation"": ""none"" }",2.048,530,36,0.0
llama3.1:70b-instruct-q4_K_M,ollama,bgl,rag,142,True,KERNSTOR,True,high,"Repeated data storage interrupts occurred at the same data address (0x00000002), indicating a potential kernel storage issue.","{   ""is_anomaly"": true,   ""severity"": ""high"",   ""root_cause"": ""Repeated data storage interrupts occurred at the same data address (0x00000002), indicating a potential kernel storage issue."",   ""remediation"": ""Investigate and repair or replace faulty storage hardware to prevent further interruptions."" }",3.297,398,70,0.0
llama3.1:70b-instruct-q4_K_M,ollama,bgl,rag,143,False,NORMAL,False,low,none,"{   ""is_anomaly"": false,   ""severity"": ""low"",   ""root_cause"": ""none"",   ""remediation"": ""none"" }",2.077,404,36,0.0
llama3.1:70b-instruct-q4_K_M,ollama,bgl,rag,144,True,APPSEV,True,medium,Multiple CioStream socket connections to the same IP address were severed due to errors reading message prefixes.,"{   ""is_anomaly"": true,   ""severity"": ""medium"",   ""root_cause"": ""Multiple CioStream socket connections to the same IP address were severed due to errors reading message prefixes."",   ""remediation"": ""Investigate and resolve connectivity issues between the ciod process and the remote host at 172.16.96.116."" }",3.942,879,77,0.0
llama3.1:70b-instruct-q4_K_M,ollama,bgl,rag,145,False,NORMAL,True,high,Repeated data store interrupts and program interrupts indicate a potential kernel storage issue.,"{   ""is_anomaly"": true,   ""severity"": ""high"",   ""root_cause"": ""Repeated data store interrupts and program interrupts indicate a potential kernel storage issue."",   ""remediation"": ""Investigate and repair kernel storage corruption or faulty hardware."" }",2.965,437,57,0.0
llama3.1:70b-instruct-q4_K_M,ollama,bgl,rag,146,True,KERNDTLB,True,high,"A kernel data TLB error interrupt anomaly occurred, indicating a potential issue with memory management.","{   ""is_anomaly"": true,   ""severity"": ""high"",   ""root_cause"": ""A kernel data TLB error interrupt anomaly occurred, indicating a potential issue with memory management."",   ""remediation"": ""Investigate and restart the system or check for firmware updates to resolve the kernel data TLB error."" }",3.063,405,70,0.0
llama3.1:70b-instruct-q4_K_M,ollama,bgl,rag,147,True,KERNDTLB,True,high,"A kernel data TLB error interrupt anomaly occurred, indicating a potential issue with memory management.","{   ""is_anomaly"": true,   ""severity"": ""high"",   ""root_cause"": ""A kernel data TLB error interrupt anomaly occurred, indicating a potential issue with memory management."",   ""remediation"": ""Investigate and restart the system or check for firmware updates to resolve the kernel data TLB error."" }",2.878,405,70,0.0
llama3.1:70b-instruct-q4_K_M,ollama,bgl,rag,148,False,NORMAL,False,low,none,"{   ""is_anomaly"": false,   ""severity"": ""low"",   ""root_cause"": ""none"",   ""remediation"": ""none"" }",2.03,404,36,0.0
llama3.1:70b-instruct-q4_K_M,ollama,bgl,rag,149,True,KERNMNTF,True,high,"Multiple Lustre mount failures occurred at point /p/gb1, indicating a potential kernel or mounting issue.","{   ""is_anomaly"": true,   ""severity"": ""high"",   ""root_cause"": ""Multiple Lustre mount failures occurred at point /p/gb1, indicating a potential kernel or mounting issue."",   ""remediation"": ""Investigate and restart the affected Lustre servers or reconfigure the mounting points as needed."" }",3.521,615,72,0.0
llama3.1:70b-instruct-q4_K_M,ollama,hdfs,rag,150,True,Anomaly,False,low,none,"{   ""is_anomaly"": false,   ""severity"": ""low"",   ""root_cause"": ""none"",   ""remediation"": ""none"" }",2.927,1299,36,0.0
llama3.1:70b-instruct-q4_K_M,ollama,hdfs,rag,151,True,Anomaly,False,low,none,"{   ""is_anomaly"": false,   ""severity"": ""low"",   ""root_cause"": ""none"",   ""remediation"": ""none"" }",2.988,1245,36,0.0
llama3.1:70b-instruct-q4_K_M,ollama,hdfs,rag,152,True,Anomaly,True,medium,DataXceiver encountered an exception while writing a block due to inability to read from stream.,"{   ""is_anomaly"": true,   ""severity"": ""medium"",   ""root_cause"": ""DataXceiver encountered an exception while writing a block due to inability to read from stream."",   ""remediation"": ""Check disk space and network connectivity, then restart the DataNode service if necessary."" }",4.051,1191,66,0.0
llama3.1:70b-instruct-q4_K_M,ollama,hdfs,rag,153,True,Anomaly,True,medium,"Multiple PacketResponders terminated simultaneously for different blocks, indicating a potential issue with data replication or node communication.","{   ""is_anomaly"": true,   ""severity"": ""medium"",   ""root_cause"": ""Multiple PacketResponders terminated simultaneously for different blocks, indicating a potential issue with data replication or node communication."",   ""remediation"": ""Investigate and verify the integrity of the replicated data blocks and check the health of the DataNode."" }",4.096,995,73,0.0
llama3.1:70b-instruct-q4_K_M,ollama,hdfs,rag,154,True,Anomaly,False,low,none,"{   ""is_anomaly"": false,   ""severity"": ""low"",   ""root_cause"": ""none"",   ""remediation"": ""none"" }",3.037,1404,36,0.0
llama3.1:70b-instruct-q4_K_M,ollama,hdfs,rag,155,False,NORMAL,False,low,none,"{   ""is_anomaly"": false,   ""severity"": ""low"",   ""root_cause"": ""none"",   ""remediation"": ""none"" }",2.857,1092,36,0.0
llama3.1:70b-instruct-q4_K_M,ollama,hdfs,rag,156,False,NORMAL,False,low,none,"{   ""is_anomaly"": false,   ""severity"": ""low"",   ""root_cause"": ""none"",   ""remediation"": ""none"" }",2.878,1200,36,0.0
llama3.1:70b-instruct-q4_K_M,ollama,hdfs,rag,157,True,Anomaly,True,low,"Multiple PacketResponder terminations occurred in a short time frame, indicating potential issues with data block transfers.","{   ""is_anomaly"": true,   ""severity"": ""low"",   ""root_cause"": ""Multiple PacketResponder terminations occurred in a short time frame, indicating potential issues with data block transfers."",   ""remediation"": ""Investigate and verify the integrity of the transferred blocks to ensure data consistency."" }",3.971,1040,67,0.0
llama3.1:70b-instruct-q4_K_M,ollama,hdfs,rag,158,True,Anomaly,True,medium,Multiple blocks are being deleted simultaneously without any indication of a rebalance operation.,"{   ""is_anomaly"": true,   ""severity"": ""medium"",   ""root_cause"": ""Multiple blocks are being deleted simultaneously without any indication of a rebalance operation."",   ""remediation"": ""Investigate the cause of the block deletions and verify that data is not lost or corrupted."" }",4.054,1232,66,0.0
llama3.1:70b-instruct-q4_K_M,ollama,hdfs,rag,159,False,NORMAL,True,medium,Duplicate block IDs were assigned to different nodes.,"{   ""is_anomaly"": true,   ""severity"": ""medium"",   ""root_cause"": ""Duplicate block IDs were assigned to different nodes."",   ""remediation"": ""Investigate and resolve the block ID duplication issue in the HDFS NameSystem."" }",3.875,1375,57,0.0
llama3.1:70b-instruct-q4_K_M,ollama,hdfs,rag,160,False,NORMAL,True,low,"Multiple blocks are being deleted in a short time frame, indicating potential data loss or corruption.","{   ""is_anomaly"": true,   ""severity"": ""low"",   ""root_cause"": ""Multiple blocks are being deleted in a short time frame, indicating potential data loss or corruption."",   ""remediation"": ""Investigate the cause of block deletion and verify data integrity."" }",3.737,1210,62,0.0
llama3.1:70b-instruct-q4_K_M,ollama,hdfs,rag,161,False,NORMAL,False,low,none,"{   ""is_anomaly"": false,   ""severity"": ""low"",   ""root_cause"": ""none"",   ""remediation"": ""none"" }",2.879,1203,36,0.0
llama3.1:70b-instruct-q4_K_M,ollama,hdfs,rag,162,True,Anomaly,True,medium,PacketResponder terminated unexpectedly for multiple blocks.,"{   ""is_anomaly"": true,   ""severity"": ""medium"",   ""root_cause"": ""PacketResponder terminated unexpectedly for multiple blocks."",   ""remediation"": ""Investigate and restart the affected DataNode to recover from the termination."" }",3.465,1078,54,0.0
llama3.1:70b-instruct-q4_K_M,ollama,hdfs,rag,163,False,NORMAL,True,medium,Multiple DataNode exceptions occurred while serving blocks to different clients.,"{   ""is_anomaly"": true,   ""severity"": ""medium"",   ""root_cause"": ""Multiple DataNode exceptions occurred while serving blocks to different clients."",   ""remediation"": ""Investigate and restart the affected DataNodes to resolve the issue."" }",3.767,1288,57,0.0
llama3.1:70b-instruct-q4_K_M,ollama,hdfs,rag,164,False,NORMAL,True,medium,Duplicate block reception from different sources (/10.251.107.50 and /10.251.71.146) for the same block blk_6180249308119554317.,"{   ""is_anomaly"": true,   ""severity"": ""medium"",   ""root_cause"": ""Duplicate block reception from different sources (/10.251.107.50 and /10.251.71.146) for the same block blk_6180249308119554317."",   ""remediation"": ""Investigate and resolve the issue with the DataNode configuration or network connectivity to prevent duplicate block receptions."" }",4.859,1109,90,0.0
llama3.1:70b-instruct-q4_K_M,ollama,hdfs,rag,165,False,NORMAL,False,low,none,"{   ""is_anomaly"": false,   ""severity"": ""low"",   ""root_cause"": ""none"",   ""remediation"": ""none"" }",2.826,1169,36,0.0
llama3.1:70b-instruct-q4_K_M,ollama,hdfs,rag,166,False,NORMAL,True,medium,"Multiple blocks are being added to the invalidSet across different nodes, indicating a potential issue with data replication or corruption.","{   ""is_anomaly"": true,   ""severity"": ""medium"",   ""root_cause"": ""Multiple blocks are being added to the invalidSet across different nodes, indicating a potential issue with data replication or corruption."",   ""remediation"": ""Investigate and verify the integrity of the affected blocks and nodes, and consider running a data consistency check."" }",4.384,1209,76,0.0
llama3.1:70b-instruct-q4_K_M,ollama,hdfs,rag,167,True,Anomaly,False,low,none,"{   ""is_anomaly"": false,   ""severity"": ""low"",   ""root_cause"": ""none"",   ""remediation"": ""none"" }",2.795,1196,36,0.0
llama3.1:70b-instruct-q4_K_M,ollama,hdfs,rag,168,False,NORMAL,False,low,none,"{   ""is_anomaly"": false,   ""severity"": ""low"",   ""root_cause"": ""none"",   ""remediation"": ""none"" }",3.071,1396,36,0.0
llama3.1:70b-instruct-q4_K_M,ollama,hdfs,rag,169,False,NORMAL,True,low,"A block with a negative ID (blk_-593565666552806848) was deleted, which is unusual and may indicate data corruption.","{   ""is_anomaly"": true,   ""severity"": ""low"",   ""root_cause"": ""A block with a negative ID (blk_-593565666552806848) was deleted, which is unusual and may indicate data corruption."",   ""remediation"": ""Investigate the source of the invalid block ID and verify data integrity."" }",4.351,1202,74,0.0
llama3.1:70b-instruct-q4_K_M,ollama,hdfs,rag,170,False,NORMAL,True,low,"Multiple blocks are being added to the block map with different sizes and locations, indicating a potential issue with data replication or consistency.","{   ""is_anomaly"": true,   ""severity"": ""low"",   ""root_cause"": ""Multiple blocks are being added to the block map with different sizes and locations, indicating a potential issue with data replication or consistency."",   ""remediation"": ""Verify that the HDFS configuration is correct and that there are no issues with data replication or node communication."" }",4.578,1388,78,0.0
llama3.1:70b-instruct-q4_K_M,ollama,hdfs,rag,171,False,NORMAL,False,low,none,"{   ""is_anomaly"": false,   ""severity"": ""low"",   ""root_cause"": ""none"",   ""remediation"": ""none"" }",2.878,1093,36,0.0
llama3.1:70b-instruct-q4_K_M,ollama,hdfs,rag,172,True,Anomaly,True,medium,"Multiple blocks are being added to the block map with different sizes, indicating a potential data inconsistency issue.","{   ""is_anomaly"": true,   ""severity"": ""medium"",   ""root_cause"": ""Multiple blocks are being added to the block map with different sizes, indicating a potential data inconsistency issue."",   ""remediation"": ""Investigate and verify the integrity of the blocks and their corresponding files to ensure data consistency."" }",4.281,1373,70,0.0
llama3.1:70b-instruct-q4_K_M,ollama,hdfs,rag,173,True,Anomaly,True,low,"Multiple blocks were allocated and added to the block map with different sizes, indicating a potential issue with data replication.","{   ""is_anomaly"": true,   ""severity"": ""low"",   ""root_cause"": ""Multiple blocks were allocated and added to the block map with different sizes, indicating a potential issue with data replication."",   ""remediation"": ""Verify that the HDFS configuration is correct and that there are no issues with data replication."" }",4.466,1384,72,0.0
llama3.1:70b-instruct-q4_K_M,ollama,hdfs,rag,174,False,NORMAL,False,low,none,"{   ""is_anomaly"": false,   ""severity"": ""low"",   ""root_cause"": ""none"",   ""remediation"": ""none"" }",2.917,1217,36,0.0
llama3.1:70b-instruct-q4_K_M,ollama,hdfs,rag,175,False,NORMAL,False,low,none,"{   ""is_anomaly"": false,   ""severity"": ""low"",   ""root_cause"": ""none"",   ""remediation"": ""none"" }",2.933,1204,36,0.0
llama3.1:70b-instruct-q4_K_M,ollama,hdfs,rag,176,True,Anomaly,True,medium,Multiple blocks are being deleted simultaneously from different subdirectories.,"{   ""is_anomaly"": true,   ""severity"": ""medium"",   ""root_cause"": ""Multiple blocks are being deleted simultaneously from different subdirectories."",   ""remediation"": ""Investigate and verify the legitimacy of these deletions to prevent potential data loss."" }",3.705,1208,59,0.0
llama3.1:70b-instruct-q4_K_M,ollama,hdfs,rag,177,True,Anomaly,True,medium,"Multiple PacketResponder terminations occurred in a short time frame, indicating potential issues with block reception or network connectivity.","{   ""is_anomaly"": true,   ""severity"": ""medium"",   ""root_cause"": ""Multiple PacketResponder terminations occurred in a short time frame, indicating potential issues with block reception or network connectivity."",   ""remediation"": ""Investigate and verify the integrity of received blocks and check for any network connectivity issues between DataNodes."" }",4.284,1127,74,0.0
llama3.1:70b-instruct-q4_K_M,ollama,hdfs,rag,178,False,NORMAL,False,low,none,"{   ""is_anomaly"": false,   ""severity"": ""low"",   ""root_cause"": ""none"",   ""remediation"": ""none"" }",2.931,1194,36,0.0
llama3.1:70b-instruct-q4_K_M,ollama,hdfs,rag,179,False,NORMAL,True,medium,"Multiple blocks are being deleted simultaneously from different subdirectories, indicating a potential issue with data consistency or corruption.","{   ""is_anomaly"": true,   ""severity"": ""medium"",   ""root_cause"": ""Multiple blocks are being deleted simultaneously from different subdirectories, indicating a potential issue with data consistency or corruption."",   ""remediation"": ""Investigate and verify the integrity of the affected data blocks and consider running a data validation check to ensure data consistency."" }",4.42,1210,76,0.0
llama3.1:70b-instruct-q4_K_M,ollama,hdfs,rag,180,True,Anomaly,False,low,none,"{   ""is_anomaly"": false,   ""severity"": ""low"",   ""root_cause"": ""none"",   ""remediation"": ""none"" }",3.124,1397,36,0.0
llama3.1:70b-instruct-q4_K_M,ollama,hdfs,rag,181,False,NORMAL,True,medium,"Multiple blocks are being received from different sources simultaneously, indicating a potential data inconsistency issue.","{   ""is_anomaly"": true,   ""severity"": ""medium"",   ""root_cause"": ""Multiple blocks are being received from different sources simultaneously, indicating a potential data inconsistency issue."",   ""remediation"": ""Investigate and verify the integrity of the received blocks to ensure data consistency."" }",4.111,1302,64,0.0
llama3.1:70b-instruct-q4_K_M,ollama,hdfs,rag,182,True,Anomaly,True,low,DataNode received an empty packet for block blk_-9096517887581867876.,"{   ""is_anomaly"": true,   ""severity"": ""low"",   ""root_cause"": ""DataNode received an empty packet for block blk_-9096517887581867876."",   ""remediation"": ""Verify the sender's configuration and network connectivity to ensure correct data transmission."" }",4.071,1292,64,0.0
llama3.1:70b-instruct-q4_K_M,ollama,hdfs,rag,183,True,Anomaly,True,medium,Duplicate block reception on the same DataNode.,"{   ""is_anomaly"": true,   ""severity"": ""medium"",   ""root_cause"": ""Duplicate block reception on the same DataNode."",   ""remediation"": ""Investigate and resolve potential issues with block replication or DataNode configuration."" }",3.663,1246,55,0.0
llama3.1:70b-instruct-q4_K_M,ollama,hdfs,rag,184,True,Anomaly,True,low,An exception occurred while serving a block to /10.251.126.255:,"{   ""is_anomaly"": true,   ""severity"": ""low"",   ""root_cause"": ""An exception occurred while serving a block to /10.251.126.255:"",   ""remediation"": ""Investigate and resolve the issue with DataNode 10.251.110.196"" }",4.125,1237,67,0.0
llama3.1:70b-instruct-q4_K_M,ollama,hdfs,rag,185,False,NORMAL,False,low,none,"{   ""is_anomaly"": false,   ""severity"": ""low"",   ""root_cause"": ""none"",   ""remediation"": ""none"" }",3.104,1379,36,0.0
llama3.1:70b-instruct-q4_K_M,ollama,hdfs,rag,186,True,Anomaly,True,low,"Multiple blocks are being received by the DataNode simultaneously, potentially indicating a data replication issue.","{   ""is_anomaly"": true,   ""severity"": ""low"",   ""root_cause"": ""Multiple blocks are being received by the DataNode simultaneously, potentially indicating a data replication issue."",   ""remediation"": ""Verify that the HDFS replication factor is set correctly and check for any network connectivity issues."" }",4.286,1345,68,0.0
llama3.1:70b-instruct-q4_K_M,ollama,hdfs,rag,187,False,NORMAL,True,medium,"Multiple blocks with negative IDs are being deleted, indicating a potential data corruption issue.","{   ""is_anomaly"": true,   ""severity"": ""medium"",   ""root_cause"": ""Multiple blocks with negative IDs are being deleted, indicating a potential data corruption issue."",   ""remediation"": ""Investigate and verify the integrity of the affected blocks and consider running a data consistency check."" }",4.011,1197,66,0.0
llama3.1:70b-instruct-q4_K_M,ollama,hdfs,rag,188,True,Anomaly,True,low,"Multiple PacketResponder terminations occurred in a short time frame, indicating potential issues with block reception.","{   ""is_anomaly"": true,   ""severity"": ""low"",   ""root_cause"": ""Multiple PacketResponder terminations occurred in a short time frame, indicating potential issues with block reception."",   ""remediation"": ""Investigate and verify the integrity of received blocks to ensure data consistency."" }",3.964,1127,65,0.0
llama3.1:70b-instruct-q4_K_M,ollama,hdfs,rag,189,False,NORMAL,True,medium,Inconsistent block sizes were added to the block map.,"{   ""is_anomaly"": true,   ""severity"": ""medium"",   ""root_cause"": ""Inconsistent block sizes were added to the block map."",   ""remediation"": ""Investigate and correct the source of the inconsistent block sizes."" }",3.737,1374,55,0.0
llama3.1:70b-instruct-q4_K_M,ollama,hdfs,rag,190,True,Anomaly,True,medium,"Multiple blocks are being received from different sources simultaneously, indicating a potential data inconsistency issue.","{   ""is_anomaly"": true,   ""severity"": ""medium"",   ""root_cause"": ""Multiple blocks are being received from different sources simultaneously, indicating a potential data inconsistency issue."",   ""remediation"": ""Investigate and verify the integrity of the received blocks to ensure data consistency."" }",4.109,1299,64,0.0
llama3.1:70b-instruct-q4_K_M,ollama,hdfs,rag,191,True,Anomaly,False,low,none,"{   ""is_anomaly"": false,   ""severity"": ""low"",   ""root_cause"": ""none"",   ""remediation"": ""none"" }",3.033,1385,36,0.0
llama3.1:70b-instruct-q4_K_M,ollama,hdfs,rag,192,False,NORMAL,True,low,"Multiple blocks were received and terminated in a short time frame, indicating potential data inconsistency.","{   ""is_anomaly"": true,   ""severity"": ""low"",   ""root_cause"": ""Multiple blocks were received and terminated in a short time frame, indicating potential data inconsistency."",   ""remediation"": ""Verify block integrity and consider re-replicating affected blocks to ensure data consistency."" }",3.958,1111,66,0.0
llama3.1:70b-instruct-q4_K_M,ollama,hdfs,rag,193,True,Anomaly,True,medium,"Multiple blocks are being received from different sources simultaneously, indicating a potential data inconsistency issue.","{   ""is_anomaly"": true,   ""severity"": ""medium"",   ""root_cause"": ""Multiple blocks are being received from different sources simultaneously, indicating a potential data inconsistency issue."",   ""remediation"": ""Investigate and verify the integrity of the received blocks to ensure data consistency."" }",3.912,1150,64,0.0
llama3.1:70b-instruct-q4_K_M,ollama,hdfs,rag,194,True,Anomaly,False,low,none,"{   ""is_anomaly"": false,   ""severity"": ""low"",   ""root_cause"": ""none"",   ""remediation"": ""none"" }",2.987,1358,36,0.0
llama3.1:70b-instruct-q4_K_M,ollama,hdfs,rag,195,False,NORMAL,False,low,none,"{   ""is_anomaly"": false,   ""severity"": ""low"",   ""root_cause"": ""none"",   ""remediation"": ""none"" }",2.98,1169,36,0.0
llama3.1:70b-instruct-q4_K_M,ollama,hdfs,rag,196,False,NORMAL,True,medium,"Multiple blocks with negative IDs are being deleted, indicating a potential issue with block ID generation.","{   ""is_anomaly"": true,   ""severity"": ""medium"",   ""root_cause"": ""Multiple blocks with negative IDs are being deleted, indicating a potential issue with block ID generation."",   ""remediation"": ""Investigate and correct the block ID generation mechanism to prevent further anomalies."" }",3.9,1206,64,0.0
llama3.1:70b-instruct-q4_K_M,ollama,hdfs,rag,197,True,Anomaly,False,low,none,"{   ""is_anomaly"": false,   ""severity"": ""low"",   ""root_cause"": ""none"",   ""remediation"": ""none"" }",2.546,1217,36,0.0
llama3.1:70b-instruct-q4_K_M,ollama,hdfs,rag,198,True,Anomaly,False,low,none,"{   ""is_anomaly"": false,   ""severity"": ""low"",   ""root_cause"": ""none"",   ""remediation"": ""none"" }",2.869,1108,36,0.0
llama3.1:70b-instruct-q4_K_M,ollama,hdfs,rag,199,True,Anomaly,True,medium,Multiple blocks are being deleted simultaneously from different subdirectories.,"{   ""is_anomaly"": true,   ""severity"": ""medium"",   ""root_cause"": ""Multiple blocks are being deleted simultaneously from different subdirectories."",   ""remediation"": ""Investigate and verify the legitimacy of these deletions to prevent potential data loss."" }",3.716,1208,59,0.0
llama3.1:70b-instruct-q4_K_M,ollama,hdfs,rag,200,False,NORMAL,False,low,none,"{   ""is_anomaly"": false,   ""severity"": ""low"",   ""root_cause"": ""none"",   ""remediation"": ""none"" }",2.929,1206,36,0.0
llama3.1:70b-instruct-q4_K_M,ollama,hdfs,rag,201,True,Anomaly,True,medium,Multiple exceptions occurred while serving blocks to different nodes.,"{   ""is_anomaly"": true,   ""severity"": ""medium"",   ""root_cause"": ""Multiple exceptions occurred while serving blocks to different nodes."",   ""remediation"": ""Investigate and resolve the issues with DataNode$DataXceiver on nodes 10.251.215.70 and 10.251.125.193."" }",4.429,1281,75,0.0
llama3.1:70b-instruct-q4_K_M,ollama,hdfs,rag,202,True,Anomaly,True,low,"Multiple PacketResponder terminations occurred in a short time frame, indicating potential issues with data transfer.","{   ""is_anomaly"": true,   ""severity"": ""low"",   ""root_cause"": ""Multiple PacketResponder terminations occurred in a short time frame, indicating potential issues with data transfer."",   ""remediation"": ""Investigate and verify the integrity of transmitted blocks to ensure data consistency."" }",3.875,1075,65,0.0
llama3.1:70b-instruct-q4_K_M,ollama,hdfs,rag,203,False,NORMAL,True,medium,Multiple block allocations with negative block IDs were made in a short time frame.,"{   ""is_anomaly"": true,   ""severity"": ""medium"",   ""root_cause"": ""Multiple block allocations with negative block IDs were made in a short time frame."",   ""remediation"": ""Investigate and resolve the issue with the NameNode's block allocation logic."" }",4.061,1412,62,0.0
llama3.1:70b-instruct-q4_K_M,ollama,hdfs,rag,204,True,Anomaly,False,low,none,"{   ""is_anomaly"": false,   ""severity"": ""low"",   ""root_cause"": ""none"",   ""remediation"": ""none"" }",3.104,1371,36,0.0
llama3.1:70b-instruct-q4_K_M,ollama,hdfs,rag,205,False,NORMAL,True,low,"Multiple blocks were added to the block map with different sizes, indicating a potential data inconsistency issue.","{   ""is_anomaly"": true,   ""severity"": ""low"",   ""root_cause"": ""Multiple blocks were added to the block map with different sizes, indicating a potential data inconsistency issue."",   ""remediation"": ""Verify the block sizes and ensure that they match the expected values to prevent data corruption."" }",4.322,1391,68,0.0
llama3.1:70b-instruct-q4_K_M,ollama,hdfs,rag,206,False,NORMAL,False,low,none,"{   ""is_anomaly"": false,   ""severity"": ""low"",   ""root_cause"": ""none"",   ""remediation"": ""none"" }",2.856,1092,36,0.0
llama3.1:70b-instruct-q4_K_M,ollama,hdfs,rag,207,False,NORMAL,False,low,none,"{   ""is_anomaly"": false,   ""severity"": ""low"",   ""root_cause"": ""none"",   ""remediation"": ""none"" }",3.07,1355,36,0.0
llama3.1:70b-instruct-q4_K_M,ollama,hdfs,rag,208,False,NORMAL,True,low,"Multiple blocks were added to the block map with different sizes and sources, indicating a potential data inconsistency.","{   ""is_anomaly"": true,   ""severity"": ""low"",   ""root_cause"": ""Multiple blocks were added to the block map with different sizes and sources, indicating a potential data inconsistency."",   ""remediation"": ""Verify the integrity of the blocks and their corresponding files to ensure data consistency."" }",4.085,1217,67,0.0
llama3.1:70b-instruct-q4_K_M,ollama,hdfs,rag,209,True,Anomaly,True,medium,Duplicate block reception from the same source IP address.,"{   ""is_anomaly"": true,   ""severity"": ""medium"",   ""root_cause"": ""Duplicate block reception from the same source IP address."",   ""remediation"": ""Investigate and resolve potential network issues or misconfigured DataNode settings."" }",3.662,1246,56,0.0
llama3.1:70b-instruct-q4_K_M,ollama,hdfs,rag,210,False,NORMAL,False,low,none,"{   ""is_anomaly"": false,   ""severity"": ""low"",   ""root_cause"": ""none"",   ""remediation"": ""none"" }",2.929,1208,36,0.0
llama3.1:70b-instruct-q4_K_M,ollama,hdfs,rag,211,True,Anomaly,False,low,none,"{   ""is_anomaly"": false,   ""severity"": ""low"",   ""root_cause"": ""none"",   ""remediation"": ""none"" }",2.792,1093,36,0.0
llama3.1:70b-instruct-q4_K_M,ollama,hdfs,rag,212,False,NORMAL,False,low,none,"{   ""is_anomaly"": false,   ""severity"": ""low"",   ""root_cause"": ""none"",   ""remediation"": ""none"" }",2.854,1169,36,0.0
llama3.1:70b-instruct-q4_K_M,ollama,hdfs,rag,213,True,Anomaly,True,low,"Multiple blocks are being deleted in a short time frame, indicating potential data loss or corruption.","{   ""is_anomaly"": true,   ""severity"": ""low"",   ""root_cause"": ""Multiple blocks are being deleted in a short time frame, indicating potential data loss or corruption."",   ""remediation"": ""Investigate the cause of block deletion and verify data integrity."" }",3.705,1208,62,0.0
llama3.1:70b-instruct-q4_K_M,ollama,hdfs,rag,214,True,Anomaly,True,medium,Multiple blocks are being deleted simultaneously from different directories in the HDFS dataset.,"{   ""is_anomaly"": true,   ""severity"": ""medium"",   ""root_cause"": ""Multiple blocks are being deleted simultaneously from different directories in the HDFS dataset."",   ""remediation"": ""Investigate and verify the legitimacy of these deletions, and consider implementing additional logging or monitoring to detect similar events in the future."" }",4.115,1211,73,0.0
llama3.1:70b-instruct-q4_K_M,ollama,hdfs,rag,215,True,Anomaly,False,low,none,"{   ""is_anomaly"": false,   ""severity"": ""low"",   ""root_cause"": ""none"",   ""remediation"": ""none"" }",2.784,1105,36,0.0
llama3.1:70b-instruct-q4_K_M,ollama,hdfs,rag,216,False,NORMAL,False,low,none,"{   ""is_anomaly"": false,   ""severity"": ""low"",   ""root_cause"": ""none"",   ""remediation"": ""none"" }",2.777,1092,36,0.0
llama3.1:70b-instruct-q4_K_M,ollama,hdfs,rag,217,False,NORMAL,False,low,none,"{   ""is_anomaly"": false,   ""severity"": ""low"",   ""root_cause"": ""none"",   ""remediation"": ""none"" }",3.057,1389,36,0.0
llama3.1:70b-instruct-q4_K_M,ollama,hdfs,rag,218,True,Anomaly,False,low,none,"{   ""is_anomaly"": false,   ""severity"": ""low"",   ""root_cause"": ""none"",   ""remediation"": ""none"" }",2.91,1205,36,0.0
llama3.1:70b-instruct-q4_K_M,ollama,hdfs,rag,219,False,NORMAL,False,low,none,"{   ""is_anomaly"": false,   ""severity"": ""low"",   ""root_cause"": ""none"",   ""remediation"": ""none"" }",2.8,1044,36,0.0
llama3.1:70b-instruct-q4_K_M,ollama,hdfs,rag,220,False,NORMAL,True,low,"Multiple DataNode$DataXceiver instances are receiving blocks from different sources simultaneously, indicating a potential data inconsistency issue.","{   ""is_anomaly"": true,   ""severity"": ""low"",   ""root_cause"": ""Multiple DataNode$DataXceiver instances are receiving blocks from different sources simultaneously, indicating a potential data inconsistency issue."",   ""remediation"": ""Investigate and verify the integrity of the received blocks to ensure data consistency."" }",4.227,1303,70,0.0
llama3.1:70b-instruct-q4_K_M,ollama,hdfs,rag,221,False,NORMAL,False,low,none,"{   ""is_anomaly"": false,   ""severity"": ""low"",   ""root_cause"": ""none"",   ""remediation"": ""none"" }",2.925,1205,36,0.0
llama3.1:70b-instruct-q4_K_M,ollama,hdfs,rag,222,True,Anomaly,True,medium,"Multiple blocks are being added to the same node (10.251.107.50:50010) in a short period of time, indicating potential data imbalance or replication issues.","{   ""is_anomaly"": true,   ""severity"": ""medium"",   ""root_cause"": ""Multiple blocks are being added to the same node (10.251.107.50:50010) in a short period of time, indicating potential data imbalance or replication issues."",   ""remediation"": ""Investigate and rebalance data across nodes to prevent overload and ensure proper replication."" }",4.841,1371,84,0.0
llama3.1:70b-instruct-q4_K_M,ollama,hdfs,rag,223,True,Anomaly,False,low,none,"{   ""is_anomaly"": false,   ""severity"": ""low"",   ""root_cause"": ""none"",   ""remediation"": ""none"" }",2.969,1213,36,0.0
llama3.1:70b-instruct-q4_K_M,ollama,hdfs,rag,224,False,NORMAL,True,medium,Multiple blocks are being deleted simultaneously from different subdirectories.,"{   ""is_anomaly"": true,   ""severity"": ""medium"",   ""root_cause"": ""Multiple blocks are being deleted simultaneously from different subdirectories."",   ""remediation"": ""Investigate and verify the legitimacy of the block deletions to prevent potential data loss."" }",3.752,1206,60,0.0
llama3.1:70b-instruct-q4_K_M,ollama,hdfs,rag,225,False,NORMAL,False,low,none,"{   ""is_anomaly"": false,   ""severity"": ""low"",   ""root_cause"": ""none"",   ""remediation"": ""none"" }",2.657,1044,36,0.0
llama3.1:70b-instruct-q4_K_M,ollama,hdfs,rag,226,True,Anomaly,False,low,none,"{   ""is_anomaly"": false,   ""severity"": ""low"",   ""root_cause"": ""none"",   ""remediation"": ""none"" }",2.837,1202,36,0.0
llama3.1:70b-instruct-q4_K_M,ollama,hdfs,rag,227,True,Anomaly,False,low,none,"{   ""is_anomaly"": false,   ""severity"": ""low"",   ""root_cause"": ""none"",   ""remediation"": ""none"" }",3.106,1408,36,0.0
llama3.1:70b-instruct-q4_K_M,ollama,hdfs,rag,228,True,Anomaly,False,low,none,"{   ""is_anomaly"": false,   ""severity"": ""low"",   ""root_cause"": ""none"",   ""remediation"": ""none"" }",2.849,1299,36,0.0
llama3.1:70b-instruct-q4_K_M,ollama,hdfs,rag,229,False,NORMAL,True,low,Multiple blocks are being added to the same blockMap with different sizes.,"{   ""is_anomaly"": true,   ""severity"": ""low"",   ""root_cause"": ""Multiple blocks are being added to the same blockMap with different sizes."",   ""remediation"": ""Investigate and resolve the inconsistency in block sizes for blk_-164996204804539068."" }",4.115,1364,65,0.0
llama3.1:70b-instruct-q4_K_M,ollama,hdfs,rag,230,False,NORMAL,False,low,none,"{   ""is_anomaly"": false,   ""severity"": ""low"",   ""root_cause"": ""none"",   ""remediation"": ""none"" }",2.986,1230,36,0.0
llama3.1:70b-instruct-q4_K_M,ollama,hdfs,rag,231,False,NORMAL,False,low,none,"{   ""is_anomaly"": false,   ""severity"": ""low"",   ""root_cause"": ""none"",   ""remediation"": ""none"" }",2.686,1092,36,0.0
llama3.1:70b-instruct-q4_K_M,ollama,hdfs,rag,232,True,Anomaly,True,low,"Multiple blocks are being deleted simultaneously, which may indicate a data loss issue.","{   ""is_anomaly"": true,   ""severity"": ""low"",   ""root_cause"": ""Multiple blocks are being deleted simultaneously, which may indicate a data loss issue."",   ""remediation"": ""Verify that the block deletion is intentional and investigate any potential data inconsistencies."" }",3.767,1206,61,0.0
llama3.1:70b-instruct-q4_K_M,ollama,hdfs,rag,233,False,NORMAL,True,medium,"Multiple blocks are being received and terminated simultaneously, indicating a potential issue with data replication or node communication.","{   ""is_anomaly"": true,   ""severity"": ""medium"",   ""root_cause"": ""Multiple blocks are being received and terminated simultaneously, indicating a potential issue with data replication or node communication."",   ""remediation"": ""Investigate DataNode logs for errors and verify that all nodes are properly configured and communicating."" }",4.179,1210,70,0.0
llama3.1:70b-instruct-q4_K_M,ollama,hdfs,rag,234,False,NORMAL,True,low,"Multiple blocks were added to the invalidSet on different nodes, indicating a potential issue with data replication or corruption.","{   ""is_anomaly"": true,   ""severity"": ""low"",   ""root_cause"": ""Multiple blocks were added to the invalidSet on different nodes, indicating a potential issue with data replication or corruption."",   ""remediation"": ""Verify block integrity and re-replicate affected blocks as needed."" }",4.034,1206,67,0.0
llama3.1:70b-instruct-q4_K_M,ollama,hdfs,rag,235,True,Anomaly,True,low,Duplicate block allocation to the same node (10.251.39.64:50010) and another node (10.251.110.68:50010),"{   ""is_anomaly"": true,   ""severity"": ""low"",   ""root_cause"": ""Duplicate block allocation to the same node (10.251.39.64:50010) and another node (10.251.110.68:50010)"",   ""remediation"": ""Investigate and resolve the duplicate block allocation issue by checking the NameNode logs and rebalancing the HDFS cluster if necessary"" }",5.088,1384,92,0.0
llama3.1:70b-instruct-q4_K_M,ollama,hdfs,rag,236,True,Anomaly,False,low,none,"{   ""is_anomaly"": false,   ""severity"": ""low"",   ""root_cause"": ""none"",   ""remediation"": ""none"" }",3.102,1372,36,0.0
llama3.1:70b-instruct-q4_K_M,ollama,hdfs,rag,237,False,NORMAL,False,low,none,"{   ""is_anomaly"": false,   ""severity"": ""low"",   ""root_cause"": ""none"",   ""remediation"": ""none"" }",2.802,1088,36,0.0
llama3.1:70b-instruct-q4_K_M,ollama,hdfs,rag,238,True,Anomaly,True,low,"Multiple blocks were added to the block map with identical sizes, indicating a potential data duplication issue.","{   ""is_anomaly"": true,   ""severity"": ""low"",   ""root_cause"": ""Multiple blocks were added to the block map with identical sizes, indicating a potential data duplication issue."",   ""remediation"": ""Investigate and verify the integrity of the data stored in the affected blocks."" }",4.123,1373,66,0.0
llama3.1:70b-instruct-q4_K_M,ollama,hdfs,rag,239,True,Anomaly,True,medium,"Multiple blocks with negative IDs are being deleted, indicating a potential data corruption issue.","{   ""is_anomaly"": true,   ""severity"": ""medium"",   ""root_cause"": ""Multiple blocks with negative IDs are being deleted, indicating a potential data corruption issue."",   ""remediation"": ""Investigate and correct the source of the invalid block IDs to prevent further data loss."" }",3.995,1203,65,0.0
llama3.1:70b-instruct-q4_K_M,ollama,hdfs,rag,240,False,NORMAL,False,low,none,"{   ""is_anomaly"": false,   ""severity"": ""low"",   ""root_cause"": ""none"",   ""remediation"": ""none"" }",3.086,1376,36,0.0
llama3.1:70b-instruct-q4_K_M,ollama,hdfs,rag,241,True,Anomaly,False,low,none,"{   ""is_anomaly"": false,   ""severity"": ""low"",   ""root_cause"": ""none"",   ""remediation"": ""none"" }",3.081,1345,36,0.0
llama3.1:70b-instruct-q4_K_M,ollama,hdfs,rag,242,True,Anomaly,True,medium,"Multiple blocks are being added to the invalidSet across different nodes, indicating a potential issue with data replication or corruption.","{   ""is_anomaly"": true,   ""severity"": ""medium"",   ""root_cause"": ""Multiple blocks are being added to the invalidSet across different nodes, indicating a potential issue with data replication or corruption."",   ""remediation"": ""Investigate and verify the integrity of the affected blocks and nodes, and consider running a data consistency check."" }",4.226,1205,76,0.0
llama3.1:70b-instruct-q4_K_M,ollama,hdfs,rag,243,False,NORMAL,True,medium,"Multiple blocks are being received by the DataNode with different source and destination IP addresses, indicating a potential issue with data replication or node communication.","{   ""is_anomaly"": true,   ""severity"": ""medium"",   ""root_cause"": ""Multiple blocks are being received by the DataNode with different source and destination IP addresses, indicating a potential issue with data replication or node communication."",   ""remediation"": ""Investigate and verify the configuration of the HDFS cluster to ensure proper data replication and node communication."" }",4.609,1247,80,0.0
llama3.1:70b-instruct-q4_K_M,ollama,hdfs,rag,244,True,Anomaly,False,low,none,"{   ""is_anomaly"": false,   ""severity"": ""low"",   ""root_cause"": ""none"",   ""remediation"": ""none"" }",2.743,995,36,0.0
llama3.1:70b-instruct-q4_K_M,ollama,hdfs,rag,245,True,Anomaly,False,low,none,"{   ""is_anomaly"": false,   ""severity"": ""low"",   ""root_cause"": ""none"",   ""remediation"": ""none"" }",2.928,1245,36,0.0
llama3.1:70b-instruct-q4_K_M,ollama,hdfs,rag,246,False,NORMAL,False,low,none,"{   ""is_anomaly"": false,   ""severity"": ""low"",   ""root_cause"": ""none"",   ""remediation"": ""none"" }",2.777,1090,36,0.0
llama3.1:70b-instruct-q4_K_M,ollama,hdfs,rag,247,False,NORMAL,True,low,Received block size is significantly smaller than usual (3535552 bytes instead of typical 67108864 bytes),"{   ""is_anomaly"": true,   ""severity"": ""low"",   ""root_cause"": ""Received block size is significantly smaller than usual (3535552 bytes instead of typical 67108864 bytes)"",   ""remediation"": ""Verify data integrity and re-transfer the block if necessary"" }",3.905,1135,65,0.0
llama3.1:70b-instruct-q4_K_M,ollama,hdfs,rag,248,True,Anomaly,False,low,none,"{   ""is_anomaly"": false,   ""severity"": ""low"",   ""root_cause"": ""none"",   ""remediation"": ""none"" }",2.912,1208,36,0.0
llama3.1:70b-instruct-q4_K_M,ollama,hdfs,rag,249,False,NORMAL,True,low,"Multiple PacketResponder terminations occurred in a short time frame, indicating potential issues with data block transfers.","{   ""is_anomaly"": true,   ""severity"": ""low"",   ""root_cause"": ""Multiple PacketResponder terminations occurred in a short time frame, indicating potential issues with data block transfers."",   ""remediation"": ""Investigate and verify the integrity of the transferred blocks to ensure data consistency."" }",3.887,1030,67,0.0
llama3.1:70b-instruct-q4_K_M,ollama,hdfs,rag,250,True,Anomaly,False,low,none,"{   ""is_anomaly"": false,   ""severity"": ""low"",   ""root_cause"": ""none"",   ""remediation"": ""none"" }",3.046,1403,36,0.0
llama3.1:70b-instruct-q4_K_M,ollama,hdfs,rag,251,False,NORMAL,True,low,Multiple PacketResponders terminating simultaneously with received blocks of identical size.,"{   ""is_anomaly"": true,   ""severity"": ""low"",   ""root_cause"": ""Multiple PacketResponders terminating simultaneously with received blocks of identical size."",   ""remediation"": ""Investigate DataNode configuration and block replication settings to prevent potential data inconsistencies."" }",3.751,1103,60,0.0
llama3.1:70b-instruct-q4_K_M,ollama,hdfs,rag,252,False,NORMAL,True,low,"Multiple blocks were allocated and added to the block map in a short time frame, indicating potential data skewness or uneven load distribution.","{   ""is_anomaly"": true,   ""severity"": ""low"",   ""root_cause"": ""Multiple blocks were allocated and added to the block map in a short time frame, indicating potential data skewness or uneven load distribution."",   ""remediation"": ""none"" }",3.928,1408,60,0.0
llama3.1:70b-instruct-q4_K_M,ollama,hdfs,rag,253,True,Anomaly,False,low,none,"{   ""is_anomaly"": false,   ""severity"": ""low"",   ""root_cause"": ""none"",   ""remediation"": ""none"" }",2.988,1215,36,0.0
llama3.1:70b-instruct-q4_K_M,ollama,hdfs,rag,254,True,Anomaly,True,medium,Multiple blocks are being deleted simultaneously from different subdirectories in the HDFS dataset.,"{   ""is_anomaly"": true,   ""severity"": ""medium"",   ""root_cause"": ""Multiple blocks are being deleted simultaneously from different subdirectories in the HDFS dataset."",   ""remediation"": ""Investigate and verify the legitimacy of these deletions, as they may indicate data loss or corruption."" }",4.101,1212,68,0.0
llama3.1:70b-instruct-q4_K_M,ollama,hdfs,rag,255,True,Anomaly,True,medium,"Multiple blocks are being deleted simultaneously from different subdirectories, indicating a potential issue with data consistency or corruption.","{   ""is_anomaly"": true,   ""severity"": ""medium"",   ""root_cause"": ""Multiple blocks are being deleted simultaneously from different subdirectories, indicating a potential issue with data consistency or corruption."",   ""remediation"": ""Investigate and verify the integrity of the affected data blocks and consider running a data validation check to ensure data consistency."" }",4.386,1206,76,0.0
llama3.1:70b-instruct-q4_K_M,ollama,hdfs,rag,256,False,NORMAL,True,medium,Duplicate block reception from the same source IP address (/10.251.126.227) with different ports (53408 and 35721).,"{   ""is_anomaly"": true,   ""severity"": ""medium"",   ""root_cause"": ""Duplicate block reception from the same source IP address (/10.251.126.227) with different ports (53408 and 35721)."",   ""remediation"": ""Investigate and resolve potential network or DataNode configuration issues causing duplicate block receptions."" }",4.422,1349,78,0.0
llama3.1:70b-instruct-q4_K_M,ollama,hdfs,rag,257,False,NORMAL,True,medium,"Multiple PacketResponder terminations occurred in a short time frame, indicating potential issues with data block reception.","{   ""is_anomaly"": true,   ""severity"": ""medium"",   ""root_cause"": ""Multiple PacketResponder terminations occurred in a short time frame, indicating potential issues with data block reception."",   ""remediation"": ""Investigate and restart the affected DataNode to resolve any underlying connectivity or configuration problems."" }",4.085,1127,69,0.0
llama3.1:70b-instruct-q4_K_M,ollama,hdfs,rag,258,False,NORMAL,True,medium,Multiple blocks are being deleted simultaneously from different directories.,"{   ""is_anomaly"": true,   ""severity"": ""medium"",   ""root_cause"": ""Multiple blocks are being deleted simultaneously from different directories."",   ""remediation"": ""Investigate and verify the legitimacy of the block deletions to prevent potential data loss."" }",3.738,1200,59,0.0
llama3.1:70b-instruct-q4_K_M,ollama,hdfs,rag,259,False,NORMAL,False,low,none,"{   ""is_anomaly"": false,   ""severity"": ""low"",   ""root_cause"": ""none"",   ""remediation"": ""none"" }",2.91,1202,36,0.0
llama3.1:70b-instruct-q4_K_M,ollama,hdfs,rag,260,True,Anomaly,False,low,none,"{   ""is_anomaly"": false,   ""severity"": ""low"",   ""root_cause"": ""none"",   ""remediation"": ""none"" }",2.908,1206,36,0.0
llama3.1:70b-instruct-q4_K_M,ollama,hdfs,rag,261,False,NORMAL,False,low,none,"{   ""is_anomaly"": false,   ""severity"": ""low"",   ""root_cause"": ""none"",   ""remediation"": ""none"" }",2.772,1105,36,0.0
llama3.1:70b-instruct-q4_K_M,ollama,hdfs,rag,262,False,NORMAL,False,low,none,"{   ""is_anomaly"": false,   ""severity"": ""low"",   ""root_cause"": ""none"",   ""remediation"": ""none"" }",3.1,1403,36,0.0
llama3.1:70b-instruct-q4_K_M,ollama,hdfs,rag,263,True,Anomaly,True,medium,DataNode encountered an exception while writing a block due to an inability to read from the stream.,"{   ""is_anomaly"": true,   ""severity"": ""medium"",   ""root_cause"": ""DataNode encountered an exception while writing a block due to an inability to read from the stream."",   ""remediation"": ""Check disk space and network connectivity, then restart the DataNode service if necessary."" }",4.097,1184,67,0.0
llama3.1:70b-instruct-q4_K_M,ollama,hdfs,rag,264,False,NORMAL,False,low,none,"{   ""is_anomaly"": false,   ""severity"": ""low"",   ""root_cause"": ""none"",   ""remediation"": ""none"" }",2.955,1230,36,0.0
llama3.1:70b-instruct-q4_K_M,ollama,hdfs,rag,265,True,Anomaly,False,low,none,"{   ""is_anomaly"": false,   ""severity"": ""low"",   ""root_cause"": ""none"",   ""remediation"": ""none"" }",2.797,1037,36,0.0
llama3.1:70b-instruct-q4_K_M,ollama,hdfs,rag,266,False,NORMAL,False,low,none,"{   ""is_anomaly"": false,   ""severity"": ""low"",   ""root_cause"": ""none"",   ""remediation"": ""none"" }",2.988,1341,36,0.0
llama3.1:70b-instruct-q4_K_M,ollama,hdfs,rag,267,False,NORMAL,False,low,none,"{   ""is_anomaly"": false,   ""severity"": ""low"",   ""root_cause"": ""none"",   ""remediation"": ""none"" }",2.919,1199,36,0.0
llama3.1:70b-instruct-q4_K_M,ollama,hdfs,rag,268,True,Anomaly,True,medium,"Multiple blocks are being added to the block map with varying sizes, indicating a potential issue with data replication or corruption.","{   ""is_anomaly"": true,   ""severity"": ""medium"",   ""root_cause"": ""Multiple blocks are being added to the block map with varying sizes, indicating a potential issue with data replication or corruption."",   ""remediation"": ""Investigate and verify the integrity of the blocks and their corresponding files to ensure data consistency."" }",4.38,1376,73,0.0
llama3.1:70b-instruct-q4_K_M,ollama,hdfs,rag,269,False,NORMAL,True,medium,Duplicate block reception from different sources caused packet responder termination.,"{   ""is_anomaly"": true,   ""severity"": ""medium"",   ""root_cause"": ""Duplicate block reception from different sources caused packet responder termination."",   ""remediation"": ""Investigate and resolve the issue with duplicate block transmissions."" }",3.452,1039,54,0.0
llama3.1:70b-instruct-q4_K_M,ollama,hdfs,rag,270,False,NORMAL,True,low,"Multiple blocks are being added to the block map with identical sizes, indicating a potential issue with data replication.","{   ""is_anomaly"": true,   ""severity"": ""low"",   ""root_cause"": ""Multiple blocks are being added to the block map with identical sizes, indicating a potential issue with data replication."",   ""remediation"": ""Investigate and verify the integrity of the replicated data to ensure it is correct and complete."" }",4.279,1379,71,0.0
llama3.1:70b-instruct-q4_K_M,ollama,hdfs,rag,271,False,NORMAL,False,low,none,"{   ""is_anomaly"": false,   ""severity"": ""low"",   ""root_cause"": ""none"",   ""remediation"": ""none"" }",2.817,1097,36,0.0
llama3.1:70b-instruct-q4_K_M,ollama,hdfs,rag,272,True,Anomaly,True,medium,Unexpected deletion of block blk_-7866114937060013599 while receiving and terminating other blocks.,"{   ""is_anomaly"": true,   ""severity"": ""medium"",   ""root_cause"": ""Unexpected deletion of block blk_-7866114937060013599 while receiving and terminating other blocks."",   ""remediation"": ""Investigate and verify the integrity of the deleted block and its associated data."" }",4.06,1204,67,0.0
llama3.1:70b-instruct-q4_K_M,ollama,hdfs,rag,273,True,Anomaly,False,low,none,"{   ""is_anomaly"": false,   ""severity"": ""low"",   ""root_cause"": ""none"",   ""remediation"": ""none"" }",2.671,1024,36,0.0
llama3.1:70b-instruct-q4_K_M,ollama,hdfs,rag,274,True,Anomaly,True,medium,Duplicate block reception with different sizes from different sources.,"{   ""is_anomaly"": true,   ""severity"": ""medium"",   ""root_cause"": ""Duplicate block reception with different sizes from different sources."",   ""remediation"": ""Investigate and resolve the data inconsistency by re-replicating the affected blocks."" }",3.651,1185,59,0.0
llama3.1:70b-instruct-q4_K_M,ollama,hdfs,rag,275,True,Anomaly,True,medium,"Multiple blocks are being deleted simultaneously, indicating a potential issue with data consistency or corruption.","{   ""is_anomaly"": true,   ""severity"": ""medium"",   ""root_cause"": ""Multiple blocks are being deleted simultaneously, indicating a potential issue with data consistency or corruption."",   ""remediation"": ""Investigate the cause of the simultaneous block deletions and verify data integrity to prevent potential losses."" }",4.128,1230,68,0.0
llama3.1:70b-instruct-q4_K_M,ollama,hdfs,rag,276,True,Anomaly,True,medium,Multiple DataNode exceptions occurred while serving blocks to different clients.,"{   ""is_anomaly"": true,   ""severity"": ""medium"",   ""root_cause"": ""Multiple DataNode exceptions occurred while serving blocks to different clients."",   ""remediation"": ""Investigate and restart the affected DataNodes to resolve the issue."" }",3.752,1284,57,0.0
llama3.1:70b-instruct-q4_K_M,ollama,hdfs,rag,277,False,NORMAL,True,medium,An exception occurred while serving a block to /10.251.43.210:,"{   ""is_anomaly"": true,   ""severity"": ""medium"",   ""root_cause"": ""An exception occurred while serving a block to /10.251.43.210:"",   ""remediation"": ""Investigate and resolve the issue with DataNode 10.251.110.196:50010"" }",4.274,1285,70,0.0
llama3.1:70b-instruct-q4_K_M,ollama,hdfs,rag,278,False,NORMAL,True,medium,Multiple DataNodes encountered exceptions while serving blocks to clients.,"{   ""is_anomaly"": true,   ""severity"": ""medium"",   ""root_cause"": ""Multiple DataNodes encountered exceptions while serving blocks to clients."",   ""remediation"": ""Investigate and restart the affected DataNodes to resolve the issue."" }",3.754,1288,56,0.0
llama3.1:70b-instruct-q4_K_M,ollama,hdfs,rag,279,True,Anomaly,True,low,"Multiple blocks were received and deleted in a short time frame, indicating potential data inconsistency.","{   ""is_anomaly"": true,   ""severity"": ""low"",   ""root_cause"": ""Multiple blocks were received and deleted in a short time frame, indicating potential data inconsistency."",   ""remediation"": ""Verify block integrity and consider re-replicating affected blocks to ensure data consistency."" }",3.928,1090,66,0.0
llama3.1:70b-instruct-q4_K_M,ollama,hdfs,rag,280,True,Anomaly,False,low,none,"{   ""is_anomaly"": false,   ""severity"": ""low"",   ""root_cause"": ""none"",   ""remediation"": ""none"" }",2.952,1239,36,0.0
llama3.1:70b-instruct-q4_K_M,ollama,hdfs,rag,281,True,Anomaly,True,low,One block (blk_-7276034407817287253) has a significantly smaller size (3548024) compared to the standard size (67108864).,"{   ""is_anomaly"": true,   ""severity"": ""low"",   ""root_cause"": ""One block (blk_-7276034407817287253) has a significantly smaller size (3548024) compared to the standard size (67108864)."",   ""remediation"": ""Investigate and potentially re-replicate the under-sized block to ensure data integrity."" }",4.852,1372,83,0.0
llama3.1:70b-instruct-q4_K_M,ollama,hdfs,rag,282,True,Anomaly,True,medium,Duplicate block ID blk_6940050406982345535 is assigned to different nodes 10.251.74.79:50010 and 10.250.13.188:50010.,"{   ""is_anomaly"": true,   ""severity"": ""medium"",   ""root_cause"": ""Duplicate block ID blk_6940050406982345535 is assigned to different nodes 10.251.74.79:50010 and 10.250.13.188:50010."",   ""remediation"": ""Investigate and resolve the conflict by reassigning the duplicate block ID or removing the duplicate entry."" }",5.194,1372,93,0.0
llama3.1:70b-instruct-q4_K_M,ollama,hdfs,rag,283,False,NORMAL,False,low,none,"{   ""is_anomaly"": false,   ""severity"": ""low"",   ""root_cause"": ""none"",   ""remediation"": ""none"" }",2.887,1093,36,0.0
llama3.1:70b-instruct-q4_K_M,ollama,hdfs,rag,284,False,NORMAL,True,medium,Multiple blocks are being deleted simultaneously from different subdirectories.,"{   ""is_anomaly"": true,   ""severity"": ""medium"",   ""root_cause"": ""Multiple blocks are being deleted simultaneously from different subdirectories."",   ""remediation"": ""Investigate and verify the legitimacy of these deletions to prevent potential data loss."" }",3.727,1196,59,0.0
llama3.1:70b-instruct-q4_K_M,ollama,hdfs,rag,285,False,NORMAL,False,low,none,"{   ""is_anomaly"": false,   ""severity"": ""low"",   ""root_cause"": ""none"",   ""remediation"": ""none"" }",2.915,1201,36,0.0
llama3.1:70b-instruct-q4_K_M,ollama,hdfs,rag,286,True,Anomaly,True,low,"Multiple blocks are being received by the DataNode with different source and destination IP addresses, indicating a potential issue with data replication.","{   ""is_anomaly"": true,   ""severity"": ""low"",   ""root_cause"": ""Multiple blocks are being received by the DataNode with different source and destination IP addresses, indicating a potential issue with data replication."",   ""remediation"": ""Verify the HDFS configuration and check for any issues with the network connectivity between the nodes."" }",4.459,1345,75,0.0
llama3.1:70b-instruct-q4_K_M,ollama,hdfs,rag,287,False,NORMAL,False,low,none,"{   ""is_anomaly"": false,   ""severity"": ""low"",   ""root_cause"": ""none"",   ""remediation"": ""none"" }",3.127,1364,36,0.0
llama3.1:70b-instruct-q4_K_M,ollama,hdfs,rag,288,True,Anomaly,True,medium,Multiple exceptions occurred while serving blocks to different nodes.,"{   ""is_anomaly"": true,   ""severity"": ""medium"",   ""root_cause"": ""Multiple exceptions occurred while serving blocks to different nodes."",   ""remediation"": ""Investigate and resolve the issues with DataNode$DataXceiver on nodes 10.251.199.225 and 10.251.71.16."" }",4.482,1284,75,0.0
llama3.1:70b-instruct-q4_K_M,ollama,hdfs,rag,289,True,Anomaly,False,low,none,"{   ""is_anomaly"": false,   ""severity"": ""low"",   ""root_cause"": ""none"",   ""remediation"": ""none"" }",2.9,1202,36,0.0
llama3.1:70b-instruct-q4_K_M,ollama,hdfs,rag,290,True,Anomaly,False,low,none,"{   ""is_anomaly"": false,   ""severity"": ""low"",   ""root_cause"": ""none"",   ""remediation"": ""none"" }",2.93,1199,36,0.0
llama3.1:70b-instruct-q4_K_M,ollama,hdfs,rag,291,True,Anomaly,False,low,none,"{   ""is_anomaly"": false,   ""severity"": ""low"",   ""root_cause"": ""none"",   ""remediation"": ""none"" }",2.8,1105,36,0.0
llama3.1:70b-instruct-q4_K_M,ollama,hdfs,rag,292,True,Anomaly,True,low,Block size mismatch between allocated and stored blocks.,"{   ""is_anomaly"": true,   ""severity"": ""low"",   ""root_cause"": ""Block size mismatch between allocated and stored blocks."",   ""remediation"": ""Verify block sizes for consistency across nodes."" }",3.501,1384,49,0.0
llama3.1:70b-instruct-q4_K_M,ollama,hdfs,rag,293,False,NORMAL,True,low,"Multiple blocks are being received by the DataNode with different source and destination IP addresses, indicating a potential issue with data replication.","{   ""is_anomaly"": true,   ""severity"": ""low"",   ""root_cause"": ""Multiple blocks are being received by the DataNode with different source and destination IP addresses, indicating a potential issue with data replication."",   ""remediation"": ""Verify the HDFS configuration and check for any issues with the network connectivity between the nodes."" }",4.415,1251,75,0.0
llama3.1:70b-instruct-q4_K_M,ollama,hdfs,rag,294,False,NORMAL,False,low,none,"{   ""is_anomaly"": false,   ""severity"": ""low"",   ""root_cause"": ""none"",   ""remediation"": ""none"" }",2.775,999,36,0.0
llama3.1:70b-instruct-q4_K_M,ollama,hdfs,rag,295,True,Anomaly,True,medium,DataXceiver encountered an exception while writing a block due to inability to read from the stream.,"{   ""is_anomaly"": true,   ""severity"": ""medium"",   ""root_cause"": ""DataXceiver encountered an exception while writing a block due to inability to read from the stream."",   ""remediation"": ""Check disk space and network connectivity, and restart the DataNode if necessary."" }",3.94,1184,66,0.0
llama3.1:70b-instruct-q4_K_M,ollama,hdfs,rag,296,True,Anomaly,True,medium,Multiple DataNode exceptions occurred while serving blocks to different clients.,"{   ""is_anomaly"": true,   ""severity"": ""medium"",   ""root_cause"": ""Multiple DataNode exceptions occurred while serving blocks to different clients."",   ""remediation"": ""Investigate and restart the affected DataNodes to resolve the issue."" }",3.772,1284,57,0.0
llama3.1:70b-instruct-q4_K_M,ollama,hdfs,rag,297,False,NORMAL,False,low,none,"{   ""is_anomaly"": false,   ""severity"": ""low"",   ""root_cause"": ""none"",   ""remediation"": ""none"" }",2.82,1044,36,0.0
llama3.1:70b-instruct-q4_K_M,ollama,hdfs,rag,298,False,NORMAL,False,low,none,"{   ""is_anomaly"": false,   ""severity"": ""low"",   ""root_cause"": ""none"",   ""remediation"": ""none"" }",2.747,1202,36,0.0
llama3.1:70b-instruct-q4_K_M,ollama,hdfs,rag,299,False,NORMAL,True,medium,"PacketResponder received a block of unusual size (3548208) from /10.251.203.179, deviating from the typical block size of 67108864.","{   ""is_anomaly"": true,   ""severity"": ""medium"",   ""root_cause"": ""PacketResponder received a block of unusual size (3548208) from /10.251.203.179, deviating from the typical block size of 67108864."",   ""remediation"": ""Investigate and verify the integrity of the data block blk_-8729887100490914972 to ensure it was not corrupted during transmission."" }",4.948,1093,96,0.0
llama3.1:70b-instruct-q4_K_M,ollama,thunderbird,rag,300,True,VAPI,True,high,The InfiniHost0 device is in a FATAL state and EVAPI_process_local_mad failed with a Local Catastrophic Error.,"{   ""is_anomaly"": true,   ""severity"": ""high"",   ""root_cause"": ""The InfiniHost0 device is in a FATAL state and EVAPI_process_local_mad failed with a Local Catastrophic Error."",   ""remediation"": ""Restart the InfiniHost0 device or investigate the underlying cause of the fatal error."" }",5.241,2030,79,0.0
llama3.1:70b-instruct-q4_K_M,ollama,thunderbird,rag,301,True,VAPI,True,high,The InfiniHost0 device is in a FATAL state and EVAPI_process_local_mad failed with a Local Catastrophic Error.,"{   ""is_anomaly"": true,   ""severity"": ""high"",   ""root_cause"": ""The InfiniHost0 device is in a FATAL state and EVAPI_process_local_mad failed with a Local Catastrophic Error."",   ""remediation"": ""Restart the InfiniHost0 device or investigate the cause of the fatal error."" }",5.096,1749,78,0.0
llama3.1:70b-instruct-q4_K_M,ollama,thunderbird,rag,302,True,VAPI,True,high,The InfiniHost0 device is in a FATAL state due to a local catastrophic error.,"{   ""is_anomaly"": true,   ""severity"": ""high"",   ""root_cause"": ""The InfiniHost0 device is in a FATAL state due to a local catastrophic error."",   ""remediation"": ""Restart the InfiniHost0 device and check for any hardware issues."" }",3.457,1749,67,0.0
llama3.1:70b-instruct-q4_K_M,ollama,thunderbird,rag,303,False,NORMAL,True,medium,Multiple unknown lease requests were received from different devices on the same subnet.,"{   ""is_anomaly"": true,   ""severity"": ""medium"",   ""root_cause"": ""Multiple unknown lease requests were received from different devices on the same subnet."",   ""remediation"": ""Investigate and resolve the IP address conflict by reconfiguring the DHCP server or removing duplicate leases."" }",4.134,1183,66,0.0
llama3.1:70b-instruct-q4_K_M,ollama,thunderbird,rag,304,True,VAPI,True,high,InfiniHost0 experienced a fatal error due to repeated failures in EVAPI_process_local_mad.,"{   ""is_anomaly"": true,   ""severity"": ""high"",   ""root_cause"": ""InfiniHost0 experienced a fatal error due to repeated failures in EVAPI_process_local_mad."",   ""remediation"": ""Restart the InfiniHost0 device and investigate potential issues with the VAPI configuration."" }",4.444,1439,71,0.0
llama3.1:70b-instruct-q4_K_M,ollama,thunderbird,rag,305,True,VAPI,True,high,The InfiniHost0 device is in a fatal state and failed to process local MAD requests due to a catastrophic error.,"{   ""is_anomaly"": true,   ""severity"": ""high"",   ""root_cause"": ""The InfiniHost0 device is in a fatal state and failed to process local MAD requests due to a catastrophic error."",   ""remediation"": ""Restart the InfiniHost0 device or replace it if necessary, and verify that all datasources are responding correctly."" }",4.589,1142,81,0.0
llama3.1:70b-instruct-q4_K_M,ollama,thunderbird,rag,306,False,NORMAL,False,low,none,"{   ""is_anomaly"": false,   ""severity"": ""low"",   ""root_cause"": ""none"",   ""remediation"": ""none"" }",2.292,438,36,0.0
llama3.1:70b-instruct-q4_K_M,ollama,thunderbird,rag,307,True,VAPI,True,high,The InfiniHost0 device is in a FATAL state due to a local catastrophic error.,"{   ""is_anomaly"": true,   ""severity"": ""high"",   ""root_cause"": ""The InfiniHost0 device is in a FATAL state due to a local catastrophic error."",   ""remediation"": ""Restart the InfiniHost0 device and check for any hardware issues."" }",3.79,1749,67,0.0
llama3.1:70b-instruct-q4_K_M,ollama,thunderbird,rag,308,True,VAPI,True,high,InfiniHost0 experienced a Local Catastrophic Error due to repeated failures in mad_process and EVAPI_process_local_mad.,"{   ""is_anomaly"": true,   ""severity"": ""high"",   ""root_cause"": ""InfiniHost0 experienced a Local Catastrophic Error due to repeated failures in mad_process and EVAPI_process_local_mad."",   ""remediation"": ""Restart the InfiniHost0 service or investigate hardware issues with the InfiniHost0 port."" }",5.196,1862,80,0.0
llama3.1:70b-instruct-q4_K_M,ollama,thunderbird,rag,309,True,VAPI,True,high,Multiple EVAPI_process_local_mad failures and unresponsive datasources indicate a catastrophic error in the InfiniHost0 device.,"{   ""is_anomaly"": true,   ""severity"": ""high"",   ""root_cause"": ""Multiple EVAPI_process_local_mad failures and unresponsive datasources indicate a catastrophic error in the InfiniHost0 device."",   ""remediation"": ""Restart the InfiniHost0 device and verify that all datasources are responding correctly."" }",4.601,1239,76,0.0
llama3.1:70b-instruct-q4_K_M,ollama,thunderbird,rag,310,False,NORMAL,True,low,Duplicate startup message for dcevt32d service.,"{   ""is_anomaly"": true,   ""severity"": ""low"",   ""root_cause"": ""Duplicate startup message for dcevt32d service."",   ""remediation"": ""Investigate and resolve potential configuration issue causing duplicate startup messages."" }",3.174,628,55,0.0
llama3.1:70b-instruct-q4_K_M,ollama,thunderbird,rag,311,False,NORMAL,False,low,none,"{   ""is_anomaly"": false,   ""severity"": ""low"",   ""root_cause"": ""none"",   ""remediation"": ""none"" }",2.196,600,36,0.0
llama3.1:70b-instruct-q4_K_M,ollama,thunderbird,rag,312,True,VAPI,True,high,"InfiniHost0 device is in a FATAL state, causing mad_process failures and EVAPI_process_local_mad errors.","{   ""is_anomaly"": true,   ""severity"": ""high"",   ""root_cause"": ""InfiniHost0 device is in a FATAL state, causing mad_process failures and EVAPI_process_local_mad errors."",   ""remediation"": ""Restart the InfiniHost0 device or investigate and resolve the underlying issue causing the fatal error."" }",4.797,1737,78,0.0
llama3.1:70b-instruct-q4_K_M,ollama,thunderbird,rag,313,False,NORMAL,True,high,Device in FATAL state due to local catastrophic error,"{   ""is_anomaly"": true,   ""severity"": ""high"",   ""root_cause"": ""Device in FATAL state due to local catastrophic error"",   ""remediation"": ""Restart the InfiniHost0 device and check for firmware updates"" }",4.216,1687,57,0.0
llama3.1:70b-instruct-q4_K_M,ollama,thunderbird,rag,314,True,VAPI,True,high,Multiple failures in mad_process and EVAPI_process_local_mad indicate a Local Catastrophic Error on InfiniHost0 port 1 QPN 0.,"{   ""is_anomaly"": true,   ""severity"": ""high"",   ""root_cause"": ""Multiple failures in mad_process and EVAPI_process_local_mad indicate a Local Catastrophic Error on InfiniHost0 port 1 QPN 0."",   ""remediation"": ""Restart the InfiniHost0 device or reinitialize the IB fabric to recover from the error."" }",4.544,1862,85,0.0
llama3.1:70b-instruct-q4_K_M,ollama,thunderbird,rag,315,False,NORMAL,False,low,none,"{   ""is_anomaly"": false,   ""severity"": ""low"",   ""root_cause"": ""none"",   ""remediation"": ""none"" }",2.537,603,36,0.0
llama3.1:70b-instruct-q4_K_M,ollama,thunderbird,rag,316,False,NORMAL,False,low,none,"{   ""is_anomaly"": false,   ""severity"": ""low"",   ""root_cause"": ""none"",   ""remediation"": ""none"" }",2.257,586,36,0.0
llama3.1:70b-instruct-q4_K_M,ollama,thunderbird,rag,317,False,NORMAL,False,low,none,"{   ""is_anomaly"": false,   ""severity"": ""low"",   ""root_cause"": ""none"",   ""remediation"": ""none"" }",2.211,493,36,0.0
llama3.1:70b-instruct-q4_K_M,ollama,thunderbird,rag,318,False,NORMAL,True,high,The system ran out of memory while initializing the IPS bindcache and pan_ips modules.,"{   ""is_anomaly"": true,   ""severity"": ""high"",   ""root_cause"": ""The system ran out of memory while initializing the IPS bindcache and pan_ips modules."",   ""remediation"": ""Increase available memory or reduce memory usage to prevent out-of-memory errors."" }",3.239,626,63,0.0
llama3.1:70b-instruct-q4_K_M,ollama,thunderbird,rag,319,False,NORMAL,True,medium,Multiple service shutdown failures occurred during system startup.,"{   ""is_anomaly"": true,   ""severity"": ""medium"",   ""root_cause"": ""Multiple service shutdown failures occurred during system startup."",   ""remediation"": ""Investigate and resolve issues with gmond and haldaemon services to prevent future shutdown failures."" }",3.039,499,59,0.0
llama3.1:70b-instruct-q4_K_M,ollama,thunderbird,rag,320,False,NORMAL,False,low,none,"{   ""is_anomaly"": false,   ""severity"": ""low"",   ""root_cause"": ""none"",   ""remediation"": ""none"" }",2.268,621,36,0.0
llama3.1:70b-instruct-q4_K_M,ollama,thunderbird,rag,321,True,VAPI,True,high,The InfiniHost0 device is in a FATAL state and EVAPI_process_local_mad failed with a Local Catastrophic Error.,"{   ""is_anomaly"": true,   ""severity"": ""high"",   ""root_cause"": ""The InfiniHost0 device is in a FATAL state and EVAPI_process_local_mad failed with a Local Catastrophic Error."",   ""remediation"": ""Restart the InfiniHost0 device or investigate the underlying cause of the fatal error."" }",4.216,2030,79,0.0
llama3.1:70b-instruct-q4_K_M,ollama,thunderbird,rag,322,False,NORMAL,False,low,none,"{   ""is_anomaly"": false,   ""severity"": ""low"",   ""root_cause"": ""none"",   ""remediation"": ""none"" }",2.557,586,36,0.0
llama3.1:70b-instruct-q4_K_M,ollama,thunderbird,rag,323,True,VAPI,True,high,InfiniHost0 experienced a fatal error (Local Catastrophic Error) due to repeated failures in EVAPI_process_local_mad and mad_process.,"{   ""is_anomaly"": true,   ""severity"": ""high"",   ""root_cause"": ""InfiniHost0 experienced a fatal error (Local Catastrophic Error) due to repeated failures in EVAPI_process_local_mad and mad_process."",   ""remediation"": ""Restart the InfiniHost0 device or investigate the cause of the Local Catastrophic Error."" }",4.861,1620,83,0.0
llama3.1:70b-instruct-q4_K_M,ollama,thunderbird,rag,324,False,NORMAL,False,low,none,"{   ""is_anomaly"": false,   ""severity"": ""low"",   ""root_cause"": ""none"",   ""remediation"": ""none"" }",2.764,946,36,0.0
llama3.1:70b-instruct-q4_K_M,ollama,thunderbird,rag,325,True,VAPI,True,high,Multiple failures in mad_process and EVAPI_process_local_mad indicate a catastrophic error in the InfiniHost0 port.,"{   ""is_anomaly"": true,   ""severity"": ""high"",   ""root_cause"": ""Multiple failures in mad_process and EVAPI_process_local_mad indicate a catastrophic error in the InfiniHost0 port."",   ""remediation"": ""Restart the InfiniHost0 port or investigate hardware issues to resolve the Local Catastrophic Error."" }",5.108,2012,78,0.0
llama3.1:70b-instruct-q4_K_M,ollama,thunderbird,rag,326,True,VAPI,True,high,The InfiniHost0 device is in a FATAL state due to repeated EVAPI_process_local_mad failures with return code -254.,"{   ""is_anomaly"": true,   ""severity"": ""high"",   ""root_cause"": ""The InfiniHost0 device is in a FATAL state due to repeated EVAPI_process_local_mad failures with return code -254."",   ""remediation"": ""Restart the InfiniHost0 device and verify its configuration to resolve the Local Catastrophic Error."" }",5.147,1562,82,0.0
llama3.1:70b-instruct-q4_K_M,ollama,thunderbird,rag,327,False,NORMAL,False,low,none,"{   ""is_anomaly"": false,   ""severity"": ""low"",   ""root_cause"": ""none"",   ""remediation"": ""none"" }",2.495,595,36,0.0
llama3.1:70b-instruct-q4_K_M,ollama,thunderbird,rag,328,False,NORMAL,True,medium,"The system has exceeded its maximum open file limit, preventing RRD updates from completing.","{   ""is_anomaly"": true,   ""severity"": ""medium"",   ""root_cause"": ""The system has exceeded its maximum open file limit, preventing RRD updates from completing."",   ""remediation"": ""Increase the system's open file limit or close unnecessary files to resolve the issue."" }",3.632,908,65,0.0
llama3.1:70b-instruct-q4_K_M,ollama,thunderbird,rag,329,False,NORMAL,False,low,none,"{   ""is_anomaly"": false,   ""severity"": ""low"",   ""root_cause"": ""none"",   ""remediation"": ""none"" }",2.189,496,36,0.0
llama3.1:70b-instruct-q4_K_M,ollama,thunderbird,rag,330,True,VAPI,True,high,The InfiniHost0 device is in a FATAL state due to a local catastrophic error.,"{   ""is_anomaly"": true,   ""severity"": ""high"",   ""root_cause"": ""The InfiniHost0 device is in a FATAL state due to a local catastrophic error."",   ""remediation"": ""Restart the InfiniHost0 device and check for any hardware or software issues."" }",4.444,1749,69,0.0
llama3.1:70b-instruct-q4_K_M,ollama,thunderbird,rag,331,False,NORMAL,False,low,none,"{   ""is_anomaly"": false,   ""severity"": ""low"",   ""root_cause"": ""none"",   ""remediation"": ""none"" }",2.425,438,36,0.0
llama3.1:70b-instruct-q4_K_M,ollama,thunderbird,rag,332,True,VAPI,True,high,The InfiniHost0 device is in a fatal state due to repeated failures of EVAPI_process_local_mad and mad_process.,"{   ""is_anomaly"": true,   ""severity"": ""high"",   ""root_cause"": ""The InfiniHost0 device is in a fatal state due to repeated failures of EVAPI_process_local_mad and mad_process."",   ""remediation"": ""Restart the InfiniHost0 device or investigate the cause of the local catastrophic error."" }",3.862,1620,77,0.0
llama3.1:70b-instruct-q4_K_M,ollama,thunderbird,rag,333,False,NORMAL,False,low,none,"{   ""is_anomaly"": false,   ""severity"": ""low"",   ""root_cause"": ""none"",   ""remediation"": ""none"" }",2.378,496,36,0.0
llama3.1:70b-instruct-q4_K_M,ollama,thunderbird,rag,334,True,VAPI,True,high,Multiple EVAPI_process_local_mad failures and unresponsive datasources indicate a catastrophic error in the InfiniHost0 system.,"{   ""is_anomaly"": true,   ""severity"": ""high"",   ""root_cause"": ""Multiple EVAPI_process_local_mad failures and unresponsive datasources indicate a catastrophic error in the InfiniHost0 system."",   ""remediation"": ""Restart the InfiniHost0 system and verify that all datasources are properly configured and responding."" }",3.978,1194,78,0.0
llama3.1:70b-instruct-q4_K_M,ollama,thunderbird,rag,335,False,NORMAL,False,low,none,"{   ""is_anomaly"": false,   ""severity"": ""low"",   ""root_cause"": ""none"",   ""remediation"": ""none"" }",2.365,556,36,0.0
llama3.1:70b-instruct-q4_K_M,ollama,thunderbird,rag,336,False,NORMAL,False,low,none,"{   ""is_anomaly"": false,   ""severity"": ""low"",   ""root_cause"": ""none"",   ""remediation"": ""none"" }",2.207,540,36,0.0
llama3.1:70b-instruct-q4_K_M,ollama,thunderbird,rag,337,True,VAPI,True,high,"EVAPI_process_local_mad failed with a fatal error, causing configuration issues and discovery node test failures.","{   ""is_anomaly"": true,   ""severity"": ""high"",   ""root_cause"": ""EVAPI_process_local_mad failed with a fatal error, causing configuration issues and discovery node test failures."",   ""remediation"": ""Restart the InfiniHost service or investigate the cause of the local catastrophic error."" }",3.918,1086,70,0.0
llama3.1:70b-instruct-q4_K_M,ollama,thunderbird,rag,338,False,NORMAL,False,low,none,"{   ""is_anomaly"": false,   ""severity"": ""low"",   ""root_cause"": ""none"",   ""remediation"": ""none"" }",2.418,601,36,0.0
llama3.1:70b-instruct-q4_K_M,ollama,thunderbird,rag,339,True,VAPI,True,high,"InfiniHost0 device is in a FATAL state, causing EVAPI_process_local_mad to fail with a Local Catastrophic Error.","{   ""is_anomaly"": true,   ""severity"": ""high"",   ""root_cause"": ""InfiniHost0 device is in a FATAL state, causing EVAPI_process_local_mad to fail with a Local Catastrophic Error."",   ""remediation"": ""Restart the InfiniHost0 device or investigate and resolve the underlying issue causing the fatal error."" }",5.026,1801,82,0.0
llama3.1:70b-instruct-q4_K_M,ollama,thunderbird,rag,340,False,NORMAL,False,low,none,"{   ""is_anomaly"": false,   ""severity"": ""low"",   ""root_cause"": ""none"",   ""remediation"": ""none"" }",2.548,655,36,0.0
llama3.1:70b-instruct-q4_K_M,ollama,thunderbird,rag,341,False,NORMAL,False,low,none,"{   ""is_anomaly"": false,   ""severity"": ""low"",   ""root_cause"": ""none"",   ""remediation"": ""none"" }",2.361,586,36,0.0
llama3.1:70b-instruct-q4_K_M,ollama,thunderbird,rag,342,True,VAPI,True,high,The InfiniHost0 device is in a FATAL state due to a local catastrophic error.,"{   ""is_anomaly"": true,   ""severity"": ""high"",   ""root_cause"": ""The InfiniHost0 device is in a FATAL state due to a local catastrophic error."",   ""remediation"": ""Restart the InfiniHost0 device and check for any hardware issues."" }",4.345,1763,67,0.0
llama3.1:70b-instruct-q4_K_M,ollama,thunderbird,rag,343,True,VAPI,True,high,The InfiniHost0 device is in a FATAL state and EVAPI_process_local_mad failed with a Local Catastrophic Error.,"{   ""is_anomaly"": true,   ""severity"": ""high"",   ""root_cause"": ""The InfiniHost0 device is in a FATAL state and EVAPI_process_local_mad failed with a Local Catastrophic Error."",   ""remediation"": ""Restart the InfiniHost0 device or investigate the underlying cause of the fatal error."" }",4.847,2030,79,0.0
llama3.1:70b-instruct-q4_K_M,ollama,thunderbird,rag,344,True,VAPI,True,high,InfiniHost0 experienced a Local Catastrophic Error due to repeated failures in mad_process and EVAPI_process_local_mad.,"{   ""is_anomaly"": true,   ""severity"": ""high"",   ""root_cause"": ""InfiniHost0 experienced a Local Catastrophic Error due to repeated failures in mad_process and EVAPI_process_local_mad."",   ""remediation"": ""Restart the InfiniHost0 service or investigate hardware issues with the InfiniHost0 port."" }",5.254,1862,80,0.0
llama3.1:70b-instruct-q4_K_M,ollama,thunderbird,rag,345,True,VAPI,True,high,The InfiniHost0 device is in a FATAL state and EVAPI_process_local_mad failed with a Local Catastrophic Error.,"{   ""is_anomaly"": true,   ""severity"": ""high"",   ""root_cause"": ""The InfiniHost0 device is in a FATAL state and EVAPI_process_local_mad failed with a Local Catastrophic Error."",   ""remediation"": ""Restart the InfiniHost0 device or investigate the underlying cause of the fatal error."" }",5.407,2030,79,0.0
llama3.1:70b-instruct-q4_K_M,ollama,thunderbird,rag,346,True,VAPI,True,high,EVAPI_process_local_mad failed with a fatal error (Local Catastrophic Error) due to configuration issues and ports in INIT state.,"{   ""is_anomaly"": true,   ""severity"": ""high"",   ""root_cause"": ""EVAPI_process_local_mad failed with a fatal error (Local Catastrophic Error) due to configuration issues and ports in INIT state."",   ""remediation"": ""Restart the InfiniHost service and reconfigure the affected ports."" }",4.417,1086,74,0.0
llama3.1:70b-instruct-q4_K_M,ollama,thunderbird,rag,347,False,NORMAL,False,low,none,"{   ""is_anomaly"": false,   ""severity"": ""low"",   ""root_cause"": ""none"",   ""remediation"": ""none"" }",2.436,595,36,0.0
llama3.1:70b-instruct-q4_K_M,ollama,thunderbird,rag,348,True,VAPI,True,high,InfiniHost0 experienced a Local Catastrophic Error due to repeated failures in mad_process and EVAPI_process_local_mad.,"{   ""is_anomaly"": true,   ""severity"": ""high"",   ""root_cause"": ""InfiniHost0 experienced a Local Catastrophic Error due to repeated failures in mad_process and EVAPI_process_local_mad."",   ""remediation"": ""Restart the InfiniHost0 service or investigate hardware issues with the InfiniHost0 port."" }",4.967,1862,80,0.0
llama3.1:70b-instruct-q4_K_M,ollama,thunderbird,rag,349,True,VAPI,True,high,The InfiniHost0 device is in a FATAL state due to a local catastrophic error.,"{   ""is_anomaly"": true,   ""severity"": ""high"",   ""root_cause"": ""The InfiniHost0 device is in a FATAL state due to a local catastrophic error."",   ""remediation"": ""Restart the InfiniHost0 device and check for any hardware issues."" }",4.185,1763,67,0.0
llama3.1:70b-instruct-q4_K_M,ollama,thunderbird,rag,350,True,VAPI,True,high,The InfiniHost0 device is in a FATAL state due to repeated failures of EVAPI_process_local_mad and mad_process.,"{   ""is_anomaly"": true,   ""severity"": ""high"",   ""root_cause"": ""The InfiniHost0 device is in a FATAL state due to repeated failures of EVAPI_process_local_mad and mad_process."",   ""remediation"": ""Restart the InfiniHost0 device or investigate and resolve the underlying cause of the Local Catastrophic Error."" }",5.317,1864,83,0.0
llama3.1:70b-instruct-q4_K_M,ollama,thunderbird,rag,351,False,NORMAL,False,low,none,"{   ""is_anomaly"": false,   ""severity"": ""low"",   ""root_cause"": ""none"",   ""remediation"": ""none"" }",2.723,779,36,0.0
llama3.1:70b-instruct-q4_K_M,ollama,thunderbird,rag,352,True,VAPI,True,high,InfiniHost0 device is in a FATAL state due to a Local Catastrophic Error.,"{   ""is_anomaly"": true,   ""severity"": ""high"",   ""root_cause"": ""InfiniHost0 device is in a FATAL state due to a Local Catastrophic Error."",   ""remediation"": ""Restart the InfiniHost0 device and check for any hardware or firmware issues."" }",3.27,1801,70,0.0
llama3.1:70b-instruct-q4_K_M,ollama,thunderbird,rag,353,False,NORMAL,False,low,none,"{   ""is_anomaly"": false,   ""severity"": ""low"",   ""root_cause"": ""none"",   ""remediation"": ""none"" }",2.73,852,36,0.0
llama3.1:70b-instruct-q4_K_M,ollama,thunderbird,rag,354,False,NORMAL,False,low,none,"{   ""is_anomaly"": false,   ""severity"": ""low"",   ""root_cause"": ""none"",   ""remediation"": ""none"" }",2.307,602,36,0.0
llama3.1:70b-instruct-q4_K_M,ollama,thunderbird,rag,355,False,NORMAL,False,low,none,"{   ""is_anomaly"": false,   ""severity"": ""low"",   ""root_cause"": ""none"",   ""remediation"": ""none"" }",2.36,723,36,0.0
llama3.1:70b-instruct-q4_K_M,ollama,thunderbird,rag,356,True,VAPI,True,high,EVAPI_process_local_mad failed with a fatal error (Local Catastrophic Error) due to configuration issues and ports in INIT state.,"{   ""is_anomaly"": true,   ""severity"": ""high"",   ""root_cause"": ""EVAPI_process_local_mad failed with a fatal error (Local Catastrophic Error) due to configuration issues and ports in INIT state."",   ""remediation"": ""Check and correct the configuration, ensuring all ports are properly initialized."" }",4.294,1276,73,0.0
llama3.1:70b-instruct-q4_K_M,ollama,thunderbird,rag,357,False,NORMAL,True,medium,The system encountered an unexpected error with the Thunderbird_C8 datasource.,"{   ""is_anomaly"": true,   ""severity"": ""medium"",   ""root_cause"": ""The system encountered an unexpected error with the Thunderbird_C8 datasource."",   ""remediation"": ""Investigate and restart the Thunderbird_C8 datasource or check its configuration."" }",3.347,591,61,0.0
llama3.1:70b-instruct-q4_K_M,ollama,thunderbird,rag,358,False,NORMAL,True,high,"The system ran out of memory while initializing the IPS, causing a failure in bindcache and pan_ips.","{   ""is_anomaly"": true,   ""severity"": ""high"",   ""root_cause"": ""The system ran out of memory while initializing the IPS, causing a failure in bindcache and pan_ips."",   ""remediation"": ""Increase available memory or reduce memory usage to resolve the issue."" }",3.368,626,65,0.0
llama3.1:70b-instruct-q4_K_M,ollama,thunderbird,rag,359,True,VAPI,True,high,InfiniHost0 experienced a Local Catastrophic Error due to repeated failures in mad_process and EVAPI_process_local_mad.,"{   ""is_anomaly"": true,   ""severity"": ""high"",   ""root_cause"": ""InfiniHost0 experienced a Local Catastrophic Error due to repeated failures in mad_process and EVAPI_process_local_mad."",   ""remediation"": ""Restart the InfiniHost0 device or investigate the cause of the repeated failures in mad_process and EVAPI_process_local_mad."" }",4.634,1853,86,0.0
llama3.1:70b-instruct-q4_K_M,ollama,thunderbird,rag,360,True,VAPI,True,high,EVAPI_process_local_mad failed with a fatal error due to local catastrophic error in InfiniHost0.,"{   ""is_anomaly"": true,   ""severity"": ""high"",   ""root_cause"": ""EVAPI_process_local_mad failed with a fatal error due to local catastrophic error in InfiniHost0."",   ""remediation"": ""Restart the InfiniHost0 device and reconfigure the ports to resolve the issue."" }",4.596,1462,73,0.0
llama3.1:70b-instruct-q4_K_M,ollama,thunderbird,rag,361,False,NORMAL,False,low,none,"{   ""is_anomaly"": false,   ""severity"": ""low"",   ""root_cause"": ""none"",   ""remediation"": ""none"" }",2.478,610,36,0.0
llama3.1:70b-instruct-q4_K_M,ollama,thunderbird,rag,362,True,VAPI,True,high,"EVAPI_process_local_mad failed with a fatal error, indicating a local catastrophic error in the InfiniHost0 process.","{   ""is_anomaly"": true,   ""severity"": ""high"",   ""root_cause"": ""EVAPI_process_local_mad failed with a fatal error, indicating a local catastrophic error in the InfiniHost0 process."",   ""remediation"": ""Restart the InfiniHost0 process and investigate potential issues with the Thunderbird_D8 datasource."" }",4.125,935,78,0.0
llama3.1:70b-instruct-q4_K_M,ollama,thunderbird,rag,363,False,NORMAL,True,medium,"The system has exceeded its maximum open file limit, preventing RRD updates from completing.","{   ""is_anomaly"": true,   ""severity"": ""medium"",   ""root_cause"": ""The system has exceeded its maximum open file limit, preventing RRD updates from completing."",   ""remediation"": ""Increase the system's open file limit or close unnecessary files to free up resources."" }",3.985,1276,65,0.0
llama3.1:70b-instruct-q4_K_M,ollama,thunderbird,rag,364,True,VAPI,True,high,EVAPI_process_local_mad failed with a fatal error (Local Catastrophic Error) due to configuration issues and ports in INIT state.,"{   ""is_anomaly"": true,   ""severity"": ""high"",   ""root_cause"": ""EVAPI_process_local_mad failed with a fatal error (Local Catastrophic Error) due to configuration issues and ports in INIT state."",   ""remediation"": ""Restart the InfiniHost service and reconfigure the affected ports."" }",4.206,1086,74,0.0
llama3.1:70b-instruct-q4_K_M,ollama,thunderbird,rag,365,True,VAPI,True,high,InfiniHost0 experienced a Local Catastrophic Error due to repeated mad_process failures and EVAPI_process_local_mad errors.,"{   ""is_anomaly"": true,   ""severity"": ""high"",   ""root_cause"": ""InfiniHost0 experienced a Local Catastrophic Error due to repeated mad_process failures and EVAPI_process_local_mad errors."",   ""remediation"": ""Restart the InfiniHost0 service or investigate hardware issues with the InfiniHost0 port."" }",3.837,1788,80,0.0
llama3.1:70b-instruct-q4_K_M,ollama,thunderbird,rag,366,True,VAPI,True,high,The InfiniHost0 device is in a FATAL state and EVAPI_process_local_mad failed with a Local Catastrophic Error.,"{   ""is_anomaly"": true,   ""severity"": ""high"",   ""root_cause"": ""The InfiniHost0 device is in a FATAL state and EVAPI_process_local_mad failed with a Local Catastrophic Error."",   ""remediation"": ""Restart the InfiniHost0 device or investigate the underlying cause of the fatal error."" }",5.342,2030,79,0.0
llama3.1:70b-instruct-q4_K_M,ollama,thunderbird,rag,367,True,VAPI,True,high,The InfiniHost0 device is in a FATAL state and EVAPI_process_local_mad failed with a Local Catastrophic Error.,"{   ""is_anomaly"": true,   ""severity"": ""high"",   ""root_cause"": ""The InfiniHost0 device is in a FATAL state and EVAPI_process_local_mad failed with a Local Catastrophic Error."",   ""remediation"": ""Restart the InfiniHost0 device or investigate the cause of the fatal error."" }",5.084,1749,78,0.0
llama3.1:70b-instruct-q4_K_M,ollama,thunderbird,rag,368,True,VAPI,True,high,The InfiniHost0 device is in a FATAL state and EVAPI_process_local_mad failed with a Local Catastrophic Error.,"{   ""is_anomaly"": true,   ""severity"": ""high"",   ""root_cause"": ""The InfiniHost0 device is in a FATAL state and EVAPI_process_local_mad failed with a Local Catastrophic Error."",   ""remediation"": ""Restart the InfiniHost0 device or investigate the cause of the fatal error."" }",3.233,1749,78,0.0
llama3.1:70b-instruct-q4_K_M,ollama,thunderbird,rag,369,False,NORMAL,False,low,none,"{   ""is_anomaly"": false,   ""severity"": ""low"",   ""root_cause"": ""none"",   ""remediation"": ""none"" }",2.358,438,36,0.0
llama3.1:70b-instruct-q4_K_M,ollama,thunderbird,rag,370,True,VAPI,True,high,The InfiniHost0 device is in a FATAL state and EVAPI_process_local_mad failed with a Local Catastrophic Error.,"{   ""is_anomaly"": true,   ""severity"": ""high"",   ""root_cause"": ""The InfiniHost0 device is in a FATAL state and EVAPI_process_local_mad failed with a Local Catastrophic Error."",   ""remediation"": ""Restart the InfiniHost0 device or investigate hardware issues."" }",3.349,2030,74,0.0
llama3.1:70b-instruct-q4_K_M,ollama,thunderbird,rag,371,False,NORMAL,True,low,Temperature sensor detected a warning value for BMC Ambient Temp.,"{   ""is_anomaly"": true,   ""severity"": ""low"",   ""root_cause"": ""Temperature sensor detected a warning value for BMC Ambient Temp."",   ""remediation"": ""Check and adjust the ambient temperature to prevent overheating."" }",3.431,848,54,0.0
llama3.1:70b-instruct-q4_K_M,ollama,thunderbird,rag,372,False,NORMAL,False,low,none,"{   ""is_anomaly"": false,   ""severity"": ""low"",   ""root_cause"": ""none"",   ""remediation"": ""none"" }",2.377,595,36,0.0
llama3.1:70b-instruct-q4_K_M,ollama,thunderbird,rag,373,False,NORMAL,False,low,none,"{   ""is_anomaly"": false,   ""severity"": ""low"",   ""root_cause"": ""none"",   ""remediation"": ""none"" }",2.212,527,36,0.0
llama3.1:70b-instruct-q4_K_M,ollama,thunderbird,rag,374,True,VAPI,True,high,InfiniHost0 encountered a fatal error (Local Catastrophic Error) while processing local MAD requests.,"{   ""is_anomaly"": true,   ""severity"": ""high"",   ""root_cause"": ""InfiniHost0 encountered a fatal error (Local Catastrophic Error) while processing local MAD requests."",   ""remediation"": ""Restart the InfiniHost service and verify that all Thunderbird datasources are functioning correctly."" }",4.116,1254,73,0.0
llama3.1:70b-instruct-q4_K_M,ollama,thunderbird,rag,375,True,VAPI,True,high,InfiniHost0 experienced a Local Catastrophic Error due to repeated failures in mad_process and EVAPI_process_local_mad.,"{   ""is_anomaly"": true,   ""severity"": ""high"",   ""root_cause"": ""InfiniHost0 experienced a Local Catastrophic Error due to repeated failures in mad_process and EVAPI_process_local_mad."",   ""remediation"": ""Restart the InfiniHost0 service or investigate hardware issues with the InfiniHost0 port."" }",3.951,1861,80,0.0
llama3.1:70b-instruct-q4_K_M,ollama,thunderbird,rag,376,False,NORMAL,True,high,The panfs.o kernel module was loaded on a GenuineIntel CPU despite being compiled for an AuthenticAMD CPU.,"{   ""is_anomaly"": true,   ""severity"": ""high"",   ""root_cause"": ""The panfs.o kernel module was loaded on a GenuineIntel CPU despite being compiled for an AuthenticAMD CPU."",   ""remediation"": ""Unload the panfs.o kernel module and load the correct version compiled for the GenuineIntel CPU."" }",3.827,548,73,0.0
llama3.1:70b-instruct-q4_K_M,ollama,thunderbird,rag,377,False,NORMAL,False,low,none,"{   ""is_anomaly"": false,   ""severity"": ""low"",   ""root_cause"": ""none"",   ""remediation"": ""none"" }",2.252,600,36,0.0
llama3.1:70b-instruct-q4_K_M,ollama,thunderbird,rag,378,True,VAPI,True,high,Multiple failures in mad_process and EVAPI_process_local_mad indicate a catastrophic error in the InfiniHost0 port.,"{   ""is_anomaly"": true,   ""severity"": ""high"",   ""root_cause"": ""Multiple failures in mad_process and EVAPI_process_local_mad indicate a catastrophic error in the InfiniHost0 port."",   ""remediation"": ""Restart the InfiniHost0 port or investigate hardware issues to resolve the Local Catastrophic Error."" }",5.09,2012,78,0.0
llama3.1:70b-instruct-q4_K_M,ollama,thunderbird,rag,379,True,VAPI,True,high,The InfiniHost0 device is in a FATAL state and EVAPI_process_local_mad failed with a Local Catastrophic Error.,"{   ""is_anomaly"": true,   ""severity"": ""high"",   ""root_cause"": ""The InfiniHost0 device is in a FATAL state and EVAPI_process_local_mad failed with a Local Catastrophic Error."",   ""remediation"": ""Restart the InfiniHost0 device or investigate the cause of the fatal error."" }",3.781,1749,78,0.0
llama3.1:70b-instruct-q4_K_M,ollama,thunderbird,rag,380,True,VAPI,True,high,Multiple EVAPI_process_local_mad failures and unresponsive datasources indicate a catastrophic error in the InfiniHost0 system.,"{   ""is_anomaly"": true,   ""severity"": ""high"",   ""root_cause"": ""Multiple EVAPI_process_local_mad failures and unresponsive datasources indicate a catastrophic error in the InfiniHost0 system."",   ""remediation"": ""Restart the InfiniHost0 system and investigate potential configuration issues or hardware faults."" }",4.45,1216,75,0.0
llama3.1:70b-instruct-q4_K_M,ollama,thunderbird,rag,381,False,NORMAL,True,medium,Security framework initialization failed due to a previous registration.,"{   ""is_anomaly"": true,   ""severity"": ""medium"",   ""root_cause"": ""Security framework initialization failed due to a previous registration."",   ""remediation"": ""Restart the system and ensure that security frameworks are properly unregistered before reinitializing."" }",4.38,1855,59,0.0
llama3.1:70b-instruct-q4_K_M,ollama,thunderbird,rag,382,False,NORMAL,True,medium,Multiple datasources are not responding to data_thread() requests.,"{   ""is_anomaly"": true,   ""severity"": ""medium"",   ""root_cause"": ""Multiple datasources are not responding to data_thread() requests."",   ""remediation"": ""Investigate and restart the unresponsive datasources, specifically Thunderbird_A8, Thunderbird_D6, Thunderbird_A1, and Thunderbird_B2."" }",3.963,597,76,0.0
llama3.1:70b-instruct-q4_K_M,ollama,thunderbird,rag,383,False,NORMAL,True,medium,"Multiple service shutdown failures occurred, indicating a potential issue with system services.","{   ""is_anomaly"": true,   ""severity"": ""medium"",   ""root_cause"": ""Multiple service shutdown failures occurred, indicating a potential issue with system services."",   ""remediation"": ""Investigate and restart the failed services (gmond and haldaemon) to ensure proper system functionality."" }",3.334,544,66,0.0
llama3.1:70b-instruct-q4_K_M,ollama,thunderbird,rag,384,True,VAPI,True,high,InfiniHost0: EVAPI_process_local_mad failed with a fatal error (Local Catastrophic Error),"{   ""is_anomaly"": true,   ""severity"": ""high"",   ""root_cause"": ""InfiniHost0: EVAPI_process_local_mad failed with a fatal error (Local Catastrophic Error)"",   ""remediation"": ""Restart the InfiniHost service and investigate potential issues with the Thunderbird_A4 and Thunderbird_B2 datasources"" }",4.149,1239,81,0.0
llama3.1:70b-instruct-q4_K_M,ollama,thunderbird,rag,385,False,NORMAL,True,medium,Multiple shutdown events and a peer disconnection indicate an unexpected system termination.,"{   ""is_anomaly"": true,   ""severity"": ""medium"",   ""root_cause"": ""Multiple shutdown events and a peer disconnection indicate an unexpected system termination."",   ""remediation"": ""Investigate the cause of the shutdowns and verify that all services are properly restarted."" }",3.182,451,63,0.0
llama3.1:70b-instruct-q4_K_M,ollama,thunderbird,rag,386,False,NORMAL,True,medium,Multiple SSH connections from different IP addresses were accepted in a short period of time.,"{   ""is_anomaly"": true,   ""severity"": ""medium"",   ""root_cause"": ""Multiple SSH connections from different IP addresses were accepted in a short period of time."",   ""remediation"": ""Investigate the legitimacy of these connections and consider implementing rate limiting or IP blocking to prevent potential brute-force attacks."" }",3.506,610,70,0.0
llama3.1:70b-instruct-q4_K_M,ollama,thunderbird,rag,387,True,VAPI,True,high,The InfiniHost0 device is in a FATAL state due to a Local Catastrophic Error.,"{   ""is_anomaly"": true,   ""severity"": ""high"",   ""root_cause"": ""The InfiniHost0 device is in a FATAL state due to a Local Catastrophic Error."",   ""remediation"": ""Restart the InfiniHost0 device and check for any hardware issues."" }",3.357,1734,69,0.0
llama3.1:70b-instruct-q4_K_M,ollama,thunderbird,rag,388,True,VAPI,True,high,Multiple failures in mad_process for InfiniHost0 port 1 QPN 0 and EVAPI_process_local_mad failed with a fatal error.,"{   ""is_anomaly"": true,   ""severity"": ""high"",   ""root_cause"": ""Multiple failures in mad_process for InfiniHost0 port 1 QPN 0 and EVAPI_process_local_mad failed with a fatal error."",   ""remediation"": ""Restart the InfiniHost0 service or investigate the underlying cause of the mad_process failure."" }",3.894,2012,82,0.0
llama3.1:70b-instruct-q4_K_M,ollama,thunderbird,rag,389,False,NORMAL,False,low,none,"{   ""is_anomaly"": false,   ""severity"": ""low"",   ""root_cause"": ""none"",   ""remediation"": ""none"" }",2.55,586,36,0.0
llama3.1:70b-instruct-q4_K_M,ollama,thunderbird,rag,390,True,VAPI,True,high,Multiple failures in EVAPI_process_local_mad and mad_process indicate a catastrophic error in the InfiniHost0 port.,"{   ""is_anomaly"": true,   ""severity"": ""high"",   ""root_cause"": ""Multiple failures in EVAPI_process_local_mad and mad_process indicate a catastrophic error in the InfiniHost0 port."",   ""remediation"": ""Restart the InfiniHost0 port or investigate hardware issues."" }",4.448,1620,70,0.0
llama3.1:70b-instruct-q4_K_M,ollama,thunderbird,rag,391,True,VAPI,True,high,Multiple failures in InfiniHost0's EVAPI_process_local_mad and data_thread() not receiving answers from datasources indicate a catastrophic error in the VAPI system.,"{   ""is_anomaly"": true,   ""severity"": ""high"",   ""root_cause"": ""Multiple failures in InfiniHost0's EVAPI_process_local_mad and data_thread() not receiving answers from datasources indicate a catastrophic error in the VAPI system."",   ""remediation"": ""Restart the InfiniHost0 service and investigate potential issues with the Thunderbird_C7 and Thunderbird_B3 datasources."" }",5.224,1620,93,0.0
llama3.1:70b-instruct-q4_K_M,ollama,thunderbird,rag,392,False,NORMAL,False,low,none,"{   ""is_anomaly"": false,   ""severity"": ""low"",   ""root_cause"": ""none"",   ""remediation"": ""none"" }",2.544,628,36,0.0
llama3.1:70b-instruct-q4_K_M,ollama,thunderbird,rag,393,True,VAPI,True,high,The InfiniHost0 device is in a FATAL state and EVAPI_process_local_mad failed with a Local Catastrophic Error.,"{   ""is_anomaly"": true,   ""severity"": ""high"",   ""root_cause"": ""The InfiniHost0 device is in a FATAL state and EVAPI_process_local_mad failed with a Local Catastrophic Error."",   ""remediation"": ""Restart the InfiniHost0 device or investigate hardware issues."" }",3.374,2030,74,0.0
llama3.1:70b-instruct-q4_K_M,ollama,thunderbird,rag,394,True,VAPI,True,high,Multiple EVAPI_process_local_mad failures with fatal error codes indicate a catastrophic failure in the InfiniHost0 device.,"{   ""is_anomaly"": true,   ""severity"": ""high"",   ""root_cause"": ""Multiple EVAPI_process_local_mad failures with fatal error codes indicate a catastrophic failure in the InfiniHost0 device."",   ""remediation"": ""Restart the InfiniHost0 device and verify its configuration to resolve the issue."" }",4.672,1443,74,0.0
llama3.1:70b-instruct-q4_K_M,ollama,thunderbird,rag,395,False,NORMAL,True,medium,"Multiple SSH connections from the same IP address with different ports occurred in a short time frame, followed by a crond shutdown failure.","{   ""is_anomaly"": true,   ""severity"": ""medium"",   ""root_cause"": ""Multiple SSH connections from the same IP address with different ports occurred in a short time frame, followed by a crond shutdown failure."",   ""remediation"": ""Investigate potential security breach or unauthorized access and review system configuration to prevent similar failures."" }",3.832,544,75,0.0
llama3.1:70b-instruct-q4_K_M,ollama,thunderbird,rag,396,True,VAPI,True,high,Multiple failures in mad_process and EVAPI_process_local_mad indicate a catastrophic error in the InfiniHost0 port.,"{   ""is_anomaly"": true,   ""severity"": ""high"",   ""root_cause"": ""Multiple failures in mad_process and EVAPI_process_local_mad indicate a catastrophic error in the InfiniHost0 port."",   ""remediation"": ""Restart the InfiniHost0 port or investigate hardware issues to resolve the Local Catastrophic Error."" }",3.654,1934,78,0.0
llama3.1:70b-instruct-q4_K_M,ollama,thunderbird,rag,397,True,VAPI,True,high,InfiniHost0 experienced a Local Catastrophic Error due to repeated failures in mad_process and EVAPI_process_local_mad.,"{   ""is_anomaly"": true,   ""severity"": ""high"",   ""root_cause"": ""InfiniHost0 experienced a Local Catastrophic Error due to repeated failures in mad_process and EVAPI_process_local_mad."",   ""remediation"": ""Restart the InfiniHost0 service or investigate hardware issues with the InfiniHost0 port."" }",3.44,1856,80,0.0
llama3.1:70b-instruct-q4_K_M,ollama,thunderbird,rag,398,False,NORMAL,True,medium,"Multiple LAPICs are disabled, which may indicate a hardware issue or misconfiguration.","{   ""is_anomaly"": true,   ""severity"": ""medium"",   ""root_cause"": ""Multiple LAPICs are disabled, which may indicate a hardware issue or misconfiguration."",   ""remediation"": ""Verify the system's ACPI configuration and check for any BIOS updates to ensure proper functionality."" }",3.843,852,66,0.0
llama3.1:70b-instruct-q4_K_M,ollama,thunderbird,rag,399,False,NORMAL,False,low,none,"{   ""is_anomaly"": false,   ""severity"": ""low"",   ""root_cause"": ""none"",   ""remediation"": ""none"" }",2.848,1201,36,0.0
llama3.1:70b-instruct-q4_K_M,ollama,thunderbird,rag,400,True,VAPI,True,high,The InfiniHost0 device is in a FATAL state and EVAPI_process_local_mad failed with a Local Catastrophic Error.,"{   ""is_anomaly"": true,   ""severity"": ""high"",   ""root_cause"": ""The InfiniHost0 device is in a FATAL state and EVAPI_process_local_mad failed with a Local Catastrophic Error."",   ""remediation"": ""Restart the InfiniHost0 device or investigate the cause of the fatal error."" }",3.832,1749,78,0.0
llama3.1:70b-instruct-q4_K_M,ollama,thunderbird,rag,401,False,NORMAL,False,low,none,"{   ""is_anomaly"": false,   ""severity"": ""low"",   ""root_cause"": ""none"",   ""remediation"": ""none"" }",2.417,586,36,0.0
llama3.1:70b-instruct-q4_K_M,ollama,thunderbird,rag,402,True,VAPI,True,high,"EVAPI_process_local_mad failed with a fatal error, causing data_thread to not receive answers from multiple datasources.","{   ""is_anomaly"": true,   ""severity"": ""high"",   ""root_cause"": ""EVAPI_process_local_mad failed with a fatal error, causing data_thread to not receive answers from multiple datasources."",   ""remediation"": ""Restart the InfiniHost service and verify that all datasources are properly connected and functioning."" }",3.964,935,75,0.0
llama3.1:70b-instruct-q4_K_M,ollama,thunderbird,rag,403,True,VAPI,True,high,InfiniHost0 port 1 QPN 0 experienced a fatal error (Local Catastrophic Error) during mad_process.,"{   ""is_anomaly"": true,   ""severity"": ""high"",   ""root_cause"": ""InfiniHost0 port 1 QPN 0 experienced a fatal error (Local Catastrophic Error) during mad_process."",   ""remediation"": ""Restart the InfiniHost0 device and verify its configuration to resolve the issue."" }",4.752,1731,76,0.0
llama3.1:70b-instruct-q4_K_M,ollama,thunderbird,rag,404,False,NORMAL,False,low,none,"{   ""is_anomaly"": false,   ""severity"": ""low"",   ""root_cause"": ""none"",   ""remediation"": ""none"" }",2.541,601,36,0.0
llama3.1:70b-instruct-q4_K_M,ollama,thunderbird,rag,405,True,VAPI,True,high,The InfiniHost0 device is in a FATAL state and EVAPI_process_local_mad failed with a Local Catastrophic Error.,"{   ""is_anomaly"": true,   ""severity"": ""high"",   ""root_cause"": ""The InfiniHost0 device is in a FATAL state and EVAPI_process_local_mad failed with a Local Catastrophic Error."",   ""remediation"": ""Restart the InfiniHost0 device or investigate hardware issues."" }",3.408,2030,74,0.0
llama3.1:70b-instruct-q4_K_M,ollama,thunderbird,rag,406,True,VAPI,True,high,The InfiniHost0 device is in a FATAL state due to repeated failures in processing local MAD requests.,"{   ""is_anomaly"": true,   ""severity"": ""high"",   ""root_cause"": ""The InfiniHost0 device is in a FATAL state due to repeated failures in processing local MAD requests."",   ""remediation"": ""Restart the InfiniHost0 device and verify its configuration to resolve the issue."" }",4.704,1763,72,0.0
llama3.1:70b-instruct-q4_K_M,ollama,thunderbird,rag,407,True,VAPI,True,high,The InfiniHost0 device is in a fatal state due to repeated failures of EVAPI_process_local_mad and XHH_hob_process_local_mad.,"{   ""is_anomaly"": true,   ""severity"": ""high"",   ""root_cause"": ""The InfiniHost0 device is in a fatal state due to repeated failures of EVAPI_process_local_mad and XHH_hob_process_local_mad."",   ""remediation"": ""Restart the InfiniHost0 device or replace it if necessary, and investigate the cause of the repeated MAD process failures."" }",5.206,1443,90,0.0
llama3.1:70b-instruct-q4_K_M,ollama,thunderbird,rag,408,False,NORMAL,True,medium,"kjournald is repeatedly starting with the same commit interval, indicating a potential loop or configuration issue.","{   ""is_anomaly"": true,   ""severity"": ""medium"",   ""root_cause"": ""kjournald is repeatedly starting with the same commit interval, indicating a potential loop or configuration issue."",   ""remediation"": ""Investigate and resolve the cause of kjournald's repeated startup attempts."" }",3.628,647,67,0.0
llama3.1:70b-instruct-q4_K_M,ollama,thunderbird,rag,409,False,NORMAL,False,low,none,"{   ""is_anomaly"": false,   ""severity"": ""low"",   ""root_cause"": ""none"",   ""remediation"": ""none"" }",2.28,586,36,0.0
llama3.1:70b-instruct-q4_K_M,ollama,thunderbird,rag,410,False,NORMAL,True,low,The system received a trap from an unknown peer on file descriptor 13.,"{   ""is_anomaly"": true,   ""severity"": ""low"",   ""root_cause"": ""The system received a trap from an unknown peer on file descriptor 13."",   ""remediation"": ""Investigate the source of the trap and verify the authenticity of the peer."" }",3.27,638,62,0.0
llama3.1:70b-instruct-q4_K_M,ollama,thunderbird,rag,411,False,NORMAL,False,low,none,"{   ""is_anomaly"": false,   ""severity"": ""low"",   ""root_cause"": ""none"",   ""remediation"": ""none"" }",2.507,852,36,0.0
llama3.1:70b-instruct-q4_K_M,ollama,thunderbird,rag,412,True,VAPI,True,high,InfiniHost0 experienced a fatal error (Local Catastrophic Error) during mad processing.,"{   ""is_anomaly"": true,   ""severity"": ""high"",   ""root_cause"": ""InfiniHost0 experienced a fatal error (Local Catastrophic Error) during mad processing."",   ""remediation"": ""Restart the InfiniHost0 service and investigate potential hardware or configuration issues."" }",4.289,1532,68,0.0
llama3.1:70b-instruct-q4_K_M,ollama,thunderbird,rag,413,False,NORMAL,False,low,none,"{   ""is_anomaly"": false,   ""severity"": ""low"",   ""root_cause"": ""none"",   ""remediation"": ""none"" }",2.401,585,36,0.0
llama3.1:70b-instruct-q4_K_M,ollama,thunderbird,rag,414,False,NORMAL,False,low,none,"{   ""is_anomaly"": false,   ""severity"": ""low"",   ""root_cause"": ""none"",   ""remediation"": ""none"" }",2.439,779,36,0.0
llama3.1:70b-instruct-q4_K_M,ollama,thunderbird,rag,415,True,VAPI,True,high,The InfiniHost0 device encountered a fatal error (Local Catastrophic Error) while processing local MAD requests.,"{   ""is_anomaly"": true,   ""severity"": ""high"",   ""root_cause"": ""The InfiniHost0 device encountered a fatal error (Local Catastrophic Error) while processing local MAD requests."",   ""remediation"": ""Restart the InfiniHost0 device and verify its configuration to resolve the issue."" }",3.5,1921,73,0.0
llama3.1:70b-instruct-q4_K_M,ollama,thunderbird,rag,416,False,NORMAL,True,low,Multiple PCI Interrupt Links are disabled with IRQs assigned to them.,"{   ""is_anomaly"": true,   ""severity"": ""low"",   ""root_cause"": ""Multiple PCI Interrupt Links are disabled with IRQs assigned to them."",   ""remediation"": ""Verify the system configuration and re-enable the necessary PCI Interrupt Links."" }",3.545,852,58,0.0
llama3.1:70b-instruct-q4_K_M,ollama,thunderbird,rag,417,True,VAPI,True,high,InfiniHost0 experienced a fatal error (Local Catastrophic Error) due to repeated EVAPI_process_local_mad failures.,"{   ""is_anomaly"": true,   ""severity"": ""high"",   ""root_cause"": ""InfiniHost0 experienced a fatal error (Local Catastrophic Error) due to repeated EVAPI_process_local_mad failures."",   ""remediation"": ""Restart the InfiniHost0 device and verify its configuration to resolve the issue."" }",4.698,1622,76,0.0
llama3.1:70b-instruct-q4_K_M,ollama,thunderbird,rag,418,False,NORMAL,True,medium,"The system is generating core dumps, indicating a potential kernel issue.","{   ""is_anomaly"": true,   ""severity"": ""medium"",   ""root_cause"": ""The system is generating core dumps, indicating a potential kernel issue."",   ""remediation"": ""Investigate and adjust kernel settings to prevent core dump generation."" }",3.07,412,57,0.0
llama3.1:70b-instruct-q4_K_M,ollama,thunderbird,rag,419,False,NORMAL,False,low,none,"{   ""is_anomaly"": false,   ""severity"": ""low"",   ""root_cause"": ""none"",   ""remediation"": ""none"" }",2.474,870,36,0.0
llama3.1:70b-instruct-q4_K_M,ollama,thunderbird,rag,420,True,VAPI,True,high,InfiniHost0 experienced a Local Catastrophic Error due to repeated failures in mad_process and EVAPI_process_local_mad.,"{   ""is_anomaly"": true,   ""severity"": ""high"",   ""root_cause"": ""InfiniHost0 experienced a Local Catastrophic Error due to repeated failures in mad_process and EVAPI_process_local_mad."",   ""remediation"": ""Restart the InfiniHost0 service or investigate hardware issues with the InfiniHost0 port."" }",3.691,1862,80,0.0
llama3.1:70b-instruct-q4_K_M,ollama,thunderbird,rag,421,False,NORMAL,False,low,none,"{   ""is_anomaly"": false,   ""severity"": ""low"",   ""root_cause"": ""none"",   ""remediation"": ""none"" }",2.653,795,36,0.0
llama3.1:70b-instruct-q4_K_M,ollama,thunderbird,rag,422,False,NORMAL,True,medium,Repeated failure to shut down crond service indicates a potential issue with system process management.,"{   ""is_anomaly"": true,   ""severity"": ""medium"",   ""root_cause"": ""Repeated failure to shut down crond service indicates a potential issue with system process management."",   ""remediation"": ""Investigate and resolve the underlying cause of crond shutdown failures, potentially by checking system logs for related errors or restarting the service manually."" }",3.723,469,76,0.0
llama3.1:70b-instruct-q4_K_M,ollama,thunderbird,rag,423,False,NORMAL,True,medium,"The filesystem was mounted in readonly mode and required recovery, indicating a potential issue with disk consistency or corruption.","{   ""is_anomaly"": true,   ""severity"": ""medium"",   ""root_cause"": ""The filesystem was mounted in readonly mode and required recovery, indicating a potential issue with disk consistency or corruption."",   ""remediation"": ""Run a thorough filesystem check and repair any errors to ensure data integrity."" }",3.69,1032,67,0.0
llama3.1:70b-instruct-q4_K_M,ollama,thunderbird,rag,424,False,NORMAL,True,medium,Multiple SSH connections from different IP addresses were accepted in a short period of time.,"{   ""is_anomaly"": true,   ""severity"": ""medium"",   ""root_cause"": ""Multiple SSH connections from different IP addresses were accepted in a short period of time."",   ""remediation"": ""Investigate the legitimacy of these connections and consider implementing rate limiting or IP blocking to prevent potential brute-force attacks."" }",3.615,586,70,0.0
llama3.1:70b-instruct-q4_K_M,ollama,thunderbird,rag,425,True,VAPI,True,high,The InfiniHost0 device is in a FATAL state due to a local catastrophic error.,"{   ""is_anomaly"": true,   ""severity"": ""high"",   ""root_cause"": ""The InfiniHost0 device is in a FATAL state due to a local catastrophic error."",   ""remediation"": ""Restart the InfiniHost0 device and check for any hardware issues."" }",4.352,1616,67,0.0
llama3.1:70b-instruct-q4_K_M,ollama,thunderbird,rag,426,True,VAPI,True,high,The InfiniHost0 device encountered a fatal error (Local Catastrophic Error) while processing local MAD requests.,"{   ""is_anomaly"": true,   ""severity"": ""high"",   ""root_cause"": ""The InfiniHost0 device encountered a fatal error (Local Catastrophic Error) while processing local MAD requests."",   ""remediation"": ""Restart the InfiniHost0 device and verify its configuration to resolve the issue."" }",4.438,1254,73,0.0
llama3.1:70b-instruct-q4_K_M,ollama,thunderbird,rag,427,False,NORMAL,False,low,none,"{   ""is_anomaly"": false,   ""severity"": ""low"",   ""root_cause"": ""none"",   ""remediation"": ""none"" }",2.51,737,36,0.0
llama3.1:70b-instruct-q4_K_M,ollama,thunderbird,rag,428,False,NORMAL,False,low,none,"{   ""is_anomaly"": false,   ""severity"": ""low"",   ""root_cause"": ""none"",   ""remediation"": ""none"" }",2.372,687,36,0.0
llama3.1:70b-instruct-q4_K_M,ollama,thunderbird,rag,429,False,NORMAL,False,low,none,"{   ""is_anomaly"": false,   ""severity"": ""low"",   ""root_cause"": ""none"",   ""remediation"": ""none"" }",2.152,496,36,0.0
llama3.1:70b-instruct-q4_K_M,ollama,thunderbird,rag,430,False,NORMAL,True,high,The InfiniHost device is in a FATAL state and failed to process local MAD requests.,"{   ""is_anomaly"": true,   ""severity"": ""high"",   ""root_cause"": ""The InfiniHost device is in a FATAL state and failed to process local MAD requests."",   ""remediation"": ""Restart the InfiniHost device or check for firmware updates."" }",3.939,1353,65,0.0
llama3.1:70b-instruct-q4_K_M,ollama,thunderbird,rag,431,False,NORMAL,True,medium,"Multiple sessions were opened for a non-root user (#47#) with uid=0, which is unusual and may indicate a security issue.","{   ""is_anomaly"": true,   ""severity"": ""medium"",   ""root_cause"": ""Multiple sessions were opened for a non-root user (#47#) with uid=0, which is unusual and may indicate a security issue."",   ""remediation"": ""Investigate why a non-root user has uid=0 and restrict access to prevent potential privilege escalation."" }",4.072,596,80,0.0
llama3.1:70b-instruct-q4_K_M,ollama,thunderbird,rag,432,True,VAPI,True,high,Multiple failures in EVAPI_process_local_mad and mad_process indicate a catastrophic error in the InfiniHost0 port.,"{   ""is_anomaly"": true,   ""severity"": ""high"",   ""root_cause"": ""Multiple failures in EVAPI_process_local_mad and mad_process indicate a catastrophic error in the InfiniHost0 port."",   ""remediation"": ""Restart the InfiniHost0 port or investigate the underlying cause of the Local Catastrophic Error."" }",3.669,1693,78,0.0
llama3.1:70b-instruct-q4_K_M,ollama,thunderbird,rag,433,True,VAPI,True,high,InfiniHost0 experienced a Local Catastrophic Error due to repeated failures in mad_process and EVAPI_process_local_mad.,"{   ""is_anomaly"": true,   ""severity"": ""high"",   ""root_cause"": ""InfiniHost0 experienced a Local Catastrophic Error due to repeated failures in mad_process and EVAPI_process_local_mad."",   ""remediation"": ""Restart the InfiniHost0 service or investigate hardware issues with the InfiniHost0 port."" }",3.896,1861,80,0.0
llama3.1:70b-instruct-q4_K_M,ollama,thunderbird,rag,434,True,VAPI,True,high,The InfiniHost0 device is in a FATAL state and EVAPI_process_local_mad failed with a Local Catastrophic Error.,"{   ""is_anomaly"": true,   ""severity"": ""high"",   ""root_cause"": ""The InfiniHost0 device is in a FATAL state and EVAPI_process_local_mad failed with a Local Catastrophic Error."",   ""remediation"": ""Restart the InfiniHost0 device or investigate the underlying cause of the fatal error."" }",5.348,2030,79,0.0
llama3.1:70b-instruct-q4_K_M,ollama,thunderbird,rag,435,True,VAPI,True,high,InfiniHost0 device is in a FATAL state and EVAPI_process_local_mad failed with a Local Catastrophic Error.,"{   ""is_anomaly"": true,   ""severity"": ""high"",   ""root_cause"": ""InfiniHost0 device is in a FATAL state and EVAPI_process_local_mad failed with a Local Catastrophic Error."",   ""remediation"": ""Restart the InfiniHost0 device or investigate the underlying cause of the fatal error."" }",5.199,1801,78,0.0
llama3.1:70b-instruct-q4_K_M,ollama,thunderbird,rag,436,False,NORMAL,False,low,none,"{   ""is_anomaly"": false,   ""severity"": ""low"",   ""root_cause"": ""none"",   ""remediation"": ""none"" }",2.916,1079,36,0.0
llama3.1:70b-instruct-q4_K_M,ollama,thunderbird,rag,437,False,NORMAL,False,low,none,"{   ""is_anomaly"": false,   ""severity"": ""low"",   ""root_cause"": ""none"",   ""remediation"": ""none"" }",2.468,668,36,0.0
llama3.1:70b-instruct-q4_K_M,ollama,thunderbird,rag,438,False,NORMAL,False,low,none,"{   ""is_anomaly"": false,   ""severity"": ""low"",   ""root_cause"": ""none"",   ""remediation"": ""none"" }",2.209,517,36,0.0
llama3.1:70b-instruct-q4_K_M,ollama,thunderbird,rag,439,False,NORMAL,False,low,none,"{   ""is_anomaly"": false,   ""severity"": ""low"",   ""root_cause"": ""none"",   ""remediation"": ""none"" }",2.157,586,36,0.0
llama3.1:70b-instruct-q4_K_M,ollama,thunderbird,rag,440,True,VAPI,True,high,EVAPI_process_local_mad failed with a fatal error (Local Catastrophic Error) due to unresponsive Thunderbird datasources.,"{   ""is_anomaly"": true,   ""severity"": ""high"",   ""root_cause"": ""EVAPI_process_local_mad failed with a fatal error (Local Catastrophic Error) due to unresponsive Thunderbird datasources."",   ""remediation"": ""Investigate and restart the affected Thunderbird datasources or check for underlying network connectivity issues."" }",4.037,949,77,0.0
llama3.1:70b-instruct-q4_K_M,ollama,thunderbird,rag,441,False,NORMAL,False,low,none,"{   ""is_anomaly"": false,   ""severity"": ""low"",   ""root_cause"": ""none"",   ""remediation"": ""none"" }",2.794,1052,36,0.0
llama3.1:70b-instruct-q4_K_M,ollama,thunderbird,rag,442,True,VAPI,True,high,EVAPI_process_local_mad failed with a fatal error due to local catastrophic error in InfiniHost0.,"{   ""is_anomaly"": true,   ""severity"": ""high"",   ""root_cause"": ""EVAPI_process_local_mad failed with a fatal error due to local catastrophic error in InfiniHost0."",   ""remediation"": ""Restart the InfiniHost0 device and reconfigure the ports to resolve the issue."" }",4.448,1462,73,0.0
llama3.1:70b-instruct-q4_K_M,ollama,thunderbird,rag,443,True,VAPI,True,high,The InfiniHost0 device is in a FATAL state due to repeated failures of EVAPI_process_local_mad and mad_process.,"{   ""is_anomaly"": true,   ""severity"": ""high"",   ""root_cause"": ""The InfiniHost0 device is in a FATAL state due to repeated failures of EVAPI_process_local_mad and mad_process."",   ""remediation"": ""Restart the InfiniHost0 device or investigate and resolve the underlying cause of the Local Catastrophic Error."" }",5.306,1864,83,0.0
llama3.1:70b-instruct-q4_K_M,ollama,thunderbird,rag,444,True,VAPI,True,high,The InfiniHost0 device is in a fatal state due to repeated failures of EVAPI_process_local_mad and XHH_hob_process_local_mad.,"{   ""is_anomaly"": true,   ""severity"": ""high"",   ""root_cause"": ""The InfiniHost0 device is in a fatal state due to repeated failures of EVAPI_process_local_mad and XHH_hob_process_local_mad."",   ""remediation"": ""Restart the InfiniHost0 device or investigate and resolve the underlying cause of the local MAD process failures."" }",4.31,1740,87,0.0
llama3.1:70b-instruct-q4_K_M,ollama,thunderbird,rag,445,True,VAPI,True,high,"Multiple Thunderbird datasources failed to respond, indicating a potential issue with the InfiniHost0 connection.","{   ""is_anomaly"": true,   ""severity"": ""high"",   ""root_cause"": ""Multiple Thunderbird datasources failed to respond, indicating a potential issue with the InfiniHost0 connection."",   ""remediation"": ""Investigate and restart the affected Thunderbird datasources or check the network connectivity between InfiniHost0 and the datasources."" }",4.409,949,80,0.0
llama3.1:70b-instruct-q4_K_M,ollama,thunderbird,rag,446,True,VAPI,True,high,The InfiniHost0 device encountered a fatal error (Local Catastrophic Error) while processing local MAD requests.,"{   ""is_anomaly"": true,   ""severity"": ""high"",   ""root_cause"": ""The InfiniHost0 device encountered a fatal error (Local Catastrophic Error) while processing local MAD requests."",   ""remediation"": ""Restart the InfiniHost0 device and verify its configuration to resolve the issue."" }",4.322,1427,73,0.0
llama3.1:70b-instruct-q4_K_M,ollama,thunderbird,rag,447,False,NORMAL,False,low,none,"{   ""is_anomaly"": false,   ""severity"": ""low"",   ""root_cause"": ""none"",   ""remediation"": ""none"" }",2.382,498,36,0.0
llama3.1:70b-instruct-q4_K_M,ollama,thunderbird,rag,448,False,NORMAL,False,low,none,"{   ""is_anomaly"": false,   ""severity"": ""low"",   ""root_cause"": ""none"",   ""remediation"": ""none"" }",2.316,626,36,0.0
llama3.1:70b-instruct-q4_K_M,ollama,thunderbird,rag,449,True,VAPI,True,high,InfiniHost0 experienced a fatal error (Local Catastrophic Error) due to EVAPI_process_local_mad failure.,"{   ""is_anomaly"": true,   ""severity"": ""high"",   ""root_cause"": ""InfiniHost0 experienced a fatal error (Local Catastrophic Error) due to EVAPI_process_local_mad failure."",   ""remediation"": ""Restart the InfiniHost0 device and investigate potential issues with the Thunderbird_B2 and Thunderbird_B4 datasources."" }",4.461,1142,84,0.0
llama3.1:70b-instruct-q4_K_M,ollama,openstack,rag,450,True,ANOMALY,True,medium,A sudden increase in request latency was observed for GET /v2/54fadb412c4e40cdbaed9335e4c35a9e/servers/detail requests.,"{   ""is_anomaly"": true,   ""severity"": ""medium"",   ""root_cause"": ""A sudden increase in request latency was observed for GET /v2/54fadb412c4e40cdbaed9335e4c35a9e/servers/detail requests."",   ""remediation"": ""Investigate and optimize the server or database to reduce response times."" }",7.002,3792,83,0.0
llama3.1:70b-instruct-q4_K_M,ollama,openstack,rag,451,True,ANOMALY,False,low,none,"{   ""is_anomaly"": false,   ""severity"": ""low"",   ""root_cause"": ""none"",   ""remediation"": ""none"" }",5.513,3513,36,0.0
llama3.1:70b-instruct-q4_K_M,ollama,openstack,rag,452,False,NORMAL,False,low,none,"{   ""is_anomaly"": false,   ""severity"": ""low"",   ""root_cause"": ""none"",   ""remediation"": ""none"" }",5.438,3452,36,0.0
llama3.1:70b-instruct-q4_K_M,ollama,openstack,rag,453,True,ANOMALY,True,medium,Instance network deallocation took an unusually long time.,"{   ""is_anomaly"": true,   ""severity"": ""medium"",   ""root_cause"": ""Instance network deallocation took an unusually long time."",   ""remediation"": ""Investigate and optimize instance network deallocation process."" }",5.507,2946,52,0.0
llama3.1:70b-instruct-q4_K_M,ollama,openstack,rag,454,False,NORMAL,True,medium,"Instance lifecycle events are not following the expected sequence, with a VM being started and then immediately paused.","{   ""is_anomaly"": true,   ""severity"": ""medium"",   ""root_cause"": ""Instance lifecycle events are not following the expected sequence, with a VM being started and then immediately paused."",   ""remediation"": ""Investigate why the instance is being paused shortly after starting and adjust the configuration or code as needed to resolve the issue."" }",6.594,3200,76,0.0
llama3.1:70b-instruct-q4_K_M,ollama,openstack,rag,455,False,NORMAL,False,low,none,"{   ""is_anomaly"": false,   ""severity"": ""low"",   ""root_cause"": ""none"",   ""remediation"": ""none"" }",5.391,3484,36,0.0
llama3.1:70b-instruct-q4_K_M,ollama,openstack,rag,456,False,NORMAL,False,low,none,"{   ""is_anomaly"": false,   ""severity"": ""low"",   ""root_cause"": ""none"",   ""remediation"": ""none"" }",5.457,3522,36,0.0
llama3.1:70b-instruct-q4_K_M,ollama,openstack,rag,457,False,NORMAL,False,low,none,"{   ""is_anomaly"": false,   ""severity"": ""low"",   ""root_cause"": ""none"",   ""remediation"": ""none"" }",4.855,2798,36,0.0
llama3.1:70b-instruct-q4_K_M,ollama,openstack,rag,458,False,NORMAL,True,low,Unusual pattern of metadata requests from a single IP address within a short time frame.,"{   ""is_anomaly"": true,   ""severity"": ""low"",   ""root_cause"": ""Unusual pattern of metadata requests from a single IP address within a short time frame."",   ""remediation"": ""Investigate the source of the requests and consider rate limiting or blocking if malicious activity is suspected."" }",5.809,2578,68,0.0
llama3.1:70b-instruct-q4_K_M,ollama,openstack,rag,459,True,ANOMALY,True,medium,An instance creation operation was initiated unexpectedly.,"{   ""is_anomaly"": true,   ""severity"": ""medium"",   ""root_cause"": ""An instance creation operation was initiated unexpectedly."",   ""remediation"": ""Verify the legitimacy of the instance creation request and investigate potential security breaches."" }",5.857,3560,54,0.0
llama3.1:70b-instruct-q4_K_M,ollama,openstack,rag,460,True,ANOMALY,True,medium,Insufficient memory resources to fulfill instance claim request.,"{   ""is_anomaly"": true,   ""severity"": ""medium"",   ""root_cause"": ""Insufficient memory resources to fulfill instance claim request."",   ""remediation"": ""Increase available memory resources on node cp-1.slowvm1.tcloud-pg0.utah.cloudlab.us."" }",6.306,3146,66,0.0
llama3.1:70b-instruct-q4_K_M,ollama,openstack,rag,461,False,NORMAL,True,low,A VM was stopped unexpectedly.,"{   ""is_anomaly"": true,   ""severity"": ""low"",   ""root_cause"": ""A VM was stopped unexpectedly."",   ""remediation"": ""Investigate the reason for the unexpected stop and restart the VM if necessary."" }",5.778,3200,53,0.0
llama3.1:70b-instruct-q4_K_M,ollama,openstack,rag,462,True,ANOMALY,False,low,none,"{   ""is_anomaly"": false,   ""severity"": ""low"",   ""root_cause"": ""none"",   ""remediation"": ""none"" }",5.39,3517,36,0.0
llama3.1:70b-instruct-q4_K_M,ollama,openstack,rag,463,True,ANOMALY,False,low,none,"{   ""is_anomaly"": false,   ""severity"": ""low"",   ""root_cause"": ""none"",   ""remediation"": ""none"" }",5.254,3348,36,0.0
llama3.1:70b-instruct-q4_K_M,ollama,openstack,rag,464,True,ANOMALY,True,low,Excessive repeated GET requests to /v2/54fadb412c4e40cdbaed9335e4c35a9e/servers/detail endpoint within a short time frame.,"{   ""is_anomaly"": true,   ""severity"": ""low"",   ""root_cause"": ""Excessive repeated GET requests to /v2/54fadb412c4e40cdbaed9335e4c35a9e/servers/detail endpoint within a short time frame."",   ""remediation"": ""Investigate and potentially rate-limit or block the source IP address 10.11.10.1."" }",7.834,3792,92,0.0
llama3.1:70b-instruct-q4_K_M,ollama,openstack,rag,465,False,NORMAL,False,low,none,"{   ""is_anomaly"": false,   ""severity"": ""low"",   ""root_cause"": ""none"",   ""remediation"": ""none"" }",5.383,3233,36,0.0
llama3.1:70b-instruct-q4_K_M,ollama,openstack,rag,466,True,ANOMALY,False,low,none,"{   ""is_anomaly"": false,   ""severity"": ""low"",   ""root_cause"": ""none"",   ""remediation"": ""none"" }",5.235,3348,36,0.0
llama3.1:70b-instruct-q4_K_M,ollama,openstack,rag,467,True,ANOMALY,False,low,none,"{   ""is_anomaly"": false,   ""severity"": ""low"",   ""root_cause"": ""none"",   ""remediation"": ""none"" }",5.416,3526,36,0.0
llama3.1:70b-instruct-q4_K_M,ollama,openstack,rag,468,True,ANOMALY,False,low,none,"{   ""is_anomaly"": false,   ""severity"": ""low"",   ""root_cause"": ""none"",   ""remediation"": ""none"" }",5.45,3497,36,0.0
llama3.1:70b-instruct-q4_K_M,ollama,openstack,rag,469,True,ANOMALY,True,medium,"Image cache checking and active base file updates occurred multiple times in a short period, indicating potential issues with image management.","{   ""is_anomaly"": true,   ""severity"": ""medium"",   ""root_cause"": ""Image cache checking and active base file updates occurred multiple times in a short period, indicating potential issues with image management."",   ""remediation"": ""Investigate and resolve any underlying issues with image storage or caching to prevent further anomalies."" }",6.3,2946,72,0.0
llama3.1:70b-instruct-q4_K_M,ollama,openstack,rag,470,False,NORMAL,False,low,none,"{   ""is_anomaly"": false,   ""severity"": ""low"",   ""root_cause"": ""none"",   ""remediation"": ""none"" }",5.399,3554,36,0.0
llama3.1:70b-instruct-q4_K_M,ollama,openstack,rag,471,True,ANOMALY,True,low,Instance claim attempt with insufficient resources (memory and disk),"{   ""is_anomaly"": true,   ""severity"": ""low"",   ""root_cause"": ""Instance claim attempt with insufficient resources (memory and disk)"",   ""remediation"": ""Verify instance resource allocation and adjust as necessary to prevent claim failures."" }",6.281,3554,56,0.0
llama3.1:70b-instruct-q4_K_M,ollama,openstack,rag,472,False,NORMAL,True,medium,"A DELETE request was made to the server without a corresponding GET request for user_data, indicating a potential issue with instance deletion.","{   ""is_anomaly"": true,   ""severity"": ""medium"",   ""root_cause"": ""A DELETE request was made to the server without a corresponding GET request for user_data, indicating a potential issue with instance deletion."",   ""remediation"": ""Verify that the instance deletion process is functioning correctly and investigate any discrepancies in the logs."" }",6.154,2639,74,0.0
llama3.1:70b-instruct-q4_K_M,ollama,openstack,rag,473,True,ANOMALY,True,low,Unknown base file in libvirt image cache.,"{   ""is_anomaly"": true,   ""severity"": ""low"",   ""root_cause"": ""Unknown base file in libvirt image cache."",   ""remediation"": ""Check the existence and permissions of the base file /var/lib/nova/instances/_base/a489c868f0c37da93b76227c91bb03908ac0e742."" }",6.899,3409,82,0.0
llama3.1:70b-instruct-q4_K_M,ollama,openstack,rag,474,False,NORMAL,False,low,none,"{   ""is_anomaly"": false,   ""severity"": ""low"",   ""root_cause"": ""none"",   ""remediation"": ""none"" }",5.44,3510,36,0.0
llama3.1:70b-instruct-q4_K_M,ollama,openstack,rag,475,True,ANOMALY,False,low,none,"{   ""is_anomaly"": false,   ""severity"": ""low"",   ""root_cause"": ""none"",   ""remediation"": ""none"" }",4.731,2698,36,0.0
llama3.1:70b-instruct-q4_K_M,ollama,openstack,rag,476,True,ANOMALY,False,low,none,"{   ""is_anomaly"": false,   ""severity"": ""low"",   ""root_cause"": ""none"",   ""remediation"": ""none"" }",4.991,3194,36,0.0
llama3.1:70b-instruct-q4_K_M,ollama,openstack,rag,477,False,NORMAL,False,low,none,"{   ""is_anomaly"": false,   ""severity"": ""low"",   ""root_cause"": ""none"",   ""remediation"": ""none"" }",4.765,2895,36,0.0
llama3.1:70b-instruct-q4_K_M,ollama,openstack,rag,478,False,NORMAL,False,low,none,"{   ""is_anomaly"": false,   ""severity"": ""low"",   ""root_cause"": ""none"",   ""remediation"": ""none"" }",5.072,3225,36,0.0
llama3.1:70b-instruct-q4_K_M,ollama,openstack,rag,479,True,ANOMALY,False,low,none,"{   ""is_anomaly"": false,   ""severity"": ""low"",   ""root_cause"": ""none"",   ""remediation"": ""none"" }",4.779,2779,36,0.0
llama3.1:70b-instruct-q4_K_M,ollama,openstack,rag,480,True,ANOMALY,True,low,Excessive GET requests to /v2/54fadb412c4e40cdbaed9335e4c35a9e/servers/detail endpoint within a short time frame.,"{   ""is_anomaly"": true,   ""severity"": ""low"",   ""root_cause"": ""Excessive GET requests to /v2/54fadb412c4e40cdbaed9335e4c35a9e/servers/detail endpoint within a short time frame."",   ""remediation"": ""Investigate and potentially rate-limit or block the source IP address making these requests."" }",7.212,3496,86,0.0
llama3.1:70b-instruct-q4_K_M,ollama,openstack,rag,481,True,ANOMALY,True,low,"The system is experiencing a high volume of GET requests to the nova-api server, potentially indicating an overload or misconfiguration.","{   ""is_anomaly"": true,   ""severity"": ""low"",   ""root_cause"": ""The system is experiencing a high volume of GET requests to the nova-api server, potentially indicating an overload or misconfiguration."",   ""remediation"": ""none"" }",6.011,3265,58,0.0
llama3.1:70b-instruct-q4_K_M,ollama,openstack,rag,482,True,ANOMALY,False,low,none,"{   ""is_anomaly"": false,   ""severity"": ""low"",   ""root_cause"": ""none"",   ""remediation"": ""none"" }",5.052,3096,36,0.0
llama3.1:70b-instruct-q4_K_M,ollama,openstack,rag,483,True,ANOMALY,True,low,"Instance b3306d6a-02f7-42c2-94d4-21b7e08391ee attempted to claim excessive resources, indicating a potential misconfiguration or resource leak.","{   ""is_anomaly"": true,   ""severity"": ""low"",   ""root_cause"": ""Instance b3306d6a-02f7-42c2-94d4-21b7e08391ee attempted to claim excessive resources, indicating a potential misconfiguration or resource leak."",   ""remediation"": ""Verify instance configuration and adjust resource allocation as needed."" }",7.228,3542,84,0.0
llama3.1:70b-instruct-q4_K_M,ollama,openstack,rag,484,True,ANOMALY,False,low,none,"{   ""is_anomaly"": false,   ""severity"": ""low"",   ""root_cause"": ""none"",   ""remediation"": ""none"" }",5.062,3054,36,0.0
llama3.1:70b-instruct-q4_K_M,ollama,openstack,rag,485,False,NORMAL,False,low,none,"{   ""is_anomaly"": false,   ""severity"": ""low"",   ""root_cause"": ""none"",   ""remediation"": ""none"" }",5.258,3452,36,0.0
llama3.1:70b-instruct-q4_K_M,ollama,openstack,rag,486,False,NORMAL,False,low,none,"{   ""is_anomaly"": false,   ""severity"": ""low"",   ""root_cause"": ""none"",   ""remediation"": ""none"" }",5.454,3415,36,0.0
llama3.1:70b-instruct-q4_K_M,ollama,openstack,rag,487,False,NORMAL,False,low,none,"{   ""is_anomaly"": false,   ""severity"": ""low"",   ""root_cause"": ""none"",   ""remediation"": ""none"" }",4.784,2785,36,0.0
llama3.1:70b-instruct-q4_K_M,ollama,openstack,rag,488,False,NORMAL,False,low,none,"{   ""is_anomaly"": false,   ""severity"": ""low"",   ""root_cause"": ""none"",   ""remediation"": ""none"" }",4.885,3058,36,0.0
llama3.1:70b-instruct-q4_K_M,ollama,openstack,rag,489,True,ANOMALY,True,low,An unexpected image cache check occurred on the compute node.,"{   ""is_anomaly"": true,   ""severity"": ""low"",   ""root_cause"": ""An unexpected image cache check occurred on the compute node."",   ""remediation"": ""Verify that the image cache is properly configured and up-to-date."" }",5.607,3034,56,0.0
llama3.1:70b-instruct-q4_K_M,ollama,openstack,rag,490,False,NORMAL,False,low,none,"{   ""is_anomaly"": false,   ""severity"": ""low"",   ""root_cause"": ""none"",   ""remediation"": ""none"" }",5.196,3379,36,0.0
llama3.1:70b-instruct-q4_K_M,ollama,openstack,rag,491,True,ANOMALY,False,low,none,"{   ""is_anomaly"": false,   ""severity"": ""low"",   ""root_cause"": ""none"",   ""remediation"": ""none"" }",5.58,3747,36,0.0
llama3.1:70b-instruct-q4_K_M,ollama,openstack,rag,492,True,ANOMALY,True,low,Excessive repeated GET requests to /v2/54fadb412c4e40cdbaed9335e4c35a9e/servers/detail endpoint within a short time frame.,"{   ""is_anomaly"": true,   ""severity"": ""low"",   ""root_cause"": ""Excessive repeated GET requests to /v2/54fadb412c4e40cdbaed9335e4c35a9e/servers/detail endpoint within a short time frame."",   ""remediation"": ""Investigate and potentially rate-limit or block the source IP address 10.11.10.1."" }",7.803,3596,92,0.0
llama3.1:70b-instruct-q4_K_M,ollama,openstack,rag,493,True,ANOMALY,False,low,none,"{   ""is_anomaly"": false,   ""severity"": ""low"",   ""root_cause"": ""none"",   ""remediation"": ""none"" }",5.24,3247,36,0.0
llama3.1:70b-instruct-q4_K_M,ollama,openstack,rag,494,False,NORMAL,False,low,none,"{   ""is_anomaly"": false,   ""severity"": ""low"",   ""root_cause"": ""none"",   ""remediation"": ""none"" }",5.257,3299,36,0.0
llama3.1:70b-instruct-q4_K_M,ollama,openstack,rag,495,False,NORMAL,False,low,none,"{   ""is_anomaly"": false,   ""severity"": ""low"",   ""root_cause"": ""none"",   ""remediation"": ""none"" }",5.332,3528,36,0.0
llama3.1:70b-instruct-q4_K_M,ollama,openstack,rag,496,False,NORMAL,False,low,none,"{   ""is_anomaly"": false,   ""severity"": ""low"",   ""root_cause"": ""none"",   ""remediation"": ""none"" }",5.534,3659,36,0.0
llama3.1:70b-instruct-q4_K_M,ollama,openstack,rag,497,True,ANOMALY,True,medium,"Instance c2e493b9-a0f5-4a51-8a5e-90a38c78ab05 was started and then immediately paused, indicating a potential issue with the instance's lifecycle.","{   ""is_anomaly"": true,   ""severity"": ""medium"",   ""root_cause"": ""Instance c2e493b9-a0f5-4a51-8a5e-90a38c78ab05 was started and then immediately paused, indicating a potential issue with the instance's lifecycle."",   ""remediation"": ""Investigate the instance's configuration and recent activity to determine the cause of the unexpected pause."" }",7.297,3096,95,0.0
llama3.1:70b-instruct-q4_K_M,ollama,openstack,rag,498,True,ANOMALY,True,low,"The image cache is being checked and active base files are reported, but the API requests are for metadata instead of server details.","{   ""is_anomaly"": true,   ""severity"": ""low"",   ""root_cause"": ""The image cache is being checked and active base files are reported, but the API requests are for metadata instead of server details."",   ""remediation"": ""none"" }",5.913,3122,59,0.0
llama3.1:70b-instruct-q4_K_M,ollama,openstack,rag,499,True,ANOMALY,True,medium,"Unknown base file /var/lib/nova/instances/_base/a489c868f0c37da93b76227c91bb03908ac0e742 was detected and removed, potentially causing issues with instance creation.","{   ""is_anomaly"": true,   ""severity"": ""medium"",   ""root_cause"": ""Unknown base file /var/lib/nova/instances/_base/a489c868f0c37da93b76227c91bb03908ac0e742 was detected and removed, potentially causing issues with instance creation."",   ""remediation"": ""Verify the existence and integrity of the base image file and ensure it is properly registered in the Nova database."" }",7.132,2893,99,0.0
llama3.1:70b-instruct-q4_K_M,ollama,openstack,rag,500,True,ANOMALY,True,medium,Instance termination request was made without proper authorization or validation.,"{   ""is_anomaly"": true,   ""severity"": ""medium"",   ""root_cause"": ""Instance termination request was made without proper authorization or validation."",   ""remediation"": ""Verify the authenticity of the termination request and ensure that only authorized users can initiate instance deletion."" }",5.687,2801,61,0.0
llama3.1:70b-instruct-q4_K_M,ollama,openstack,rag,501,False,NORMAL,True,low,Instance resource utilization is not being tracked due to missing limits for disk and vcpu.,"{   ""is_anomaly"": true,   ""severity"": ""low"",   ""root_cause"": ""Instance resource utilization is not being tracked due to missing limits for disk and vcpu."",   ""remediation"": ""Set explicit limits for disk and vcpu in the instance configuration."" }",6.084,3354,62,0.0
llama3.1:70b-instruct-q4_K_M,ollama,openstack,rag,502,False,NORMAL,False,low,none,"{   ""is_anomaly"": false,   ""severity"": ""low"",   ""root_cause"": ""none"",   ""remediation"": ""none"" }",5.655,3659,36,0.0
llama3.1:70b-instruct-q4_K_M,ollama,openstack,rag,503,True,ANOMALY,False,low,none,"{   ""is_anomaly"": false,   ""severity"": ""low"",   ""root_cause"": ""none"",   ""remediation"": ""none"" }",4.956,2963,36,0.0
llama3.1:70b-instruct-q4_K_M,ollama,openstack,rag,504,True,ANOMALY,True,low,Unknown base file was removed without being marked as removable.,"{   ""is_anomaly"": true,   ""severity"": ""low"",   ""root_cause"": ""Unknown base file was removed without being marked as removable."",   ""remediation"": ""Verify the image cache configuration and ensure that the base file is properly marked as removable."" }",5.617,2893,60,0.0
llama3.1:70b-instruct-q4_K_M,ollama,openstack,rag,505,True,ANOMALY,False,low,none,"{   ""is_anomaly"": false,   ""severity"": ""low"",   ""root_cause"": ""none"",   ""remediation"": ""none"" }",4.681,2779,36,0.0
llama3.1:70b-instruct-q4_K_M,ollama,openstack,rag,506,False,NORMAL,False,low,none,"{   ""is_anomaly"": false,   ""severity"": ""low"",   ""root_cause"": ""none"",   ""remediation"": ""none"" }",4.722,2846,36,0.0
llama3.1:70b-instruct-q4_K_M,ollama,openstack,rag,507,True,ANOMALY,False,low,none,"{   ""is_anomaly"": false,   ""severity"": ""low"",   ""root_cause"": ""none"",   ""remediation"": ""none"" }",4.761,2918,36,0.0
llama3.1:70b-instruct-q4_K_M,ollama,openstack,rag,508,False,NORMAL,False,low,none,"{   ""is_anomaly"": false,   ""severity"": ""low"",   ""root_cause"": ""none"",   ""remediation"": ""none"" }",4.834,2903,36,0.0
llama3.1:70b-instruct-q4_K_M,ollama,openstack,rag,509,True,ANOMALY,True,medium,Instance ae651dff-c7ad-43d6-ac96-bbcd820ccca8 was paused unexpectedly during a pending task (spawning).,"{   ""is_anomaly"": true,   ""severity"": ""medium"",   ""root_cause"": ""Instance ae651dff-c7ad-43d6-ac96-bbcd820ccca8 was paused unexpectedly during a pending task (spawning)."",   ""remediation"": ""Investigate and resolve the cause of the unexpected pause, then resume the instance."" }",6.524,3095,79,0.0
llama3.1:70b-instruct-q4_K_M,ollama,openstack,rag,510,True,ANOMALY,True,low,Excessive repeated GET requests to /v2/54fadb412c4e40cdbaed9335e4c35a9e/servers/detail endpoint within a short time frame.,"{   ""is_anomaly"": true,   ""severity"": ""low"",   ""root_cause"": ""Excessive repeated GET requests to /v2/54fadb412c4e40cdbaed9335e4c35a9e/servers/detail endpoint within a short time frame."",   ""remediation"": ""Investigate and block or rate-limit the source IP address 10.11.10.1 if it is not a legitimate request."" }",7.861,3601,98,0.0
llama3.1:70b-instruct-q4_K_M,ollama,openstack,rag,511,False,NORMAL,False,low,none,"{   ""is_anomaly"": false,   ""severity"": ""low"",   ""root_cause"": ""none"",   ""remediation"": ""none"" }",5.621,3666,36,0.0
llama3.1:70b-instruct-q4_K_M,ollama,openstack,rag,512,False,NORMAL,False,low,none,"{   ""is_anomaly"": false,   ""severity"": ""low"",   ""root_cause"": ""none"",   ""remediation"": ""none"" }",4.899,2859,36,0.0
llama3.1:70b-instruct-q4_K_M,ollama,openstack,rag,513,True,ANOMALY,False,low,none,"{   ""is_anomaly"": false,   ""severity"": ""low"",   ""root_cause"": ""none"",   ""remediation"": ""none"" }",4.966,3083,36,0.0
llama3.1:70b-instruct-q4_K_M,ollama,openstack,rag,514,False,NORMAL,False,low,none,"{   ""is_anomaly"": false,   ""severity"": ""low"",   ""root_cause"": ""none"",   ""remediation"": ""none"" }",4.975,3058,36,0.0
llama3.1:70b-instruct-q4_K_M,ollama,openstack,rag,515,True,ANOMALY,False,low,none,"{   ""is_anomaly"": false,   ""severity"": ""low"",   ""root_cause"": ""none"",   ""remediation"": ""none"" }",5.063,3219,36,0.0
llama3.1:70b-instruct-q4_K_M,ollama,openstack,rag,516,False,NORMAL,False,low,none,"{   ""is_anomaly"": false,   ""severity"": ""low"",   ""root_cause"": ""none"",   ""remediation"": ""none"" }",5.498,3688,36,0.0
llama3.1:70b-instruct-q4_K_M,ollama,openstack,rag,517,True,ANOMALY,True,low,Instance resource utilization is not being tracked correctly due to missing limits for disk and vcpu.,"{   ""is_anomaly"": true,   ""severity"": ""low"",   ""root_cause"": ""Instance resource utilization is not being tracked correctly due to missing limits for disk and vcpu."",   ""remediation"": ""Review instance configuration and set appropriate limits for disk and vcpu."" }",6.482,3348,63,0.0
llama3.1:70b-instruct-q4_K_M,ollama,openstack,rag,518,False,NORMAL,True,medium,"An instance was not found for an event, resulting in a 404 error.","{   ""is_anomaly"": true,   ""severity"": ""medium"",   ""root_cause"": ""An instance was not found for an event, resulting in a 404 error."",   ""remediation"": ""Verify the instance ID and retry the request."" }",5.922,3200,57,0.0
llama3.1:70b-instruct-q4_K_M,ollama,openstack,rag,519,False,NORMAL,False,low,none,"{   ""is_anomaly"": false,   ""severity"": ""low"",   ""root_cause"": ""none"",   ""remediation"": ""none"" }",4.924,2953,36,0.0
llama3.1:70b-instruct-q4_K_M,ollama,openstack,rag,520,False,NORMAL,False,low,none,"{   ""is_anomaly"": false,   ""severity"": ""low"",   ""root_cause"": ""none"",   ""remediation"": ""none"" }",5.113,3374,36,0.0
llama3.1:70b-instruct-q4_K_M,ollama,openstack,rag,521,False,NORMAL,False,low,none,"{   ""is_anomaly"": false,   ""severity"": ""low"",   ""root_cause"": ""none"",   ""remediation"": ""none"" }",5.19,3158,36,0.0
llama3.1:70b-instruct-q4_K_M,ollama,openstack,rag,522,True,ANOMALY,False,low,none,"{   ""is_anomaly"": false,   ""severity"": ""low"",   ""root_cause"": ""none"",   ""remediation"": ""none"" }",5.352,3497,36,0.0
llama3.1:70b-instruct-q4_K_M,ollama,openstack,rag,523,False,NORMAL,True,low,Image cache checking and active base file reporting occurred unexpectedly during API requests.,"{   ""is_anomaly"": true,   ""severity"": ""low"",   ""root_cause"": ""Image cache checking and active base file reporting occurred unexpectedly during API requests."",   ""remediation"": ""Verify that image caching is properly configured and not causing unnecessary load on the system."" }",6.325,3426,62,0.0
llama3.1:70b-instruct-q4_K_M,ollama,openstack,rag,524,False,NORMAL,False,low,none,"{   ""is_anomaly"": false,   ""severity"": ""low"",   ""root_cause"": ""none"",   ""remediation"": ""none"" }",5.368,3381,36,0.0
llama3.1:70b-instruct-q4_K_M,ollama,openstack,rag,525,True,ANOMALY,True,medium,An instance was terminated unexpectedly due to a DELETE request.,"{   ""is_anomaly"": true,   ""severity"": ""medium"",   ""root_cause"": ""An instance was terminated unexpectedly due to a DELETE request."",   ""remediation"": ""Investigate the source of the DELETE request and verify that it was intentional."" }",5.721,2920,58,0.0
llama3.1:70b-instruct-q4_K_M,ollama,openstack,rag,526,False,NORMAL,False,low,none,"{   ""is_anomaly"": false,   ""severity"": ""low"",   ""root_cause"": ""none"",   ""remediation"": ""none"" }",4.991,3158,36,0.0
llama3.1:70b-instruct-q4_K_M,ollama,openstack,rag,527,False,NORMAL,True,medium,"An unknown base file was encountered by the libvirt image cache, indicating a potential issue with instance creation or deletion.","{   ""is_anomaly"": true,   ""severity"": ""medium"",   ""root_cause"": ""An unknown base file was encountered by the libvirt image cache, indicating a potential issue with instance creation or deletion."",   ""remediation"": ""Verify the existence and permissions of the base file /var/lib/nova/instances/_base/a489c868f0c37da93b76227c91bb03908ac0e742 and investigate any recent changes to instance management."" ",7.824,3493,104,0.0
llama3.1:70b-instruct-q4_K_M,ollama,openstack,rag,528,True,ANOMALY,False,low,none,"{   ""is_anomaly"": false,   ""severity"": ""low"",   ""root_cause"": ""none"",   ""remediation"": ""none"" }",4.773,2633,36,0.0
llama3.1:70b-instruct-q4_K_M,ollama,openstack,rag,529,True,ANOMALY,True,low,"Image cache checking and active base file updates occurred in close proximity to API requests, indicating potential resource contention.","{   ""is_anomaly"": true,   ""severity"": ""low"",   ""root_cause"": ""Image cache checking and active base file updates occurred in close proximity to API requests, indicating potential resource contention."",   ""remediation"": ""Monitor system resources and adjust image caching settings as needed to prevent performance degradation."" }",6.134,3246,68,0.0
llama3.1:70b-instruct-q4_K_M,ollama,openstack,rag,530,False,NORMAL,False,low,none,"{   ""is_anomaly"": false,   ""severity"": ""low"",   ""root_cause"": ""none"",   ""remediation"": ""none"" }",4.776,2785,36,0.0
llama3.1:70b-instruct-q4_K_M,ollama,openstack,rag,531,False,NORMAL,False,low,none,"{   ""is_anomaly"": false,   ""severity"": ""low"",   ""root_cause"": ""none"",   ""remediation"": ""none"" }",5.091,3236,36,0.0
llama3.1:70b-instruct-q4_K_M,ollama,openstack,rag,532,True,ANOMALY,False,low,none,"{   ""is_anomaly"": false,   ""severity"": ""low"",   ""root_cause"": ""none"",   ""remediation"": ""none"" }",5.052,3131,36,0.0
llama3.1:70b-instruct-q4_K_M,ollama,openstack,rag,533,True,ANOMALY,False,low,none,"{   ""is_anomaly"": false,   ""severity"": ""low"",   ""root_cause"": ""none"",   ""remediation"": ""none"" }",5.35,3539,36,0.0
llama3.1:70b-instruct-q4_K_M,ollama,openstack,rag,534,True,ANOMALY,False,low,none,"{   ""is_anomaly"": false,   ""severity"": ""low"",   ""root_cause"": ""none"",   ""remediation"": ""none"" }",4.969,2998,36,0.0
llama3.1:70b-instruct-q4_K_M,ollama,openstack,rag,535,True,ANOMALY,True,medium,An instance was terminated unexpectedly due to a DELETE request.,"{   ""is_anomaly"": true,   ""severity"": ""medium"",   ""root_cause"": ""An instance was terminated unexpectedly due to a DELETE request."",   ""remediation"": ""Investigate the source of the DELETE request and verify that it was intentional."" }",5.595,2920,58,0.0
llama3.1:70b-instruct-q4_K_M,ollama,openstack,rag,536,True,ANOMALY,True,low,Instance claim attempt with insufficient resources.,"{   ""is_anomaly"": true,   ""severity"": ""low"",   ""root_cause"": ""Instance claim attempt with insufficient resources."",   ""remediation"": ""Verify instance resource allocation and adjust as necessary."" }",5.812,3555,48,0.0
llama3.1:70b-instruct-q4_K_M,ollama,openstack,rag,537,True,ANOMALY,False,low,none,"{   ""is_anomaly"": false,   ""severity"": ""low"",   ""root_cause"": ""none"",   ""remediation"": ""none"" }",4.857,2897,36,0.0
llama3.1:70b-instruct-q4_K_M,ollama,openstack,rag,538,False,NORMAL,False,low,none,"{   ""is_anomaly"": false,   ""severity"": ""low"",   ""root_cause"": ""none"",   ""remediation"": ""none"" }",4.949,3158,36,0.0
llama3.1:70b-instruct-q4_K_M,ollama,openstack,rag,539,False,NORMAL,False,low,none,"{   ""is_anomaly"": false,   ""severity"": ""low"",   ""root_cause"": ""none"",   ""remediation"": ""none"" }",4.814,2866,36,0.0
llama3.1:70b-instruct-q4_K_M,ollama,openstack,rag,540,True,ANOMALY,True,low,Instance was destroyed and deleted without a clear reason or user request.,"{   ""is_anomaly"": true,   ""severity"": ""low"",   ""root_cause"": ""Instance was destroyed and deleted without a clear reason or user request."",   ""remediation"": ""Investigate the cause of the instance deletion and ensure it was intentional, otherwise restore the instance from backup if necessary."" }",6.309,3242,68,0.0
llama3.1:70b-instruct-q4_K_M,ollama,openstack,rag,541,False,NORMAL,True,low,Image cache checking occurred twice in a short period with no apparent changes to instance storage.,"{   ""is_anomaly"": true,   ""severity"": ""low"",   ""root_cause"": ""Image cache checking occurred twice in a short period with no apparent changes to instance storage."",   ""remediation"": ""Verify that the image cache is properly configured and consider increasing the cache expiration time."" }",6.155,3167,65,0.0
llama3.1:70b-instruct-q4_K_M,ollama,openstack,rag,542,False,NORMAL,False,low,none,"{   ""is_anomaly"": false,   ""severity"": ""low"",   ""root_cause"": ""none"",   ""remediation"": ""none"" }",5.292,3420,36,0.0
llama3.1:70b-instruct-q4_K_M,ollama,openstack,rag,543,True,ANOMALY,False,low,none,"{   ""is_anomaly"": false,   ""severity"": ""low"",   ""root_cause"": ""none"",   ""remediation"": ""none"" }",4.615,3152,36,0.0
llama3.1:70b-instruct-q4_K_M,ollama,openstack,rag,544,False,NORMAL,True,low,Instance spawning took longer than expected due to resource auditing and external event creation.,"{   ""is_anomaly"": true,   ""severity"": ""low"",   ""root_cause"": ""Instance spawning took longer than expected due to resource auditing and external event creation."",   ""remediation"": ""Check compute node resources and optimize instance spawning process."" }",5.675,3040,57,0.0
llama3.1:70b-instruct-q4_K_M,ollama,openstack,rag,545,False,NORMAL,True,low,The system attempted to remove a base file that was too young.,"{   ""is_anomaly"": true,   ""severity"": ""low"",   ""root_cause"": ""The system attempted to remove a base file that was too young."",   ""remediation"": ""Check the image cache configuration and adjust the removal threshold as needed."" }",5.652,2899,58,0.0
llama3.1:70b-instruct-q4_K_M,ollama,openstack,rag,546,False,NORMAL,False,low,none,"{   ""is_anomaly"": false,   ""severity"": ""low"",   ""root_cause"": ""none"",   ""remediation"": ""none"" }",5.415,3647,36,0.0
llama3.1:70b-instruct-q4_K_M,ollama,openstack,rag,547,True,ANOMALY,False,low,none,"{   ""is_anomaly"": false,   ""severity"": ""low"",   ""root_cause"": ""none"",   ""remediation"": ""none"" }",5.412,3475,36,0.0
llama3.1:70b-instruct-q4_K_M,ollama,openstack,rag,548,False,NORMAL,True,medium,Instance was terminated and destroyed unexpectedly.,"{   ""is_anomaly"": true,   ""severity"": ""medium"",   ""root_cause"": ""Instance was terminated and destroyed unexpectedly."",   ""remediation"": ""Investigate the cause of the instance termination and verify that it was intentional."" }",5.726,2969,54,0.0
llama3.1:70b-instruct-q4_K_M,ollama,openstack,rag,549,True,ANOMALY,True,low,Image cache checking and active base file reporting indicate potential instance storage issues.,"{   ""is_anomaly"": true,   ""severity"": ""low"",   ""root_cause"": ""Image cache checking and active base file reporting indicate potential instance storage issues."",   ""remediation"": ""Verify instance storage configuration and check for any disk space or quota issues."" }",5.803,3120,60,0.0
llama3.1:70b-instruct-q4_K_M,ollama,openstack,rag,550,False,NORMAL,True,low,"vcpu limit not specified, defaulting to unlimited","{   ""is_anomaly"": true,   ""severity"": ""low"",   ""root_cause"": ""vcpu limit not specified, defaulting to unlimited"",   ""remediation"": ""Review and adjust vcpu limits for instance 976251d5-57ca-400a-bac4-36fe12e7899e"" }",6.775,3523,74,0.0
llama3.1:70b-instruct-q4_K_M,ollama,openstack,rag,551,False,NORMAL,False,low,none,"{   ""is_anomaly"": false,   ""severity"": ""low"",   ""root_cause"": ""none"",   ""remediation"": ""none"" }",5.443,3426,36,0.0
llama3.1:70b-instruct-q4_K_M,ollama,openstack,rag,552,True,ANOMALY,True,low,Image cache checking and active base file reporting indicate potential image corruption or inconsistency.,"{   ""is_anomaly"": true,   ""severity"": ""low"",   ""root_cause"": ""Image cache checking and active base file reporting indicate potential image corruption or inconsistency."",   ""remediation"": ""Verify the integrity of the image at /var/lib/nova/instances/_base/a489c868f0c37da93b76227c91bb03908ac0e742."" }",7.091,3246,86,0.0
llama3.1:70b-instruct-q4_K_M,ollama,openstack,rag,553,True,ANOMALY,True,low,"nova-compute image cache checking and active base file reporting occurred during API requests, indicating potential resource contention.","{   ""is_anomaly"": true,   ""severity"": ""low"",   ""root_cause"": ""nova-compute image cache checking and active base file reporting occurred during API requests, indicating potential resource contention."",   ""remediation"": ""Verify that nova-compute has sufficient resources to handle concurrent requests."" }",6.477,3459,66,0.0
llama3.1:70b-instruct-q4_K_M,ollama,openstack,rag,554,True,ANOMALY,True,low,An unusual number of GET requests to the /servers/detail endpoint from a single IP address within a short time frame.,"{   ""is_anomaly"": true,   ""severity"": ""low"",   ""root_cause"": ""An unusual number of GET requests to the /servers/detail endpoint from a single IP address within a short time frame."",   ""remediation"": ""Investigate and potentially rate-limit or block traffic from the suspicious IP address."" }",6.999,3798,70,0.0
llama3.1:70b-instruct-q4_K_M,ollama,openstack,rag,555,True,ANOMALY,True,medium,An instance was terminated unexpectedly due to a DELETE request.,"{   ""is_anomaly"": true,   ""severity"": ""medium"",   ""root_cause"": ""An instance was terminated unexpectedly due to a DELETE request."",   ""remediation"": ""Investigate the source of the DELETE request and verify that it was intentional."" }",5.587,2572,58,0.0
llama3.1:70b-instruct-q4_K_M,ollama,openstack,rag,556,False,NORMAL,False,low,none,"{   ""is_anomaly"": false,   ""severity"": ""low"",   ""root_cause"": ""none"",   ""remediation"": ""none"" }",4.589,2779,36,0.0
llama3.1:70b-instruct-q4_K_M,ollama,openstack,rag,557,False,NORMAL,False,low,none,"{   ""is_anomaly"": false,   ""severity"": ""low"",   ""root_cause"": ""none"",   ""remediation"": ""none"" }",4.856,2981,36,0.0
llama3.1:70b-instruct-q4_K_M,ollama,openstack,rag,558,True,ANOMALY,True,low,Excessive repeated GET requests to /v2/54fadb412c4e40cdbaed9335e4c35a9e/servers/detail endpoint within a short time frame.,"{   ""is_anomaly"": true,   ""severity"": ""low"",   ""root_cause"": ""Excessive repeated GET requests to /v2/54fadb412c4e40cdbaed9335e4c35a9e/servers/detail endpoint within a short time frame."",   ""remediation"": ""Investigate and potentially rate-limit or block the source IP address 10.11.10.1."" }",7.624,3670,92,0.0
llama3.1:70b-instruct-q4_K_M,ollama,openstack,rag,559,False,NORMAL,False,low,none,"{   ""is_anomaly"": false,   ""severity"": ""low"",   ""root_cause"": ""none"",   ""remediation"": ""none"" }",4.987,2897,36,0.0
llama3.1:70b-instruct-q4_K_M,ollama,openstack,rag,560,True,ANOMALY,True,medium,Unusual pattern of metadata requests followed by a server deletion request.,"{   ""is_anomaly"": true,   ""severity"": ""medium"",   ""root_cause"": ""Unusual pattern of metadata requests followed by a server deletion request."",   ""remediation"": ""Investigate the source of the metadata requests and verify the legitimacy of the server deletion."" }",5.301,2453,62,0.0
llama3.1:70b-instruct-q4_K_M,ollama,openstack,rag,561,False,NORMAL,True,medium,Instance lifecycle events (VM Stopped) occurred unexpectedly amidst image creation and server detail requests.,"{   ""is_anomaly"": true,   ""severity"": ""medium"",   ""root_cause"": ""Instance lifecycle events (VM Stopped) occurred unexpectedly amidst image creation and server detail requests."",   ""remediation"": ""Investigate instance management operations and verify that they are functioning as intended."" }",5.997,3209,64,0.0
llama3.1:70b-instruct-q4_K_M,ollama,openstack,rag,562,True,ANOMALY,False,low,none,"{   ""is_anomaly"": false,   ""severity"": ""low"",   ""root_cause"": ""none"",   ""remediation"": ""none"" }",5.016,3026,36,0.0
llama3.1:70b-instruct-q4_K_M,ollama,openstack,rag,563,False,NORMAL,False,low,none,"{   ""is_anomaly"": false,   ""severity"": ""low"",   ""root_cause"": ""none"",   ""remediation"": ""none"" }",5.288,3415,36,0.0
llama3.1:70b-instruct-q4_K_M,ollama,openstack,rag,564,True,ANOMALY,True,low,Instance spawned successfully but took longer than expected to spawn on the hypervisor.,"{   ""is_anomaly"": true,   ""severity"": ""low"",   ""root_cause"": ""Instance spawned successfully but took longer than expected to spawn on the hypervisor."",   ""remediation"": ""Check hypervisor performance and resource utilization for potential bottlenecks."" }",4.832,3026,60,0.0
llama3.1:70b-instruct-q4_K_M,ollama,openstack,rag,565,False,NORMAL,True,medium,Instance was started and then immediately paused without any apparent reason.,"{   ""is_anomaly"": true,   ""severity"": ""medium"",   ""root_cause"": ""Instance was started and then immediately paused without any apparent reason."",   ""remediation"": ""Investigate the instance lifecycle events to determine why it was paused after starting."" }",5.71,3058,59,0.0
llama3.1:70b-instruct-q4_K_M,ollama,openstack,rag,566,False,NORMAL,True,medium,Instance termination failed due to unknown reasons.,"{   ""is_anomaly"": true,   ""severity"": ""medium"",   ""root_cause"": ""Instance termination failed due to unknown reasons."",   ""remediation"": ""Check instance logs and nova-compute service status for errors."" }",5.548,3058,52,0.0
llama3.1:70b-instruct-q4_K_M,ollama,openstack,rag,567,True,ANOMALY,False,low,none,"{   ""is_anomaly"": false,   ""severity"": ""low"",   ""root_cause"": ""none"",   ""remediation"": ""none"" }",4.496,3026,36,0.0
llama3.1:70b-instruct-q4_K_M,ollama,openstack,rag,568,True,ANOMALY,True,low,"A VM stopped unexpectedly, triggering a series of repeated GET requests to the nova-api server.","{   ""is_anomaly"": true,   ""severity"": ""low"",   ""root_cause"": ""A VM stopped unexpectedly, triggering a series of repeated GET requests to the nova-api server."",   ""remediation"": ""Investigate why the VM stopped and restart it if necessary."" }",5.96,3190,62,0.0
llama3.1:70b-instruct-q4_K_M,ollama,openstack,rag,569,False,NORMAL,False,low,none,"{   ""is_anomaly"": false,   ""severity"": ""low"",   ""root_cause"": ""none"",   ""remediation"": ""none"" }",5.508,3624,36,0.0
llama3.1:70b-instruct-q4_K_M,ollama,openstack,rag,570,False,NORMAL,False,low,none,"{   ""is_anomaly"": false,   ""severity"": ""low"",   ""root_cause"": ""none"",   ""remediation"": ""none"" }",4.818,2768,36,0.0
llama3.1:70b-instruct-q4_K_M,ollama,openstack,rag,571,True,ANOMALY,True,medium,"Unknown base file /var/lib/nova/instances/_base/a489c868f0c37da93b76227c91bb03908ac0e742 was detected and removed, potentially causing issues with instance creation.","{   ""is_anomaly"": true,   ""severity"": ""medium"",   ""root_cause"": ""Unknown base file /var/lib/nova/instances/_base/a489c868f0c37da93b76227c91bb03908ac0e742 was detected and removed, potentially causing issues with instance creation."",   ""remediation"": ""Verify the existence and integrity of the base image file and ensure it is properly registered in the Nova database."" }",7.093,2893,99,0.0
llama3.1:70b-instruct-q4_K_M,ollama,openstack,rag,572,True,ANOMALY,True,low,VM stopped unexpectedly.,"{   ""is_anomaly"": true,   ""severity"": ""low"",   ""root_cause"": ""VM stopped unexpectedly."",   ""remediation"": ""Investigate the reason for the VM stop and restart it if necessary."" }",5.633,3247,50,0.0
llama3.1:70b-instruct-q4_K_M,ollama,openstack,rag,573,False,NORMAL,True,medium,"Instance was started and then immediately paused due to a pending task (spawning), indicating a potential issue with the instance's lifecycle management.","{   ""is_anomaly"": true,   ""severity"": ""medium"",   ""root_cause"": ""Instance was started and then immediately paused due to a pending task (spawning), indicating a potential issue with the instance's lifecycle management."",   ""remediation"": ""Investigate and resolve the pending task (spawning) to allow the instance to transition to a stable state."" }",6.895,3253,81,0.0
llama3.1:70b-instruct-q4_K_M,ollama,openstack,rag,574,False,NORMAL,True,medium,An instance creation operation was initiated without sufficient auditing of compute resources.,"{   ""is_anomaly"": true,   ""severity"": ""medium"",   ""root_cause"": ""An instance creation operation was initiated without sufficient auditing of compute resources."",   ""remediation"": ""Verify that the nova-compute service is properly configured to audit local compute resources before creating new instances."" }",6.443,3442,65,0.0
llama3.1:70b-instruct-q4_K_M,ollama,openstack,rag,575,False,NORMAL,True,medium,An instance was terminated unexpectedly due to a DELETE request.,"{   ""is_anomaly"": true,   ""severity"": ""medium"",   ""root_cause"": ""An instance was terminated unexpectedly due to a DELETE request."",   ""remediation"": ""Investigate the source of the DELETE request and verify that it was intentional."" }",5.776,2910,58,0.0
llama3.1:70b-instruct-q4_K_M,ollama,openstack,rag,576,False,NORMAL,False,low,none,"{   ""is_anomaly"": false,   ""severity"": ""low"",   ""root_cause"": ""none"",   ""remediation"": ""none"" }",4.91,3010,36,0.0
llama3.1:70b-instruct-q4_K_M,ollama,openstack,rag,577,False,NORMAL,False,low,none,"{   ""is_anomaly"": false,   ""severity"": ""low"",   ""root_cause"": ""none"",   ""remediation"": ""none"" }",5.164,3253,36,0.0
llama3.1:70b-instruct-q4_K_M,ollama,openstack,rag,578,False,NORMAL,False,low,none,"{   ""is_anomaly"": false,   ""severity"": ""low"",   ""root_cause"": ""none"",   ""remediation"": ""none"" }",4.908,2979,36,0.0
llama3.1:70b-instruct-q4_K_M,ollama,openstack,rag,579,True,ANOMALY,False,low,none,"{   ""is_anomaly"": false,   ""severity"": ""low"",   ""root_cause"": ""none"",   ""remediation"": ""none"" }",5.283,3497,36,0.0
llama3.1:70b-instruct-q4_K_M,ollama,openstack,rag,580,False,NORMAL,False,low,none,"{   ""is_anomaly"": false,   ""severity"": ""low"",   ""root_cause"": ""none"",   ""remediation"": ""none"" }",4.701,2639,36,0.0
llama3.1:70b-instruct-q4_K_M,ollama,openstack,rag,581,False,NORMAL,False,low,none,"{   ""is_anomaly"": false,   ""severity"": ""low"",   ""root_cause"": ""none"",   ""remediation"": ""none"" }",5.296,3505,36,0.0
llama3.1:70b-instruct-q4_K_M,ollama,openstack,rag,582,False,NORMAL,False,low,none,"{   ""is_anomaly"": false,   ""severity"": ""low"",   ""root_cause"": ""none"",   ""remediation"": ""none"" }",4.925,2903,36,0.0
llama3.1:70b-instruct-q4_K_M,ollama,openstack,rag,583,True,ANOMALY,True,low,A sudden increase in GET requests to the /v2/54fadb412c4e40cdbaed9335e4c35a9e/servers/detail endpoint with a slightly higher response time.,"{   ""is_anomaly"": true,   ""severity"": ""low"",   ""root_cause"": ""A sudden increase in GET requests to the /v2/54fadb412c4e40cdbaed9335e4c35a9e/servers/detail endpoint with a slightly higher response time."",   ""remediation"": ""none"" }",6.943,3616,76,0.0
llama3.1:70b-instruct-q4_K_M,ollama,openstack,rag,584,False,NORMAL,False,low,none,"{   ""is_anomaly"": false,   ""severity"": ""low"",   ""root_cause"": ""none"",   ""remediation"": ""none"" }",5.338,3316,36,0.0
llama3.1:70b-instruct-q4_K_M,ollama,openstack,rag,585,True,ANOMALY,False,low,none,"{   ""is_anomaly"": false,   ""severity"": ""low"",   ""root_cause"": ""none"",   ""remediation"": ""none"" }",4.968,3026,36,0.0
llama3.1:70b-instruct-q4_K_M,ollama,openstack,rag,586,True,ANOMALY,False,low,none,"{   ""is_anomaly"": false,   ""severity"": ""low"",   ""root_cause"": ""none"",   ""remediation"": ""none"" }",4.876,2963,36,0.0
llama3.1:70b-instruct-q4_K_M,ollama,openstack,rag,587,False,NORMAL,False,low,none,"{   ""is_anomaly"": false,   ""severity"": ""low"",   ""root_cause"": ""none"",   ""remediation"": ""none"" }",5.21,3393,36,0.0
llama3.1:70b-instruct-q4_K_M,ollama,openstack,rag,588,False,NORMAL,False,low,none,"{   ""is_anomaly"": false,   ""severity"": ""low"",   ""root_cause"": ""none"",   ""remediation"": ""none"" }",4.857,2862,36,0.0
llama3.1:70b-instruct-q4_K_M,ollama,openstack,rag,589,True,ANOMALY,True,low,"Instance resource utilization is not being properly tracked, defaulting to unlimited limits.","{   ""is_anomaly"": true,   ""severity"": ""low"",   ""root_cause"": ""Instance resource utilization is not being properly tracked, defaulting to unlimited limits."",   ""remediation"": ""Verify instance configuration and update resource limits as necessary."" }",5.934,3343,57,0.0
llama3.1:70b-instruct-q4_K_M,ollama,openstack,rag,590,False,NORMAL,False,low,none,"{   ""is_anomaly"": false,   ""severity"": ""low"",   ""root_cause"": ""none"",   ""remediation"": ""none"" }",5.58,3659,36,0.0
llama3.1:70b-instruct-q4_K_M,ollama,openstack,rag,591,True,ANOMALY,True,low,The system is experiencing a minor resource allocation issue with total usable vcpus and allocated vcpus not matching expected values.,"{   ""is_anomaly"": true,   ""severity"": ""low"",   ""root_cause"": ""The system is experiencing a minor resource allocation issue with total usable vcpus and allocated vcpus not matching expected values."",   ""remediation"": ""Verify the compute node's resource configuration and restart the nova-compute service if necessary."" }",6.338,2698,74,0.0
llama3.1:70b-instruct-q4_K_M,ollama,openstack,rag,592,False,NORMAL,False,low,none,"{   ""is_anomaly"": false,   ""severity"": ""low"",   ""root_cause"": ""none"",   ""remediation"": ""none"" }",5.048,3309,36,0.0
llama3.1:70b-instruct-q4_K_M,ollama,openstack,rag,593,True,ANOMALY,False,low,none,"{   ""is_anomaly"": false,   ""severity"": ""low"",   ""root_cause"": ""none"",   ""remediation"": ""none"" }",4.856,2897,36,0.0
llama3.1:70b-instruct-q4_K_M,ollama,openstack,rag,594,True,ANOMALY,True,low,Image cache checking and active base file reporting occurred with unusual frequency.,"{   ""is_anomaly"": true,   ""severity"": ""low"",   ""root_cause"": ""Image cache checking and active base file reporting occurred with unusual frequency."",   ""remediation"": ""Verify image cache configuration and usage patterns to ensure expected behavior."" }",5.864,3246,57,0.0
llama3.1:70b-instruct-q4_K_M,ollama,openstack,rag,595,False,NORMAL,False,low,none,"{   ""is_anomaly"": false,   ""severity"": ""low"",   ""root_cause"": ""none"",   ""remediation"": ""none"" }",5.479,3659,36,0.0
llama3.1:70b-instruct-q4_K_M,ollama,openstack,rag,596,True,ANOMALY,False,low,none,"{   ""is_anomaly"": false,   ""severity"": ""low"",   ""root_cause"": ""none"",   ""remediation"": ""none"" }",4.679,2572,36,0.0
llama3.1:70b-instruct-q4_K_M,ollama,openstack,rag,597,False,NORMAL,False,low,none,"{   ""is_anomaly"": false,   ""severity"": ""low"",   ""root_cause"": ""none"",   ""remediation"": ""none"" }",4.72,2897,36,0.0
llama3.1:70b-instruct-q4_K_M,ollama,openstack,rag,598,False,NORMAL,False,low,none,"{   ""is_anomaly"": false,   ""severity"": ""low"",   ""root_cause"": ""none"",   ""remediation"": ""none"" }",4.738,2859,36,0.0
llama3.1:70b-instruct-q4_K_M,ollama,openstack,rag,599,True,ANOMALY,True,medium,Instance was terminated unexpectedly.,"{   ""is_anomaly"": true,   ""severity"": ""medium"",   ""root_cause"": ""Instance was terminated unexpectedly."",   ""remediation"": ""Investigate the reason for instance termination and restart it if necessary."" }",5.67,3259,50,0.0
