model,provider,dataset,prompt_style,incident_id,ground_truth_is_anomaly,ground_truth_category,pred_is_anomaly,pred_severity,pred_root_cause,raw_output,latency_s,input_tokens,output_tokens,cost_usd
llama3.1:70b-instruct-q4_K_M,ollama,bgl,zero_shot,0,False,NORMAL,True,high,"The system is generating multiple core dumps in a short period of time, indicating a potential crash or instability issue.","{   ""is_anomaly"": true,   ""severity"": ""high"",   ""root_cause"": ""The system is generating multiple core dumps in a short period of time, indicating a potential crash or instability issue."",   ""remediation"": ""Investigate the cause of the crashes and restart the service or apply patches to prevent further core dumps."" }",4.075,169,74,0.0
llama3.1:70b-instruct-q4_K_M,ollama,bgl,zero_shot,1,True,APPSEV,True,medium,"Multiple connections to the same IP address were severed, indicating a possible network issue or client-side problem.","{   ""is_anomaly"": true,   ""severity"": ""medium"",   ""root_cause"": ""Multiple connections to the same IP address were severed, indicating a possible network issue or client-side problem."",   ""remediation"": ""Investigate the network connectivity and client configuration for issues that may be causing the disconnections."" }",2.794,299,70,0.0
llama3.1:70b-instruct-q4_K_M,ollama,bgl,zero_shot,2,True,KERNSTOR,True,high,"The system experienced a repeated data storage interrupt, indicating a potential hardware failure or disk I/O issue.","{   ""is_anomaly"": true,   ""severity"": ""high"",   ""root_cause"": ""The system experienced a repeated data storage interrupt, indicating a potential hardware failure or disk I/O issue."",   ""remediation"": ""Investigate and replace the faulty storage device or check for disk I/O bottlenecks."" }",2.822,154,70,0.0
llama3.1:70b-instruct-q4_K_M,ollama,bgl,zero_shot,3,False,NORMAL,True,high,The system is experiencing repeated alignment exceptions from the double-hummer component.,"{   ""is_anomaly"": true,   ""severity"": ""high"",   ""root_cause"": ""The system is experiencing repeated alignment exceptions from the double-hummer component."",   ""remediation"": ""Investigate and restart the double-hummer service or check for configuration issues."" }",2.48,179,61,0.0
llama3.1:70b-instruct-q4_K_M,ollama,bgl,zero_shot,4,True,KERNDTLB,True,high,"The system is experiencing repeated data Translation Lookaside Buffer (TLB) errors, indicating a potential hardware or firmware issue.","{   ""is_anomaly"": true,   ""severity"": ""high"",   ""root_cause"": ""The system is experiencing repeated data Translation Lookaside Buffer (TLB) errors, indicating a potential hardware or firmware issue."",   ""remediation"": ""Investigate and replace the faulty hardware component or update the firmware to resolve the TLB error interrupts."" }",2.994,164,76,0.0
llama3.1:70b-instruct-q4_K_M,ollama,bgl,zero_shot,5,True,KERNDTLB,True,high,"The system is experiencing repeated data Translation Lookaside Buffer (TLB) errors, indicating a potential hardware or firmware issue.","{   ""is_anomaly"": true,   ""severity"": ""high"",   ""root_cause"": ""The system is experiencing repeated data Translation Lookaside Buffer (TLB) errors, indicating a potential hardware or firmware issue."",   ""remediation"": ""Investigate and replace the faulty hardware component or update the firmware to resolve the TLB error interrupts."" }",2.933,164,76,0.0
llama3.1:70b-instruct-q4_K_M,ollama,bgl,zero_shot,6,False,NORMAL,True,high,"The system is generating multiple core dumps in a short period of time, indicating a potential crash loop or severe instability.","{   ""is_anomaly"": true,   ""severity"": ""high"",   ""root_cause"": ""The system is generating multiple core dumps in a short period of time, indicating a potential crash loop or severe instability."",   ""remediation"": ""Investigate and address the underlying cause of the crashes, potentially by reviewing recent code changes or system updates."" }",2.996,169,76,0.0
llama3.1:70b-instruct-q4_K_M,ollama,bgl,zero_shot,7,False,NORMAL,True,high,"The system is generating multiple core dumps in a short period of time, indicating a potential crash loop or severe instability.","{   ""is_anomaly"": true,   ""severity"": ""high"",   ""root_cause"": ""The system is generating multiple core dumps in a short period of time, indicating a potential crash loop or severe instability."",   ""remediation"": ""Investigate and address the underlying cause of the crashes, such as memory leaks or software bugs."" }",2.888,169,74,0.0
llama3.1:70b-instruct-q4_K_M,ollama,bgl,zero_shot,8,True,APPSEV,True,medium,Multiple connections to the same IP address (172.16.96.116) have been severed due to errors reading message prefixes.,"{   ""is_anomaly"": true,   ""severity"": ""medium"",   ""root_cause"": ""Multiple connections to the same IP address (172.16.96.116) have been severed due to errors reading message prefixes."",   ""remediation"": ""Investigate network connectivity issues or firewall rules that may be causing the disconnections."" }",2.995,284,74,0.0
llama3.1:70b-instruct-q4_K_M,ollama,bgl,zero_shot,9,True,KERNDTLB,True,high,"The system is experiencing repeated data Translation Lookaside Buffer (TLB) errors, indicating a potential hardware or firmware issue.","{   ""is_anomaly"": true,   ""severity"": ""high"",   ""root_cause"": ""The system is experiencing repeated data Translation Lookaside Buffer (TLB) errors, indicating a potential hardware or firmware issue."",   ""remediation"": ""Investigate and replace the faulty hardware component or update the firmware to resolve the TLB error interrupts."" }",3.056,164,76,0.0
llama3.1:70b-instruct-q4_K_M,ollama,bgl,zero_shot,10,True,KERNDTLB,True,high,"A data TLB error interrupt occurred, indicating a potential hardware or memory issue.","{   ""is_anomaly"": true,   ""severity"": ""high"",   ""root_cause"": ""A data TLB error interrupt occurred, indicating a potential hardware or memory issue."",   ""remediation"": ""Investigate and possibly replace the faulty hardware component causing the TLB error."" }",2.713,168,63,0.0
llama3.1:70b-instruct-q4_K_M,ollama,bgl,zero_shot,11,False,NORMAL,True,high,"The system is generating multiple core dumps in a short period of time, indicating a potential crash loop or severe instability.","{   ""is_anomaly"": true,   ""severity"": ""high"",   ""root_cause"": ""The system is generating multiple core dumps in a short period of time, indicating a potential crash loop or severe instability."",   ""remediation"": ""Investigate and address the underlying cause of the crashes, potentially by reviewing recent code changes or system updates."" }",3.152,169,76,0.0
llama3.1:70b-instruct-q4_K_M,ollama,bgl,zero_shot,12,False,NORMAL,True,medium,"The ciod process is receiving repeated SIGTERM signals (signal 15), indicating a potential issue with the system's ability to manage processes.","{   ""is_anomaly"": true,   ""severity"": ""medium"",   ""root_cause"": ""The ciod process is receiving repeated SIGTERM signals (signal 15), indicating a potential issue with the system's ability to manage processes."",   ""remediation"": ""Investigate and resolve any issues causing the ciod process to be terminated, such as resource constraints or configuration problems."" }",3.469,259,83,0.0
llama3.1:70b-instruct-q4_K_M,ollama,bgl,zero_shot,13,True,KERNRTSP,True,high,"The system experienced a machine check exception and entered a panic state, indicating a hardware or low-level software issue.","{   ""is_anomaly"": true,   ""severity"": ""high"",   ""root_cause"": ""The system experienced a machine check exception and entered a panic state, indicating a hardware or low-level software issue."",   ""remediation"": ""Investigate the underlying cause of the machine check exception and restart the system if necessary."" }",2.997,169,71,0.0
llama3.1:70b-instruct-q4_K_M,ollama,bgl,zero_shot,14,True,KERNSTOR,True,high,"The system experienced a repeated data storage interrupt, indicating a potential hardware failure or disk I/O issue.","{   ""is_anomaly"": true,   ""severity"": ""high"",   ""root_cause"": ""The system experienced a repeated data storage interrupt, indicating a potential hardware failure or disk I/O issue."",   ""remediation"": ""Investigate and replace the faulty storage device or check for disk I/O bottlenecks."" }",2.843,154,70,0.0
llama3.1:70b-instruct-q4_K_M,ollama,bgl,zero_shot,15,False,NORMAL,False,low,none,"{   ""is_anomaly"": false,   ""severity"": ""low"",   ""root_cause"": ""none"",   ""remediation"": ""none"" }",1.818,202,36,0.0
llama3.1:70b-instruct-q4_K_M,ollama,bgl,zero_shot,16,True,KERNDTLB,True,high,"The system is experiencing repeated data Translation Lookaside Buffer (TLB) errors, indicating a potential hardware or firmware issue.","{   ""is_anomaly"": true,   ""severity"": ""high"",   ""root_cause"": ""The system is experiencing repeated data Translation Lookaside Buffer (TLB) errors, indicating a potential hardware or firmware issue."",   ""remediation"": ""Investigate and replace the faulty hardware component or update the firmware to resolve the TLB error interrupts."" }",3.092,164,76,0.0
llama3.1:70b-instruct-q4_K_M,ollama,bgl,zero_shot,17,True,KERNSTOR,True,high,"The system experienced a repeated data storage interrupt, indicating a potential hardware failure or disk I/O issue.","{   ""is_anomaly"": true,   ""severity"": ""high"",   ""root_cause"": ""The system experienced a repeated data storage interrupt, indicating a potential hardware failure or disk I/O issue."",   ""remediation"": ""Investigate and replace the faulty storage device or check for disk I/O bottlenecks."" }",2.839,154,70,0.0
llama3.1:70b-instruct-q4_K_M,ollama,bgl,zero_shot,18,False,NORMAL,True,medium,"The directory /home/germann2/SPaSM_static does not exist, causing repeated chdir failures.","{   ""is_anomaly"": true,   ""severity"": ""medium"",   ""root_cause"": ""The directory /home/germann2/SPaSM_static does not exist, causing repeated chdir failures."",   ""remediation"": ""Create the missing directory or update the configuration to point to a valid directory."" }",3.062,264,70,0.0
llama3.1:70b-instruct-q4_K_M,ollama,bgl,zero_shot,19,True,KERNSTOR,True,high,"The system experienced a repeated data storage interrupt, indicating a potential hardware failure or disk I/O issue.","{   ""is_anomaly"": true,   ""severity"": ""high"",   ""root_cause"": ""The system experienced a repeated data storage interrupt, indicating a potential hardware failure or disk I/O issue."",   ""remediation"": ""Investigate and replace the faulty storage device or check for disk I/O bottlenecks."" }",2.899,154,70,0.0
llama3.1:70b-instruct-q4_K_M,ollama,bgl,zero_shot,20,True,KERNMNTF,True,high,Multiple Lustre mounts failed across different block IDs and locations.,"{   ""is_anomaly"": true,   ""severity"": ""high"",   ""root_cause"": ""Multiple Lustre mounts failed across different block IDs and locations."",   ""remediation"": ""Investigate and resolve the underlying issue causing the Lustre mount failures, potentially involving storage or network connectivity checks."" }",2.905,209,66,0.0
llama3.1:70b-instruct-q4_K_M,ollama,bgl,zero_shot,21,True,KERNDTLB,True,high,"The system is experiencing repeated data Translation Lookaside Buffer (TLB) errors, indicating a potential hardware or firmware issue.","{   ""is_anomaly"": true,   ""severity"": ""high"",   ""root_cause"": ""The system is experiencing repeated data Translation Lookaside Buffer (TLB) errors, indicating a potential hardware or firmware issue."",   ""remediation"": ""Investigate and replace the faulty hardware component or update the firmware to resolve the TLB error interrupts."" }",3.097,164,76,0.0
llama3.1:70b-instruct-q4_K_M,ollama,bgl,zero_shot,22,False,NORMAL,False,low,none,"{   ""is_anomaly"": false,   ""severity"": ""low"",   ""root_cause"": ""none"",   ""remediation"": ""none"" }",1.847,199,36,0.0
llama3.1:70b-instruct-q4_K_M,ollama,bgl,zero_shot,23,True,APPOUT,True,high,The system is experiencing repeated failures to change directory due to an input/output error.,"{   ""is_anomaly"": true,   ""severity"": ""high"",   ""root_cause"": ""The system is experiencing repeated failures to change directory due to an input/output error."",   ""remediation"": ""Investigate and resolve the underlying storage or file system issue causing the I/O errors."" }",2.912,264,65,0.0
llama3.1:70b-instruct-q4_K_M,ollama,bgl,zero_shot,24,False,NORMAL,False,low,none,"{   ""is_anomaly"": false,   ""severity"": ""low"",   ""root_cause"": ""none"",   ""remediation"": ""none"" }",1.926,294,36,0.0
llama3.1:70b-instruct-q4_K_M,ollama,bgl,zero_shot,25,False,NORMAL,True,medium,The system is unable to load the allreduce.rts program image due to an invalid or missing executable format.,"{   ""is_anomaly"": true,   ""severity"": ""medium"",   ""root_cause"": ""The system is unable to load the allreduce.rts program image due to an invalid or missing executable format."",   ""remediation"": ""Verify that the allreduce.rts file exists and has a valid executable format, and check for any issues with the file's permissions or dependencies."" }",3.615,339,83,0.0
llama3.1:70b-instruct-q4_K_M,ollama,bgl,zero_shot,26,True,KERNMNTF,True,high,"Multiple Lustre mount failures occurred in a short time window, indicating a potential issue with the storage system.","{   ""is_anomaly"": true,   ""severity"": ""high"",   ""root_cause"": ""Multiple Lustre mount failures occurred in a short time window, indicating a potential issue with the storage system."",   ""remediation"": ""Investigate and restart the Lustre file system or check for underlying hardware issues."" }",3.052,209,69,0.0
llama3.1:70b-instruct-q4_K_M,ollama,bgl,zero_shot,27,True,KERNDTLB,True,high,"The system is experiencing repeated data Translation Lookaside Buffer (TLB) errors, indicating a potential hardware or firmware issue.","{   ""is_anomaly"": true,   ""severity"": ""high"",   ""root_cause"": ""The system is experiencing repeated data Translation Lookaside Buffer (TLB) errors, indicating a potential hardware or firmware issue."",   ""remediation"": ""Investigate and replace the faulty hardware component or update the firmware to resolve the TLB error interrupts."" }",3.116,164,76,0.0
llama3.1:70b-instruct-q4_K_M,ollama,bgl,zero_shot,28,False,NORMAL,True,high,"The system is generating multiple core dumps in a short period of time, indicating a potential crash or instability issue.","{   ""is_anomaly"": true,   ""severity"": ""high"",   ""root_cause"": ""The system is generating multiple core dumps in a short period of time, indicating a potential crash or instability issue."",   ""remediation"": ""Investigate the cause of the crashes and restart the service or apply patches to prevent further core dumps."" }",3.177,168,74,0.0
llama3.1:70b-instruct-q4_K_M,ollama,bgl,zero_shot,29,True,KERNDTLB,True,high,"The system is experiencing repeated data Translation Lookaside Buffer (TLB) errors, indicating a potential hardware or firmware issue.","{   ""is_anomaly"": true,   ""severity"": ""high"",   ""root_cause"": ""The system is experiencing repeated data Translation Lookaside Buffer (TLB) errors, indicating a potential hardware or firmware issue."",   ""remediation"": ""Investigate and replace the faulty hardware component or update the firmware to resolve the TLB error interrupts."" }",3.127,164,76,0.0
llama3.1:70b-instruct-q4_K_M,ollama,bgl,zero_shot,30,True,KERNDTLB,True,high,"The system is experiencing repeated data Translation Lookaside Buffer (TLB) errors, indicating a potential hardware or firmware issue.","{   ""is_anomaly"": true,   ""severity"": ""high"",   ""root_cause"": ""The system is experiencing repeated data Translation Lookaside Buffer (TLB) errors, indicating a potential hardware or firmware issue."",   ""remediation"": ""Investigate and replace the faulty hardware component or update the firmware to resolve the TLB error interrupts."" }",3.081,164,76,0.0
llama3.1:70b-instruct-q4_K_M,ollama,bgl,zero_shot,31,False,NORMAL,True,high,The system is experiencing repeated program interrupts due to attempts to execute privileged instructions without proper authorization.,"{   ""is_anomaly"": true,   ""severity"": ""high"",   ""root_cause"": ""The system is experiencing repeated program interrupts due to attempts to execute privileged instructions without proper authorization."",   ""remediation"": ""Investigate and fix the code or configuration issue causing the unauthorized access attempts."" }",2.827,174,65,0.0
llama3.1:70b-instruct-q4_K_M,ollama,bgl,zero_shot,32,False,NORMAL,False,low,none,"{   ""is_anomaly"": false,   ""severity"": ""low"",   ""root_cause"": ""none"",   ""remediation"": ""none"" }",1.902,223,36,0.0
llama3.1:70b-instruct-q4_K_M,ollama,bgl,zero_shot,33,True,APPSEV,True,medium,"Multiple connections to the same IP address were severed, indicating a possible network issue or service restart on the remote host.","{   ""is_anomaly"": true,   ""severity"": ""medium"",   ""root_cause"": ""Multiple connections to the same IP address were severed, indicating a possible network issue or service restart on the remote host."",   ""remediation"": ""Investigate the status of the remote host at 172.16.96.116 and verify its connectivity."" }",3.382,299,77,0.0
llama3.1:70b-instruct-q4_K_M,ollama,bgl,zero_shot,34,True,KERNSTOR,True,high,"The system experienced a repeated data storage interrupt, indicating a potential hardware failure or disk I/O issue.","{   ""is_anomaly"": true,   ""severity"": ""high"",   ""root_cause"": ""The system experienced a repeated data storage interrupt, indicating a potential hardware failure or disk I/O issue."",   ""remediation"": ""Investigate and replace the faulty storage device or check for disk I/O bottlenecks."" }",2.924,154,70,0.0
llama3.1:70b-instruct-q4_K_M,ollama,bgl,zero_shot,35,False,NORMAL,True,high,"The system is generating multiple core dumps in a short period of time, indicating a potential crash or instability issue.","{   ""is_anomaly"": true,   ""severity"": ""high"",   ""root_cause"": ""The system is generating multiple core dumps in a short period of time, indicating a potential crash or instability issue."",   ""remediation"": ""Investigate the cause of the crashes and restart the service or apply patches to prevent further core dumps."" }",3.174,169,74,0.0
llama3.1:70b-instruct-q4_K_M,ollama,bgl,zero_shot,36,False,NORMAL,True,high,"The system is generating multiple core dumps in a short period of time, indicating a potential crash or instability issue.","{   ""is_anomaly"": true,   ""severity"": ""high"",   ""root_cause"": ""The system is generating multiple core dumps in a short period of time, indicating a potential crash or instability issue."",   ""remediation"": ""Investigate the cause of the crashes and restart the service or take corrective action to prevent further core dumps."" }",3.241,169,75,0.0
llama3.1:70b-instruct-q4_K_M,ollama,bgl,zero_shot,37,False,NORMAL,True,medium,"The system is experiencing a high rate of Correctable Errors (CE) with repeating addresses and masks, indicating potential memory issues.","{   ""is_anomaly"": true,   ""severity"": ""medium"",   ""root_cause"": ""The system is experiencing a high rate of Correctable Errors (CE) with repeating addresses and masks, indicating potential memory issues."",   ""remediation"": ""Run a memory diagnostic tool to identify and repair faulty memory modules."" }",3.102,238,70,0.0
llama3.1:70b-instruct-q4_K_M,ollama,bgl,zero_shot,38,False,NORMAL,True,medium,"Multiple processor card slots have invalid node ECIDs, indicating a possible hardware issue or misconfiguration.","{   ""is_anomaly"": true,   ""severity"": ""medium"",   ""root_cause"": ""Multiple processor card slots have invalid node ECIDs, indicating a possible hardware issue or misconfiguration."",   ""remediation"": ""Verify the physical installation and configuration of the processor cards in slots J13 and J17."" }",3.142,291,69,0.0
llama3.1:70b-instruct-q4_K_M,ollama,bgl,zero_shot,39,True,APPSEV,True,medium,"Multiple connections to the same IP address were severed, indicating a possible network issue or service restart on the remote host.","{   ""is_anomaly"": true,   ""severity"": ""medium"",   ""root_cause"": ""Multiple connections to the same IP address were severed, indicating a possible network issue or service restart on the remote host."",   ""remediation"": ""Investigate the status of the remote host at 172.16.96.116 and verify its connectivity."" }",3.387,284,77,0.0
llama3.1:70b-instruct-q4_K_M,ollama,bgl,zero_shot,40,True,KERNDTLB,True,high,"The system is experiencing repeated data Translation Lookaside Buffer (TLB) errors, indicating a potential hardware or firmware issue.","{   ""is_anomaly"": true,   ""severity"": ""high"",   ""root_cause"": ""The system is experiencing repeated data Translation Lookaside Buffer (TLB) errors, indicating a potential hardware or firmware issue."",   ""remediation"": ""Investigate and replace the faulty hardware component or update the firmware to resolve the TLB error interrupts."" }",3.192,164,76,0.0
llama3.1:70b-instruct-q4_K_M,ollama,bgl,zero_shot,41,False,NORMAL,False,low,none,"{   ""is_anomaly"": false,   ""severity"": ""low"",   ""root_cause"": ""none"",   ""remediation"": ""none"" }",1.9,264,36,0.0
llama3.1:70b-instruct-q4_K_M,ollama,bgl,zero_shot,42,True,KERNSTOR,True,high,"The system experienced a repeated data storage interrupt, indicating a potential hardware failure or disk I/O issue.","{   ""is_anomaly"": true,   ""severity"": ""high"",   ""root_cause"": ""The system experienced a repeated data storage interrupt, indicating a potential hardware failure or disk I/O issue."",   ""remediation"": ""Investigate and replace the faulty storage device or check for disk I/O bottlenecks."" }",2.961,154,70,0.0
llama3.1:70b-instruct-q4_K_M,ollama,bgl,zero_shot,43,True,KERNSTOR,True,high,"The system experienced a repeated data storage interrupt, indicating a potential hardware failure or disk I/O issue.","{   ""is_anomaly"": true,   ""severity"": ""high"",   ""root_cause"": ""The system experienced a repeated data storage interrupt, indicating a potential hardware failure or disk I/O issue."",   ""remediation"": ""Investigate and replace the faulty storage device or check for disk I/O bottlenecks."" }",2.879,154,70,0.0
llama3.1:70b-instruct-q4_K_M,ollama,bgl,zero_shot,44,True,KERNDTLB,True,high,"The system is experiencing repeated data Translation Lookaside Buffer (TLB) errors, indicating a potential hardware or firmware issue.","{   ""is_anomaly"": true,   ""severity"": ""high"",   ""root_cause"": ""The system is experiencing repeated data Translation Lookaside Buffer (TLB) errors, indicating a potential hardware or firmware issue."",   ""remediation"": ""Investigate and replace the faulty hardware component or update the firmware to resolve the TLB error interrupts."" }",3.16,164,76,0.0
llama3.1:70b-instruct-q4_K_M,ollama,bgl,zero_shot,45,False,NORMAL,True,high,"The system is generating multiple core dumps in a short period of time, indicating a potential crash or instability issue.","{   ""is_anomaly"": true,   ""severity"": ""high"",   ""root_cause"": ""The system is generating multiple core dumps in a short period of time, indicating a potential crash or instability issue."",   ""remediation"": ""Investigate the cause of the crashes and restart the service or apply patches to prevent further core dumps."" }",3.212,169,74,0.0
llama3.1:70b-instruct-q4_K_M,ollama,bgl,zero_shot,46,True,KERNMNTF,True,high,"Multiple Lustre mounts failed to connect to the /p/gb1 point, indicating a possible issue with the storage system or network connectivity.","{   ""is_anomaly"": true,   ""severity"": ""high"",   ""root_cause"": ""Multiple Lustre mounts failed to connect to the /p/gb1 point, indicating a possible issue with the storage system or network connectivity."",   ""remediation"": ""Investigate and resolve the underlying issue causing the mount failures, such as checking the status of the Lustre servers, network connections, and file system permissions."" }",3.86,219,91,0.0
llama3.1:70b-instruct-q4_K_M,ollama,bgl,zero_shot,47,True,KERNDTLB,True,high,"The system is experiencing repeated data Translation Lookaside Buffer (TLB) errors, indicating a potential hardware or firmware issue.","{   ""is_anomaly"": true,   ""severity"": ""high"",   ""root_cause"": ""The system is experiencing repeated data Translation Lookaside Buffer (TLB) errors, indicating a potential hardware or firmware issue."",   ""remediation"": ""Investigate and replace the faulty hardware component or update the firmware to resolve the TLB error interrupts."" }",3.168,164,76,0.0
llama3.1:70b-instruct-q4_K_M,ollama,bgl,zero_shot,48,False,NORMAL,True,high,"The system is experiencing a repeated exception syndrome register error, indicating a potential hardware or firmware issue.","{   ""is_anomaly"": true,   ""severity"": ""high"",   ""root_cause"": ""The system is experiencing a repeated exception syndrome register error, indicating a potential hardware or firmware issue."",   ""remediation"": ""Investigate and potentially replace the faulty hardware component causing the repeated exceptions."" }",2.896,189,65,0.0
llama3.1:70b-instruct-q4_K_M,ollama,bgl,zero_shot,49,True,KERNDTLB,True,high,"The system is experiencing repeated data Translation Lookaside Buffer (TLB) errors, indicating a potential hardware or firmware issue.","{   ""is_anomaly"": true,   ""severity"": ""high"",   ""root_cause"": ""The system is experiencing repeated data Translation Lookaside Buffer (TLB) errors, indicating a potential hardware or firmware issue."",   ""remediation"": ""Investigate and replace the faulty hardware component or update the firmware to resolve the TLB error interrupts."" }",3.18,164,76,0.0
llama3.1:70b-instruct-q4_K_M,ollama,bgl,zero_shot,50,True,KERNDTLB,True,high,"The system is experiencing repeated data Translation Lookaside Buffer (TLB) errors, indicating a potential hardware or firmware issue.","{   ""is_anomaly"": true,   ""severity"": ""high"",   ""root_cause"": ""The system is experiencing repeated data Translation Lookaside Buffer (TLB) errors, indicating a potential hardware or firmware issue."",   ""remediation"": ""Investigate and replace the faulty hardware component or update the firmware to resolve the TLB error interrupts."" }",3.082,164,76,0.0
llama3.1:70b-instruct-q4_K_M,ollama,bgl,zero_shot,51,True,KERNDTLB,True,high,"The system is experiencing repeated data Translation Lookaside Buffer (TLB) errors, indicating a potential hardware or firmware issue.","{   ""is_anomaly"": true,   ""severity"": ""high"",   ""root_cause"": ""The system is experiencing repeated data Translation Lookaside Buffer (TLB) errors, indicating a potential hardware or firmware issue."",   ""remediation"": ""Investigate and replace the faulty hardware component or update the firmware to resolve the TLB error interrupts."" }",3.115,164,76,0.0
llama3.1:70b-instruct-q4_K_M,ollama,bgl,zero_shot,52,True,KERNMICRO,True,high,"The system encountered a series of repeated Microloader Assertion errors, indicating a potential software issue or configuration problem.","{   ""is_anomaly"": true,   ""severity"": ""high"",   ""root_cause"": ""The system encountered a series of repeated Microloader Assertion errors, indicating a potential software issue or configuration problem."",   ""remediation"": ""Investigate and resolve the underlying cause of the Microloader Assertion errors, potentially involving code review, configuration adjustments, or restarting the affected service.",3.416,154,81,0.0
llama3.1:70b-instruct-q4_K_M,ollama,bgl,zero_shot,53,False,NORMAL,False,low,none,"{   ""is_anomaly"": false,   ""severity"": ""low"",   ""root_cause"": ""none"",   ""remediation"": ""none"" }",1.904,199,36,0.0
llama3.1:70b-instruct-q4_K_M,ollama,bgl,zero_shot,54,False,NORMAL,True,high,"The system is generating multiple core dumps in a short period of time, indicating a potential crash loop or severe instability.","{   ""is_anomaly"": true,   ""severity"": ""high"",   ""root_cause"": ""The system is generating multiple core dumps in a short period of time, indicating a potential crash loop or severe instability."",   ""remediation"": ""Investigate and address the underlying cause of the crashes, such as memory leaks or software bugs."" }",3.184,169,74,0.0
llama3.1:70b-instruct-q4_K_M,ollama,bgl,zero_shot,55,False,NORMAL,True,high,"The system is generating multiple core dumps in a short period of time, indicating a potential crash or instability issue.","{   ""is_anomaly"": true,   ""severity"": ""high"",   ""root_cause"": ""The system is generating multiple core dumps in a short period of time, indicating a potential crash or instability issue."",   ""remediation"": ""Investigate the cause of the crashes and restart the service or apply patches to prevent further core dumps."" }",3.212,169,74,0.0
llama3.1:70b-instruct-q4_K_M,ollama,bgl,zero_shot,56,False,NORMAL,True,high,"The system is generating multiple core dumps in a short period of time, indicating a potential crash loop or severe instability.","{   ""is_anomaly"": true,   ""severity"": ""high"",   ""root_cause"": ""The system is generating multiple core dumps in a short period of time, indicating a potential crash loop or severe instability."",   ""remediation"": ""Investigate and address the underlying cause of the crashes, potentially by reviewing application code changes, system configuration, or resource utilization."" }",3.449,169,80,0.0
llama3.1:70b-instruct-q4_K_M,ollama,bgl,zero_shot,57,False,NORMAL,True,high,"The program /home/germann2/BGL-demo/SPaSM_mpi crashed repeatedly, generating a large number of core files.","{   ""is_anomaly"": true,   ""severity"": ""high"",   ""root_cause"": ""The program /home/germann2/BGL-demo/SPaSM_mpi crashed repeatedly, generating a large number of core files."",   ""remediation"": ""Investigate and fix the cause of the repeated crashes of SPaSM_mpi, possibly by reviewing code changes or system resource utilization."" }",3.677,259,85,0.0
llama3.1:70b-instruct-q4_K_M,ollama,bgl,zero_shot,58,False,NORMAL,True,high,"The idoproxydb process hit an ASSERT condition multiple times in the IdoTransportMgr::SendPacket function, indicating a potential issue with packet transmission.","{   ""is_anomaly"": true,   ""severity"": ""high"",   ""root_cause"": ""The idoproxydb process hit an ASSERT condition multiple times in the IdoTransportMgr::SendPacket function, indicating a potential issue with packet transmission."",   ""remediation"": ""Investigate and fix the underlying cause of the ASSERT condition, potentially involving code review or debugging of the idotransportmgr.cpp file."" }",4.023,369,91,0.0
llama3.1:70b-instruct-q4_K_M,ollama,bgl,zero_shot,59,True,KERNRTSP,True,high,The system encountered a runtime panic and stopped execution due to an unhandled floating-point exception.,"{   ""is_anomaly"": true,   ""severity"": ""high"",   ""root_cause"": ""The system encountered a runtime panic and stopped execution due to an unhandled floating-point exception."",   ""remediation"": ""Investigate the code changes or input data that triggered the floating-point exception and apply fixes to prevent future occurrences."" }",3.178,175,72,0.0
llama3.1:70b-instruct-q4_K_M,ollama,bgl,zero_shot,60,False,NORMAL,True,high,"The system is experiencing a high frequency of double-hummer alignment exceptions, indicating a potential hardware or software malfunction.","{   ""is_anomaly"": true,   ""severity"": ""high"",   ""root_cause"": ""The system is experiencing a high frequency of double-hummer alignment exceptions, indicating a potential hardware or software malfunction."",   ""remediation"": ""Investigate and restart the affected component or replace faulty hardware to resolve the issue."" }",3.063,179,70,0.0
llama3.1:70b-instruct-q4_K_M,ollama,bgl,zero_shot,61,True,KERNMNTF,True,high,Multiple Lustre mounts failed to connect to the /p/gb1 point across different nodes.,"{   ""is_anomaly"": true,   ""severity"": ""high"",   ""root_cause"": ""Multiple Lustre mounts failed to connect to the /p/gb1 point across different nodes."",   ""remediation"": ""Investigate and resolve connectivity issues with the /p/gb1 point or restart the Lustre service on affected nodes."" }",3.289,219,75,0.0
llama3.1:70b-instruct-q4_K_M,ollama,bgl,zero_shot,62,True,KERNSTOR,True,high,"The system experienced a repeated data storage interrupt, indicating a potential hardware failure or disk I/O issue.","{   ""is_anomaly"": true,   ""severity"": ""high"",   ""root_cause"": ""The system experienced a repeated data storage interrupt, indicating a potential hardware failure or disk I/O issue."",   ""remediation"": ""Investigate and replace the faulty storage device or check for disk I/O bottlenecks."" }",2.961,154,70,0.0
llama3.1:70b-instruct-q4_K_M,ollama,bgl,zero_shot,63,False,NORMAL,True,high,"The system is generating multiple core dumps in a short period of time, indicating a potential crash loop or severe instability.","{   ""is_anomaly"": true,   ""severity"": ""high"",   ""root_cause"": ""The system is generating multiple core dumps in a short period of time, indicating a potential crash loop or severe instability."",   ""remediation"": ""Investigate and address the underlying cause of the crashes, potentially by reviewing application code changes, system configuration, or resource utilization."" }",3.411,169,80,0.0
llama3.1:70b-instruct-q4_K_M,ollama,bgl,zero_shot,64,False,NORMAL,True,high,"The system is generating multiple core dumps in a short period of time, indicating a potential crash or instability issue.","{   ""is_anomaly"": true,   ""severity"": ""high"",   ""root_cause"": ""The system is generating multiple core dumps in a short period of time, indicating a potential crash or instability issue."",   ""remediation"": ""Investigate the cause of the crashes and restart the service or apply patches to prevent further core dumps."" }",3.265,169,74,0.0
llama3.1:70b-instruct-q4_K_M,ollama,bgl,zero_shot,65,False,NORMAL,False,low,none,"{   ""is_anomaly"": false,   ""severity"": ""low"",   ""root_cause"": ""none"",   ""remediation"": ""none"" }",1.974,294,36,0.0
llama3.1:70b-instruct-q4_K_M,ollama,bgl,zero_shot,66,True,KERNDTLB,True,high,"The system is experiencing repeated data Translation Lookaside Buffer (TLB) errors, indicating a potential hardware or firmware issue.","{   ""is_anomaly"": true,   ""severity"": ""high"",   ""root_cause"": ""The system is experiencing repeated data Translation Lookaside Buffer (TLB) errors, indicating a potential hardware or firmware issue."",   ""remediation"": ""Investigate and replace the faulty hardware component or update the firmware to resolve the TLB error interrupts."" }",3.193,164,76,0.0
llama3.1:70b-instruct-q4_K_M,ollama,bgl,zero_shot,67,False,NORMAL,True,high,"The system is generating multiple core dumps in a short period of time, indicating a potential crash or instability issue.","{   ""is_anomaly"": true,   ""severity"": ""high"",   ""root_cause"": ""The system is generating multiple core dumps in a short period of time, indicating a potential crash or instability issue."",   ""remediation"": ""Investigate the cause of the crashes and restart the service or apply patches to prevent further core dump generation."" }",3.272,169,75,0.0
llama3.1:70b-instruct-q4_K_M,ollama,bgl,zero_shot,68,True,KERNSTOR,True,high,"The system experienced a repeated data storage interrupt, indicating a potential hardware failure or disk I/O issue.","{   ""is_anomaly"": true,   ""severity"": ""high"",   ""root_cause"": ""The system experienced a repeated data storage interrupt, indicating a potential hardware failure or disk I/O issue."",   ""remediation"": ""Investigate and replace the faulty storage device or check for disk I/O bottlenecks."" }",2.98,154,70,0.0
llama3.1:70b-instruct-q4_K_M,ollama,bgl,zero_shot,69,False,NORMAL,True,medium,"Multiple DDR errors and torus transmission errors were detected and corrected, indicating potential hardware issues or data corruption.","{   ""is_anomaly"": true,   ""severity"": ""medium"",   ""root_cause"": ""Multiple DDR errors and torus transmission errors were detected and corrected, indicating potential hardware issues or data corruption."",   ""remediation"": ""Run a thorough system diagnostic to identify the source of the errors and consider replacing faulty hardware components."" }",3.19,251,72,0.0
llama3.1:70b-instruct-q4_K_M,ollama,bgl,zero_shot,70,True,KERNDTLB,True,high,"The system is experiencing repeated data Translation Lookaside Buffer (TLB) errors, indicating a potential hardware or firmware issue.","{   ""is_anomaly"": true,   ""severity"": ""high"",   ""root_cause"": ""The system is experiencing repeated data Translation Lookaside Buffer (TLB) errors, indicating a potential hardware or firmware issue."",   ""remediation"": ""Investigate and replace the faulty hardware component or update the firmware to resolve the TLB error interrupts."" }",3.2,164,76,0.0
llama3.1:70b-instruct-q4_K_M,ollama,bgl,zero_shot,71,False,NORMAL,True,high,"The idoproxydb process hit an ASSERT condition multiple times in the IdoTransportMgr::SendPacket function, indicating a potential issue with packet transmission.","{   ""is_anomaly"": true,   ""severity"": ""high"",   ""root_cause"": ""The idoproxydb process hit an ASSERT condition multiple times in the IdoTransportMgr::SendPacket function, indicating a potential issue with packet transmission."",   ""remediation"": ""Investigate and fix the underlying cause of the ASSERT condition, potentially involving code review or debugging of the idotransportmgr.cpp file."" }",3.742,369,91,0.0
llama3.1:70b-instruct-q4_K_M,ollama,bgl,zero_shot,72,False,NORMAL,True,medium,The system is unable to load the IMB-MPI1.14MB program image due to a permission issue.,"{   ""is_anomaly"": true,   ""severity"": ""medium"",   ""root_cause"": ""The system is unable to load the IMB-MPI1.14MB program image due to a permission issue."",   ""remediation"": ""Check and adjust file permissions for /bgl/apps/swl-prep/rky-swl/MPI-PERF/IMB/perf_tests/IMB-MPI1.14MB."" }",4.148,369,94,0.0
llama3.1:70b-instruct-q4_K_M,ollama,bgl,zero_shot,73,False,NORMAL,False,low,none,"{   ""is_anomaly"": false,   ""severity"": ""low"",   ""root_cause"": ""none"",   ""remediation"": ""none"" }",2.018,294,36,0.0
llama3.1:70b-instruct-q4_K_M,ollama,bgl,zero_shot,74,False,NORMAL,True,medium,"The system is experiencing repeated floating point alignment exceptions, indicating a potential issue with memory access or data corruption.","{   ""is_anomaly"": true,   ""severity"": ""medium"",   ""root_cause"": ""The system is experiencing repeated floating point alignment exceptions, indicating a potential issue with memory access or data corruption."",   ""remediation"": ""Investigate and fix the code or configuration causing the misaligned memory accesses."" }",3.009,164,68,0.0
llama3.1:70b-instruct-q4_K_M,ollama,bgl,zero_shot,75,True,KERNMICRO,True,high,"The system encountered a series of repeated Microloader Assertion errors, indicating a potential software issue or configuration problem.","{   ""is_anomaly"": true,   ""severity"": ""high"",   ""root_cause"": ""The system encountered a series of repeated Microloader Assertion errors, indicating a potential software issue or configuration problem."",   ""remediation"": ""Investigate and resolve the underlying cause of the Microloader Assertion errors, potentially involving code review, configuration adjustments, or restarting the affected service.",3.393,154,81,0.0
llama3.1:70b-instruct-q4_K_M,ollama,bgl,zero_shot,76,False,NORMAL,True,high,"The system is generating multiple core dumps in a short period of time, indicating a potential crash or instability issue.","{   ""is_anomaly"": true,   ""severity"": ""high"",   ""root_cause"": ""The system is generating multiple core dumps in a short period of time, indicating a potential crash or instability issue."",   ""remediation"": ""Investigate the cause of the crashes and restart the service or apply patches to prevent further core dumps."" }",3.226,166,74,0.0
llama3.1:70b-instruct-q4_K_M,ollama,bgl,zero_shot,77,False,NORMAL,True,high,"The system is generating multiple core dumps in a short period of time, indicating a potential crash or instability issue.","{   ""is_anomaly"": true,   ""severity"": ""high"",   ""root_cause"": ""The system is generating multiple core dumps in a short period of time, indicating a potential crash or instability issue."",   ""remediation"": ""Investigate the cause of the crashes and restart the service or apply patches to prevent further core dumps."" }",3.262,169,74,0.0
llama3.1:70b-instruct-q4_K_M,ollama,bgl,zero_shot,78,False,NORMAL,True,high,"The system is generating multiple core dumps in a short period of time, indicating a potential crash loop or severe instability.","{   ""is_anomaly"": true,   ""severity"": ""high"",   ""root_cause"": ""The system is generating multiple core dumps in a short period of time, indicating a potential crash loop or severe instability."",   ""remediation"": ""Investigate and address the underlying cause of the crashes, potentially by reviewing recent code changes or system updates."" }",3.329,169,76,0.0
llama3.1:70b-instruct-q4_K_M,ollama,bgl,zero_shot,79,True,KERNDTLB,True,high,"The system is experiencing repeated data Translation Lookaside Buffer (TLB) errors, indicating a potential hardware or firmware issue.","{   ""is_anomaly"": true,   ""severity"": ""high"",   ""root_cause"": ""The system is experiencing repeated data Translation Lookaside Buffer (TLB) errors, indicating a potential hardware or firmware issue."",   ""remediation"": ""Investigate and replace the faulty hardware component or update the firmware to resolve the TLB error interrupts."" }",3.195,164,76,0.0
llama3.1:70b-instruct-q4_K_M,ollama,bgl,zero_shot,80,False,NORMAL,True,medium,"The system detected and corrected multiple double data rate (DDR) errors on rank 0, symbol 15, indicating potential memory issues.","{   ""is_anomaly"": true,   ""severity"": ""medium"",   ""root_cause"": ""The system detected and corrected multiple double data rate (DDR) errors on rank 0, symbol 15, indicating potential memory issues."",   ""remediation"": ""Run a memory diagnostic test to identify and replace faulty RAM modules."" }",3.222,238,72,0.0
llama3.1:70b-instruct-q4_K_M,ollama,bgl,zero_shot,81,False,NORMAL,True,high,"The system is generating multiple core dumps in a short period of time, indicating a potential crash or instability issue.","{   ""is_anomaly"": true,   ""severity"": ""high"",   ""root_cause"": ""The system is generating multiple core dumps in a short period of time, indicating a potential crash or instability issue."",   ""remediation"": ""Investigate the cause of the crashes and restart the service or apply patches to prevent further core dumps."" }",3.27,169,74,0.0
llama3.1:70b-instruct-q4_K_M,ollama,bgl,zero_shot,82,True,KERNSTOR,True,high,"The system experienced a repeated data storage interrupt, indicating a potential hardware failure or disk I/O issue.","{   ""is_anomaly"": true,   ""severity"": ""high"",   ""root_cause"": ""The system experienced a repeated data storage interrupt, indicating a potential hardware failure or disk I/O issue."",   ""remediation"": ""Investigate and replace the faulty storage device or check for disk I/O bottlenecks."" }",2.979,154,70,0.0
llama3.1:70b-instruct-q4_K_M,ollama,bgl,zero_shot,83,True,KERNRTSP,True,high,"A hardware error occurred in the DDR memory system, causing multiple errors and a retransmission error that was corrected but ultimately led to an RTS panic.","{   ""is_anomaly"": true,   ""severity"": ""high"",   ""root_cause"": ""A hardware error occurred in the DDR memory system, causing multiple errors and a retransmission error that was corrected but ultimately led to an RTS panic."",   ""remediation"": ""Investigate and replace the faulty DDR memory module on rank 0."" }",3.312,214,76,0.0
llama3.1:70b-instruct-q4_K_M,ollama,bgl,zero_shot,84,False,NORMAL,True,high,"The system is generating multiple core dumps in a short period of time, indicating a potential crash loop or severe instability.","{   ""is_anomaly"": true,   ""severity"": ""high"",   ""root_cause"": ""The system is generating multiple core dumps in a short period of time, indicating a potential crash loop or severe instability."",   ""remediation"": ""Investigate and address the underlying cause of the crashes, potentially by reviewing application code changes, system configuration, or resource utilization."" }",3.487,169,80,0.0
llama3.1:70b-instruct-q4_K_M,ollama,bgl,zero_shot,85,False,NORMAL,True,high,The system is generating an excessive number of core dumps in a short period.,"{   ""is_anomaly"": true,   ""severity"": ""high"",   ""root_cause"": ""The system is generating an excessive number of core dumps in a short period."",   ""remediation"": ""Investigate and address the underlying issue causing the repeated crashes."" }",2.696,167,59,0.0
llama3.1:70b-instruct-q4_K_M,ollama,bgl,zero_shot,86,True,KERNSTOR,True,high,"The system is experiencing repeated data storage interrupts at the same address (0x00000002), indicating a potential hardware failure or memory corruption issue.","{   ""is_anomaly"": true,   ""severity"": ""high"",   ""root_cause"": ""The system is experiencing repeated data storage interrupts at the same address (0x00000002), indicating a potential hardware failure or memory corruption issue."",   ""remediation"": ""Run a diagnostic test on the system's memory and storage to identify and replace any faulty components."" }",3.424,172,80,0.0
llama3.1:70b-instruct-q4_K_M,ollama,bgl,zero_shot,87,True,KERNTERM,True,high,"The kernel terminated repeatedly due to an unknown reason (code 1004), indicating a potential system crash or instability issue.","{   ""is_anomaly"": true,   ""severity"": ""high"",   ""root_cause"": ""The kernel terminated repeatedly due to an unknown reason (code 1004), indicating a potential system crash or instability issue."",   ""remediation"": ""Investigate the cause of kernel termination code 1004 and restart the system or take corrective action to prevent further crashes."" }",3.468,184,80,0.0
llama3.1:70b-instruct-q4_K_M,ollama,bgl,zero_shot,88,True,APPSEV,True,medium,"Multiple connections to the same IP address were severed, indicating a possible network issue or service restart on the remote host.","{   ""is_anomaly"": true,   ""severity"": ""medium"",   ""root_cause"": ""Multiple connections to the same IP address were severed, indicating a possible network issue or service restart on the remote host."",   ""remediation"": ""Investigate the status of the remote host at 172.16.96.116 and verify its connectivity."" }",3.466,299,77,0.0
llama3.1:70b-instruct-q4_K_M,ollama,bgl,zero_shot,89,True,KERNDTLB,True,high,"The system is experiencing repeated data Translation Lookaside Buffer (TLB) errors, indicating a potential hardware or firmware issue.","{   ""is_anomaly"": true,   ""severity"": ""high"",   ""root_cause"": ""The system is experiencing repeated data Translation Lookaside Buffer (TLB) errors, indicating a potential hardware or firmware issue."",   ""remediation"": ""Investigate and replace the faulty hardware component or update the firmware to resolve the TLB error interrupts."" }",3.247,164,76,0.0
llama3.1:70b-instruct-q4_K_M,ollama,bgl,zero_shot,90,True,KERNDTLB,True,high,"The system is experiencing repeated data Translation Lookaside Buffer (TLB) errors, indicating a potential hardware or firmware issue.","{   ""is_anomaly"": true,   ""severity"": ""high"",   ""root_cause"": ""The system is experiencing repeated data Translation Lookaside Buffer (TLB) errors, indicating a potential hardware or firmware issue."",   ""remediation"": ""Investigate and replace the faulty hardware component or update the firmware to resolve the TLB error interrupts."" }",3.127,164,76,0.0
llama3.1:70b-instruct-q4_K_M,ollama,bgl,zero_shot,91,True,APPREAD,True,medium,"The system is experiencing repeated failures to read message prefixes on control streams with a specific IP address (172.16.96.116), indicating potential connectivity or configuration issues.","{   ""is_anomaly"": true,   ""severity"": ""medium"",   ""root_cause"": ""The system is experiencing repeated failures to read message prefixes on control streams with a specific IP address (172.16.96.116), indicating potential connectivity or configuration issues."",   ""remediation"": ""Investigate and verify the network connection and configuration settings for communication with the specified IP address."" ",3.708,279,84,0.0
llama3.1:70b-instruct-q4_K_M,ollama,bgl,zero_shot,92,False,NORMAL,True,high,"The system is generating multiple core dumps in a short period of time, indicating a potential crash or instability issue.","{   ""is_anomaly"": true,   ""severity"": ""high"",   ""root_cause"": ""The system is generating multiple core dumps in a short period of time, indicating a potential crash or instability issue."",   ""remediation"": ""Investigate the cause of the crashes and restart the service or take corrective action to prevent further core dumps."" }",3.317,169,75,0.0
llama3.1:70b-instruct-q4_K_M,ollama,bgl,zero_shot,93,False,NORMAL,True,high,"The system is generating multiple core dumps in a short period of time, indicating a potential crash or instability issue.","{   ""is_anomaly"": true,   ""severity"": ""high"",   ""root_cause"": ""The system is generating multiple core dumps in a short period of time, indicating a potential crash or instability issue."",   ""remediation"": ""Investigate the cause of the crashes and restart the service or apply patches to prevent further core dumps."" }",3.236,169,74,0.0
llama3.1:70b-instruct-q4_K_M,ollama,bgl,zero_shot,94,True,KERNDTLB,True,high,"The system is experiencing repeated data Translation Lookaside Buffer (TLB) errors, indicating a potential hardware or firmware issue.","{   ""is_anomaly"": true,   ""severity"": ""high"",   ""root_cause"": ""The system is experiencing repeated data Translation Lookaside Buffer (TLB) errors, indicating a potential hardware or firmware issue."",   ""remediation"": ""Investigate and replace the faulty hardware component or update the firmware to resolve the TLB error interrupts."" }",3.166,164,76,0.0
llama3.1:70b-instruct-q4_K_M,ollama,bgl,zero_shot,95,False,NORMAL,True,low,The system is experiencing repeated identical errors with the same 'iar' and 'dear' values.,"{   ""is_anomaly"": true,   ""severity"": ""low"",   ""root_cause"": ""The system is experiencing repeated identical errors with the same 'iar' and 'dear' values."",   ""remediation"": ""Investigate and resolve the cause of the duplicate error messages."" }",2.903,199,64,0.0
llama3.1:70b-instruct-q4_K_M,ollama,bgl,zero_shot,96,False,NORMAL,True,medium,The system is experiencing a high rate of identical error messages with varying addresses.,"{   ""is_anomaly"": true,   ""severity"": ""medium"",   ""root_cause"": ""The system is experiencing a high rate of identical error messages with varying addresses."",   ""remediation"": ""Investigate the source of the repeated errors and address any underlying issues causing the identical error messages."" }",2.99,201,66,0.0
llama3.1:70b-instruct-q4_K_M,ollama,bgl,zero_shot,97,True,KERNDTLB,True,high,"The system is experiencing repeated data Translation Lookaside Buffer (TLB) errors, indicating a potential hardware or firmware issue.","{   ""is_anomaly"": true,   ""severity"": ""high"",   ""root_cause"": ""The system is experiencing repeated data Translation Lookaside Buffer (TLB) errors, indicating a potential hardware or firmware issue."",   ""remediation"": ""Investigate and replace the faulty hardware component or update the firmware to resolve the TLB error interrupts."" }",3.16,164,76,0.0
llama3.1:70b-instruct-q4_K_M,ollama,bgl,zero_shot,98,False,NORMAL,True,high,The system encountered repeated byte ordering exceptions and a program interrupt due to a privileged instruction error.,"{   ""is_anomaly"": true,   ""severity"": ""high"",   ""root_cause"": ""The system encountered repeated byte ordering exceptions and a program interrupt due to a privileged instruction error."",   ""remediation"": ""Investigate and fix the underlying issue causing the byte ordering exceptions, potentially related to data corruption or incorrect system configuration."" }",3.207,170,73,0.0
llama3.1:70b-instruct-q4_K_M,ollama,bgl,zero_shot,99,False,NORMAL,True,high,"The system is generating multiple core dumps in a short period of time, indicating a potential crash or instability issue.","{   ""is_anomaly"": true,   ""severity"": ""high"",   ""root_cause"": ""The system is generating multiple core dumps in a short period of time, indicating a potential crash or instability issue."",   ""remediation"": ""Investigate the cause of the crashes and restart the service or apply patches to prevent further core dumps."" }",3.252,168,74,0.0
llama3.1:70b-instruct-q4_K_M,ollama,bgl,zero_shot,100,False,NORMAL,True,high,"The system is generating multiple core dumps in a short period of time, indicating a potential crash or instability issue.","{   ""is_anomaly"": true,   ""severity"": ""high"",   ""root_cause"": ""The system is generating multiple core dumps in a short period of time, indicating a potential crash or instability issue."",   ""remediation"": ""Investigate the cause of the crashes and restart the service or take corrective action to prevent further core dumps."" }",3.271,169,75,0.0
llama3.1:70b-instruct-q4_K_M,ollama,bgl,zero_shot,101,True,KERNSTOR,True,high,"The system experienced a repeated data storage interrupt, indicating a potential hardware failure or disk I/O issue.","{   ""is_anomaly"": true,   ""severity"": ""high"",   ""root_cause"": ""The system experienced a repeated data storage interrupt, indicating a potential hardware failure or disk I/O issue."",   ""remediation"": ""Investigate and replace the faulty storage device or check for disk I/O bottlenecks."" }",2.996,154,70,0.0
llama3.1:70b-instruct-q4_K_M,ollama,bgl,zero_shot,102,False,NORMAL,False,low,none,"{   ""is_anomaly"": false,   ""severity"": ""low"",   ""root_cause"": ""none"",   ""remediation"": ""none"" }",1.967,294,36,0.0
llama3.1:70b-instruct-q4_K_M,ollama,bgl,zero_shot,103,True,KERNDTLB,True,high,"The system is experiencing repeated data Translation Lookaside Buffer (TLB) errors, indicating a potential hardware or firmware issue.","{   ""is_anomaly"": true,   ""severity"": ""high"",   ""root_cause"": ""The system is experiencing repeated data Translation Lookaside Buffer (TLB) errors, indicating a potential hardware or firmware issue."",   ""remediation"": ""Investigate and replace the faulty hardware component or update the firmware to resolve the TLB error interrupts."" }",3.206,164,76,0.0
llama3.1:70b-instruct-q4_K_M,ollama,bgl,zero_shot,104,False,NORMAL,True,high,"The system is generating multiple core dumps in a short period of time, indicating a potential crash loop or severe instability.","{   ""is_anomaly"": true,   ""severity"": ""high"",   ""root_cause"": ""The system is generating multiple core dumps in a short period of time, indicating a potential crash loop or severe instability."",   ""remediation"": ""Investigate and address the underlying cause of the crashes, potentially by reviewing application code changes, system configuration, or resource utilization."" }",3.471,169,80,0.0
llama3.1:70b-instruct-q4_K_M,ollama,bgl,zero_shot,105,False,NORMAL,True,high,"The system is experiencing a high frequency of double-hummer alignment exceptions, indicating a potential hardware or software malfunction.","{   ""is_anomaly"": true,   ""severity"": ""high"",   ""root_cause"": ""The system is experiencing a high frequency of double-hummer alignment exceptions, indicating a potential hardware or software malfunction."",   ""remediation"": ""Investigate and restart the affected component or replace faulty hardware to resolve the issue."" }",3.088,179,70,0.0
llama3.1:70b-instruct-q4_K_M,ollama,bgl,zero_shot,106,True,KERNDTLB,True,high,"The system is experiencing repeated data Translation Lookaside Buffer (TLB) errors, indicating a potential hardware or firmware issue.","{   ""is_anomaly"": true,   ""severity"": ""high"",   ""root_cause"": ""The system is experiencing repeated data Translation Lookaside Buffer (TLB) errors, indicating a potential hardware or firmware issue."",   ""remediation"": ""Investigate and replace the faulty hardware component or update the firmware to resolve the TLB error interrupts."" }",3.197,164,76,0.0
llama3.1:70b-instruct-q4_K_M,ollama,bgl,zero_shot,107,True,KERNDTLB,True,high,"The system is experiencing repeated data Translation Lookaside Buffer (TLB) errors, indicating a potential hardware or firmware issue.","{   ""is_anomaly"": true,   ""severity"": ""high"",   ""root_cause"": ""The system is experiencing repeated data Translation Lookaside Buffer (TLB) errors, indicating a potential hardware or firmware issue."",   ""remediation"": ""Investigate and replace the faulty hardware component or update the firmware to resolve the TLB error interrupts."" }",3.134,164,76,0.0
llama3.1:70b-instruct-q4_K_M,ollama,bgl,zero_shot,108,True,KERNDTLB,True,high,"The system is experiencing repeated data Translation Lookaside Buffer (TLB) errors, indicating a potential hardware or firmware issue.","{   ""is_anomaly"": true,   ""severity"": ""high"",   ""root_cause"": ""The system is experiencing repeated data Translation Lookaside Buffer (TLB) errors, indicating a potential hardware or firmware issue."",   ""remediation"": ""Investigate and replace the faulty hardware component or update the firmware to resolve the TLB error interrupts."" }",3.16,164,76,0.0
llama3.1:70b-instruct-q4_K_M,ollama,bgl,zero_shot,109,True,APPREAD,True,medium,"The system is experiencing repeated failures to read message prefixes on control streams with a specific IP address (172.16.96.116), indicating potential connectivity or configuration issues.","{   ""is_anomaly"": true,   ""severity"": ""medium"",   ""root_cause"": ""The system is experiencing repeated failures to read message prefixes on control streams with a specific IP address (172.16.96.116), indicating potential connectivity or configuration issues."",   ""remediation"": ""Investigate and verify the network connection and CioStream socket configurations between the system and the specified IP a",3.827,279,88,0.0
llama3.1:70b-instruct-q4_K_M,ollama,bgl,zero_shot,110,False,NORMAL,True,low,"The system detected and corrected DDR errors on rank 0, symbol 29.","{   ""is_anomaly"": true,   ""severity"": ""low"",   ""root_cause"": ""The system detected and corrected DDR errors on rank 0, symbol 29."",   ""remediation"": ""Monitor the system for further errors and consider running a memory test to identify any underlying issues."" }",3.038,232,66,0.0
llama3.1:70b-instruct-q4_K_M,ollama,bgl,zero_shot,111,False,NORMAL,False,low,none,"{   ""is_anomaly"": false,   ""severity"": ""low"",   ""root_cause"": ""none"",   ""remediation"": ""none"" }",1.979,294,36,0.0
llama3.1:70b-instruct-q4_K_M,ollama,bgl,zero_shot,112,True,KERNDTLB,True,high,"The system is experiencing repeated data Translation Lookaside Buffer (TLB) errors, indicating a potential hardware or firmware issue.","{   ""is_anomaly"": true,   ""severity"": ""high"",   ""root_cause"": ""The system is experiencing repeated data Translation Lookaside Buffer (TLB) errors, indicating a potential hardware or firmware issue."",   ""remediation"": ""Investigate and replace the faulty hardware component or update the firmware to resolve the TLB error interrupts."" }",3.242,164,76,0.0
llama3.1:70b-instruct-q4_K_M,ollama,bgl,zero_shot,113,False,NORMAL,True,medium,"The system is experiencing repeated floating point alignment exceptions, indicating a potential issue with numerical computations or data alignment.","{   ""is_anomaly"": true,   ""severity"": ""medium"",   ""root_cause"": ""The system is experiencing repeated floating point alignment exceptions, indicating a potential issue with numerical computations or data alignment."",   ""remediation"": ""Investigate and fix the code or configuration causing the misaligned floating-point operations."" }",3.107,164,69,0.0
llama3.1:70b-instruct-q4_K_M,ollama,bgl,zero_shot,114,True,APPSEV,True,medium,"Multiple connections to the same IP address (172.16.96.116) have been severed, indicating a possible network connectivity issue or service restart.","{   ""is_anomaly"": true,   ""severity"": ""medium"",   ""root_cause"": ""Multiple connections to the same IP address (172.16.96.116) have been severed, indicating a possible network connectivity issue or service restart."",   ""remediation"": ""Investigate and verify the status of the service running on 172.16.96.116 and check for any network connectivity issues."" }",3.872,284,89,0.0
llama3.1:70b-instruct-q4_K_M,ollama,bgl,zero_shot,115,False,NORMAL,True,medium,The system is unable to load the ddcMDbglV program image due to a missing file.,"{   ""is_anomaly"": true,   ""severity"": ""medium"",   ""root_cause"": ""The system is unable to load the ddcMDbglV program image due to a missing file."",   ""remediation"": ""Verify that the /home/glosli/src/ddcMD/ddcMD1.1.18a/bin/ddcMDbglV file exists and has correct permissions."" }",3.948,349,88,0.0
llama3.1:70b-instruct-q4_K_M,ollama,bgl,zero_shot,116,True,KERNDTLB,True,high,"The system is experiencing repeated data Translation Lookaside Buffer (TLB) errors, indicating a potential hardware or firmware issue.","{   ""is_anomaly"": true,   ""severity"": ""high"",   ""root_cause"": ""The system is experiencing repeated data Translation Lookaside Buffer (TLB) errors, indicating a potential hardware or firmware issue."",   ""remediation"": ""Investigate and replace the faulty hardware component or update the firmware to resolve the TLB error interrupts."" }",3.24,164,76,0.0
llama3.1:70b-instruct-q4_K_M,ollama,bgl,zero_shot,117,False,NORMAL,True,high,"The system is experiencing a high frequency of double-hummer alignment exceptions, indicating a potential hardware or software malfunction.","{   ""is_anomaly"": true,   ""severity"": ""high"",   ""root_cause"": ""The system is experiencing a high frequency of double-hummer alignment exceptions, indicating a potential hardware or software malfunction."",   ""remediation"": ""Investigate and restart the affected component or replace faulty hardware to resolve the issue."" }",3.122,179,70,0.0
llama3.1:70b-instruct-q4_K_M,ollama,bgl,zero_shot,118,True,APPBUSY,True,medium,The system is unable to create a node map from the specified file due to a device or resource being busy.,"{   ""is_anomaly"": true,   ""severity"": ""medium"",   ""root_cause"": ""The system is unable to create a node map from the specified file due to a device or resource being busy."",   ""remediation"": ""Investigate and resolve the underlying issue causing the device or resource to be busy, such as a stuck process or file lock."" }",3.591,379,79,0.0
llama3.1:70b-instruct-q4_K_M,ollama,bgl,zero_shot,119,False,NORMAL,True,medium,The system is unable to load the ddcMDbglV program image due to a missing file.,"{   ""is_anomaly"": true,   ""severity"": ""medium"",   ""root_cause"": ""The system is unable to load the ddcMDbglV program image due to a missing file."",   ""remediation"": ""Verify that the /home/glosli/src/ddcMD/ddcMD1.1.13/bin/ddcMDbglV file exists and has correct permissions."" }",3.905,344,87,0.0
llama3.1:70b-instruct-q4_K_M,ollama,bgl,zero_shot,120,False,NORMAL,True,high,"A persistent data cache search parity error was detected, indicating a potential hardware or storage issue.","{   ""is_anomaly"": true,   ""severity"": ""high"",   ""root_cause"": ""A persistent data cache search parity error was detected, indicating a potential hardware or storage issue."",   ""remediation"": ""Investigate and replace the faulty hardware component or storage device to prevent data corruption."" }",3.019,189,66,0.0
llama3.1:70b-instruct-q4_K_M,ollama,bgl,zero_shot,121,True,KERNDTLB,True,high,"The system is experiencing repeated data Translation Lookaside Buffer (TLB) errors, indicating a potential hardware or firmware issue.","{   ""is_anomaly"": true,   ""severity"": ""high"",   ""root_cause"": ""The system is experiencing repeated data Translation Lookaside Buffer (TLB) errors, indicating a potential hardware or firmware issue."",   ""remediation"": ""Investigate and replace the faulty hardware component or update the firmware to resolve the TLB error interrupts."" }",3.223,164,76,0.0
llama3.1:70b-instruct-q4_K_M,ollama,bgl,zero_shot,122,False,NORMAL,True,high,The system is experiencing repeated program interrupts due to attempts to execute privileged instructions without proper authorization.,"{   ""is_anomaly"": true,   ""severity"": ""high"",   ""root_cause"": ""The system is experiencing repeated program interrupts due to attempts to execute privileged instructions without proper authorization."",   ""remediation"": ""Investigate and fix the code or configuration issue causing the unauthorized access attempts."" }",2.805,174,65,0.0
llama3.1:70b-instruct-q4_K_M,ollama,bgl,zero_shot,123,True,KERNMNT,True,high,The system is experiencing repeated failures to mount a filesystem.,"{   ""is_anomaly"": true,   ""severity"": ""high"",   ""root_cause"": ""The system is experiencing repeated failures to mount a filesystem."",   ""remediation"": ""Investigate and resolve the underlying issue preventing the filesystem from mounting, such as disk errors or configuration problems."" }",2.873,169,64,0.0
llama3.1:70b-instruct-q4_K_M,ollama,bgl,zero_shot,124,False,NORMAL,True,high,"The system is generating multiple core dumps in a short period of time, indicating a potential crash loop or severe instability.","{   ""is_anomaly"": true,   ""severity"": ""high"",   ""root_cause"": ""The system is generating multiple core dumps in a short period of time, indicating a potential crash loop or severe instability."",   ""remediation"": ""Investigate and address the underlying cause of the crashes, potentially by reviewing application code changes, system configuration, or resource utilization."" }",3.469,169,80,0.0
llama3.1:70b-instruct-q4_K_M,ollama,bgl,zero_shot,125,True,KERNDTLB,True,high,"The system is experiencing repeated data Translation Lookaside Buffer (TLB) errors, indicating a potential hardware or firmware issue.","{   ""is_anomaly"": true,   ""severity"": ""high"",   ""root_cause"": ""The system is experiencing repeated data Translation Lookaside Buffer (TLB) errors, indicating a potential hardware or firmware issue."",   ""remediation"": ""Investigate and replace the faulty hardware component or update the firmware to resolve the TLB error interrupts."" }",3.209,164,76,0.0
llama3.1:70b-instruct-q4_K_M,ollama,bgl,zero_shot,126,True,APPSEV,True,medium,"The system experienced a sudden loss of connection to multiple CioStream sockets, likely due to a network issue or the remote host becoming unresponsive.","{   ""is_anomaly"": true,   ""severity"": ""medium"",   ""root_cause"": ""The system experienced a sudden loss of connection to multiple CioStream sockets, likely due to a network issue or the remote host becoming unresponsive."",   ""remediation"": ""Investigate and verify the status of the remote host at IP address 172.16.96.116 and check for any network connectivity issues."" }",3.922,274,90,0.0
llama3.1:70b-instruct-q4_K_M,ollama,bgl,zero_shot,127,True,KERNDTLB,True,high,"The system is experiencing repeated data Translation Lookaside Buffer (TLB) errors, indicating a potential hardware or firmware issue.","{   ""is_anomaly"": true,   ""severity"": ""high"",   ""root_cause"": ""The system is experiencing repeated data Translation Lookaside Buffer (TLB) errors, indicating a potential hardware or firmware issue."",   ""remediation"": ""Investigate and replace the faulty hardware component or update the firmware to resolve the TLB error interrupts."" }",3.208,164,76,0.0
llama3.1:70b-instruct-q4_K_M,ollama,bgl,zero_shot,128,False,NORMAL,False,low,none,"{   ""is_anomaly"": false,   ""severity"": ""low"",   ""root_cause"": ""none"",   ""remediation"": ""none"" }",2.006,294,36,0.0
llama3.1:70b-instruct-q4_K_M,ollama,bgl,zero_shot,129,False,NORMAL,True,high,"The system is generating multiple core dumps in a short period of time, indicating a potential crash loop or severe instability.","{   ""is_anomaly"": true,   ""severity"": ""high"",   ""root_cause"": ""The system is generating multiple core dumps in a short period of time, indicating a potential crash loop or severe instability."",   ""remediation"": ""Investigate and address the underlying cause of the crashes, potentially by reviewing application code changes, system configuration, or resource utilization."" }",3.481,169,80,0.0
llama3.1:70b-instruct-q4_K_M,ollama,bgl,zero_shot,130,True,KERNSTOR,True,high,"The system experienced a repeated data storage interrupt, indicating a potential hardware failure or disk I/O issue.","{   ""is_anomaly"": true,   ""severity"": ""high"",   ""root_cause"": ""The system experienced a repeated data storage interrupt, indicating a potential hardware failure or disk I/O issue."",   ""remediation"": ""Investigate and replace the faulty storage device or check for disk I/O bottlenecks."" }",2.967,154,70,0.0
llama3.1:70b-instruct-q4_K_M,ollama,bgl,zero_shot,131,True,KERNDTLB,True,high,"The system is experiencing repeated data Translation Lookaside Buffer (TLB) errors, indicating a potential hardware or firmware issue.","{   ""is_anomaly"": true,   ""severity"": ""high"",   ""root_cause"": ""The system is experiencing repeated data Translation Lookaside Buffer (TLB) errors, indicating a potential hardware or firmware issue."",   ""remediation"": ""Investigate and replace the faulty hardware component or update the firmware to resolve the TLB error interrupts."" }",3.2,164,76,0.0
llama3.1:70b-instruct-q4_K_M,ollama,bgl,zero_shot,132,False,NORMAL,False,low,none,"{   ""is_anomaly"": false,   ""severity"": ""low"",   ""root_cause"": ""none"",   ""remediation"": ""none"" }",1.893,199,36,0.0
llama3.1:70b-instruct-q4_K_M,ollama,bgl,zero_shot,133,False,NORMAL,True,medium,"The system is experiencing repeated instruction cache parity errors, indicating potential hardware issues or data corruption.","{   ""is_anomaly"": true,   ""severity"": ""medium"",   ""root_cause"": ""The system is experiencing repeated instruction cache parity errors, indicating potential hardware issues or data corruption."",   ""remediation"": ""Run a diagnostic test on the system's memory and CPU to identify and replace faulty components."" }",3.021,164,68,0.0
llama3.1:70b-instruct-q4_K_M,ollama,bgl,zero_shot,134,False,NORMAL,True,high,"The system is generating multiple core dumps in a short period of time, indicating a potential crash loop or severe instability.","{   ""is_anomaly"": true,   ""severity"": ""high"",   ""root_cause"": ""The system is generating multiple core dumps in a short period of time, indicating a potential crash loop or severe instability."",   ""remediation"": ""Investigate and address the underlying cause of the crashes, potentially by reviewing application code changes, system configuration, or resource utilization."" }",3.462,169,80,0.0
llama3.1:70b-instruct-q4_K_M,ollama,bgl,zero_shot,135,False,NORMAL,True,high,"The system is experiencing repeated double-hummer alignment exceptions, indicating a potential hardware or firmware issue.","{   ""is_anomaly"": true,   ""severity"": ""high"",   ""root_cause"": ""The system is experiencing repeated double-hummer alignment exceptions, indicating a potential hardware or firmware issue."",   ""remediation"": ""Investigate and replace the faulty hardware component or update the firmware to resolve the alignment issues."" }",3.08,193,69,0.0
llama3.1:70b-instruct-q4_K_M,ollama,bgl,zero_shot,136,True,APPSEV,True,medium,The system experienced a sudden loss of connection to a remote host at IP address 172.16.96.116.,"{   ""is_anomaly"": true,   ""severity"": ""medium"",   ""root_cause"": ""The system experienced a sudden loss of connection to a remote host at IP address 172.16.96.116."",   ""remediation"": ""Investigate the network connectivity and firewall rules between the local system and the remote host."" }",3.255,279,73,0.0
llama3.1:70b-instruct-q4_K_M,ollama,bgl,zero_shot,137,False,NORMAL,True,high,The system is generating an excessive number of core dumps in a short period.,"{   ""is_anomaly"": true,   ""severity"": ""high"",   ""root_cause"": ""The system is generating an excessive number of core dumps in a short period."",   ""remediation"": ""Investigate the cause of the crashes and restart or repair the faulty service."" }",2.832,164,62,0.0
llama3.1:70b-instruct-q4_K_M,ollama,bgl,zero_shot,138,True,KERNDTLB,True,high,"The system is experiencing repeated data Translation Lookaside Buffer (TLB) errors, indicating a potential hardware or firmware issue.","{   ""is_anomaly"": true,   ""severity"": ""high"",   ""root_cause"": ""The system is experiencing repeated data Translation Lookaside Buffer (TLB) errors, indicating a potential hardware or firmware issue."",   ""remediation"": ""Investigate and replace the faulty hardware component or update the firmware to resolve the TLB error interrupts."" }",3.2,164,76,0.0
llama3.1:70b-instruct-q4_K_M,ollama,bgl,zero_shot,139,True,KERNDTLB,True,high,"The system is experiencing repeated data Translation Lookaside Buffer (TLB) errors, indicating a potential hardware or firmware issue.","{   ""is_anomaly"": true,   ""severity"": ""high"",   ""root_cause"": ""The system is experiencing repeated data Translation Lookaside Buffer (TLB) errors, indicating a potential hardware or firmware issue."",   ""remediation"": ""Investigate and replace the faulty hardware component or update the firmware to resolve the TLB error interrupts."" }",3.154,164,76,0.0
llama3.1:70b-instruct-q4_K_M,ollama,bgl,zero_shot,140,False,NORMAL,True,high,"The system is generating multiple core dumps in a short period of time, indicating a potential crash loop or severe instability.","{   ""is_anomaly"": true,   ""severity"": ""high"",   ""root_cause"": ""The system is generating multiple core dumps in a short period of time, indicating a potential crash loop or severe instability."",   ""remediation"": ""Investigate and address the underlying cause of the crashes, potentially by reviewing recent code changes or system updates."" }",3.315,169,76,0.0
llama3.1:70b-instruct-q4_K_M,ollama,bgl,zero_shot,141,False,NORMAL,False,low,none,"{   ""is_anomaly"": false,   ""severity"": ""low"",   ""root_cause"": ""none"",   ""remediation"": ""none"" }",1.899,202,36,0.0
llama3.1:70b-instruct-q4_K_M,ollama,bgl,zero_shot,142,True,KERNSTOR,True,medium,"The system is experiencing repeated data storage interrupts at the same memory address (0x00000002), indicating a potential hardware or driver issue.","{   ""is_anomaly"": true,   ""severity"": ""medium"",   ""root_cause"": ""The system is experiencing repeated data storage interrupts at the same memory address (0x00000002), indicating a potential hardware or driver issue."",   ""remediation"": ""Investigate and replace the faulty storage device or update the relevant drivers to resolve the interrupt errors."" }",3.457,172,79,0.0
llama3.1:70b-instruct-q4_K_M,ollama,bgl,zero_shot,143,False,NORMAL,True,high,"The system is generating multiple core dumps in a short period of time, indicating a potential crash or instability issue.","{   ""is_anomaly"": true,   ""severity"": ""high"",   ""root_cause"": ""The system is generating multiple core dumps in a short period of time, indicating a potential crash or instability issue."",   ""remediation"": ""Investigate the cause of the crashes and restart the service or apply patches to prevent further core dumps."" }",3.242,169,74,0.0
llama3.1:70b-instruct-q4_K_M,ollama,bgl,zero_shot,144,True,APPSEV,True,medium,Multiple connections to the same IP address (172.16.96.116) have been severed due to errors reading message prefixes.,"{   ""is_anomaly"": true,   ""severity"": ""medium"",   ""root_cause"": ""Multiple connections to the same IP address (172.16.96.116) have been severed due to errors reading message prefixes."",   ""remediation"": ""Investigate network connectivity issues or firewall rules that may be blocking communication with the remote host."" }",3.447,284,76,0.0
llama3.1:70b-instruct-q4_K_M,ollama,bgl,zero_shot,145,False,NORMAL,True,high,The system is experiencing repeated data store interrupts and program crashes due to illegal instructions.,"{   ""is_anomaly"": true,   ""severity"": ""high"",   ""root_cause"": ""The system is experiencing repeated data store interrupts and program crashes due to illegal instructions."",   ""remediation"": ""Investigate and fix the faulty code or corrupted data causing the dcbf instruction errors."" }",3.008,183,66,0.0
llama3.1:70b-instruct-q4_K_M,ollama,bgl,zero_shot,146,True,KERNDTLB,True,high,"The system is experiencing repeated data Translation Lookaside Buffer (TLB) errors, indicating a potential hardware or firmware issue.","{   ""is_anomaly"": true,   ""severity"": ""high"",   ""root_cause"": ""The system is experiencing repeated data Translation Lookaside Buffer (TLB) errors, indicating a potential hardware or firmware issue."",   ""remediation"": ""Investigate and replace the faulty hardware component or update the firmware to resolve the TLB error interrupts."" }",3.198,164,76,0.0
llama3.1:70b-instruct-q4_K_M,ollama,bgl,zero_shot,147,True,KERNDTLB,True,high,"The system is experiencing repeated data Translation Lookaside Buffer (TLB) errors, indicating a potential hardware or firmware issue.","{   ""is_anomaly"": true,   ""severity"": ""high"",   ""root_cause"": ""The system is experiencing repeated data Translation Lookaside Buffer (TLB) errors, indicating a potential hardware or firmware issue."",   ""remediation"": ""Investigate and replace the faulty hardware component or update the firmware to resolve the TLB error interrupts."" }",3.133,164,76,0.0
llama3.1:70b-instruct-q4_K_M,ollama,bgl,zero_shot,148,False,NORMAL,True,high,"The system is generating multiple core dumps in a short period of time, indicating a potential crash or instability issue.","{   ""is_anomaly"": true,   ""severity"": ""high"",   ""root_cause"": ""The system is generating multiple core dumps in a short period of time, indicating a potential crash or instability issue."",   ""remediation"": ""Investigate the cause of the crashes and restart the service or take corrective action to prevent further core dumps."" }",3.282,169,75,0.0
llama3.1:70b-instruct-q4_K_M,ollama,bgl,zero_shot,149,True,KERNMNTF,True,high,"Multiple Lustre mounts failed to connect to the /p/gb1 point across different nodes (bglio760, bglio757, bglio758, bglio767, bglio768).","{   ""is_anomaly"": true,   ""severity"": ""high"",   ""root_cause"": ""Multiple Lustre mounts failed to connect to the /p/gb1 point across different nodes (bglio760, bglio757, bglio758, bglio767, bglio768)."",   ""remediation"": ""Investigate and resolve connectivity issues between the affected nodes and the /p/gb1 mount point."" }",3.946,219,92,0.0
llama3.1:70b-instruct-q4_K_M,ollama,hdfs,zero_shot,150,True,Anomaly,False,low,none,"{   ""is_anomaly"": false,   ""severity"": ""low"",   ""root_cause"": ""none"",   ""remediation"": ""none"" }",2.079,401,36,0.0
llama3.1:70b-instruct-q4_K_M,ollama,hdfs,zero_shot,151,True,Anomaly,True,medium,A PacketResponder for block blk_3104996824122389267 terminated unexpectedly.,"{   ""is_anomaly"": true,   ""severity"": ""medium"",   ""root_cause"": ""A PacketResponder for block blk_3104996824122389267 terminated unexpectedly."",   ""remediation"": ""Investigate the reason for the termination and restart the PacketResponder if necessary."" }",3.123,378,64,0.0
llama3.1:70b-instruct-q4_K_M,ollama,hdfs,zero_shot,152,True,Anomaly,True,medium,A DataNode encountered an IOException while writing a block to disk.,"{   ""is_anomaly"": true,   ""severity"": ""medium"",   ""root_cause"": ""A DataNode encountered an IOException while writing a block to disk."",   ""remediation"": ""Investigate and resolve the underlying issue causing the IOException, potentially involving disk space or I/O errors."" }",3.082,349,65,0.0
llama3.1:70b-instruct-q4_K_M,ollama,hdfs,zero_shot,153,True,Anomaly,True,medium,Multiple PacketResponders terminated unexpectedly for different blocks.,"{   ""is_anomaly"": true,   ""severity"": ""medium"",   ""root_cause"": ""Multiple PacketResponders terminated unexpectedly for different blocks."",   ""remediation"": ""Investigate and restart the affected DataNode to recover from potential data corruption or loss."" }",2.807,308,59,0.0
llama3.1:70b-instruct-q4_K_M,ollama,hdfs,zero_shot,154,True,Anomaly,False,low,none,"{   ""is_anomaly"": false,   ""severity"": ""low"",   ""root_cause"": ""none"",   ""remediation"": ""none"" }",2.072,413,36,0.0
llama3.1:70b-instruct-q4_K_M,ollama,hdfs,zero_shot,155,False,NORMAL,False,low,none,"{   ""is_anomaly"": false,   ""severity"": ""low"",   ""root_cause"": ""none"",   ""remediation"": ""none"" }",2.074,342,36,0.0
llama3.1:70b-instruct-q4_K_M,ollama,hdfs,zero_shot,156,False,NORMAL,True,medium,Multiple blocks are being deleted simultaneously from the HDFS dataset.,"{   ""is_anomaly"": true,   ""severity"": ""medium"",   ""root_cause"": ""Multiple blocks are being deleted simultaneously from the HDFS dataset."",   ""remediation"": ""Investigate why these blocks were marked for deletion and verify that it was an intentional action."" }",2.968,369,62,0.0
llama3.1:70b-instruct-q4_K_M,ollama,hdfs,zero_shot,157,True,Anomaly,True,medium,PacketResponder threads are terminating unexpectedly for certain blocks.,"{   ""is_anomaly"": true,   ""severity"": ""medium"",   ""root_cause"": ""PacketResponder threads are terminating unexpectedly for certain blocks."",   ""remediation"": ""Investigate and restart the affected DataNode instances to recover from the terminated PacketResponders."" }",2.854,329,60,0.0
llama3.1:70b-instruct-q4_K_M,ollama,hdfs,zero_shot,158,True,Anomaly,True,medium,Multiple blocks are being deleted simultaneously from the HDFS dataset.,"{   ""is_anomaly"": true,   ""severity"": ""medium"",   ""root_cause"": ""Multiple blocks are being deleted simultaneously from the HDFS dataset."",   ""remediation"": ""Investigate why these blocks were deleted and verify data integrity to ensure no critical data was lost."" }",3.075,375,63,0.0
llama3.1:70b-instruct-q4_K_M,ollama,hdfs,zero_shot,159,False,NORMAL,False,low,none,"{   ""is_anomaly"": false,   ""severity"": ""low"",   ""root_cause"": ""none"",   ""remediation"": ""none"" }",2.095,409,36,0.0
llama3.1:70b-instruct-q4_K_M,ollama,hdfs,zero_shot,160,False,NORMAL,True,medium,Multiple blocks are being deleted simultaneously from the HDFS dataset.,"{   ""is_anomaly"": true,   ""severity"": ""medium"",   ""root_cause"": ""Multiple blocks are being deleted simultaneously from the HDFS dataset."",   ""remediation"": ""Investigate why these blocks were marked for deletion and verify that it was an intentional action."" }",3.002,369,62,0.0
llama3.1:70b-instruct-q4_K_M,ollama,hdfs,zero_shot,161,False,NORMAL,True,medium,Multiple blocks are being deleted simultaneously from the HDFS dataset.,"{   ""is_anomaly"": true,   ""severity"": ""medium"",   ""root_cause"": ""Multiple blocks are being deleted simultaneously from the HDFS dataset."",   ""remediation"": ""Investigate why these blocks were marked for deletion and verify that it was an intentional action."" }",3.008,369,62,0.0
llama3.1:70b-instruct-q4_K_M,ollama,hdfs,zero_shot,162,True,Anomaly,False,low,none,"{   ""is_anomaly"": false,   ""severity"": ""low"",   ""root_cause"": ""none"",   ""remediation"": ""none"" }",2.065,339,36,0.0
llama3.1:70b-instruct-q4_K_M,ollama,hdfs,zero_shot,163,False,NORMAL,True,medium,Multiple DataNodes encountered exceptions while serving blocks to clients.,"{   ""is_anomaly"": true,   ""severity"": ""medium"",   ""root_cause"": ""Multiple DataNodes encountered exceptions while serving blocks to clients."",   ""remediation"": ""Investigate and restart the affected DataNodes or check for network connectivity issues."" }",2.868,388,58,0.0
llama3.1:70b-instruct-q4_K_M,ollama,hdfs,zero_shot,164,False,NORMAL,False,low,none,"{   ""is_anomaly"": false,   ""severity"": ""low"",   ""root_cause"": ""none"",   ""remediation"": ""none"" }",2.062,342,36,0.0
llama3.1:70b-instruct-q4_K_M,ollama,hdfs,zero_shot,165,False,NORMAL,False,low,none,"{   ""is_anomaly"": false,   ""severity"": ""low"",   ""root_cause"": ""none"",   ""remediation"": ""none"" }",2.037,355,36,0.0
llama3.1:70b-instruct-q4_K_M,ollama,hdfs,zero_shot,166,False,NORMAL,True,medium,"Multiple blocks are being deleted and added to the invalidSet across different nodes, indicating potential data corruption or replication issues.","{   ""is_anomaly"": true,   ""severity"": ""medium"",   ""root_cause"": ""Multiple blocks are being deleted and added to the invalidSet across different nodes, indicating potential data corruption or replication issues."",   ""remediation"": ""Investigate and verify the integrity of the affected blocks and their replicas, and consider re-replicating or recovering them if necessary."" }",3.65,369,82,0.0
llama3.1:70b-instruct-q4_K_M,ollama,hdfs,zero_shot,167,True,Anomaly,True,medium,"Multiple blocks are being deleted from the HDFS dataset in a short time frame, indicating potential data loss or corruption.","{   ""is_anomaly"": true,   ""severity"": ""medium"",   ""root_cause"": ""Multiple blocks are being deleted from the HDFS dataset in a short time frame, indicating potential data loss or corruption."",   ""remediation"": ""Investigate and verify the legitimacy of these deletions, and consider restoring the deleted blocks if necessary."" }",3.426,366,75,0.0
llama3.1:70b-instruct-q4_K_M,ollama,hdfs,zero_shot,168,False,NORMAL,False,low,none,"{   ""is_anomaly"": false,   ""severity"": ""low"",   ""root_cause"": ""none"",   ""remediation"": ""none"" }",2.079,417,36,0.0
llama3.1:70b-instruct-q4_K_M,ollama,hdfs,zero_shot,169,False,NORMAL,True,medium,Multiple blocks are being deleted simultaneously from the HDFS dataset.,"{   ""is_anomaly"": true,   ""severity"": ""medium"",   ""root_cause"": ""Multiple blocks are being deleted simultaneously from the HDFS dataset."",   ""remediation"": ""Investigate why these blocks were deleted and verify data integrity to ensure no critical data was lost."" }",2.966,367,63,0.0
llama3.1:70b-instruct-q4_K_M,ollama,hdfs,zero_shot,170,False,NORMAL,False,low,none,"{   ""is_anomaly"": false,   ""severity"": ""low"",   ""root_cause"": ""none"",   ""remediation"": ""none"" }",2.091,412,36,0.0
llama3.1:70b-instruct-q4_K_M,ollama,hdfs,zero_shot,171,False,NORMAL,False,low,none,"{   ""is_anomaly"": false,   ""severity"": ""low"",   ""root_cause"": ""none"",   ""remediation"": ""none"" }",2.055,340,36,0.0
llama3.1:70b-instruct-q4_K_M,ollama,hdfs,zero_shot,172,True,Anomaly,False,low,none,"{   ""is_anomaly"": false,   ""severity"": ""low"",   ""root_cause"": ""none"",   ""remediation"": ""none"" }",2.037,408,36,0.0
llama3.1:70b-instruct-q4_K_M,ollama,hdfs,zero_shot,173,True,Anomaly,False,low,none,"{   ""is_anomaly"": false,   ""severity"": ""low"",   ""root_cause"": ""none"",   ""remediation"": ""none"" }",2.08,412,36,0.0
llama3.1:70b-instruct-q4_K_M,ollama,hdfs,zero_shot,174,False,NORMAL,False,low,none,"{   ""is_anomaly"": false,   ""severity"": ""low"",   ""root_cause"": ""none"",   ""remediation"": ""none"" }",2.074,375,36,0.0
llama3.1:70b-instruct-q4_K_M,ollama,hdfs,zero_shot,175,False,NORMAL,True,medium,"Multiple blocks are being added to the invalidSet across different nodes, indicating potential data corruption or replication issues.","{   ""is_anomaly"": true,   ""severity"": ""medium"",   ""root_cause"": ""Multiple blocks are being added to the invalidSet across different nodes, indicating potential data corruption or replication issues."",   ""remediation"": ""Investigate and verify the integrity of the affected blocks and consider re-replicating them if necessary."" }",3.42,369,74,0.0
llama3.1:70b-instruct-q4_K_M,ollama,hdfs,zero_shot,176,True,Anomaly,False,low,none,"{   ""is_anomaly"": false,   ""severity"": ""low"",   ""root_cause"": ""none"",   ""remediation"": ""none"" }",2.061,369,36,0.0
llama3.1:70b-instruct-q4_K_M,ollama,hdfs,zero_shot,177,True,Anomaly,False,low,none,"{   ""is_anomaly"": false,   ""severity"": ""low"",   ""root_cause"": ""none"",   ""remediation"": ""none"" }",2.047,342,36,0.0
llama3.1:70b-instruct-q4_K_M,ollama,hdfs,zero_shot,178,False,NORMAL,False,low,none,"{   ""is_anomaly"": false,   ""severity"": ""low"",   ""root_cause"": ""none"",   ""remediation"": ""none"" }",2.066,378,36,0.0
llama3.1:70b-instruct-q4_K_M,ollama,hdfs,zero_shot,179,False,NORMAL,True,medium,"Multiple blocks are being deleted from the HDFS dataset in a short time frame, indicating potential data loss or corruption.","{   ""is_anomaly"": true,   ""severity"": ""medium"",   ""root_cause"": ""Multiple blocks are being deleted from the HDFS dataset in a short time frame, indicating potential data loss or corruption."",   ""remediation"": ""Investigate and verify the legitimacy of these deletions, and consider restoring the deleted blocks if necessary."" }",3.448,369,75,0.0
llama3.1:70b-instruct-q4_K_M,ollama,hdfs,zero_shot,180,True,Anomaly,False,low,none,"{   ""is_anomaly"": false,   ""severity"": ""low"",   ""root_cause"": ""none"",   ""remediation"": ""none"" }",2.095,418,36,0.0
llama3.1:70b-instruct-q4_K_M,ollama,hdfs,zero_shot,181,False,NORMAL,False,low,none,"{   ""is_anomaly"": false,   ""severity"": ""low"",   ""root_cause"": ""none"",   ""remediation"": ""none"" }",2.082,378,36,0.0
llama3.1:70b-instruct-q4_K_M,ollama,hdfs,zero_shot,182,True,Anomaly,True,medium,"A DataNode received an empty packet for block blk_-9096517887581867876, indicating a potential issue with data transmission.","{   ""is_anomaly"": true,   ""severity"": ""medium"",   ""root_cause"": ""A DataNode received an empty packet for block blk_-9096517887581867876, indicating a potential issue with data transmission."",   ""remediation"": ""Investigate and verify the integrity of the block on the receiving DataNode to ensure data consistency."" }",3.539,367,78,0.0
llama3.1:70b-instruct-q4_K_M,ollama,hdfs,zero_shot,183,True,Anomaly,False,low,none,"{   ""is_anomaly"": false,   ""severity"": ""low"",   ""root_cause"": ""none"",   ""remediation"": ""none"" }",2.078,378,36,0.0
llama3.1:70b-instruct-q4_K_M,ollama,hdfs,zero_shot,184,True,Anomaly,True,medium,An exception occurred while serving a block to /10.251.126.255.,"{   ""is_anomaly"": true,   ""severity"": ""medium"",   ""root_cause"": ""An exception occurred while serving a block to /10.251.126.255."",   ""remediation"": ""Investigate the cause of the exception on DataNode 10.251.110.196 and restart the service if necessary."" }",3.414,338,74,0.0
llama3.1:70b-instruct-q4_K_M,ollama,hdfs,zero_shot,185,False,NORMAL,False,low,none,"{   ""is_anomaly"": false,   ""severity"": ""low"",   ""root_cause"": ""none"",   ""remediation"": ""none"" }",2.071,413,36,0.0
llama3.1:70b-instruct-q4_K_M,ollama,hdfs,zero_shot,186,True,Anomaly,False,low,none,"{   ""is_anomaly"": false,   ""severity"": ""low"",   ""root_cause"": ""none"",   ""remediation"": ""none"" }",2.116,413,36,0.0
llama3.1:70b-instruct-q4_K_M,ollama,hdfs,zero_shot,187,False,NORMAL,True,medium,Multiple blocks are being deleted simultaneously from the HDFS dataset.,"{   ""is_anomaly"": true,   ""severity"": ""medium"",   ""root_cause"": ""Multiple blocks are being deleted simultaneously from the HDFS dataset."",   ""remediation"": ""Investigate why these blocks were marked for deletion and verify that data integrity is maintained."" }",2.961,367,61,0.0
llama3.1:70b-instruct-q4_K_M,ollama,hdfs,zero_shot,188,True,Anomaly,False,low,none,"{   ""is_anomaly"": false,   ""severity"": ""low"",   ""root_cause"": ""none"",   ""remediation"": ""none"" }",2.013,342,36,0.0
llama3.1:70b-instruct-q4_K_M,ollama,hdfs,zero_shot,189,False,NORMAL,False,low,none,"{   ""is_anomaly"": false,   ""severity"": ""low"",   ""root_cause"": ""none"",   ""remediation"": ""none"" }",2.089,412,36,0.0
llama3.1:70b-instruct-q4_K_M,ollama,hdfs,zero_shot,190,True,Anomaly,False,low,none,"{   ""is_anomaly"": false,   ""severity"": ""low"",   ""root_cause"": ""none"",   ""remediation"": ""none"" }",2.102,406,36,0.0
llama3.1:70b-instruct-q4_K_M,ollama,hdfs,zero_shot,191,True,Anomaly,False,low,none,"{   ""is_anomaly"": false,   ""severity"": ""low"",   ""root_cause"": ""none"",   ""remediation"": ""none"" }",2.078,412,36,0.0
llama3.1:70b-instruct-q4_K_M,ollama,hdfs,zero_shot,192,False,NORMAL,False,low,none,"{   ""is_anomaly"": false,   ""severity"": ""low"",   ""root_cause"": ""none"",   ""remediation"": ""none"" }",2.057,341,36,0.0
llama3.1:70b-instruct-q4_K_M,ollama,hdfs,zero_shot,193,True,Anomaly,True,medium,"A block with a negative ID (blk_-4877481499433825863) was received, indicating potential data corruption or incorrect block allocation.","{   ""is_anomaly"": true,   ""severity"": ""medium"",   ""root_cause"": ""A block with a negative ID (blk_-4877481499433825863) was received, indicating potential data corruption or incorrect block allocation."",   ""remediation"": ""Investigate and verify the integrity of the received block and its allocation on the DataNode."" }",3.601,365,79,0.0
llama3.1:70b-instruct-q4_K_M,ollama,hdfs,zero_shot,194,True,Anomaly,False,low,none,"{   ""is_anomaly"": false,   ""severity"": ""low"",   ""root_cause"": ""none"",   ""remediation"": ""none"" }",2.116,419,36,0.0
llama3.1:70b-instruct-q4_K_M,ollama,hdfs,zero_shot,195,False,NORMAL,False,low,none,"{   ""is_anomaly"": false,   ""severity"": ""low"",   ""root_cause"": ""none"",   ""remediation"": ""none"" }",2.063,355,36,0.0
llama3.1:70b-instruct-q4_K_M,ollama,hdfs,zero_shot,196,False,NORMAL,True,medium,Multiple blocks are being deleted simultaneously from the HDFS dataset.,"{   ""is_anomaly"": true,   ""severity"": ""medium"",   ""root_cause"": ""Multiple blocks are being deleted simultaneously from the HDFS dataset."",   ""remediation"": ""Investigate why these blocks were marked for deletion and verify that data integrity is maintained."" }",2.943,367,61,0.0
llama3.1:70b-instruct-q4_K_M,ollama,hdfs,zero_shot,197,True,Anomaly,False,low,none,"{   ""is_anomaly"": false,   ""severity"": ""low"",   ""root_cause"": ""none"",   ""remediation"": ""none"" }",2.091,378,36,0.0
llama3.1:70b-instruct-q4_K_M,ollama,hdfs,zero_shot,198,True,Anomaly,False,low,none,"{   ""is_anomaly"": false,   ""severity"": ""low"",   ""root_cause"": ""none"",   ""remediation"": ""none"" }",2.049,341,36,0.0
llama3.1:70b-instruct-q4_K_M,ollama,hdfs,zero_shot,199,True,Anomaly,True,medium,"Multiple blocks are being deleted from the HDFS dataset in a short time frame, indicating potential data loss or corruption.","{   ""is_anomaly"": true,   ""severity"": ""medium"",   ""root_cause"": ""Multiple blocks are being deleted from the HDFS dataset in a short time frame, indicating potential data loss or corruption."",   ""remediation"": ""Investigate and verify the legitimacy of these deletions, and consider taking snapshots or backups to prevent further data loss."" }",3.564,369,78,0.0
llama3.1:70b-instruct-q4_K_M,ollama,hdfs,zero_shot,200,False,NORMAL,True,medium,Multiple blocks are being deleted simultaneously from the HDFS dataset.,"{   ""is_anomaly"": true,   ""severity"": ""medium"",   ""root_cause"": ""Multiple blocks are being deleted simultaneously from the HDFS dataset."",   ""remediation"": ""Investigate why these blocks were deleted and verify that no critical data was lost."" }",2.918,369,60,0.0
llama3.1:70b-instruct-q4_K_M,ollama,hdfs,zero_shot,201,True,Anomaly,True,medium,Multiple DataNodes encountered exceptions while serving blocks to clients.,"{   ""is_anomaly"": true,   ""severity"": ""medium"",   ""root_cause"": ""Multiple DataNodes encountered exceptions while serving blocks to clients."",   ""remediation"": ""Investigate and restart the affected DataNodes or check for network connectivity issues."" }",2.889,387,58,0.0
llama3.1:70b-instruct-q4_K_M,ollama,hdfs,zero_shot,202,True,Anomaly,False,low,none,"{   ""is_anomaly"": false,   ""severity"": ""low"",   ""root_cause"": ""none"",   ""remediation"": ""none"" }",2.062,338,36,0.0
llama3.1:70b-instruct-q4_K_M,ollama,hdfs,zero_shot,203,False,NORMAL,False,low,none,"{   ""is_anomaly"": false,   ""severity"": ""low"",   ""root_cause"": ""none"",   ""remediation"": ""none"" }",2.117,423,36,0.0
llama3.1:70b-instruct-q4_K_M,ollama,hdfs,zero_shot,204,True,Anomaly,False,low,none,"{   ""is_anomaly"": false,   ""severity"": ""low"",   ""root_cause"": ""none"",   ""remediation"": ""none"" }",2.095,409,36,0.0
llama3.1:70b-instruct-q4_K_M,ollama,hdfs,zero_shot,205,False,NORMAL,False,low,none,"{   ""is_anomaly"": false,   ""severity"": ""low"",   ""root_cause"": ""none"",   ""remediation"": ""none"" }",2.07,411,36,0.0
llama3.1:70b-instruct-q4_K_M,ollama,hdfs,zero_shot,206,False,NORMAL,False,low,none,"{   ""is_anomaly"": false,   ""severity"": ""low"",   ""root_cause"": ""none"",   ""remediation"": ""none"" }",2.024,341,36,0.0
llama3.1:70b-instruct-q4_K_M,ollama,hdfs,zero_shot,207,False,NORMAL,True,medium,A DataNode's PacketResponder terminated unexpectedly while handling a block.,"{   ""is_anomaly"": true,   ""severity"": ""medium"",   ""root_cause"": ""A DataNode's PacketResponder terminated unexpectedly while handling a block."",   ""remediation"": ""Investigate the health of the DataNode at 10.251.202.209 and restart it if necessary."" }",3.184,379,68,0.0
llama3.1:70b-instruct-q4_K_M,ollama,hdfs,zero_shot,208,False,NORMAL,True,medium,DataNode PacketResponders are terminating unexpectedly for multiple blocks.,"{   ""is_anomaly"": true,   ""severity"": ""medium"",   ""root_cause"": ""DataNode PacketResponders are terminating unexpectedly for multiple blocks."",   ""remediation"": ""Investigate and restart the DataNode service on affected nodes to re-establish block replication."" }",2.962,353,61,0.0
llama3.1:70b-instruct-q4_K_M,ollama,hdfs,zero_shot,209,True,Anomaly,True,low,A PacketResponder for block blk_-5691722457344168247 terminated unexpectedly.,"{   ""is_anomaly"": true,   ""severity"": ""low"",   ""root_cause"": ""A PacketResponder for block blk_-5691722457344168247 terminated unexpectedly."",   ""remediation"": ""Investigate the reason for PacketResponder termination and restart if necessary."" }",3.013,376,62,0.0
llama3.1:70b-instruct-q4_K_M,ollama,hdfs,zero_shot,210,False,NORMAL,True,medium,"Multiple blocks are being deleted and added to the invalid set across different nodes, indicating potential data corruption or replication issues.","{   ""is_anomaly"": true,   ""severity"": ""medium"",   ""root_cause"": ""Multiple blocks are being deleted and added to the invalid set across different nodes, indicating potential data corruption or replication issues."",   ""remediation"": ""Investigate and verify the integrity of the affected blocks and consider re-replicating them if necessary."" }",3.43,369,76,0.0
llama3.1:70b-instruct-q4_K_M,ollama,hdfs,zero_shot,211,True,Anomaly,False,low,none,"{   ""is_anomaly"": false,   ""severity"": ""low"",   ""root_cause"": ""none"",   ""remediation"": ""none"" }",2.047,340,36,0.0
llama3.1:70b-instruct-q4_K_M,ollama,hdfs,zero_shot,212,False,NORMAL,False,low,none,"{   ""is_anomaly"": false,   ""severity"": ""low"",   ""root_cause"": ""none"",   ""remediation"": ""none"" }",2.078,376,36,0.0
llama3.1:70b-instruct-q4_K_M,ollama,hdfs,zero_shot,213,True,Anomaly,True,medium,"Multiple blocks are being deleted from the HDFS dataset in a short time frame, indicating potential data loss or corruption.","{   ""is_anomaly"": true,   ""severity"": ""medium"",   ""root_cause"": ""Multiple blocks are being deleted from the HDFS dataset in a short time frame, indicating potential data loss or corruption."",   ""remediation"": ""Investigate and verify the legitimacy of these deletions, and consider restoring the deleted blocks if necessary."" }",3.442,369,75,0.0
llama3.1:70b-instruct-q4_K_M,ollama,hdfs,zero_shot,214,True,Anomaly,True,medium,"Multiple blocks are being deleted from the Hadoop Distributed File System (HDFS) in a short period of time, indicating potential data loss or corruption.","{   ""is_anomaly"": true,   ""severity"": ""medium"",   ""root_cause"": ""Multiple blocks are being deleted from the Hadoop Distributed File System (HDFS) in a short period of time, indicating potential data loss or corruption."",   ""remediation"": ""Investigate and verify the legitimacy of these deletions, and consider taking snapshots or backups to prevent further data loss."" }",3.841,364,85,0.0
llama3.1:70b-instruct-q4_K_M,ollama,hdfs,zero_shot,215,True,Anomaly,False,low,none,"{   ""is_anomaly"": false,   ""severity"": ""low"",   ""root_cause"": ""none"",   ""remediation"": ""none"" }",2.029,342,36,0.0
llama3.1:70b-instruct-q4_K_M,ollama,hdfs,zero_shot,216,False,NORMAL,False,low,none,"{   ""is_anomaly"": false,   ""severity"": ""low"",   ""root_cause"": ""none"",   ""remediation"": ""none"" }",2.051,339,36,0.0
llama3.1:70b-instruct-q4_K_M,ollama,hdfs,zero_shot,217,False,NORMAL,False,low,none,"{   ""is_anomaly"": false,   ""severity"": ""low"",   ""root_cause"": ""none"",   ""remediation"": ""none"" }",2.05,419,36,0.0
llama3.1:70b-instruct-q4_K_M,ollama,hdfs,zero_shot,218,True,Anomaly,True,medium,"Multiple blocks are being deleted and added to the invalid set across different nodes, indicating potential data corruption or replication issues.","{   ""is_anomaly"": true,   ""severity"": ""medium"",   ""root_cause"": ""Multiple blocks are being deleted and added to the invalid set across different nodes, indicating potential data corruption or replication issues."",   ""remediation"": ""Investigate and verify the integrity of the affected blocks and consider re-replicating them if necessary."" }",3.521,369,76,0.0
llama3.1:70b-instruct-q4_K_M,ollama,hdfs,zero_shot,219,False,NORMAL,False,low,none,"{   ""is_anomaly"": false,   ""severity"": ""low"",   ""root_cause"": ""none"",   ""remediation"": ""none"" }",2.055,327,36,0.0
llama3.1:70b-instruct-q4_K_M,ollama,hdfs,zero_shot,220,False,NORMAL,False,low,none,"{   ""is_anomaly"": false,   ""severity"": ""low"",   ""root_cause"": ""none"",   ""remediation"": ""none"" }",2.013,378,36,0.0
llama3.1:70b-instruct-q4_K_M,ollama,hdfs,zero_shot,221,False,NORMAL,True,medium,"Multiple blocks were deleted and added to the invalid set across different nodes in a short time frame, indicating possible data corruption or replication issues.","{   ""is_anomaly"": true,   ""severity"": ""medium"",   ""root_cause"": ""Multiple blocks were deleted and added to the invalid set across different nodes in a short time frame, indicating possible data corruption or replication issues."",   ""remediation"": ""Investigate block replication and verify data integrity on affected nodes."" }",3.282,369,71,0.0
llama3.1:70b-instruct-q4_K_M,ollama,hdfs,zero_shot,222,True,Anomaly,False,low,none,"{   ""is_anomaly"": false,   ""severity"": ""low"",   ""root_cause"": ""none"",   ""remediation"": ""none"" }",2.07,409,36,0.0
llama3.1:70b-instruct-q4_K_M,ollama,hdfs,zero_shot,223,True,Anomaly,False,low,none,"{   ""is_anomaly"": false,   ""severity"": ""low"",   ""root_cause"": ""none"",   ""remediation"": ""none"" }",2.08,376,36,0.0
llama3.1:70b-instruct-q4_K_M,ollama,hdfs,zero_shot,224,False,NORMAL,True,medium,Multiple blocks are being deleted simultaneously from the HDFS dataset.,"{   ""is_anomaly"": true,   ""severity"": ""medium"",   ""root_cause"": ""Multiple blocks are being deleted simultaneously from the HDFS dataset."",   ""remediation"": ""Investigate why these blocks were marked for deletion and verify that data integrity is maintained."" }",2.962,369,61,0.0
llama3.1:70b-instruct-q4_K_M,ollama,hdfs,zero_shot,225,False,NORMAL,False,low,none,"{   ""is_anomaly"": false,   ""severity"": ""low"",   ""root_cause"": ""none"",   ""remediation"": ""none"" }",2.012,329,36,0.0
llama3.1:70b-instruct-q4_K_M,ollama,hdfs,zero_shot,226,True,Anomaly,True,medium,"Multiple blocks are being added to the invalidSet across different nodes, indicating potential data corruption or replication issues.","{   ""is_anomaly"": true,   ""severity"": ""medium"",   ""root_cause"": ""Multiple blocks are being added to the invalidSet across different nodes, indicating potential data corruption or replication issues."",   ""remediation"": ""Investigate and verify the integrity of the affected blocks and consider re-replicating them if necessary."" }",3.395,369,74,0.0
llama3.1:70b-instruct-q4_K_M,ollama,hdfs,zero_shot,227,True,Anomaly,False,low,none,"{   ""is_anomaly"": false,   ""severity"": ""low"",   ""root_cause"": ""none"",   ""remediation"": ""none"" }",2.043,418,36,0.0
llama3.1:70b-instruct-q4_K_M,ollama,hdfs,zero_shot,228,True,Anomaly,False,low,none,"{   ""is_anomaly"": false,   ""severity"": ""low"",   ""root_cause"": ""none"",   ""remediation"": ""none"" }",2.087,378,36,0.0
llama3.1:70b-instruct-q4_K_M,ollama,hdfs,zero_shot,229,False,NORMAL,False,low,none,"{   ""is_anomaly"": false,   ""severity"": ""low"",   ""root_cause"": ""none"",   ""remediation"": ""none"" }",2.101,411,36,0.0
llama3.1:70b-instruct-q4_K_M,ollama,hdfs,zero_shot,230,False,NORMAL,False,low,none,"{   ""is_anomaly"": false,   ""severity"": ""low"",   ""root_cause"": ""none"",   ""remediation"": ""none"" }",2.043,365,36,0.0
llama3.1:70b-instruct-q4_K_M,ollama,hdfs,zero_shot,231,False,NORMAL,False,low,none,"{   ""is_anomaly"": false,   ""severity"": ""low"",   ""root_cause"": ""none"",   ""remediation"": ""none"" }",2.01,342,36,0.0
llama3.1:70b-instruct-q4_K_M,ollama,hdfs,zero_shot,232,True,Anomaly,True,medium,Multiple blocks are being deleted simultaneously from the HDFS dataset.,"{   ""is_anomaly"": true,   ""severity"": ""medium"",   ""root_cause"": ""Multiple blocks are being deleted simultaneously from the HDFS dataset."",   ""remediation"": ""Investigate why these blocks were deleted and verify data integrity to ensure no critical files were lost."" }",3.007,365,63,0.0
llama3.1:70b-instruct-q4_K_M,ollama,hdfs,zero_shot,233,False,NORMAL,False,low,none,"{   ""is_anomaly"": false,   ""severity"": ""low"",   ""root_cause"": ""none"",   ""remediation"": ""none"" }",2.039,377,36,0.0
llama3.1:70b-instruct-q4_K_M,ollama,hdfs,zero_shot,234,False,NORMAL,True,medium,"Multiple blocks are being added to the invalidSet across different nodes, indicating potential data corruption or inconsistencies in the distributed file system.","{   ""is_anomaly"": true,   ""severity"": ""medium"",   ""root_cause"": ""Multiple blocks are being added to the invalidSet across different nodes, indicating potential data corruption or inconsistencies in the distributed file system."",   ""remediation"": ""Investigate and verify the integrity of the affected blocks and consider running a filesystem check or rebalancing the data to ensure consistency."" }",3.736,369,83,0.0
llama3.1:70b-instruct-q4_K_M,ollama,hdfs,zero_shot,235,True,Anomaly,False,low,none,"{   ""is_anomaly"": false,   ""severity"": ""low"",   ""root_cause"": ""none"",   ""remediation"": ""none"" }",2.105,413,36,0.0
llama3.1:70b-instruct-q4_K_M,ollama,hdfs,zero_shot,236,True,Anomaly,False,low,none,"{   ""is_anomaly"": false,   ""severity"": ""low"",   ""root_cause"": ""none"",   ""remediation"": ""none"" }",2.09,411,36,0.0
llama3.1:70b-instruct-q4_K_M,ollama,hdfs,zero_shot,237,False,NORMAL,False,low,none,"{   ""is_anomaly"": false,   ""severity"": ""low"",   ""root_cause"": ""none"",   ""remediation"": ""none"" }",2.02,342,36,0.0
llama3.1:70b-instruct-q4_K_M,ollama,hdfs,zero_shot,238,True,Anomaly,False,low,none,"{   ""is_anomaly"": false,   ""severity"": ""low"",   ""root_cause"": ""none"",   ""remediation"": ""none"" }",2.089,408,36,0.0
llama3.1:70b-instruct-q4_K_M,ollama,hdfs,zero_shot,239,True,Anomaly,True,medium,Multiple blocks are being deleted simultaneously from the HDFS dataset.,"{   ""is_anomaly"": true,   ""severity"": ""medium"",   ""root_cause"": ""Multiple blocks are being deleted simultaneously from the HDFS dataset."",   ""remediation"": ""Investigate why these blocks were marked for deletion and verify that it was an intentional action."" }",2.989,363,62,0.0
llama3.1:70b-instruct-q4_K_M,ollama,hdfs,zero_shot,240,False,NORMAL,False,low,none,"{   ""is_anomaly"": false,   ""severity"": ""low"",   ""root_cause"": ""none"",   ""remediation"": ""none"" }",2.048,408,36,0.0
llama3.1:70b-instruct-q4_K_M,ollama,hdfs,zero_shot,241,True,Anomaly,True,low,A PacketResponder for block blk_6694328047312652923 terminated unexpectedly.,"{   ""is_anomaly"": true,   ""severity"": ""low"",   ""root_cause"": ""A PacketResponder for block blk_6694328047312652923 terminated unexpectedly."",   ""remediation"": ""Investigate the cause of the PacketResponder termination and restart the DataNode if necessary."" }",3.183,391,66,0.0
llama3.1:70b-instruct-q4_K_M,ollama,hdfs,zero_shot,242,True,Anomaly,True,medium,"Multiple blocks are being added to the invalidSet across different nodes, indicating potential data corruption or inconsistencies in the distributed file system.","{   ""is_anomaly"": true,   ""severity"": ""medium"",   ""root_cause"": ""Multiple blocks are being added to the invalidSet across different nodes, indicating potential data corruption or inconsistencies in the distributed file system."",   ""remediation"": ""Investigate and verify the integrity of the affected blocks and consider running a filesystem check or rebalancing the data to ensure consistency."" }",3.727,366,83,0.0
llama3.1:70b-instruct-q4_K_M,ollama,hdfs,zero_shot,243,False,NORMAL,False,low,none,"{   ""is_anomaly"": false,   ""severity"": ""low"",   ""root_cause"": ""none"",   ""remediation"": ""none"" }",2.071,378,36,0.0
llama3.1:70b-instruct-q4_K_M,ollama,hdfs,zero_shot,244,True,Anomaly,False,low,none,"{   ""is_anomaly"": false,   ""severity"": ""low"",   ""root_cause"": ""none"",   ""remediation"": ""none"" }",2.02,319,36,0.0
llama3.1:70b-instruct-q4_K_M,ollama,hdfs,zero_shot,245,True,Anomaly,False,low,none,"{   ""is_anomaly"": false,   ""severity"": ""low"",   ""root_cause"": ""none"",   ""remediation"": ""none"" }",2.029,377,36,0.0
llama3.1:70b-instruct-q4_K_M,ollama,hdfs,zero_shot,246,False,NORMAL,False,low,none,"{   ""is_anomaly"": false,   ""severity"": ""low"",   ""root_cause"": ""none"",   ""remediation"": ""none"" }",2.054,339,36,0.0
llama3.1:70b-instruct-q4_K_M,ollama,hdfs,zero_shot,247,False,NORMAL,False,low,none,"{   ""is_anomaly"": false,   ""severity"": ""low"",   ""root_cause"": ""none"",   ""remediation"": ""none"" }",2.031,355,36,0.0
llama3.1:70b-instruct-q4_K_M,ollama,hdfs,zero_shot,248,True,Anomaly,True,medium,"Multiple blocks are being added to the invalidSet across different nodes, indicating potential data corruption or inconsistencies in the distributed file system.","{   ""is_anomaly"": true,   ""severity"": ""medium"",   ""root_cause"": ""Multiple blocks are being added to the invalidSet across different nodes, indicating potential data corruption or inconsistencies in the distributed file system."",   ""remediation"": ""Investigate and verify the integrity of the affected blocks and consider running a filesystem check or rebalancing the cluster to resolve any inconsisten",3.773,369,84,0.0
llama3.1:70b-instruct-q4_K_M,ollama,hdfs,zero_shot,249,False,NORMAL,False,low,none,"{   ""is_anomaly"": false,   ""severity"": ""low"",   ""root_cause"": ""none"",   ""remediation"": ""none"" }",2.032,317,36,0.0
llama3.1:70b-instruct-q4_K_M,ollama,hdfs,zero_shot,250,True,Anomaly,False,low,none,"{   ""is_anomaly"": false,   ""severity"": ""low"",   ""root_cause"": ""none"",   ""remediation"": ""none"" }",2.054,419,36,0.0
llama3.1:70b-instruct-q4_K_M,ollama,hdfs,zero_shot,251,False,NORMAL,False,low,none,"{   ""is_anomaly"": false,   ""severity"": ""low"",   ""root_cause"": ""none"",   ""remediation"": ""none"" }",2.012,342,36,0.0
llama3.1:70b-instruct-q4_K_M,ollama,hdfs,zero_shot,252,False,NORMAL,False,low,none,"{   ""is_anomaly"": false,   ""severity"": ""low"",   ""root_cause"": ""none"",   ""remediation"": ""none"" }",2.127,424,36,0.0
llama3.1:70b-instruct-q4_K_M,ollama,hdfs,zero_shot,253,True,Anomaly,False,low,none,"{   ""is_anomaly"": false,   ""severity"": ""low"",   ""root_cause"": ""none"",   ""remediation"": ""none"" }",2.05,377,36,0.0
llama3.1:70b-instruct-q4_K_M,ollama,hdfs,zero_shot,254,True,Anomaly,True,medium,Multiple blocks are being deleted simultaneously from the HDFS dataset.,"{   ""is_anomaly"": true,   ""severity"": ""medium"",   ""root_cause"": ""Multiple blocks are being deleted simultaneously from the HDFS dataset."",   ""remediation"": ""Investigate why these blocks were marked for deletion and verify that it was an intentional action."" }",2.995,369,62,0.0
llama3.1:70b-instruct-q4_K_M,ollama,hdfs,zero_shot,255,True,Anomaly,True,medium,"Multiple blocks are being deleted from the HDFS dataset in a short time frame, indicating potential data loss or corruption.","{   ""is_anomaly"": true,   ""severity"": ""medium"",   ""root_cause"": ""Multiple blocks are being deleted from the HDFS dataset in a short time frame, indicating potential data loss or corruption."",   ""remediation"": ""Investigate and verify the legitimacy of these deletions, and consider restoring the deleted blocks if necessary."" }",3.467,369,75,0.0
llama3.1:70b-instruct-q4_K_M,ollama,hdfs,zero_shot,256,False,NORMAL,True,medium,A PacketResponder for block blk_-6141567912070388261 terminated unexpectedly.,"{   ""is_anomaly"": true,   ""severity"": ""medium"",   ""root_cause"": ""A PacketResponder for block blk_-6141567912070388261 terminated unexpectedly."",   ""remediation"": ""Investigate the cause of the PacketResponder termination and restart the DataNode if necessary."" }",3.14,391,66,0.0
llama3.1:70b-instruct-q4_K_M,ollama,hdfs,zero_shot,257,False,NORMAL,False,low,none,"{   ""is_anomaly"": false,   ""severity"": ""low"",   ""root_cause"": ""none"",   ""remediation"": ""none"" }",2.067,342,36,0.0
llama3.1:70b-instruct-q4_K_M,ollama,hdfs,zero_shot,258,False,NORMAL,True,medium,Multiple blocks are being deleted simultaneously from the HDFS dataset.,"{   ""is_anomaly"": true,   ""severity"": ""medium"",   ""root_cause"": ""Multiple blocks are being deleted simultaneously from the HDFS dataset."",   ""remediation"": ""Investigate why these blocks were marked for deletion and verify that data integrity is maintained."" }",2.894,366,61,0.0
llama3.1:70b-instruct-q4_K_M,ollama,hdfs,zero_shot,259,False,NORMAL,True,medium,Multiple blocks are being deleted simultaneously from the HDFS dataset.,"{   ""is_anomaly"": true,   ""severity"": ""medium"",   ""root_cause"": ""Multiple blocks are being deleted simultaneously from the HDFS dataset."",   ""remediation"": ""Investigate why these blocks were deleted and verify data integrity to ensure no critical data was lost."" }",3.014,369,63,0.0
llama3.1:70b-instruct-q4_K_M,ollama,hdfs,zero_shot,260,True,Anomaly,True,medium,Multiple blocks are being deleted simultaneously from the HDFS dataset.,"{   ""is_anomaly"": true,   ""severity"": ""medium"",   ""root_cause"": ""Multiple blocks are being deleted simultaneously from the HDFS dataset."",   ""remediation"": ""Investigate why these blocks were marked for deletion and verify that it was an intentional action."" }",2.984,367,62,0.0
llama3.1:70b-instruct-q4_K_M,ollama,hdfs,zero_shot,261,False,NORMAL,False,low,none,"{   ""is_anomaly"": false,   ""severity"": ""low"",   ""root_cause"": ""none"",   ""remediation"": ""none"" }",2.052,342,36,0.0
llama3.1:70b-instruct-q4_K_M,ollama,hdfs,zero_shot,262,False,NORMAL,False,low,none,"{   ""is_anomaly"": false,   ""severity"": ""low"",   ""root_cause"": ""none"",   ""remediation"": ""none"" }",2.106,421,36,0.0
llama3.1:70b-instruct-q4_K_M,ollama,hdfs,zero_shot,263,True,Anomaly,True,medium,A DataNode encountered an IOException while writing a block to disk.,"{   ""is_anomaly"": true,   ""severity"": ""medium"",   ""root_cause"": ""A DataNode encountered an IOException while writing a block to disk."",   ""remediation"": ""Investigate and resolve the underlying issue causing the IOException, potentially involving disk space or I/O errors."" }",3.089,361,65,0.0
llama3.1:70b-instruct-q4_K_M,ollama,hdfs,zero_shot,264,False,NORMAL,False,low,none,"{   ""is_anomaly"": false,   ""severity"": ""low"",   ""root_cause"": ""none"",   ""remediation"": ""none"" }",2.093,377,36,0.0
llama3.1:70b-instruct-q4_K_M,ollama,hdfs,zero_shot,265,True,Anomaly,False,low,none,"{   ""is_anomaly"": false,   ""severity"": ""low"",   ""root_cause"": ""none"",   ""remediation"": ""none"" }",2.057,329,36,0.0
llama3.1:70b-instruct-q4_K_M,ollama,hdfs,zero_shot,266,False,NORMAL,True,medium,DataNode served block to a different IP address than the one it received the request from.,"{   ""is_anomaly"": true,   ""severity"": ""medium"",   ""root_cause"": ""DataNode served block to a different IP address than the one it received the request from."",   ""remediation"": ""Investigate and verify the configuration of DataNode and its communication with clients."" }",3.134,383,65,0.0
llama3.1:70b-instruct-q4_K_M,ollama,hdfs,zero_shot,267,False,NORMAL,True,medium,Multiple blocks are being deleted simultaneously from the HDFS dataset.,"{   ""is_anomaly"": true,   ""severity"": ""medium"",   ""root_cause"": ""Multiple blocks are being deleted simultaneously from the HDFS dataset."",   ""remediation"": ""Investigate why these blocks were marked for deletion and verify that data integrity is maintained."" }",2.981,369,61,0.0
llama3.1:70b-instruct-q4_K_M,ollama,hdfs,zero_shot,268,True,Anomaly,False,low,none,"{   ""is_anomaly"": false,   ""severity"": ""low"",   ""root_cause"": ""none"",   ""remediation"": ""none"" }",2.094,409,36,0.0
llama3.1:70b-instruct-q4_K_M,ollama,hdfs,zero_shot,269,False,NORMAL,True,medium,Duplicate block blk_2192774194244455260 received from multiple sources (/10.251.43.115 and /10.251.109.209) within a short time frame.,"{   ""is_anomaly"": true,   ""severity"": ""medium"",   ""root_cause"": ""Duplicate block blk_2192774194244455260 received from multiple sources (/10.251.43.115 and /10.251.109.209) within a short time frame."",   ""remediation"": ""Investigate the source of the duplicate blocks and adjust the data replication settings or network configuration to prevent this issue."" }",4.116,328,93,0.0
llama3.1:70b-instruct-q4_K_M,ollama,hdfs,zero_shot,270,False,NORMAL,False,low,none,"{   ""is_anomaly"": false,   ""severity"": ""low"",   ""root_cause"": ""none"",   ""remediation"": ""none"" }",2.114,414,36,0.0
llama3.1:70b-instruct-q4_K_M,ollama,hdfs,zero_shot,271,False,NORMAL,False,low,none,"{   ""is_anomaly"": false,   ""severity"": ""low"",   ""root_cause"": ""none"",   ""remediation"": ""none"" }",2.061,341,36,0.0
llama3.1:70b-instruct-q4_K_M,ollama,hdfs,zero_shot,272,True,Anomaly,False,low,none,"{   ""is_anomaly"": false,   ""severity"": ""low"",   ""root_cause"": ""none"",   ""remediation"": ""none"" }",2.047,371,36,0.0
llama3.1:70b-instruct-q4_K_M,ollama,hdfs,zero_shot,273,True,Anomaly,False,low,none,"{   ""is_anomaly"": false,   ""severity"": ""low"",   ""root_cause"": ""none"",   ""remediation"": ""none"" }",1.973,319,36,0.0
llama3.1:70b-instruct-q4_K_M,ollama,hdfs,zero_shot,274,True,Anomaly,True,medium,Duplicate block blk_5266553778221329663 received from different sources (/10.251.70.211 and /10.251.31.180),"{   ""is_anomaly"": true,   ""severity"": ""medium"",   ""root_cause"": ""Duplicate block blk_5266553778221329663 received from different sources (/10.251.70.211 and /10.251.31.180)"",   ""remediation"": ""Investigate and resolve the network or DataNode configuration issue causing duplicate block receptions"" }",3.688,365,81,0.0
llama3.1:70b-instruct-q4_K_M,ollama,hdfs,zero_shot,275,True,Anomaly,False,low,none,"{   ""is_anomaly"": false,   ""severity"": ""low"",   ""root_cause"": ""none"",   ""remediation"": ""none"" }",2.086,387,36,0.0
llama3.1:70b-instruct-q4_K_M,ollama,hdfs,zero_shot,276,True,Anomaly,True,medium,Two DataNode$DataXceiver instances encountered exceptions while serving blocks to clients.,"{   ""is_anomaly"": true,   ""severity"": ""medium"",   ""root_cause"": ""Two DataNode$DataXceiver instances encountered exceptions while serving blocks to clients."",   ""remediation"": ""Investigate and restart the affected DataNode instances or check for network connectivity issues."" }",3.095,388,64,0.0
llama3.1:70b-instruct-q4_K_M,ollama,hdfs,zero_shot,277,False,NORMAL,True,medium,An exception occurred while serving a block to client /10.251.43.210.,"{   ""is_anomaly"": true,   ""severity"": ""medium"",   ""root_cause"": ""An exception occurred while serving a block to client /10.251.43.210."",   ""remediation"": ""Investigate the cause of the exception on DataNode 10.251.110.196 and restart the service if necessary."" }",3.522,386,75,0.0
llama3.1:70b-instruct-q4_K_M,ollama,hdfs,zero_shot,278,False,NORMAL,True,medium,Two DataNode$DataXceiver instances encountered exceptions while serving blocks to clients.,"{   ""is_anomaly"": true,   ""severity"": ""medium"",   ""root_cause"": ""Two DataNode$DataXceiver instances encountered exceptions while serving blocks to clients."",   ""remediation"": ""Investigate and restart the affected DataNodes or check for network connectivity issues between the nodes."" }",3.165,388,66,0.0
llama3.1:70b-instruct-q4_K_M,ollama,hdfs,zero_shot,279,True,Anomaly,False,low,none,"{   ""is_anomaly"": false,   ""severity"": ""low"",   ""root_cause"": ""none"",   ""remediation"": ""none"" }",1.996,331,36,0.0
llama3.1:70b-instruct-q4_K_M,ollama,hdfs,zero_shot,280,True,Anomaly,False,low,none,"{   ""is_anomaly"": false,   ""severity"": ""low"",   ""root_cause"": ""none"",   ""remediation"": ""none"" }",2.041,377,36,0.0
llama3.1:70b-instruct-q4_K_M,ollama,hdfs,zero_shot,281,True,Anomaly,False,low,none,"{   ""is_anomaly"": false,   ""severity"": ""low"",   ""root_cause"": ""none"",   ""remediation"": ""none"" }",2.07,409,36,0.0
llama3.1:70b-instruct-q4_K_M,ollama,hdfs,zero_shot,282,True,Anomaly,False,low,none,"{   ""is_anomaly"": false,   ""severity"": ""low"",   ""root_cause"": ""none"",   ""remediation"": ""none"" }",2.034,408,36,0.0
llama3.1:70b-instruct-q4_K_M,ollama,hdfs,zero_shot,283,False,NORMAL,False,low,none,"{   ""is_anomaly"": false,   ""severity"": ""low"",   ""root_cause"": ""none"",   ""remediation"": ""none"" }",2.036,342,36,0.0
llama3.1:70b-instruct-q4_K_M,ollama,hdfs,zero_shot,284,False,NORMAL,True,medium,Multiple blocks are being deleted simultaneously from the HDFS dataset.,"{   ""is_anomaly"": true,   ""severity"": ""medium"",   ""root_cause"": ""Multiple blocks are being deleted simultaneously from the HDFS dataset."",   ""remediation"": ""Investigate why these blocks were marked for deletion and verify that data integrity is maintained."" }",2.925,359,61,0.0
llama3.1:70b-instruct-q4_K_M,ollama,hdfs,zero_shot,285,False,NORMAL,True,medium,"Multiple blocks are being deleted and added to the invalid set across different nodes, indicating potential data corruption or inconsistencies in the distributed file system.","{   ""is_anomaly"": true,   ""severity"": ""medium"",   ""root_cause"": ""Multiple blocks are being deleted and added to the invalid set across different nodes, indicating potential data corruption or inconsistencies in the distributed file system."",   ""remediation"": ""Investigate and verify the integrity of the affected blocks and consider running a filesystem check or rebalancing the data to ensure consis",3.819,369,85,0.0
llama3.1:70b-instruct-q4_K_M,ollama,hdfs,zero_shot,286,True,Anomaly,False,low,none,"{   ""is_anomaly"": false,   ""severity"": ""low"",   ""root_cause"": ""none"",   ""remediation"": ""none"" }",2.066,414,36,0.0
llama3.1:70b-instruct-q4_K_M,ollama,hdfs,zero_shot,287,False,NORMAL,False,low,none,"{   ""is_anomaly"": false,   ""severity"": ""low"",   ""root_cause"": ""none"",   ""remediation"": ""none"" }",2.062,385,36,0.0
llama3.1:70b-instruct-q4_K_M,ollama,hdfs,zero_shot,288,True,Anomaly,True,medium,Two DataNode$DataXceiver instances encountered exceptions while serving blocks to clients.,"{   ""is_anomaly"": true,   ""severity"": ""medium"",   ""root_cause"": ""Two DataNode$DataXceiver instances encountered exceptions while serving blocks to clients."",   ""remediation"": ""Investigate the cause of these exceptions and restart or rebalance the affected DataNodes as needed."" }",3.199,388,67,0.0
llama3.1:70b-instruct-q4_K_M,ollama,hdfs,zero_shot,289,True,Anomaly,False,low,none,"{   ""is_anomaly"": false,   ""severity"": ""low"",   ""root_cause"": ""none"",   ""remediation"": ""none"" }",2.056,369,36,0.0
llama3.1:70b-instruct-q4_K_M,ollama,hdfs,zero_shot,290,True,Anomaly,True,medium,"A block with a negative ID (blk_-6972797477029314716) was attempted to be deleted, indicating potential data corruption or incorrect metadata.","{   ""is_anomaly"": true,   ""severity"": ""medium"",   ""root_cause"": ""A block with a negative ID (blk_-6972797477029314716) was attempted to be deleted, indicating potential data corruption or incorrect metadata."",   ""remediation"": ""Investigate and correct the metadata for the affected block, and verify data integrity."" }",3.592,366,79,0.0
llama3.1:70b-instruct-q4_K_M,ollama,hdfs,zero_shot,291,True,Anomaly,False,low,none,"{   ""is_anomaly"": false,   ""severity"": ""low"",   ""root_cause"": ""none"",   ""remediation"": ""none"" }",2.005,347,36,0.0
llama3.1:70b-instruct-q4_K_M,ollama,hdfs,zero_shot,292,True,Anomaly,False,low,none,"{   ""is_anomaly"": false,   ""severity"": ""low"",   ""root_cause"": ""none"",   ""remediation"": ""none"" }",2.077,411,36,0.0
llama3.1:70b-instruct-q4_K_M,ollama,hdfs,zero_shot,293,False,NORMAL,False,low,none,"{   ""is_anomaly"": false,   ""severity"": ""low"",   ""root_cause"": ""none"",   ""remediation"": ""none"" }",2.065,378,36,0.0
llama3.1:70b-instruct-q4_K_M,ollama,hdfs,zero_shot,294,False,NORMAL,False,low,none,"{   ""is_anomaly"": false,   ""severity"": ""low"",   ""root_cause"": ""none"",   ""remediation"": ""none"" }",2.008,319,36,0.0
llama3.1:70b-instruct-q4_K_M,ollama,hdfs,zero_shot,295,True,Anomaly,True,medium,A DataNode encountered an IOException while writing a block to disk.,"{   ""is_anomaly"": true,   ""severity"": ""medium"",   ""root_cause"": ""A DataNode encountered an IOException while writing a block to disk."",   ""remediation"": ""Investigate and resolve the underlying issue causing the IOException, potentially involving disk space or I/O errors."" }",3.095,357,65,0.0
llama3.1:70b-instruct-q4_K_M,ollama,hdfs,zero_shot,296,True,Anomaly,True,medium,Two DataNode$DataXceiver instances encountered exceptions while serving blocks to clients.,"{   ""is_anomaly"": true,   ""severity"": ""medium"",   ""root_cause"": ""Two DataNode$DataXceiver instances encountered exceptions while serving blocks to clients."",   ""remediation"": ""Investigate and resolve the underlying issues causing these exceptions, potentially related to network connectivity or block corruption."" }",3.228,388,68,0.0
llama3.1:70b-instruct-q4_K_M,ollama,hdfs,zero_shot,297,False,NORMAL,False,low,none,"{   ""is_anomaly"": false,   ""severity"": ""low"",   ""root_cause"": ""none"",   ""remediation"": ""none"" }",2.025,327,36,0.0
llama3.1:70b-instruct-q4_K_M,ollama,hdfs,zero_shot,298,False,NORMAL,True,medium,"Multiple blocks are being deleted and added to the invalidSet across different nodes, indicating potential data corruption or inconsistencies in the distributed file system.","{   ""is_anomaly"": true,   ""severity"": ""medium"",   ""root_cause"": ""Multiple blocks are being deleted and added to the invalidSet across different nodes, indicating potential data corruption or inconsistencies in the distributed file system."",   ""remediation"": ""Investigate and verify the integrity of the affected blocks and nodes, and consider running a filesystem check or rebalancing the cluster if ",3.902,366,87,0.0
llama3.1:70b-instruct-q4_K_M,ollama,hdfs,zero_shot,299,False,NORMAL,False,low,none,"{   ""is_anomaly"": false,   ""severity"": ""low"",   ""root_cause"": ""none"",   ""remediation"": ""none"" }",2.069,342,36,0.0
llama3.1:70b-instruct-q4_K_M,ollama,thunderbird,zero_shot,300,True,VAPI,True,high,The InfiniHost0 device entered a FATAL state and was unable to process local MAD requests due to a Local Catastrophic Error.,"{   ""is_anomaly"": true,   ""severity"": ""high"",   ""root_cause"": ""The InfiniHost0 device entered a FATAL state and was unable to process local MAD requests due to a Local Catastrophic Error."",   ""remediation"": ""Restart the InfiniHost0 device or investigate and resolve the underlying hardware issue causing the catastrophic error."" }",3.929,570,82,0.0
llama3.1:70b-instruct-q4_K_M,ollama,thunderbird,zero_shot,301,True,VAPI,True,high,"The InfiniHost0 device entered a FATAL state, causing local MAD processing to fail with catastrophic errors.","{   ""is_anomaly"": true,   ""severity"": ""high"",   ""root_cause"": ""The InfiniHost0 device entered a FATAL state, causing local MAD processing to fail with catastrophic errors."",   ""remediation"": ""Restart the InfiniHost0 device or investigate and resolve the underlying cause of the fatal error."" }",3.605,557,75,0.0
llama3.1:70b-instruct-q4_K_M,ollama,thunderbird,zero_shot,302,True,VAPI,True,high,"The InfiniHost device entered a FATAL state, causing local MAD processing to fail.","{   ""is_anomaly"": true,   ""severity"": ""high"",   ""root_cause"": ""The InfiniHost device entered a FATAL state, causing local MAD processing to fail."",   ""remediation"": ""Restart the InfiniHost device or investigate and resolve the underlying cause of the fatal error."" }",3.222,482,70,0.0
llama3.1:70b-instruct-q4_K_M,ollama,thunderbird,zero_shot,303,False,NORMAL,True,medium,Multiple devices are requesting IP addresses that do not have a known lease in the DHCP server.,"{   ""is_anomaly"": true,   ""severity"": ""medium"",   ""root_cause"": ""Multiple devices are requesting IP addresses that do not have a known lease in the DHCP server."",   ""remediation"": ""Investigate and update the DHCP server's lease database to reflect the current IP address assignments."" }",3.257,345,68,0.0
llama3.1:70b-instruct-q4_K_M,ollama,thunderbird,zero_shot,304,True,VAPI,True,high,"The InfiniHost0 process encountered a local catastrophic error, causing EVAPI_process_local_mad to fail repeatedly.","{   ""is_anomaly"": true,   ""severity"": ""high"",   ""root_cause"": ""The InfiniHost0 process encountered a local catastrophic error, causing EVAPI_process_local_mad to fail repeatedly."",   ""remediation"": ""Restart the InfiniHost0 process or investigate and resolve any underlying hardware issues."" }",3.395,375,73,0.0
llama3.1:70b-instruct-q4_K_M,ollama,thunderbird,zero_shot,305,True,VAPI,True,high,The InfiniHost device entered a fatal state due to a local catastrophic error.,"{   ""is_anomaly"": true,   ""severity"": ""high"",   ""root_cause"": ""The InfiniHost device entered a fatal state due to a local catastrophic error."",   ""remediation"": ""Restart the InfiniHost device or replace it if necessary."" }",3.044,482,62,0.0
llama3.1:70b-instruct-q4_K_M,ollama,thunderbird,zero_shot,306,False,NORMAL,True,high,The system has reached its maximum file descriptor limit of 65536.,"{   ""is_anomaly"": true,   ""severity"": ""high"",   ""root_cause"": ""The system has reached its maximum file descriptor limit of 65536."",   ""remediation"": ""Increase the file-max limit by adjusting the kernel parameter or reduce the number of open files."" }",2.948,174,64,0.0
llama3.1:70b-instruct-q4_K_M,ollama,thunderbird,zero_shot,307,True,VAPI,True,high,"The InfiniHost device entered a FATAL state, causing local MAD processing to fail.","{   ""is_anomaly"": true,   ""severity"": ""high"",   ""root_cause"": ""The InfiniHost device entered a FATAL state, causing local MAD processing to fail."",   ""remediation"": ""Restart the InfiniHost device or investigate and resolve the underlying cause of the fatal error."" }",3.103,482,70,0.0
llama3.1:70b-instruct-q4_K_M,ollama,thunderbird,zero_shot,308,True,VAPI,True,high,"The InfiniHost0 port 1 QPN 0 experienced a local catastrophic error, causing mad_process and EVAPI_process_local_mad to fail.","{   ""is_anomaly"": true,   ""severity"": ""high"",   ""root_cause"": ""The InfiniHost0 port 1 QPN 0 experienced a local catastrophic error, causing mad_process and EVAPI_process_local_mad to fail."",   ""remediation"": ""Restart the InfiniHost0 device or investigate firmware issues."" }",3.747,511,77,0.0
llama3.1:70b-instruct-q4_K_M,ollama,thunderbird,zero_shot,309,True,VAPI,True,high,"The InfiniHost0 experienced a local catastrophic error, causing the EVAPI_process_local_mad to fail repeatedly.","{   ""is_anomaly"": true,   ""severity"": ""high"",   ""root_cause"": ""The InfiniHost0 experienced a local catastrophic error, causing the EVAPI_process_local_mad to fail repeatedly."",   ""remediation"": ""Restart the InfiniHost0 and investigate potential hardware or firmware issues."" }",3.267,360,71,0.0
llama3.1:70b-instruct-q4_K_M,ollama,thunderbird,zero_shot,310,False,NORMAL,False,low,none,"{   ""is_anomaly"": false,   ""severity"": ""low"",   ""root_cause"": ""none"",   ""remediation"": ""none"" }",1.903,189,36,0.0
llama3.1:70b-instruct-q4_K_M,ollama,thunderbird,zero_shot,311,False,NORMAL,True,medium,The data_thread failed to receive answers from Thunderbird_B1 and Thunderbird_B5 datasources.,"{   ""is_anomaly"": true,   ""severity"": ""medium"",   ""root_cause"": ""The data_thread failed to receive answers from Thunderbird_B1 and Thunderbird_B5 datasources."",   ""remediation"": ""Investigate the connectivity or responsiveness of the Thunderbird_B1 and Thunderbird_B5 datasources."" }",3.182,218,72,0.0
llama3.1:70b-instruct-q4_K_M,ollama,thunderbird,zero_shot,312,True,VAPI,True,high,The InfiniHost0 device entered a FATAL state and failed to process local MAD requests due to a catastrophic error.,"{   ""is_anomaly"": true,   ""severity"": ""high"",   ""root_cause"": ""The InfiniHost0 device entered a FATAL state and failed to process local MAD requests due to a catastrophic error."",   ""remediation"": ""Restart the InfiniHost0 device or investigate and resolve the underlying hardware issue causing the fatal error."" }",3.712,506,78,0.0
llama3.1:70b-instruct-q4_K_M,ollama,thunderbird,zero_shot,313,False,NORMAL,True,high,The InfiniHost device has entered a FATAL state and is unable to process MAD requests.,"{   ""is_anomaly"": true,   ""severity"": ""high"",   ""root_cause"": ""The InfiniHost device has entered a FATAL state and is unable to process MAD requests."",   ""remediation"": ""Restart the InfiniHost device or investigate hardware issues."" }",3.194,420,64,0.0
llama3.1:70b-instruct-q4_K_M,ollama,thunderbird,zero_shot,314,True,VAPI,True,high,"The InfiniHost0 port 1 QPN 0 experienced a local catastrophic error, causing repeated failures in mad_process and EVAPI_process_local_mad.","{   ""is_anomaly"": true,   ""severity"": ""high"",   ""root_cause"": ""The InfiniHost0 port 1 QPN 0 experienced a local catastrophic error, causing repeated failures in mad_process and EVAPI_process_local_mad."",   ""remediation"": ""Restart the InfiniHost0 device or investigate firmware issues to resolve the local catastrophic error."" }",3.758,583,84,0.0
llama3.1:70b-instruct-q4_K_M,ollama,thunderbird,zero_shot,315,False,NORMAL,True,medium,"Multiple data sources (Thunderbird_C8, Thunderbird_D6, Thunderbird_C1) failed to respond.","{   ""is_anomaly"": true,   ""severity"": ""medium"",   ""root_cause"": ""Multiple data sources (Thunderbird_C8, Thunderbird_D6, Thunderbird_C1) failed to respond."",   ""remediation"": ""Investigate and restart or reconnect the unresponsive datasources."" }",3.113,217,67,0.0
llama3.1:70b-instruct-q4_K_M,ollama,thunderbird,zero_shot,316,False,NORMAL,True,medium,Multiple consecutive SSH logins from the same IP address within a short time frame may indicate a brute-force attack or unauthorized access attempt.,"{   ""is_anomaly"": true,   ""severity"": ""medium"",   ""root_cause"": ""Multiple consecutive SSH logins from the same IP address within a short time frame may indicate a brute-force attack or unauthorized access attempt."",   ""remediation"": ""Investigate and verify the legitimacy of the login attempts, and consider implementing rate limiting or IP blocking if necessary."" }",3.494,213,80,0.0
llama3.1:70b-instruct-q4_K_M,ollama,thunderbird,zero_shot,317,False,NORMAL,False,low,none,"{   ""is_anomaly"": false,   ""severity"": ""low"",   ""root_cause"": ""none"",   ""remediation"": ""none"" }",1.898,184,36,0.0
llama3.1:70b-instruct-q4_K_M,ollama,thunderbird,zero_shot,318,False,NORMAL,True,high,The system ran out of memory while initializing the IPS (InfiniBand Path Service) module.,"{   ""is_anomaly"": true,   ""severity"": ""high"",   ""root_cause"": ""The system ran out of memory while initializing the IPS (InfiniBand Path Service) module."",   ""remediation"": ""Increase available memory or reduce memory usage by other processes to allow successful initialization of the IPS module."" }",3.236,279,71,0.0
llama3.1:70b-instruct-q4_K_M,ollama,thunderbird,zero_shot,319,False,NORMAL,True,medium,Multiple system services failed to shut down properly.,"{   ""is_anomaly"": true,   ""severity"": ""medium"",   ""root_cause"": ""Multiple system services failed to shut down properly."",   ""remediation"": ""Investigate and resolve the shutdown failure issues with gmond and haldaemon."" }",2.636,182,56,0.0
llama3.1:70b-instruct-q4_K_M,ollama,thunderbird,zero_shot,320,False,NORMAL,False,low,none,"{   ""is_anomaly"": false,   ""severity"": ""low"",   ""root_cause"": ""none"",   ""remediation"": ""none"" }",1.924,206,36,0.0
llama3.1:70b-instruct-q4_K_M,ollama,thunderbird,zero_shot,321,True,VAPI,True,high,The InfiniHost0 device entered a FATAL state and was unable to process local MAD requests.,"{   ""is_anomaly"": true,   ""severity"": ""high"",   ""root_cause"": ""The InfiniHost0 device entered a FATAL state and was unable to process local MAD requests."",   ""remediation"": ""Restart the InfiniHost0 device or investigate hardware issues."" }",3.14,572,66,0.0
llama3.1:70b-instruct-q4_K_M,ollama,thunderbird,zero_shot,322,False,NORMAL,True,medium,Multiple SSH sessions were opened for the root user from the same IP address in a short period of time.,"{   ""is_anomaly"": true,   ""severity"": ""medium"",   ""root_cause"": ""Multiple SSH sessions were opened for the root user from the same IP address in a short period of time."",   ""remediation"": ""Investigate potential brute-force attack or unauthorized access and review system security configurations."" }",3.103,213,68,0.0
llama3.1:70b-instruct-q4_K_M,ollama,thunderbird,zero_shot,323,True,VAPI,True,high,The InfiniHost0 port 1 QPN 0 experienced a fatal error (Local Catastrophic Error) causing the system to fail processing MAD requests.,"{   ""is_anomaly"": true,   ""severity"": ""high"",   ""root_cause"": ""The InfiniHost0 port 1 QPN 0 experienced a fatal error (Local Catastrophic Error) causing the system to fail processing MAD requests."",   ""remediation"": ""Restart the InfiniHost0 device or investigate and resolve the underlying hardware issue."" }",3.769,435,82,0.0
llama3.1:70b-instruct-q4_K_M,ollama,thunderbird,zero_shot,324,False,NORMAL,False,low,none,"{   ""is_anomaly"": false,   ""severity"": ""low"",   ""root_cause"": ""none"",   ""remediation"": ""none"" }",1.972,218,36,0.0
llama3.1:70b-instruct-q4_K_M,ollama,thunderbird,zero_shot,325,True,VAPI,True,high,The InfiniHost0 port 1 QPN 0 experienced repeated failures in processing MAD requests due to a local catastrophic error.,"{   ""is_anomaly"": true,   ""severity"": ""high"",   ""root_cause"": ""The InfiniHost0 port 1 QPN 0 experienced repeated failures in processing MAD requests due to a local catastrophic error."",   ""remediation"": ""Restart the InfiniHost0 device or investigate and resolve any underlying hardware issues."" }",3.556,585,76,0.0
llama3.1:70b-instruct-q4_K_M,ollama,thunderbird,zero_shot,326,True,VAPI,True,high,The InfiniHost0 device has entered a fatal state due to a local catastrophic error.,"{   ""is_anomaly"": true,   ""severity"": ""high"",   ""root_cause"": ""The InfiniHost0 device has entered a fatal state due to a local catastrophic error."",   ""remediation"": ""Restart the InfiniHost0 device or replace it if necessary."" }",3.175,498,65,0.0
llama3.1:70b-instruct-q4_K_M,ollama,thunderbird,zero_shot,327,False,NORMAL,True,medium,"Multiple datasources (Thunderbird_A2, Thunderbird_B8, Thunderbird_D8) failed to respond.","{   ""is_anomaly"": true,   ""severity"": ""medium"",   ""root_cause"": ""Multiple datasources (Thunderbird_A2, Thunderbird_B8, Thunderbird_D8) failed to respond."",   ""remediation"": ""Investigate and restart the unresponsive datasources or check their connectivity."" }",3.162,211,69,0.0
llama3.1:70b-instruct-q4_K_M,ollama,thunderbird,zero_shot,328,False,NORMAL,True,medium,The system has exceeded its maximum allowed open files limit.,"{   ""is_anomaly"": true,   ""severity"": ""medium"",   ""root_cause"": ""The system has exceeded its maximum allowed open files limit."",   ""remediation"": ""Increase the system's open file limit by adjusting the ulimit settings or closing unnecessary file handles."" }",2.988,357,62,0.0
llama3.1:70b-instruct-q4_K_M,ollama,thunderbird,zero_shot,329,False,NORMAL,True,high,"The system reached its file descriptor limit of 65536, likely due to a resource leak or excessive connections.","{   ""is_anomaly"": true,   ""severity"": ""high"",   ""root_cause"": ""The system reached its file descriptor limit of 65536, likely due to a resource leak or excessive connections."",   ""remediation"": ""Increase the file-max limit or investigate and close unnecessary open files or connections."" }",3.091,182,69,0.0
llama3.1:70b-instruct-q4_K_M,ollama,thunderbird,zero_shot,330,True,VAPI,True,high,"The InfiniHost device entered a FATAL state, causing local MAD processing to fail.","{   ""is_anomaly"": true,   ""severity"": ""high"",   ""root_cause"": ""The InfiniHost device entered a FATAL state, causing local MAD processing to fail."",   ""remediation"": ""Restart the InfiniHost device or investigate and resolve the underlying cause of the fatal error."" }",3.098,482,70,0.0
llama3.1:70b-instruct-q4_K_M,ollama,thunderbird,zero_shot,331,False,NORMAL,True,high,The system has reached its maximum file descriptor limit of 65536.,"{   ""is_anomaly"": true,   ""severity"": ""high"",   ""root_cause"": ""The system has reached its maximum file descriptor limit of 65536."",   ""remediation"": ""Increase the file-max limit by adjusting the kernel parameter or reduce the number of open files."" }",2.794,174,64,0.0
llama3.1:70b-instruct-q4_K_M,ollama,thunderbird,zero_shot,332,True,VAPI,True,high,The InfiniHost0 device has entered a fatal state due to repeated local catastrophic errors during MAD processing.,"{   ""is_anomaly"": true,   ""severity"": ""high"",   ""root_cause"": ""The InfiniHost0 device has entered a fatal state due to repeated local catastrophic errors during MAD processing."",   ""remediation"": ""Restart the InfiniHost0 device or investigate and resolve the underlying cause of the local catastrophic errors."" }",3.379,496,75,0.0
llama3.1:70b-instruct-q4_K_M,ollama,thunderbird,zero_shot,333,False,NORMAL,True,high,"The system reached its file descriptor limit of 65536, likely due to a resource leak or excessive connections.","{   ""is_anomaly"": true,   ""severity"": ""high"",   ""root_cause"": ""The system reached its file descriptor limit of 65536, likely due to a resource leak or excessive connections."",   ""remediation"": ""Increase the file-max limit or investigate and close unnecessary open files or connections."" }",3.139,182,69,0.0
llama3.1:70b-instruct-q4_K_M,ollama,thunderbird,zero_shot,334,True,VAPI,True,high,"The InfiniHost0 experienced a local catastrophic error, causing EVAPI_process_local_mad to fail repeatedly.","{   ""is_anomaly"": true,   ""severity"": ""high"",   ""root_cause"": ""The InfiniHost0 experienced a local catastrophic error, causing EVAPI_process_local_mad to fail repeatedly."",   ""remediation"": ""Restart the InfiniHost0 or investigate and resolve the underlying hardware issue."" }",3.272,360,71,0.0
llama3.1:70b-instruct-q4_K_M,ollama,thunderbird,zero_shot,335,False,NORMAL,True,medium,The crond service failed to shut down properly.,"{   ""is_anomaly"": true,   ""severity"": ""medium"",   ""root_cause"": ""The crond service failed to shut down properly."",   ""remediation"": ""Investigate and restart the crond service to ensure scheduled jobs are executed correctly."" }",2.712,207,58,0.0
llama3.1:70b-instruct-q4_K_M,ollama,thunderbird,zero_shot,336,False,NORMAL,False,low,none,"{   ""is_anomaly"": false,   ""severity"": ""low"",   ""root_cause"": ""none"",   ""remediation"": ""none"" }",1.889,185,36,0.0
llama3.1:70b-instruct-q4_K_M,ollama,thunderbird,zero_shot,337,True,VAPI,True,high,"A local catastrophic error occurred in the InfiniHost0 process, causing a failure in EVAPI_process_local_mad.","{   ""is_anomaly"": true,   ""severity"": ""high"",   ""root_cause"": ""A local catastrophic error occurred in the InfiniHost0 process, causing a failure in EVAPI_process_local_mad."",   ""remediation"": ""Restart the InfiniHost0 process and investigate potential hardware or software issues that may have triggered the catastrophic error."" }",3.539,345,80,0.0
llama3.1:70b-instruct-q4_K_M,ollama,thunderbird,zero_shot,338,False,NORMAL,True,medium,The data_thread() failed to receive a response from any of the Thunderbird_B5 and Thunderbird_C8 datasources.,"{   ""is_anomaly"": true,   ""severity"": ""medium"",   ""root_cause"": ""The data_thread() failed to receive a response from any of the Thunderbird_B5 and Thunderbird_C8 datasources."",   ""remediation"": ""Investigate and restart or reconnect to the unresponsive Thunderbird_B5 and Thunderbird_C8 datasources."" }",3.463,217,79,0.0
llama3.1:70b-instruct-q4_K_M,ollama,thunderbird,zero_shot,339,True,VAPI,True,high,The InfiniHost0 device entered a FATAL state and failed to process local MAD requests.,"{   ""is_anomaly"": true,   ""severity"": ""high"",   ""root_cause"": ""The InfiniHost0 device entered a FATAL state and failed to process local MAD requests."",   ""remediation"": ""Restart the InfiniHost0 device or investigate its configuration and firmware for potential issues."" }",3.37,495,70,0.0
llama3.1:70b-instruct-q4_K_M,ollama,thunderbird,zero_shot,340,False,NORMAL,True,low,"The system is using software bounce buffering for IO (SWIOTLB) instead of hardware DMA, which may indicate a configuration issue or hardware limitation.","{   ""is_anomaly"": true,   ""severity"": ""low"",   ""root_cause"": ""The system is using software bounce buffering for IO (SWIOTLB) instead of hardware DMA, which may indicate a configuration issue or hardware limitation."",   ""remediation"": ""Verify that the system's PCI configuration and hardware are correctly set up to use hardware DMA."" }",3.595,207,80,0.0
llama3.1:70b-instruct-q4_K_M,ollama,thunderbird,zero_shot,341,False,NORMAL,True,medium,Multiple consecutive SSH connections from the same IP address using public key authentication for the root user may indicate a potential security threat or unauthorized access attempt.,"{   ""is_anomaly"": true,   ""severity"": ""medium"",   ""root_cause"": ""Multiple consecutive SSH connections from the same IP address using public key authentication for the root user may indicate a potential security threat or unauthorized access attempt."",   ""remediation"": ""Investigate and verify the legitimacy of the incoming connections, and consider implementing additional security measures such as ",3.795,213,88,0.0
llama3.1:70b-instruct-q4_K_M,ollama,thunderbird,zero_shot,342,True,VAPI,True,high,"The InfiniHost0 device entered a FATAL state, causing local MAD processing to fail and disrupting data access from multiple datasources.","{   ""is_anomaly"": true,   ""severity"": ""high"",   ""root_cause"": ""The InfiniHost0 device entered a FATAL state, causing local MAD processing to fail and disrupting data access from multiple datasources."",   ""remediation"": ""Restart the InfiniHost0 device or investigate its configuration and logs for underlying issues."" }",3.53,422,78,0.0
llama3.1:70b-instruct-q4_K_M,ollama,thunderbird,zero_shot,343,True,VAPI,True,high,The InfiniHost0 device entered a FATAL state and was unable to process local MAD requests due to a Local Catastrophic Error.,"{   ""is_anomaly"": true,   ""severity"": ""high"",   ""root_cause"": ""The InfiniHost0 device entered a FATAL state and was unable to process local MAD requests due to a Local Catastrophic Error."",   ""remediation"": ""Restart the InfiniHost0 device or replace it if necessary, and investigate the underlying cause of the catastrophic error."" }",3.906,570,85,0.0
llama3.1:70b-instruct-q4_K_M,ollama,thunderbird,zero_shot,344,True,VAPI,True,high,The InfiniHost0 port 1 QPN 0 experienced a fatal error (Local Catastrophic Error) due to repeated mad_process failures.,"{   ""is_anomaly"": true,   ""severity"": ""high"",   ""root_cause"": ""The InfiniHost0 port 1 QPN 0 experienced a fatal error (Local Catastrophic Error) due to repeated mad_process failures."",   ""remediation"": ""Restart the InfiniHost0 device or investigate and resolve the underlying issue causing the mad_process failures."" }",3.9,511,84,0.0
llama3.1:70b-instruct-q4_K_M,ollama,thunderbird,zero_shot,345,True,VAPI,True,high,The InfiniHost0 device entered a FATAL state and was unable to process local MAD requests.,"{   ""is_anomaly"": true,   ""severity"": ""high"",   ""root_cause"": ""The InfiniHost0 device entered a FATAL state and was unable to process local MAD requests."",   ""remediation"": ""Restart the InfiniHost0 device or investigate hardware issues."" }",3.176,572,66,0.0
llama3.1:70b-instruct-q4_K_M,ollama,thunderbird,zero_shot,346,True,VAPI,True,high,"A local catastrophic error occurred in the InfiniHost0 process, causing a failure in EVAPI_process_local_mad.","{   ""is_anomaly"": true,   ""severity"": ""high"",   ""root_cause"": ""A local catastrophic error occurred in the InfiniHost0 process, causing a failure in EVAPI_process_local_mad."",   ""remediation"": ""Restart the InfiniHost0 process and investigate potential hardware or software issues that may have triggered the catastrophic error."" }",3.605,308,80,0.0
llama3.1:70b-instruct-q4_K_M,ollama,thunderbird,zero_shot,347,False,NORMAL,False,low,none,"{   ""is_anomaly"": false,   ""severity"": ""low"",   ""root_cause"": ""none"",   ""remediation"": ""none"" }",1.95,238,36,0.0
llama3.1:70b-instruct-q4_K_M,ollama,thunderbird,zero_shot,348,True,VAPI,True,high,The InfiniHost0 port 1 QPN 0 experienced a fatal error (Local Catastrophic Error) due to repeated mad_process failures.,"{   ""is_anomaly"": true,   ""severity"": ""high"",   ""root_cause"": ""The InfiniHost0 port 1 QPN 0 experienced a fatal error (Local Catastrophic Error) due to repeated mad_process failures."",   ""remediation"": ""Restart the InfiniHost0 device or investigate and resolve the underlying issue causing the mad_process failures."" }",3.646,511,84,0.0
llama3.1:70b-instruct-q4_K_M,ollama,thunderbird,zero_shot,349,True,VAPI,True,high,The InfiniHost device has entered a fatal state due to a local catastrophic error.,"{   ""is_anomaly"": true,   ""severity"": ""high"",   ""root_cause"": ""The InfiniHost device has entered a fatal state due to a local catastrophic error."",   ""remediation"": ""Restart the InfiniHost device or replace it if necessary, and investigate the cause of the local catastrophic error."" }",3.366,483,73,0.0
llama3.1:70b-instruct-q4_K_M,ollama,thunderbird,zero_shot,350,True,VAPI,True,high,The InfiniHost0 device entered a fatal state due to a local catastrophic error.,"{   ""is_anomaly"": true,   ""severity"": ""high"",   ""root_cause"": ""The InfiniHost0 device entered a fatal state due to a local catastrophic error."",   ""remediation"": ""Restart the InfiniHost0 device or replace it if necessary."" }",3.166,557,64,0.0
llama3.1:70b-instruct-q4_K_M,ollama,thunderbird,zero_shot,351,False,NORMAL,False,low,none,"{   ""is_anomaly"": false,   ""severity"": ""low"",   ""root_cause"": ""none"",   ""remediation"": ""none"" }",2.075,310,36,0.0
llama3.1:70b-instruct-q4_K_M,ollama,thunderbird,zero_shot,352,True,VAPI,True,high,The InfiniHost0 device entered a FATAL state and failed to process local MAD requests.,"{   ""is_anomaly"": true,   ""severity"": ""high"",   ""root_cause"": ""The InfiniHost0 device entered a FATAL state and failed to process local MAD requests."",   ""remediation"": ""Restart the InfiniHost0 device or investigate its configuration and firmware for potential issues."" }",3.065,495,70,0.0
llama3.1:70b-instruct-q4_K_M,ollama,thunderbird,zero_shot,353,False,NORMAL,True,low,Duplicate PCI interrupt mappings were detected for the same GSI and IRQ.,"{   ""is_anomaly"": true,   ""severity"": ""low"",   ""root_cause"": ""Duplicate PCI interrupt mappings were detected for the same GSI and IRQ."",   ""remediation"": ""Verify system configuration to ensure correct PCI device assignments."" }",2.783,293,56,0.0
llama3.1:70b-instruct-q4_K_M,ollama,thunderbird,zero_shot,354,False,NORMAL,True,medium,"Multiple datasources (Thunderbird_A4, Thunderbird_B7, Thunderbird_B1) failed to respond.","{   ""is_anomaly"": true,   ""severity"": ""medium"",   ""root_cause"": ""Multiple datasources (Thunderbird_A4, Thunderbird_B7, Thunderbird_B1) failed to respond."",   ""remediation"": ""Investigate and restart or reconnect the unresponsive datasources."" }",3.065,217,67,0.0
llama3.1:70b-instruct-q4_K_M,ollama,thunderbird,zero_shot,355,False,NORMAL,False,low,none,"{   ""is_anomaly"": false,   ""severity"": ""low"",   ""root_cause"": ""none"",   ""remediation"": ""none"" }",1.96,260,36,0.0
llama3.1:70b-instruct-q4_K_M,ollama,thunderbird,zero_shot,356,True,VAPI,True,high,"The InfiniHost0 experienced a local catastrophic error, causing EVAPI_process_local_mad to fail repeatedly.","{   ""is_anomaly"": true,   ""severity"": ""high"",   ""root_cause"": ""The InfiniHost0 experienced a local catastrophic error, causing EVAPI_process_local_mad to fail repeatedly."",   ""remediation"": ""Restart the InfiniHost0 or investigate and resolve the underlying issue causing the local catastrophic error."" }",3.405,375,75,0.0
llama3.1:70b-instruct-q4_K_M,ollama,thunderbird,zero_shot,357,False,NORMAL,True,medium,The data_thread failed to receive an answer from the Thunderbird_C8 datasource.,"{   ""is_anomaly"": true,   ""severity"": ""medium"",   ""root_cause"": ""The data_thread failed to receive an answer from the Thunderbird_C8 datasource."",   ""remediation"": ""Investigate and restart the Thunderbird_C8 datasource or check its configuration."" }",2.931,218,63,0.0
llama3.1:70b-instruct-q4_K_M,ollama,thunderbird,zero_shot,358,False,NORMAL,True,high,"The system ran out of memory, causing critical services to fail during initialization.","{   ""is_anomaly"": true,   ""severity"": ""high"",   ""root_cause"": ""The system ran out of memory, causing critical services to fail during initialization."",   ""remediation"": ""Investigate and address the underlying cause of the memory exhaustion, such as a resource leak or inadequate system resources."" }",3.09,216,69,0.0
llama3.1:70b-instruct-q4_K_M,ollama,thunderbird,zero_shot,359,True,VAPI,True,high,"The InfiniHost0 device experienced a local catastrophic error, causing MAD processing to fail.","{   ""is_anomaly"": true,   ""severity"": ""high"",   ""root_cause"": ""The InfiniHost0 device experienced a local catastrophic error, causing MAD processing to fail."",   ""remediation"": ""Restart the InfiniHost0 device or investigate and resolve any underlying hardware issues."" }",3.029,502,68,0.0
llama3.1:70b-instruct-q4_K_M,ollama,thunderbird,zero_shot,360,True,VAPI,True,high,"The InfiniHost0 experienced a local catastrophic error, causing EVAPI_process_local_mad to fail repeatedly.","{   ""is_anomaly"": true,   ""severity"": ""high"",   ""root_cause"": ""The InfiniHost0 experienced a local catastrophic error, causing EVAPI_process_local_mad to fail repeatedly."",   ""remediation"": ""Restart the InfiniHost0 or investigate and resolve the underlying hardware issue."" }",3.29,380,71,0.0
llama3.1:70b-instruct-q4_K_M,ollama,thunderbird,zero_shot,361,False,NORMAL,True,medium,Multiple SSH connections were established by the same user from the same IP address in a short period of time.,"{   ""is_anomaly"": true,   ""severity"": ""medium"",   ""root_cause"": ""Multiple SSH connections were established by the same user from the same IP address in a short period of time."",   ""remediation"": ""Investigate potential brute-force or unauthorized access attempts and review system security configurations."" }",3.091,225,68,0.0
llama3.1:70b-instruct-q4_K_M,ollama,thunderbird,zero_shot,362,True,VAPI,True,high,"A local catastrophic error occurred in the InfiniHost0 process, causing it to fail.","{   ""is_anomaly"": true,   ""severity"": ""high"",   ""root_cause"": ""A local catastrophic error occurred in the InfiniHost0 process, causing it to fail."",   ""remediation"": ""Restart the InfiniHost0 process and investigate the cause of the fatal error."" }",3.116,325,68,0.0
llama3.1:70b-instruct-q4_K_M,ollama,thunderbird,zero_shot,363,False,NORMAL,True,medium,The system has exceeded its maximum allowed open file limit.,"{   ""is_anomaly"": true,   ""severity"": ""medium"",   ""root_cause"": ""The system has exceeded its maximum allowed open file limit."",   ""remediation"": ""Increase the system's open file limit by adjusting the ulimit settings or closing unnecessary files."" }",2.956,385,61,0.0
llama3.1:70b-instruct-q4_K_M,ollama,thunderbird,zero_shot,364,True,VAPI,True,high,"A local catastrophic error occurred in the InfiniHost0 process, causing a failure in EVAPI_process_local_mad.","{   ""is_anomaly"": true,   ""severity"": ""high"",   ""root_cause"": ""A local catastrophic error occurred in the InfiniHost0 process, causing a failure in EVAPI_process_local_mad."",   ""remediation"": ""Restart the InfiniHost0 process and investigate potential hardware or software issues that may have triggered the catastrophic error."" }",3.56,307,80,0.0
llama3.1:70b-instruct-q4_K_M,ollama,thunderbird,zero_shot,365,True,VAPI,True,high,"The InfiniHost0 port 1 QPN 0 experienced a local catastrophic error, causing mad_process to fail and disrupting data access from Thunderbird_B4 and Thunderbird_D4 datasources.","{   ""is_anomaly"": true,   ""severity"": ""high"",   ""root_cause"": ""The InfiniHost0 port 1 QPN 0 experienced a local catastrophic error, causing mad_process to fail and disrupting data access from Thunderbird_B4 and Thunderbird_D4 datasources."",   ""remediation"": ""Restart the InfiniHost0 service or investigate and resolve the underlying issue causing the local catastrophic error."" }",4.022,437,94,0.0
llama3.1:70b-instruct-q4_K_M,ollama,thunderbird,zero_shot,366,True,VAPI,True,high,The InfiniHost0 device entered a FATAL state and was unable to process local MAD requests due to a Local Catastrophic Error.,"{   ""is_anomaly"": true,   ""severity"": ""high"",   ""root_cause"": ""The InfiniHost0 device entered a FATAL state and was unable to process local MAD requests due to a Local Catastrophic Error."",   ""remediation"": ""Restart the InfiniHost0 device or replace it if necessary, and investigate the underlying cause of the catastrophic error."" }",3.84,570,85,0.0
llama3.1:70b-instruct-q4_K_M,ollama,thunderbird,zero_shot,367,True,VAPI,True,high,The InfiniHost0 device entered a FATAL state and failed to process local MAD requests.,"{   ""is_anomaly"": true,   ""severity"": ""high"",   ""root_cause"": ""The InfiniHost0 device entered a FATAL state and failed to process local MAD requests."",   ""remediation"": ""Restart the InfiniHost0 device or investigate hardware issues."" }",2.895,557,65,0.0
llama3.1:70b-instruct-q4_K_M,ollama,thunderbird,zero_shot,368,True,VAPI,True,high,The InfiniHost0 device entered a FATAL state and failed to process local MAD requests.,"{   ""is_anomaly"": true,   ""severity"": ""high"",   ""root_cause"": ""The InfiniHost0 device entered a FATAL state and failed to process local MAD requests."",   ""remediation"": ""Restart the InfiniHost0 device or investigate hardware issues."" }",2.751,557,65,0.0
llama3.1:70b-instruct-q4_K_M,ollama,thunderbird,zero_shot,369,False,NORMAL,True,high,The system has reached its maximum file descriptor limit of 65536.,"{   ""is_anomaly"": true,   ""severity"": ""high"",   ""root_cause"": ""The system has reached its maximum file descriptor limit of 65536."",   ""remediation"": ""Increase the file-max limit by adjusting the kernel parameter or reduce the number of open files."" }",2.841,174,64,0.0
llama3.1:70b-instruct-q4_K_M,ollama,thunderbird,zero_shot,370,True,VAPI,True,high,The InfiniHost0 device entered a FATAL state and was unable to process local MAD requests due to a Local Catastrophic Error.,"{   ""is_anomaly"": true,   ""severity"": ""high"",   ""root_cause"": ""The InfiniHost0 device entered a FATAL state and was unable to process local MAD requests due to a Local Catastrophic Error."",   ""remediation"": ""Restart the InfiniHost0 device or replace it if necessary, and investigate the underlying cause of the catastrophic error."" }",3.566,570,85,0.0
llama3.1:70b-instruct-q4_K_M,ollama,thunderbird,zero_shot,371,False,NORMAL,True,medium,A temperature sensor detected a warning value of 10.0 degrees Celsius in the Main System Chassis.,"{   ""is_anomaly"": true,   ""severity"": ""medium"",   ""root_cause"": ""A temperature sensor detected a warning value of 10.0 degrees Celsius in the Main System Chassis."",   ""remediation"": ""Investigate and address potential cooling issues or environmental factors affecting the system's ambient temperature."" }",3.232,245,70,0.0
llama3.1:70b-instruct-q4_K_M,ollama,thunderbird,zero_shot,372,False,NORMAL,True,medium,"Multiple datasources (Thunderbird_B2, Thunderbird_B3, Thunderbird_C1, Thunderbird_C8) failed to respond.","{   ""is_anomaly"": true,   ""severity"": ""medium"",   ""root_cause"": ""Multiple datasources (Thunderbird_B2, Thunderbird_B3, Thunderbird_C1, Thunderbird_C8) failed to respond."",   ""remediation"": ""Investigate and restart the unresponsive datasources or check their connectivity."" }",3.333,216,74,0.0
llama3.1:70b-instruct-q4_K_M,ollama,thunderbird,zero_shot,373,False,NORMAL,False,low,none,"{   ""is_anomaly"": false,   ""severity"": ""low"",   ""root_cause"": ""none"",   ""remediation"": ""none"" }",1.918,206,36,0.0
llama3.1:70b-instruct-q4_K_M,ollama,thunderbird,zero_shot,374,True,VAPI,True,high,"The InfiniHost0 experienced a local catastrophic error, causing EVAPI_process_local_mad to fail repeatedly.","{   ""is_anomaly"": true,   ""severity"": ""high"",   ""root_cause"": ""The InfiniHost0 experienced a local catastrophic error, causing EVAPI_process_local_mad to fail repeatedly."",   ""remediation"": ""Restart the InfiniHost0 and verify its configuration to resolve the issue."" }",3.263,375,71,0.0
llama3.1:70b-instruct-q4_K_M,ollama,thunderbird,zero_shot,375,True,VAPI,True,high,"The InfiniHost0 port 1 QPN 0 experienced a local catastrophic error, causing mad_process and EVAPI_process_local_mad to fail.","{   ""is_anomaly"": true,   ""severity"": ""high"",   ""root_cause"": ""The InfiniHost0 port 1 QPN 0 experienced a local catastrophic error, causing mad_process and EVAPI_process_local_mad to fail."",   ""remediation"": ""Restart the InfiniHost0 device or investigate its configuration for potential issues."" }",3.613,510,80,0.0
llama3.1:70b-instruct-q4_K_M,ollama,thunderbird,zero_shot,376,False,NORMAL,True,medium,"The panfs kernel module was loaded for an AuthenticAMD CPU on a GenuineIntel CPU, which may cause compatibility issues.","{   ""is_anomaly"": true,   ""severity"": ""medium"",   ""root_cause"": ""The panfs kernel module was loaded for an AuthenticAMD CPU on a GenuineIntel CPU, which may cause compatibility issues."",   ""remediation"": ""Unload the panfs kernel module and reload it with the correct CPU architecture."" }",3.229,211,71,0.0
llama3.1:70b-instruct-q4_K_M,ollama,thunderbird,zero_shot,377,False,NORMAL,True,medium,The data_thread failed to receive answers from both Thunderbird_B1 and Thunderbird_B2 datasources.,"{   ""is_anomaly"": true,   ""severity"": ""medium"",   ""root_cause"": ""The data_thread failed to receive answers from both Thunderbird_B1 and Thunderbird_B2 datasources."",   ""remediation"": ""Investigate the connectivity or responsiveness of the Thunderbird_B1 and Thunderbird_B2 datasources."" }",3.273,214,73,0.0
llama3.1:70b-instruct-q4_K_M,ollama,thunderbird,zero_shot,378,True,VAPI,True,high,The InfiniHost0 port 1 QPN 0 experienced repeated failures in processing MAD requests due to a local catastrophic error.,"{   ""is_anomaly"": true,   ""severity"": ""high"",   ""root_cause"": ""The InfiniHost0 port 1 QPN 0 experienced repeated failures in processing MAD requests due to a local catastrophic error."",   ""remediation"": ""Restart the InfiniHost0 device or investigate and resolve any underlying hardware issues."" }",3.566,585,76,0.0
llama3.1:70b-instruct-q4_K_M,ollama,thunderbird,zero_shot,379,True,VAPI,True,high,The InfiniHost0 device entered a FATAL state and failed to process local MAD requests.,"{   ""is_anomaly"": true,   ""severity"": ""high"",   ""root_cause"": ""The InfiniHost0 device entered a FATAL state and failed to process local MAD requests."",   ""remediation"": ""Restart the InfiniHost0 device or investigate hardware issues."" }",2.938,557,65,0.0
llama3.1:70b-instruct-q4_K_M,ollama,thunderbird,zero_shot,380,True,VAPI,True,high,"The InfiniHost0 experienced a local catastrophic error, causing EVAPI_process_local_mad to fail repeatedly.","{   ""is_anomaly"": true,   ""severity"": ""high"",   ""root_cause"": ""The InfiniHost0 experienced a local catastrophic error, causing EVAPI_process_local_mad to fail repeatedly."",   ""remediation"": ""Restart the InfiniHost0 or investigate and resolve the underlying hardware issue."" }",3.269,360,71,0.0
llama3.1:70b-instruct-q4_K_M,ollama,thunderbird,zero_shot,381,False,NORMAL,True,medium,"A security framework is already initialized, causing a registration failure.","{   ""is_anomaly"": true,   ""severity"": ""medium"",   ""root_cause"": ""A security framework is already initialized, causing a registration failure."",   ""remediation"": ""Investigate and resolve the existing security framework initialization to allow for successful registration."" }",2.75,195,59,0.0
llama3.1:70b-instruct-q4_K_M,ollama,thunderbird,zero_shot,382,False,NORMAL,True,medium,"Multiple datasources (Thunderbird_A8, Thunderbird_D6, Thunderbird_A1, Thunderbird_B2) failed to respond.","{   ""is_anomaly"": true,   ""severity"": ""medium"",   ""root_cause"": ""Multiple datasources (Thunderbird_A8, Thunderbird_D6, Thunderbird_A1, Thunderbird_B2) failed to respond."",   ""remediation"": ""Investigate and restart the unresponsive datasources or check network connectivity."" }",3.247,214,74,0.0
llama3.1:70b-instruct-q4_K_M,ollama,thunderbird,zero_shot,383,False,NORMAL,True,medium,Multiple system services (gmond and haldaemon) failed to shut down properly.,"{   ""is_anomaly"": true,   ""severity"": ""medium"",   ""root_cause"": ""Multiple system services (gmond and haldaemon) failed to shut down properly."",   ""remediation"": ""Investigate the cause of the shutdown failures and restart the affected services manually if necessary."" }",2.944,183,65,0.0
llama3.1:70b-instruct-q4_K_M,ollama,thunderbird,zero_shot,384,True,VAPI,True,high,"The InfiniHost0 experienced a local catastrophic error, causing EVAPI_process_local_mad to fail repeatedly.","{   ""is_anomaly"": true,   ""severity"": ""high"",   ""root_cause"": ""The InfiniHost0 experienced a local catastrophic error, causing EVAPI_process_local_mad to fail repeatedly."",   ""remediation"": ""Restart the InfiniHost0 service and investigate potential hardware or firmware issues."" }",3.204,353,71,0.0
llama3.1:70b-instruct-q4_K_M,ollama,thunderbird,zero_shot,385,False,NORMAL,True,medium,Multiple system services shut down unexpectedly.,"{   ""is_anomaly"": true,   ""severity"": ""medium"",   ""root_cause"": ""Multiple system services shut down unexpectedly."",   ""remediation"": ""Investigate the cause of the shutdowns and restart the affected services."" }",2.545,185,53,0.0
llama3.1:70b-instruct-q4_K_M,ollama,thunderbird,zero_shot,386,False,NORMAL,False,low,none,"{   ""is_anomaly"": false,   ""severity"": ""low"",   ""root_cause"": ""none"",   ""remediation"": ""none"" }",1.942,225,36,0.0
llama3.1:70b-instruct-q4_K_M,ollama,thunderbird,zero_shot,387,True,VAPI,True,high,The InfiniHost0 device has entered a fatal state due to a local catastrophic error.,"{   ""is_anomaly"": true,   ""severity"": ""high"",   ""root_cause"": ""The InfiniHost0 device has entered a fatal state due to a local catastrophic error."",   ""remediation"": ""Restart the InfiniHost0 device or replace it if necessary, and investigate the cause of the local catastrophic error."" }",3.357,542,75,0.0
llama3.1:70b-instruct-q4_K_M,ollama,thunderbird,zero_shot,388,True,VAPI,True,high,The InfiniHost0 port 1 QPN 0 experienced repeated failures in processing MAD requests due to a local catastrophic error.,"{   ""is_anomaly"": true,   ""severity"": ""high"",   ""root_cause"": ""The InfiniHost0 port 1 QPN 0 experienced repeated failures in processing MAD requests due to a local catastrophic error."",   ""remediation"": ""Restart the InfiniHost0 device or investigate and resolve any underlying hardware issues."" }",3.331,585,76,0.0
llama3.1:70b-instruct-q4_K_M,ollama,thunderbird,zero_shot,389,False,NORMAL,False,low,none,"{   ""is_anomaly"": false,   ""severity"": ""low"",   ""root_cause"": ""none"",   ""remediation"": ""none"" }",1.962,213,36,0.0
llama3.1:70b-instruct-q4_K_M,ollama,thunderbird,zero_shot,390,True,VAPI,True,high,"The InfiniHost0 port experienced a local catastrophic error, causing multiple MAD process failures.","{   ""is_anomaly"": true,   ""severity"": ""high"",   ""root_cause"": ""The InfiniHost0 port experienced a local catastrophic error, causing multiple MAD process failures."",   ""remediation"": ""Restart the InfiniHost0 port or investigate and resolve any underlying hardware issues."" }",3.249,508,68,0.0
llama3.1:70b-instruct-q4_K_M,ollama,thunderbird,zero_shot,391,True,VAPI,True,high,"A catastrophic error occurred in the InfiniHost0 port 1 QPN 0, causing a failure in processing local MAD requests.","{   ""is_anomaly"": true,   ""severity"": ""high"",   ""root_cause"": ""A catastrophic error occurred in the InfiniHost0 port 1 QPN 0, causing a failure in processing local MAD requests."",   ""remediation"": ""Restart the InfiniHost0 device or investigate and resolve the underlying issue causing the Local Catastrophic Error."" }",3.516,435,83,0.0
llama3.1:70b-instruct-q4_K_M,ollama,thunderbird,zero_shot,392,False,NORMAL,False,low,none,"{   ""is_anomaly"": false,   ""severity"": ""low"",   ""root_cause"": ""none"",   ""remediation"": ""none"" }",1.932,189,36,0.0
llama3.1:70b-instruct-q4_K_M,ollama,thunderbird,zero_shot,393,True,VAPI,True,high,The InfiniHost0 device entered a FATAL state and was unable to process local MAD requests due to a Local Catastrophic Error.,"{   ""is_anomaly"": true,   ""severity"": ""high"",   ""root_cause"": ""The InfiniHost0 device entered a FATAL state and was unable to process local MAD requests due to a Local Catastrophic Error."",   ""remediation"": ""Restart the InfiniHost0 device or replace it if necessary, and investigate the underlying cause of the catastrophic error."" }",3.555,570,85,0.0
llama3.1:70b-instruct-q4_K_M,ollama,thunderbird,zero_shot,394,True,VAPI,True,high,"The InfiniHost0 process experienced a local catastrophic error, causing repeated failures in EVAPI_process_local_mad.","{   ""is_anomaly"": true,   ""severity"": ""high"",   ""root_cause"": ""The InfiniHost0 process experienced a local catastrophic error, causing repeated failures in EVAPI_process_local_mad."",   ""remediation"": ""Restart the InfiniHost0 process and investigate potential hardware or software issues contributing to the catastrophic error."" }",3.488,417,77,0.0
llama3.1:70b-instruct-q4_K_M,ollama,thunderbird,zero_shot,395,False,NORMAL,True,medium,The crond service failed to shut down properly.,"{   ""is_anomaly"": true,   ""severity"": ""medium"",   ""root_cause"": ""The crond service failed to shut down properly."",   ""remediation"": ""Investigate and restart the crond service to ensure scheduled jobs are executed correctly."" }",2.741,207,58,0.0
llama3.1:70b-instruct-q4_K_M,ollama,thunderbird,zero_shot,396,True,VAPI,True,high,"The InfiniHost0 port 1 QPN 0 experienced a local catastrophic error, causing multiple MAD process failures.","{   ""is_anomaly"": true,   ""severity"": ""high"",   ""root_cause"": ""The InfiniHost0 port 1 QPN 0 experienced a local catastrophic error, causing multiple MAD process failures."",   ""remediation"": ""Restart the InfiniHost0 device or investigate and resolve any underlying hardware issues."" }",3.465,583,74,0.0
llama3.1:70b-instruct-q4_K_M,ollama,thunderbird,zero_shot,397,True,VAPI,True,high,The InfiniHost0 port 1 QPN 0 experienced a fatal error (Local Catastrophic Error) due to repeated mad_process failures.,"{   ""is_anomaly"": true,   ""severity"": ""high"",   ""root_cause"": ""The InfiniHost0 port 1 QPN 0 experienced a fatal error (Local Catastrophic Error) due to repeated mad_process failures."",   ""remediation"": ""Restart the InfiniHost0 device or investigate and resolve the underlying issue causing the mad_process failures."" }",3.525,505,84,0.0
llama3.1:70b-instruct-q4_K_M,ollama,thunderbird,zero_shot,398,False,NORMAL,False,low,none,"{   ""is_anomaly"": false,   ""severity"": ""low"",   ""root_cause"": ""none"",   ""remediation"": ""none"" }",2.009,254,36,0.0
llama3.1:70b-instruct-q4_K_M,ollama,thunderbird,zero_shot,399,False,NORMAL,False,low,none,"{   ""is_anomaly"": false,   ""severity"": ""low"",   ""root_cause"": ""none"",   ""remediation"": ""none"" }",1.916,240,36,0.0
llama3.1:70b-instruct-q4_K_M,ollama,thunderbird,zero_shot,400,True,VAPI,True,high,The InfiniHost0 device entered a FATAL state and failed to process local MAD requests.,"{   ""is_anomaly"": true,   ""severity"": ""high"",   ""root_cause"": ""The InfiniHost0 device entered a FATAL state and failed to process local MAD requests."",   ""remediation"": ""Restart the InfiniHost0 device or investigate hardware issues."" }",2.807,557,65,0.0
llama3.1:70b-instruct-q4_K_M,ollama,thunderbird,zero_shot,401,False,NORMAL,True,medium,Multiple SSH sessions were opened for the root user from the same IP address in a short period of time.,"{   ""is_anomaly"": true,   ""severity"": ""medium"",   ""root_cause"": ""Multiple SSH sessions were opened for the root user from the same IP address in a short period of time."",   ""remediation"": ""Investigate potential brute-force or unauthorized access attempts and review system security configurations."" }",3.12,213,68,0.0
llama3.1:70b-instruct-q4_K_M,ollama,thunderbird,zero_shot,402,True,VAPI,True,high,"The InfiniHost0 provider encountered a local catastrophic error, causing EVAPI_process_local_mad to fail.","{   ""is_anomaly"": true,   ""severity"": ""high"",   ""root_cause"": ""The InfiniHost0 provider encountered a local catastrophic error, causing EVAPI_process_local_mad to fail."",   ""remediation"": ""Restart the InfiniHost0 provider and investigate potential hardware or software issues."" }",3.256,289,71,0.0
llama3.1:70b-instruct-q4_K_M,ollama,thunderbird,zero_shot,403,True,VAPI,True,high,"A catastrophic error occurred on InfiniHost0 port 1 QPN 0, causing a fatal failure in the IB MAD process.","{   ""is_anomaly"": true,   ""severity"": ""high"",   ""root_cause"": ""A catastrophic error occurred on InfiniHost0 port 1 QPN 0, causing a fatal failure in the IB MAD process."",   ""remediation"": ""Restart the IB MAD service and investigate the cause of the Local Catastrophic Error on InfiniHost0."" }",3.605,363,83,0.0
llama3.1:70b-instruct-q4_K_M,ollama,thunderbird,zero_shot,404,False,NORMAL,True,medium,"Multiple datasources (Thunderbird_B2, Thunderbird_C2, Thunderbird_D7) failed to respond.","{   ""is_anomaly"": true,   ""severity"": ""medium"",   ""root_cause"": ""Multiple datasources (Thunderbird_B2, Thunderbird_C2, Thunderbird_D7) failed to respond."",   ""remediation"": ""Investigate and restart or reconnect the unresponsive datasources."" }",3.07,216,67,0.0
llama3.1:70b-instruct-q4_K_M,ollama,thunderbird,zero_shot,405,True,VAPI,True,high,The InfiniHost0 device entered a FATAL state and was unable to process local MAD requests due to a Local Catastrophic Error.,"{   ""is_anomaly"": true,   ""severity"": ""high"",   ""root_cause"": ""The InfiniHost0 device entered a FATAL state and was unable to process local MAD requests due to a Local Catastrophic Error."",   ""remediation"": ""Restart the InfiniHost0 device or replace it if necessary, and investigate the underlying cause of the catastrophic error."" }",3.532,570,85,0.0
llama3.1:70b-instruct-q4_K_M,ollama,thunderbird,zero_shot,406,True,VAPI,True,high,The InfiniHost0 device has entered a fatal state due to a local catastrophic error.,"{   ""is_anomaly"": true,   ""severity"": ""high"",   ""root_cause"": ""The InfiniHost0 device has entered a fatal state due to a local catastrophic error."",   ""remediation"": ""Restart the InfiniHost0 device or replace it if necessary, and investigate the cause of the local catastrophic error."" }",3.519,542,75,0.0
llama3.1:70b-instruct-q4_K_M,ollama,thunderbird,zero_shot,407,True,VAPI,True,high,"The InfiniHost device has encountered a local catastrophic error, causing it to enter a fatal state.","{   ""is_anomaly"": true,   ""severity"": ""high"",   ""root_cause"": ""The InfiniHost device has encountered a local catastrophic error, causing it to enter a fatal state."",   ""remediation"": ""Restart the InfiniHost device or replace it if necessary to recover from the fatal error."" }",3.425,540,72,0.0
llama3.1:70b-instruct-q4_K_M,ollama,thunderbird,zero_shot,408,False,NORMAL,True,medium,The kjournald service is experiencing repeated startup failures within a short time frame.,"{   ""is_anomaly"": true,   ""severity"": ""medium"",   ""root_cause"": ""The kjournald service is experiencing repeated startup failures within a short time frame."",   ""remediation"": ""Investigate and resolve the underlying issue causing kjournald to restart repeatedly, such as disk space or configuration problems."" }",3.217,201,71,0.0
llama3.1:70b-instruct-q4_K_M,ollama,thunderbird,zero_shot,409,False,NORMAL,True,medium,Multiple SSH sessions were opened for the root user from the same IP address in a short period of time.,"{   ""is_anomaly"": true,   ""severity"": ""medium"",   ""root_cause"": ""Multiple SSH sessions were opened for the root user from the same IP address in a short period of time."",   ""remediation"": ""Investigate potential brute-force or unauthorized access attempts and review system security configurations."" }",3.03,213,68,0.0
llama3.1:70b-instruct-q4_K_M,ollama,thunderbird,zero_shot,410,False,NORMAL,True,medium,The data_thread failed to get an answer from the Thunderbird_A6 datasource.,"{   ""is_anomaly"": true,   ""severity"": ""medium"",   ""root_cause"": ""The data_thread failed to get an answer from the Thunderbird_A6 datasource."",   ""remediation"": ""Investigate and restart the Thunderbird_A6 datasource or check its connectivity."" }",2.958,254,63,0.0
llama3.1:70b-instruct-q4_K_M,ollama,thunderbird,zero_shot,411,False,NORMAL,False,low,none,"{   ""is_anomaly"": false,   ""severity"": ""low"",   ""root_cause"": ""none"",   ""remediation"": ""none"" }",1.989,269,36,0.0
llama3.1:70b-instruct-q4_K_M,ollama,thunderbird,zero_shot,412,True,VAPI,True,high,"A fatal error occurred in the InfiniHost0 port 1 QPN 0, causing a local catastrophic error.","{   ""is_anomaly"": true,   ""severity"": ""high"",   ""root_cause"": ""A fatal error occurred in the InfiniHost0 port 1 QPN 0, causing a local catastrophic error."",   ""remediation"": ""Restart the affected InfiniHost and investigate the cause of the fatal error."" }",3.266,347,73,0.0
llama3.1:70b-instruct-q4_K_M,ollama,thunderbird,zero_shot,413,False,NORMAL,True,medium,"Multiple datasources (Thunderbird_D7, Thunderbird_C2, Thunderbird_C4) failed to respond.","{   ""is_anomaly"": true,   ""severity"": ""medium"",   ""root_cause"": ""Multiple datasources (Thunderbird_D7, Thunderbird_C2, Thunderbird_C4) failed to respond."",   ""remediation"": ""Investigate and restart or reconnect the unresponsive datasources."" }",3.061,204,67,0.0
llama3.1:70b-instruct-q4_K_M,ollama,thunderbird,zero_shot,414,False,NORMAL,True,low,The system experienced a brief period of time synchronization issues before reconnecting to the NTP server.,"{   ""is_anomaly"": true,   ""severity"": ""low"",   ""root_cause"": ""The system experienced a brief period of time synchronization issues before reconnecting to the NTP server."",   ""remediation"": ""Verify that the NTP server at 10.100.26.250 is functioning correctly and reachable by the system."" }",3.344,230,75,0.0
llama3.1:70b-instruct-q4_K_M,ollama,thunderbird,zero_shot,415,True,VAPI,True,high,"The InfiniHost0 device encountered a local catastrophic error, causing MAD processing to fail.","{   ""is_anomaly"": true,   ""severity"": ""high"",   ""root_cause"": ""The InfiniHost0 device encountered a local catastrophic error, causing MAD processing to fail."",   ""remediation"": ""Restart the InfiniHost0 device or investigate and resolve the underlying cause of the fatal state."" }",3.212,570,71,0.0
llama3.1:70b-instruct-q4_K_M,ollama,thunderbird,zero_shot,416,False,NORMAL,False,low,none,"{   ""is_anomaly"": false,   ""severity"": ""low"",   ""root_cause"": ""none"",   ""remediation"": ""none"" }",2.04,302,36,0.0
llama3.1:70b-instruct-q4_K_M,ollama,thunderbird,zero_shot,417,True,VAPI,True,high,"A fatal error occurred in the InfiniHost0 port 1 QPN 0, causing a local catastrophic error.","{   ""is_anomaly"": true,   ""severity"": ""high"",   ""root_cause"": ""A fatal error occurred in the InfiniHost0 port 1 QPN 0, causing a local catastrophic error."",   ""remediation"": ""Restart the InfiniHost0 device or investigate and fix the underlying issue causing the mad_process failure."" }",3.534,437,78,0.0
llama3.1:70b-instruct-q4_K_M,ollama,thunderbird,zero_shot,418,False,NORMAL,False,low,none,"{   ""is_anomaly"": false,   ""severity"": ""low"",   ""root_cause"": ""none"",   ""remediation"": ""none"" }",1.943,177,36,0.0
llama3.1:70b-instruct-q4_K_M,ollama,thunderbird,zero_shot,419,False,NORMAL,False,low,none,"{   ""is_anomaly"": false,   ""severity"": ""low"",   ""root_cause"": ""none"",   ""remediation"": ""none"" }",1.836,185,36,0.0
llama3.1:70b-instruct-q4_K_M,ollama,thunderbird,zero_shot,420,True,VAPI,True,high,The InfiniHost0 port 1 QPN 0 experienced a fatal error (Local Catastrophic Error) due to repeated mad_process failures.,"{   ""is_anomaly"": true,   ""severity"": ""high"",   ""root_cause"": ""The InfiniHost0 port 1 QPN 0 experienced a fatal error (Local Catastrophic Error) due to repeated mad_process failures."",   ""remediation"": ""Restart the InfiniHost0 device or investigate and resolve the underlying issue causing the mad_process failures."" }",3.595,511,84,0.0
llama3.1:70b-instruct-q4_K_M,ollama,thunderbird,zero_shot,421,False,NORMAL,False,low,none,"{   ""is_anomaly"": false,   ""severity"": ""low"",   ""root_cause"": ""none"",   ""remediation"": ""none"" }",1.92,188,36,0.0
llama3.1:70b-instruct-q4_K_M,ollama,thunderbird,zero_shot,422,False,NORMAL,True,medium,The crond service failed to shut down multiple times.,"{   ""is_anomaly"": true,   ""severity"": ""medium"",   ""root_cause"": ""The crond service failed to shut down multiple times."",   ""remediation"": ""Investigate and resolve the issue preventing crond from shutting down properly."" }",2.586,161,57,0.0
llama3.1:70b-instruct-q4_K_M,ollama,thunderbird,zero_shot,423,False,NORMAL,True,medium,"The filesystem was mounted in read-only mode and required recovery, indicating a potential issue with the underlying storage system.","{   ""is_anomaly"": true,   ""severity"": ""medium"",   ""root_cause"": ""The filesystem was mounted in read-only mode and required recovery, indicating a potential issue with the underlying storage system."",   ""remediation"": ""Investigate and resolve any issues with the storage system or disk to prevent future recoveries."" }",3.227,197,72,0.0
llama3.1:70b-instruct-q4_K_M,ollama,thunderbird,zero_shot,424,False,NORMAL,False,low,none,"{   ""is_anomaly"": false,   ""severity"": ""low"",   ""root_cause"": ""none"",   ""remediation"": ""none"" }",1.865,213,36,0.0
llama3.1:70b-instruct-q4_K_M,ollama,thunderbird,zero_shot,425,True,VAPI,True,high,"A catastrophic error occurred on the InfiniHost0 device, causing it to enter a fatal state.","{   ""is_anomaly"": true,   ""severity"": ""high"",   ""root_cause"": ""A catastrophic error occurred on the InfiniHost0 device, causing it to enter a fatal state."",   ""remediation"": ""Restart the InfiniHost0 device or replace it if necessary."" }",3.207,423,67,0.0
llama3.1:70b-instruct-q4_K_M,ollama,thunderbird,zero_shot,426,True,VAPI,True,high,The InfiniHost device has entered a fatal state due to repeated local catastrophic errors in processing MAD requests.,"{   ""is_anomaly"": true,   ""severity"": ""high"",   ""root_cause"": ""The InfiniHost device has entered a fatal state due to repeated local catastrophic errors in processing MAD requests."",   ""remediation"": ""Restart the InfiniHost device and verify its configuration and connectivity to resolve the issue."" }",3.323,420,72,0.0
llama3.1:70b-instruct-q4_K_M,ollama,thunderbird,zero_shot,427,False,NORMAL,False,low,none,"{   ""is_anomaly"": false,   ""severity"": ""low"",   ""root_cause"": ""none"",   ""remediation"": ""none"" }",1.957,227,36,0.0
llama3.1:70b-instruct-q4_K_M,ollama,thunderbird,zero_shot,428,False,NORMAL,True,low,Duplicate messagebus startup success messages were logged.,"{   ""is_anomaly"": true,   ""severity"": ""low"",   ""root_cause"": ""Duplicate messagebus startup success messages were logged."",   ""remediation"": ""Investigate and resolve the cause of duplicate logging to prevent log noise."" }",2.559,186,55,0.0
llama3.1:70b-instruct-q4_K_M,ollama,thunderbird,zero_shot,429,False,NORMAL,True,high,"The system reached its file descriptor limit of 65536, likely causing the data_thread to fail in retrieving answers from the Thunderbird_D3 datasource.","{   ""is_anomaly"": true,   ""severity"": ""high"",   ""root_cause"": ""The system reached its file descriptor limit of 65536, likely causing the data_thread to fail in retrieving answers from the Thunderbird_D3 datasource."",   ""remediation"": ""Increase the file-max limit or reduce the number of open file descriptors to prevent this error."" }",3.466,182,80,0.0
llama3.1:70b-instruct-q4_K_M,ollama,thunderbird,zero_shot,430,False,NORMAL,True,high,"A device has entered a FATAL state, indicating a critical failure in the system.","{   ""is_anomaly"": true,   ""severity"": ""high"",   ""root_cause"": ""A device has entered a FATAL state, indicating a critical failure in the system."",   ""remediation"": ""Investigate and restart the affected device or replace it if necessary."" }",2.894,286,62,0.0
llama3.1:70b-instruct-q4_K_M,ollama,thunderbird,zero_shot,431,False,NORMAL,False,low,none,"{   ""is_anomaly"": false,   ""severity"": ""low"",   ""root_cause"": ""none"",   ""remediation"": ""none"" }",1.906,223,36,0.0
llama3.1:70b-instruct-q4_K_M,ollama,thunderbird,zero_shot,432,True,VAPI,True,high,"The InfiniHost0 port experienced a local catastrophic error, causing multiple MAD process failures.","{   ""is_anomaly"": true,   ""severity"": ""high"",   ""root_cause"": ""The InfiniHost0 port experienced a local catastrophic error, causing multiple MAD process failures."",   ""remediation"": ""Restart the InfiniHost0 port or investigate and resolve any underlying hardware issues."" }",3.115,508,68,0.0
llama3.1:70b-instruct-q4_K_M,ollama,thunderbird,zero_shot,433,True,VAPI,True,high,The InfiniHost0 port 1 QPN 0 experienced a fatal error (Local Catastrophic Error) causing the mad_process to fail.,"{   ""is_anomaly"": true,   ""severity"": ""high"",   ""root_cause"": ""The InfiniHost0 port 1 QPN 0 experienced a fatal error (Local Catastrophic Error) causing the mad_process to fail."",   ""remediation"": ""Restart the InfiniHost0 device or investigate and resolve any underlying hardware issues."" }",3.557,510,80,0.0
llama3.1:70b-instruct-q4_K_M,ollama,thunderbird,zero_shot,434,True,VAPI,True,high,The InfiniHost0 device entered a FATAL state and was unable to process local MAD requests due to a Local Catastrophic Error.,"{   ""is_anomaly"": true,   ""severity"": ""high"",   ""root_cause"": ""The InfiniHost0 device entered a FATAL state and was unable to process local MAD requests due to a Local Catastrophic Error."",   ""remediation"": ""Restart the InfiniHost0 device or replace it if necessary, and investigate the underlying cause of the catastrophic error."" }",3.642,570,85,0.0
llama3.1:70b-instruct-q4_K_M,ollama,thunderbird,zero_shot,435,True,VAPI,True,high,The InfiniHost0 device entered a FATAL state and failed to process local MAD requests.,"{   ""is_anomaly"": true,   ""severity"": ""high"",   ""root_cause"": ""The InfiniHost0 device entered a FATAL state and failed to process local MAD requests."",   ""remediation"": ""Restart the InfiniHost0 device or investigate its configuration and firmware for potential issues."" }",3.102,495,70,0.0
llama3.1:70b-instruct-q4_K_M,ollama,thunderbird,zero_shot,436,False,NORMAL,False,low,none,"{   ""is_anomaly"": false,   ""severity"": ""low"",   ""root_cause"": ""none"",   ""remediation"": ""none"" }",1.918,198,36,0.0
llama3.1:70b-instruct-q4_K_M,ollama,thunderbird,zero_shot,437,False,NORMAL,False,low,none,"{   ""is_anomaly"": false,   ""severity"": ""low"",   ""root_cause"": ""none"",   ""remediation"": ""none"" }",1.855,200,36,0.0
llama3.1:70b-instruct-q4_K_M,ollama,thunderbird,zero_shot,438,False,NORMAL,False,low,none,"{   ""is_anomaly"": false,   ""severity"": ""low"",   ""root_cause"": ""none"",   ""remediation"": ""none"" }",1.921,230,36,0.0
llama3.1:70b-instruct-q4_K_M,ollama,thunderbird,zero_shot,439,False,NORMAL,True,medium,Multiple consecutive SSH connections from the same IP address using public key authentication for the root user.,"{   ""is_anomaly"": true,   ""severity"": ""medium"",   ""root_cause"": ""Multiple consecutive SSH connections from the same IP address using public key authentication for the root user."",   ""remediation"": ""Investigate and verify the legitimacy of these connections, as they may indicate unauthorized access or a brute-force attack."" }",3.173,213,72,0.0
llama3.1:70b-instruct-q4_K_M,ollama,thunderbird,zero_shot,440,True,VAPI,True,high,"The InfiniHost0 provider encountered a local catastrophic error, causing EVAPI_process_local_mad to fail.","{   ""is_anomaly"": true,   ""severity"": ""high"",   ""root_cause"": ""The InfiniHost0 provider encountered a local catastrophic error, causing EVAPI_process_local_mad to fail."",   ""remediation"": ""Restart the InfiniHost0 provider and investigate potential hardware or software issues."" }",3.164,288,71,0.0
llama3.1:70b-instruct-q4_K_M,ollama,thunderbird,zero_shot,441,False,NORMAL,True,low,"kjournald is starting multiple times in quick succession, indicating a potential restart loop.","{   ""is_anomaly"": true,   ""severity"": ""low"",   ""root_cause"": ""kjournald is starting multiple times in quick succession, indicating a potential restart loop."",   ""remediation"": ""Investigate and resolve the underlying cause of kjournald restarting."" }",2.802,177,62,0.0
llama3.1:70b-instruct-q4_K_M,ollama,thunderbird,zero_shot,442,True,VAPI,True,high,"The InfiniHost0 experienced a local catastrophic error, causing EVAPI_process_local_mad to fail repeatedly.","{   ""is_anomaly"": true,   ""severity"": ""high"",   ""root_cause"": ""The InfiniHost0 experienced a local catastrophic error, causing EVAPI_process_local_mad to fail repeatedly."",   ""remediation"": ""Restart the InfiniHost0 or investigate and resolve the underlying hardware issue."" }",3.183,379,71,0.0
llama3.1:70b-instruct-q4_K_M,ollama,thunderbird,zero_shot,443,True,VAPI,True,high,The InfiniHost0 device entered a fatal state due to a local catastrophic error.,"{   ""is_anomaly"": true,   ""severity"": ""high"",   ""root_cause"": ""The InfiniHost0 device entered a fatal state due to a local catastrophic error."",   ""remediation"": ""Restart the InfiniHost0 device or replace it if necessary."" }",3.073,557,64,0.0
llama3.1:70b-instruct-q4_K_M,ollama,thunderbird,zero_shot,444,True,VAPI,True,high,The InfiniHost0 device encountered a fatal error (Local Catastrophic Error) while processing MAD requests.,"{   ""is_anomaly"": true,   ""severity"": ""high"",   ""root_cause"": ""The InfiniHost0 device encountered a fatal error (Local Catastrophic Error) while processing MAD requests."",   ""remediation"": ""Restart the InfiniHost0 device or replace it if necessary to recover from the fatal state."" }",3.539,555,75,0.0
llama3.1:70b-instruct-q4_K_M,ollama,thunderbird,zero_shot,445,True,VAPI,True,high,"The InfiniHost0 EVAPI_process_local_mad failed with a fatal error, causing data threads to not receive answers from multiple datasources.","{   ""is_anomaly"": true,   ""severity"": ""high"",   ""root_cause"": ""The InfiniHost0 EVAPI_process_local_mad failed with a fatal error, causing data threads to not receive answers from multiple datasources."",   ""remediation"": ""Restart the InfiniHost0 service and investigate the cause of the Local Catastrophic Error."" }",3.655,287,82,0.0
llama3.1:70b-instruct-q4_K_M,ollama,thunderbird,zero_shot,446,True,VAPI,True,high,"The InfiniHost0 experienced a local catastrophic error, causing EVAPI_process_local_mad to fail repeatedly.","{   ""is_anomaly"": true,   ""severity"": ""high"",   ""root_cause"": ""The InfiniHost0 experienced a local catastrophic error, causing EVAPI_process_local_mad to fail repeatedly."",   ""remediation"": ""Restart the InfiniHost0 service and investigate potential hardware or software issues."" }",3.21,361,71,0.0
llama3.1:70b-instruct-q4_K_M,ollama,thunderbird,zero_shot,447,False,NORMAL,False,low,none,"{   ""is_anomaly"": false,   ""severity"": ""low"",   ""root_cause"": ""none"",   ""remediation"": ""none"" }",1.893,175,36,0.0
llama3.1:70b-instruct-q4_K_M,ollama,thunderbird,zero_shot,448,False,NORMAL,False,low,none,"{   ""is_anomaly"": false,   ""severity"": ""low"",   ""root_cause"": ""none"",   ""remediation"": ""none"" }",1.849,191,36,0.0
llama3.1:70b-instruct-q4_K_M,ollama,thunderbird,zero_shot,449,True,VAPI,True,high,"The InfiniHost0 EVAPI_process_local_mad failed with a fatal error, causing data threads to not receive answers from datasources Thunderbird_B2 and Thunderbird_B4.","{   ""is_anomaly"": true,   ""severity"": ""high"",   ""root_cause"": ""The InfiniHost0 EVAPI_process_local_mad failed with a fatal error, causing data threads to not receive answers from datasources Thunderbird_B2 and Thunderbird_B4."",   ""remediation"": ""Restart the InfiniHost0 service or investigate the cause of the Local Catastrophic Error."" }",3.915,339,90,0.0
llama3.1:70b-instruct-q4_K_M,ollama,openstack,zero_shot,450,True,ANOMALY,False,low,none,"{   ""is_anomaly"": false,   ""severity"": ""low"",   ""root_cause"": ""none"",   ""remediation"": ""none"" }",2.6,1000,36,0.0
llama3.1:70b-instruct-q4_K_M,ollama,openstack,zero_shot,451,True,ANOMALY,False,low,none,"{   ""is_anomaly"": false,   ""severity"": ""low"",   ""root_cause"": ""none"",   ""remediation"": ""none"" }",2.704,953,36,0.0
llama3.1:70b-instruct-q4_K_M,ollama,openstack,zero_shot,452,False,NORMAL,False,low,none,"{   ""is_anomaly"": false,   ""severity"": ""low"",   ""root_cause"": ""none"",   ""remediation"": ""none"" }",2.72,955,36,0.0
llama3.1:70b-instruct-q4_K_M,ollama,openstack,zero_shot,453,True,ANOMALY,False,low,none,"{   ""is_anomaly"": false,   ""severity"": ""low"",   ""root_cause"": ""none"",   ""remediation"": ""none"" }",2.61,855,36,0.0
llama3.1:70b-instruct-q4_K_M,ollama,openstack,zero_shot,454,False,NORMAL,True,medium,"A VM was started and immediately paused due to a pending task, indicating a potential issue with the instance's lifecycle management.","{   ""is_anomaly"": true,   ""severity"": ""medium"",   ""root_cause"": ""A VM was started and immediately paused due to a pending task, indicating a potential issue with the instance's lifecycle management."",   ""remediation"": ""Investigate and resolve the pending task (spawning) on the affected instance."" }",3.841,785,72,0.0
llama3.1:70b-instruct-q4_K_M,ollama,openstack,zero_shot,455,False,NORMAL,False,low,none,"{   ""is_anomaly"": false,   ""severity"": ""low"",   ""root_cause"": ""none"",   ""remediation"": ""none"" }",2.635,1000,36,0.0
llama3.1:70b-instruct-q4_K_M,ollama,openstack,zero_shot,456,False,NORMAL,False,low,none,"{   ""is_anomaly"": false,   ""severity"": ""low"",   ""root_cause"": ""none"",   ""remediation"": ""none"" }",2.752,978,36,0.0
llama3.1:70b-instruct-q4_K_M,ollama,openstack,zero_shot,457,False,NORMAL,False,low,none,"{   ""is_anomaly"": false,   ""severity"": ""low"",   ""root_cause"": ""none"",   ""remediation"": ""none"" }",2.446,670,36,0.0
llama3.1:70b-instruct-q4_K_M,ollama,openstack,zero_shot,458,False,NORMAL,False,low,none,"{   ""is_anomaly"": false,   ""severity"": ""low"",   ""root_cause"": ""none"",   ""remediation"": ""none"" }",2.297,630,36,0.0
llama3.1:70b-instruct-q4_K_M,ollama,openstack,zero_shot,459,True,ANOMALY,False,low,none,"{   ""is_anomaly"": false,   ""severity"": ""low"",   ""root_cause"": ""none"",   ""remediation"": ""none"" }",2.621,995,36,0.0
llama3.1:70b-instruct-q4_K_M,ollama,openstack,zero_shot,460,True,ANOMALY,False,low,none,"{   ""is_anomaly"": false,   ""severity"": ""low"",   ""root_cause"": ""none"",   ""remediation"": ""none"" }",2.619,882,36,0.0
llama3.1:70b-instruct-q4_K_M,ollama,openstack,zero_shot,461,False,NORMAL,False,low,none,"{   ""is_anomaly"": false,   ""severity"": ""low"",   ""root_cause"": ""none"",   ""remediation"": ""none"" }",2.612,906,36,0.0
llama3.1:70b-instruct-q4_K_M,ollama,openstack,zero_shot,462,True,ANOMALY,False,low,none,"{   ""is_anomaly"": false,   ""severity"": ""low"",   ""root_cause"": ""none"",   ""remediation"": ""none"" }",2.688,939,36,0.0
llama3.1:70b-instruct-q4_K_M,ollama,openstack,zero_shot,463,True,ANOMALY,False,low,none,"{   ""is_anomaly"": false,   ""severity"": ""low"",   ""root_cause"": ""none"",   ""remediation"": ""none"" }",2.628,902,36,0.0
llama3.1:70b-instruct-q4_K_M,ollama,openstack,zero_shot,464,True,ANOMALY,False,low,none,"{   ""is_anomaly"": false,   ""severity"": ""low"",   ""root_cause"": ""none"",   ""remediation"": ""none"" }",2.694,1005,36,0.0
llama3.1:70b-instruct-q4_K_M,ollama,openstack,zero_shot,465,False,NORMAL,False,low,none,"{   ""is_anomaly"": false,   ""severity"": ""low"",   ""root_cause"": ""none"",   ""remediation"": ""none"" }",2.598,849,36,0.0
llama3.1:70b-instruct-q4_K_M,ollama,openstack,zero_shot,466,True,ANOMALY,False,low,none,"{   ""is_anomaly"": false,   ""severity"": ""low"",   ""root_cause"": ""none"",   ""remediation"": ""none"" }",2.616,892,36,0.0
llama3.1:70b-instruct-q4_K_M,ollama,openstack,zero_shot,467,True,ANOMALY,False,low,none,"{   ""is_anomaly"": false,   ""severity"": ""low"",   ""root_cause"": ""none"",   ""remediation"": ""none"" }",2.721,1007,36,0.0
llama3.1:70b-instruct-q4_K_M,ollama,openstack,zero_shot,468,True,ANOMALY,False,low,none,"{   ""is_anomaly"": false,   ""severity"": ""low"",   ""root_cause"": ""none"",   ""remediation"": ""none"" }",2.683,970,36,0.0
llama3.1:70b-instruct-q4_K_M,ollama,openstack,zero_shot,469,True,ANOMALY,False,low,none,"{   ""is_anomaly"": false,   ""severity"": ""low"",   ""root_cause"": ""none"",   ""remediation"": ""none"" }",2.544,753,36,0.0
llama3.1:70b-instruct-q4_K_M,ollama,openstack,zero_shot,470,False,NORMAL,False,low,none,"{   ""is_anomaly"": false,   ""severity"": ""low"",   ""root_cause"": ""none"",   ""remediation"": ""none"" }",2.687,1010,36,0.0
llama3.1:70b-instruct-q4_K_M,ollama,openstack,zero_shot,471,True,ANOMALY,False,low,none,"{   ""is_anomaly"": false,   ""severity"": ""low"",   ""root_cause"": ""none"",   ""remediation"": ""none"" }",2.604,930,36,0.0
llama3.1:70b-instruct-q4_K_M,ollama,openstack,zero_shot,472,False,NORMAL,True,low,"A GET request to /openstack/2013-10-17/user_data returned a 404 status code, indicating a potential misconfiguration or missing resource.","{   ""is_anomaly"": true,   ""severity"": ""low"",   ""root_cause"": ""A GET request to /openstack/2013-10-17/user_data returned a 404 status code, indicating a potential misconfiguration or missing resource."",   ""remediation"": ""Verify the existence and accessibility of the requested user data resource."" }",4.014,778,76,0.0
llama3.1:70b-instruct-q4_K_M,ollama,openstack,zero_shot,473,True,ANOMALY,True,medium,An unknown base file was encountered in the libvirt image cache.,"{   ""is_anomaly"": true,   ""severity"": ""medium"",   ""root_cause"": ""An unknown base file was encountered in the libvirt image cache."",   ""remediation"": ""Verify the existence and integrity of the base file /var/lib/nova/instances/_base/a489c868f0c37da93b76227c91bb03908ac0e742."" }",4.399,886,86,0.0
llama3.1:70b-instruct-q4_K_M,ollama,openstack,zero_shot,474,False,NORMAL,False,low,none,"{   ""is_anomaly"": false,   ""severity"": ""low"",   ""root_cause"": ""none"",   ""remediation"": ""none"" }",2.587,882,36,0.0
llama3.1:70b-instruct-q4_K_M,ollama,openstack,zero_shot,475,True,ANOMALY,False,low,none,"{   ""is_anomaly"": false,   ""severity"": ""low"",   ""root_cause"": ""none"",   ""remediation"": ""none"" }",2.473,697,36,0.0
llama3.1:70b-instruct-q4_K_M,ollama,openstack,zero_shot,476,True,ANOMALY,False,low,none,"{   ""is_anomaly"": false,   ""severity"": ""low"",   ""root_cause"": ""none"",   ""remediation"": ""none"" }",2.519,831,36,0.0
llama3.1:70b-instruct-q4_K_M,ollama,openstack,zero_shot,477,False,NORMAL,False,low,none,"{   ""is_anomaly"": false,   ""severity"": ""low"",   ""root_cause"": ""none"",   ""remediation"": ""none"" }",2.542,781,36,0.0
llama3.1:70b-instruct-q4_K_M,ollama,openstack,zero_shot,478,False,NORMAL,False,low,none,"{   ""is_anomaly"": false,   ""severity"": ""low"",   ""root_cause"": ""none"",   ""remediation"": ""none"" }",2.615,948,36,0.0
llama3.1:70b-instruct-q4_K_M,ollama,openstack,zero_shot,479,True,ANOMALY,False,low,none,"{   ""is_anomaly"": false,   ""severity"": ""low"",   ""root_cause"": ""none"",   ""remediation"": ""none"" }",2.508,756,36,0.0
llama3.1:70b-instruct-q4_K_M,ollama,openstack,zero_shot,480,True,ANOMALY,False,low,none,"{   ""is_anomaly"": false,   ""severity"": ""low"",   ""root_cause"": ""none"",   ""remediation"": ""none"" }",2.643,939,36,0.0
llama3.1:70b-instruct-q4_K_M,ollama,openstack,zero_shot,481,True,ANOMALY,False,low,none,"{   ""is_anomaly"": false,   ""severity"": ""low"",   ""root_cause"": ""none"",   ""remediation"": ""none"" }",2.546,830,36,0.0
llama3.1:70b-instruct-q4_K_M,ollama,openstack,zero_shot,482,True,ANOMALY,False,low,none,"{   ""is_anomaly"": false,   ""severity"": ""low"",   ""root_cause"": ""none"",   ""remediation"": ""none"" }",2.68,942,36,0.0
llama3.1:70b-instruct-q4_K_M,ollama,openstack,zero_shot,483,True,ANOMALY,False,low,none,"{   ""is_anomaly"": false,   ""severity"": ""low"",   ""root_cause"": ""none"",   ""remediation"": ""none"" }",2.7,953,36,0.0
llama3.1:70b-instruct-q4_K_M,ollama,openstack,zero_shot,484,True,ANOMALY,False,low,none,"{   ""is_anomaly"": false,   ""severity"": ""low"",   ""root_cause"": ""none"",   ""remediation"": ""none"" }",2.602,845,36,0.0
llama3.1:70b-instruct-q4_K_M,ollama,openstack,zero_shot,485,False,NORMAL,False,low,none,"{   ""is_anomaly"": false,   ""severity"": ""low"",   ""root_cause"": ""none"",   ""remediation"": ""none"" }",2.596,928,36,0.0
llama3.1:70b-instruct-q4_K_M,ollama,openstack,zero_shot,486,False,NORMAL,False,low,none,"{   ""is_anomaly"": false,   ""severity"": ""low"",   ""root_cause"": ""none"",   ""remediation"": ""none"" }",2.58,921,36,0.0
llama3.1:70b-instruct-q4_K_M,ollama,openstack,zero_shot,487,False,NORMAL,False,low,none,"{   ""is_anomaly"": false,   ""severity"": ""low"",   ""root_cause"": ""none"",   ""remediation"": ""none"" }",2.507,752,36,0.0
llama3.1:70b-instruct-q4_K_M,ollama,openstack,zero_shot,488,False,NORMAL,False,low,none,"{   ""is_anomaly"": false,   ""severity"": ""low"",   ""root_cause"": ""none"",   ""remediation"": ""none"" }",2.522,885,36,0.0
llama3.1:70b-instruct-q4_K_M,ollama,openstack,zero_shot,489,True,ANOMALY,False,low,none,"{   ""is_anomaly"": false,   ""severity"": ""low"",   ""root_cause"": ""none"",   ""remediation"": ""none"" }",2.528,833,36,0.0
llama3.1:70b-instruct-q4_K_M,ollama,openstack,zero_shot,490,False,NORMAL,True,medium,A VM stopped unexpectedly with a lifecycle event.,"{   ""is_anomaly"": true,   ""severity"": ""medium"",   ""root_cause"": ""A VM stopped unexpectedly with a lifecycle event."",   ""remediation"": ""Investigate the reason for the unexpected stop and restart the VM if necessary."" }",3.34,898,56,0.0
llama3.1:70b-instruct-q4_K_M,ollama,openstack,zero_shot,491,True,ANOMALY,False,low,none,"{   ""is_anomaly"": false,   ""severity"": ""low"",   ""root_cause"": ""none"",   ""remediation"": ""none"" }",2.699,997,36,0.0
llama3.1:70b-instruct-q4_K_M,ollama,openstack,zero_shot,492,True,ANOMALY,False,low,none,"{   ""is_anomaly"": false,   ""severity"": ""low"",   ""root_cause"": ""none"",   ""remediation"": ""none"" }",2.723,985,36,0.0
llama3.1:70b-instruct-q4_K_M,ollama,openstack,zero_shot,493,True,ANOMALY,False,low,none,"{   ""is_anomaly"": false,   ""severity"": ""low"",   ""root_cause"": ""none"",   ""remediation"": ""none"" }",2.614,873,36,0.0
llama3.1:70b-instruct-q4_K_M,ollama,openstack,zero_shot,494,False,NORMAL,False,low,none,"{   ""is_anomaly"": false,   ""severity"": ""low"",   ""root_cause"": ""none"",   ""remediation"": ""none"" }",2.599,845,36,0.0
llama3.1:70b-instruct-q4_K_M,ollama,openstack,zero_shot,495,False,NORMAL,False,low,none,"{   ""is_anomaly"": false,   ""severity"": ""low"",   ""root_cause"": ""none"",   ""remediation"": ""none"" }",2.67,1007,36,0.0
llama3.1:70b-instruct-q4_K_M,ollama,openstack,zero_shot,496,False,NORMAL,False,low,none,"{   ""is_anomaly"": false,   ""severity"": ""low"",   ""root_cause"": ""none"",   ""remediation"": ""none"" }",2.673,1008,36,0.0
llama3.1:70b-instruct-q4_K_M,ollama,openstack,zero_shot,497,True,ANOMALY,True,medium,"A VM was paused immediately after being started, indicating a potential issue with the instance's configuration or underlying resources.","{   ""is_anomaly"": true,   ""severity"": ""medium"",   ""root_cause"": ""A VM was paused immediately after being started, indicating a potential issue with the instance's configuration or underlying resources."",   ""remediation"": ""Investigate and resolve any issues with the instance's configuration or underlying resources to prevent premature pausing."" }",3.974,811,74,0.0
llama3.1:70b-instruct-q4_K_M,ollama,openstack,zero_shot,498,True,ANOMALY,False,low,none,"{   ""is_anomaly"": false,   ""severity"": ""low"",   ""root_cause"": ""none"",   ""remediation"": ""none"" }",2.469,748,36,0.0
llama3.1:70b-instruct-q4_K_M,ollama,openstack,zero_shot,499,True,ANOMALY,True,medium,The system attempted to remove a base image file that was not found in the expected location.,"{   ""is_anomaly"": true,   ""severity"": ""medium"",   ""root_cause"": ""The system attempted to remove a base image file that was not found in the expected location."",   ""remediation"": ""Verify the existence and permissions of the base image file /var/lib/nova/instances/_base/a489c868f0c37da93b76227c91bb03908ac0e742."" }",4.552,808,92,0.0
llama3.1:70b-instruct-q4_K_M,ollama,openstack,zero_shot,500,True,ANOMALY,False,low,none,"{   ""is_anomaly"": false,   ""severity"": ""low"",   ""root_cause"": ""none"",   ""remediation"": ""none"" }",2.521,753,36,0.0
llama3.1:70b-instruct-q4_K_M,ollama,openstack,zero_shot,501,False,NORMAL,False,low,none,"{   ""is_anomaly"": false,   ""severity"": ""low"",   ""root_cause"": ""none"",   ""remediation"": ""none"" }",2.572,907,36,0.0
llama3.1:70b-instruct-q4_K_M,ollama,openstack,zero_shot,502,False,NORMAL,False,low,none,"{   ""is_anomaly"": false,   ""severity"": ""low"",   ""root_cause"": ""none"",   ""remediation"": ""none"" }",2.739,1018,36,0.0
llama3.1:70b-instruct-q4_K_M,ollama,openstack,zero_shot,503,True,ANOMALY,False,low,none,"{   ""is_anomaly"": false,   ""severity"": ""low"",   ""root_cause"": ""none"",   ""remediation"": ""none"" }",2.537,766,36,0.0
llama3.1:70b-instruct-q4_K_M,ollama,openstack,zero_shot,504,True,ANOMALY,False,low,none,"{   ""is_anomaly"": false,   ""severity"": ""low"",   ""root_cause"": ""none"",   ""remediation"": ""none"" }",2.546,864,36,0.0
llama3.1:70b-instruct-q4_K_M,ollama,openstack,zero_shot,505,True,ANOMALY,False,low,none,"{   ""is_anomaly"": false,   ""severity"": ""low"",   ""root_cause"": ""none"",   ""remediation"": ""none"" }",2.482,759,36,0.0
llama3.1:70b-instruct-q4_K_M,ollama,openstack,zero_shot,506,False,NORMAL,False,low,none,"{   ""is_anomaly"": false,   ""severity"": ""low"",   ""root_cause"": ""none"",   ""remediation"": ""none"" }",2.476,774,36,0.0
llama3.1:70b-instruct-q4_K_M,ollama,openstack,zero_shot,507,True,ANOMALY,True,medium,"A VM was started and immediately paused, indicating a potential issue with the instance's lifecycle.","{   ""is_anomaly"": true,   ""severity"": ""medium"",   ""root_cause"": ""A VM was started and immediately paused, indicating a potential issue with the instance's lifecycle."",   ""remediation"": ""Investigate the instance's configuration and recent actions to determine why it was paused shortly after starting."" }",3.66,761,69,0.0
llama3.1:70b-instruct-q4_K_M,ollama,openstack,zero_shot,508,False,NORMAL,False,low,none,"{   ""is_anomaly"": false,   ""severity"": ""low"",   ""root_cause"": ""none"",   ""remediation"": ""none"" }",2.502,792,36,0.0
llama3.1:70b-instruct-q4_K_M,ollama,openstack,zero_shot,509,True,ANOMALY,True,medium,A VM was paused unexpectedly due to a pending task (spawning) during sync_power_state.,"{   ""is_anomaly"": true,   ""severity"": ""medium"",   ""root_cause"": ""A VM was paused unexpectedly due to a pending task (spawning) during sync_power_state."",   ""remediation"": ""Investigate and resolve the pending spawning task to allow the VM to resume normal operation."" }",3.694,808,68,0.0
llama3.1:70b-instruct-q4_K_M,ollama,openstack,zero_shot,510,True,ANOMALY,False,low,none,"{   ""is_anomaly"": false,   ""severity"": ""low"",   ""root_cause"": ""none"",   ""remediation"": ""none"" }",2.623,994,36,0.0
llama3.1:70b-instruct-q4_K_M,ollama,openstack,zero_shot,511,False,NORMAL,False,low,none,"{   ""is_anomaly"": false,   ""severity"": ""low"",   ""root_cause"": ""none"",   ""remediation"": ""none"" }",2.752,1015,36,0.0
llama3.1:70b-instruct-q4_K_M,ollama,openstack,zero_shot,512,False,NORMAL,False,low,none,"{   ""is_anomaly"": false,   ""severity"": ""low"",   ""root_cause"": ""none"",   ""remediation"": ""none"" }",2.524,774,36,0.0
llama3.1:70b-instruct-q4_K_M,ollama,openstack,zero_shot,513,True,ANOMALY,False,low,none,"{   ""is_anomaly"": false,   ""severity"": ""low"",   ""root_cause"": ""none"",   ""remediation"": ""none"" }",2.535,806,36,0.0
llama3.1:70b-instruct-q4_K_M,ollama,openstack,zero_shot,514,False,NORMAL,False,low,none,"{   ""is_anomaly"": false,   ""severity"": ""low"",   ""root_cause"": ""none"",   ""remediation"": ""none"" }",2.407,729,36,0.0
llama3.1:70b-instruct-q4_K_M,ollama,openstack,zero_shot,515,True,ANOMALY,False,low,none,"{   ""is_anomaly"": false,   ""severity"": ""low"",   ""root_cause"": ""none"",   ""remediation"": ""none"" }",2.499,879,36,0.0
llama3.1:70b-instruct-q4_K_M,ollama,openstack,zero_shot,516,False,NORMAL,False,low,none,"{   ""is_anomaly"": false,   ""severity"": ""low"",   ""root_cause"": ""none"",   ""remediation"": ""none"" }",2.73,1005,36,0.0
llama3.1:70b-instruct-q4_K_M,ollama,openstack,zero_shot,517,True,ANOMALY,False,low,none,"{   ""is_anomaly"": false,   ""severity"": ""low"",   ""root_cause"": ""none"",   ""remediation"": ""none"" }",2.648,907,36,0.0
llama3.1:70b-instruct-q4_K_M,ollama,openstack,zero_shot,518,False,NORMAL,True,medium,"An instance was not found for an event, resulting in a 404 error.","{   ""is_anomaly"": true,   ""severity"": ""medium"",   ""root_cause"": ""An instance was not found for an event, resulting in a 404 error."",   ""remediation"": ""Verify the instance ID and retry the request or investigate why the instance is missing."" }",3.719,944,64,0.0
llama3.1:70b-instruct-q4_K_M,ollama,openstack,zero_shot,519,False,NORMAL,False,low,none,"{   ""is_anomaly"": false,   ""severity"": ""low"",   ""root_cause"": ""none"",   ""remediation"": ""none"" }",2.568,802,36,0.0
llama3.1:70b-instruct-q4_K_M,ollama,openstack,zero_shot,520,False,NORMAL,False,low,none,"{   ""is_anomaly"": false,   ""severity"": ""low"",   ""root_cause"": ""none"",   ""remediation"": ""none"" }",2.616,900,36,0.0
llama3.1:70b-instruct-q4_K_M,ollama,openstack,zero_shot,521,False,NORMAL,False,low,none,"{   ""is_anomaly"": false,   ""severity"": ""low"",   ""root_cause"": ""none"",   ""remediation"": ""none"" }",2.604,862,36,0.0
llama3.1:70b-instruct-q4_K_M,ollama,openstack,zero_shot,522,True,ANOMALY,False,low,none,"{   ""is_anomaly"": false,   ""severity"": ""low"",   ""root_cause"": ""none"",   ""remediation"": ""none"" }",2.655,960,36,0.0
llama3.1:70b-instruct-q4_K_M,ollama,openstack,zero_shot,523,False,NORMAL,False,low,none,"{   ""is_anomaly"": false,   ""severity"": ""low"",   ""root_cause"": ""none"",   ""remediation"": ""none"" }",2.61,881,36,0.0
llama3.1:70b-instruct-q4_K_M,ollama,openstack,zero_shot,524,False,NORMAL,False,low,none,"{   ""is_anomaly"": false,   ""severity"": ""low"",   ""root_cause"": ""none"",   ""remediation"": ""none"" }",2.67,886,36,0.0
llama3.1:70b-instruct-q4_K_M,ollama,openstack,zero_shot,525,True,ANOMALY,True,medium,An instance was terminated unexpectedly via a DELETE request to the nova-api.,"{   ""is_anomaly"": true,   ""severity"": ""medium"",   ""root_cause"": ""An instance was terminated unexpectedly via a DELETE request to the nova-api."",   ""remediation"": ""Investigate the source of the DELETE request and verify that it was intentional."" }",3.381,784,61,0.0
llama3.1:70b-instruct-q4_K_M,ollama,openstack,zero_shot,526,False,NORMAL,False,low,none,"{   ""is_anomaly"": false,   ""severity"": ""low"",   ""root_cause"": ""none"",   ""remediation"": ""none"" }",2.538,828,36,0.0
llama3.1:70b-instruct-q4_K_M,ollama,openstack,zero_shot,527,False,NORMAL,True,medium,"The system encountered an unknown base file in the image cache, indicating a potential issue with instance creation or deletion.","{   ""is_anomaly"": true,   ""severity"": ""medium"",   ""root_cause"": ""The system encountered an unknown base file in the image cache, indicating a potential issue with instance creation or deletion."",   ""remediation"": ""Verify the existence and integrity of the base file /var/lib/nova/instances/_base/a489c868f0c37da93b76227c91bb03908ac0e742 and investigate any recent instance operations."" }",4.916,841,101,0.0
llama3.1:70b-instruct-q4_K_M,ollama,openstack,zero_shot,528,True,ANOMALY,True,low,"A GET request to /openstack/2013-10-17/user_data returned a 404 status code, indicating a potential misconfiguration or missing resource.","{   ""is_anomaly"": true,   ""severity"": ""low"",   ""root_cause"": ""A GET request to /openstack/2013-10-17/user_data returned a 404 status code, indicating a potential misconfiguration or missing resource."",   ""remediation"": ""Verify the existence and accessibility of the requested user data resource."" }",3.875,673,76,0.0
llama3.1:70b-instruct-q4_K_M,ollama,openstack,zero_shot,529,True,ANOMALY,False,low,none,"{   ""is_anomaly"": false,   ""severity"": ""low"",   ""root_cause"": ""none"",   ""remediation"": ""none"" }",2.548,875,36,0.0
llama3.1:70b-instruct-q4_K_M,ollama,openstack,zero_shot,530,False,NORMAL,False,low,none,"{   ""is_anomaly"": false,   ""severity"": ""low"",   ""root_cause"": ""none"",   ""remediation"": ""none"" }",2.533,778,36,0.0
llama3.1:70b-instruct-q4_K_M,ollama,openstack,zero_shot,531,False,NORMAL,False,low,none,"{   ""is_anomaly"": false,   ""severity"": ""low"",   ""root_cause"": ""none"",   ""remediation"": ""none"" }",2.609,949,36,0.0
llama3.1:70b-instruct-q4_K_M,ollama,openstack,zero_shot,532,True,ANOMALY,False,low,none,"{   ""is_anomaly"": false,   ""severity"": ""low"",   ""root_cause"": ""none"",   ""remediation"": ""none"" }",2.556,782,36,0.0
llama3.1:70b-instruct-q4_K_M,ollama,openstack,zero_shot,533,True,ANOMALY,False,low,none,"{   ""is_anomaly"": false,   ""severity"": ""low"",   ""root_cause"": ""none"",   ""remediation"": ""none"" }",2.565,871,36,0.0
llama3.1:70b-instruct-q4_K_M,ollama,openstack,zero_shot,534,True,ANOMALY,False,low,none,"{   ""is_anomaly"": false,   ""severity"": ""low"",   ""root_cause"": ""none"",   ""remediation"": ""none"" }",2.525,785,36,0.0
llama3.1:70b-instruct-q4_K_M,ollama,openstack,zero_shot,535,True,ANOMALY,True,medium,An instance was terminated unexpectedly via API request.,"{   ""is_anomaly"": true,   ""severity"": ""medium"",   ""root_cause"": ""An instance was terminated unexpectedly via API request."",   ""remediation"": ""Investigate the source of the DELETE /v2/servers request and verify its legitimacy."" }",3.391,845,59,0.0
llama3.1:70b-instruct-q4_K_M,ollama,openstack,zero_shot,536,True,ANOMALY,False,low,none,"{   ""is_anomaly"": false,   ""severity"": ""low"",   ""root_cause"": ""none"",   ""remediation"": ""none"" }",2.641,931,36,0.0
llama3.1:70b-instruct-q4_K_M,ollama,openstack,zero_shot,537,True,ANOMALY,False,low,none,"{   ""is_anomaly"": false,   ""severity"": ""low"",   ""root_cause"": ""none"",   ""remediation"": ""none"" }",2.569,844,36,0.0
llama3.1:70b-instruct-q4_K_M,ollama,openstack,zero_shot,538,False,NORMAL,False,low,none,"{   ""is_anomaly"": false,   ""severity"": ""low"",   ""root_cause"": ""none"",   ""remediation"": ""none"" }",2.597,871,36,0.0
llama3.1:70b-instruct-q4_K_M,ollama,openstack,zero_shot,539,False,NORMAL,False,low,none,"{   ""is_anomaly"": false,   ""severity"": ""low"",   ""root_cause"": ""none"",   ""remediation"": ""none"" }",2.581,843,36,0.0
llama3.1:70b-instruct-q4_K_M,ollama,openstack,zero_shot,540,True,ANOMALY,False,low,none,"{   ""is_anomaly"": false,   ""severity"": ""low"",   ""root_cause"": ""none"",   ""remediation"": ""none"" }",2.544,867,36,0.0
llama3.1:70b-instruct-q4_K_M,ollama,openstack,zero_shot,541,False,NORMAL,False,low,none,"{   ""is_anomaly"": false,   ""severity"": ""low"",   ""root_cause"": ""none"",   ""remediation"": ""none"" }",2.575,816,36,0.0
llama3.1:70b-instruct-q4_K_M,ollama,openstack,zero_shot,542,False,NORMAL,False,low,none,"{   ""is_anomaly"": false,   ""severity"": ""low"",   ""root_cause"": ""none"",   ""remediation"": ""none"" }",2.622,964,36,0.0
llama3.1:70b-instruct-q4_K_M,ollama,openstack,zero_shot,543,True,ANOMALY,False,low,none,"{   ""is_anomaly"": false,   ""severity"": ""low"",   ""root_cause"": ""none"",   ""remediation"": ""none"" }",2.618,863,36,0.0
llama3.1:70b-instruct-q4_K_M,ollama,openstack,zero_shot,544,False,NORMAL,False,low,none,"{   ""is_anomaly"": false,   ""severity"": ""low"",   ""root_cause"": ""none"",   ""remediation"": ""none"" }",2.499,762,36,0.0
llama3.1:70b-instruct-q4_K_M,ollama,openstack,zero_shot,545,False,NORMAL,True,low,The system was unable to find a base file for an image cache.,"{   ""is_anomaly"": true,   ""severity"": ""low"",   ""root_cause"": ""The system was unable to find a base file for an image cache."",   ""remediation"": ""Verify the existence and permissions of the base file /var/lib/nova/instances/_base/a489c868f0c37da93b76227c91bb03908ac0e742."" }",4.206,666,87,0.0
llama3.1:70b-instruct-q4_K_M,ollama,openstack,zero_shot,546,False,NORMAL,False,low,none,"{   ""is_anomaly"": false,   ""severity"": ""low"",   ""root_cause"": ""none"",   ""remediation"": ""none"" }",2.688,1013,36,0.0
llama3.1:70b-instruct-q4_K_M,ollama,openstack,zero_shot,547,True,ANOMALY,False,low,none,"{   ""is_anomaly"": false,   ""severity"": ""low"",   ""root_cause"": ""none"",   ""remediation"": ""none"" }",2.705,962,36,0.0
llama3.1:70b-instruct-q4_K_M,ollama,openstack,zero_shot,548,False,NORMAL,False,low,none,"{   ""is_anomaly"": false,   ""severity"": ""low"",   ""root_cause"": ""none"",   ""remediation"": ""none"" }",2.615,844,36,0.0
llama3.1:70b-instruct-q4_K_M,ollama,openstack,zero_shot,549,True,ANOMALY,False,low,none,"{   ""is_anomaly"": false,   ""severity"": ""low"",   ""root_cause"": ""none"",   ""remediation"": ""none"" }",2.603,877,36,0.0
llama3.1:70b-instruct-q4_K_M,ollama,openstack,zero_shot,550,False,NORMAL,False,low,none,"{   ""is_anomaly"": false,   ""severity"": ""low"",   ""root_cause"": ""none"",   ""remediation"": ""none"" }",2.693,954,36,0.0
llama3.1:70b-instruct-q4_K_M,ollama,openstack,zero_shot,551,False,NORMAL,False,low,none,"{   ""is_anomaly"": false,   ""severity"": ""low"",   ""root_cause"": ""none"",   ""remediation"": ""none"" }",2.701,935,36,0.0
llama3.1:70b-instruct-q4_K_M,ollama,openstack,zero_shot,552,True,ANOMALY,False,low,none,"{   ""is_anomaly"": false,   ""severity"": ""low"",   ""root_cause"": ""none"",   ""remediation"": ""none"" }",2.612,876,36,0.0
llama3.1:70b-instruct-q4_K_M,ollama,openstack,zero_shot,553,True,ANOMALY,False,low,none,"{   ""is_anomaly"": false,   ""severity"": ""low"",   ""root_cause"": ""none"",   ""remediation"": ""none"" }",2.581,875,36,0.0
llama3.1:70b-instruct-q4_K_M,ollama,openstack,zero_shot,554,True,ANOMALY,False,low,none,"{   ""is_anomaly"": false,   ""severity"": ""low"",   ""root_cause"": ""none"",   ""remediation"": ""none"" }",2.692,1062,36,0.0
llama3.1:70b-instruct-q4_K_M,ollama,openstack,zero_shot,555,True,ANOMALY,True,medium,An instance was terminated unexpectedly via API request.,"{   ""is_anomaly"": true,   ""severity"": ""medium"",   ""root_cause"": ""An instance was terminated unexpectedly via API request."",   ""remediation"": ""Investigate the source of the DELETE /v2/.../servers/... request to determine if it was intentional or unauthorized."" }",3.737,832,67,0.0
llama3.1:70b-instruct-q4_K_M,ollama,openstack,zero_shot,556,False,NORMAL,True,low,"A GET request to /openstack/2013-10-17/user_data returned a 404 status code, indicating the requested resource was not found.","{   ""is_anomaly"": true,   ""severity"": ""low"",   ""root_cause"": ""A GET request to /openstack/2013-10-17/user_data returned a 404 status code, indicating the requested resource was not found."",   ""remediation"": ""Verify that the user data is correctly configured and available at the expected endpoint."" }",4.04,743,78,0.0
llama3.1:70b-instruct-q4_K_M,ollama,openstack,zero_shot,557,False,NORMAL,False,low,none,"{   ""is_anomaly"": false,   ""severity"": ""low"",   ""root_cause"": ""none"",   ""remediation"": ""none"" }",2.533,878,36,0.0
llama3.1:70b-instruct-q4_K_M,ollama,openstack,zero_shot,558,True,ANOMALY,False,low,none,"{   ""is_anomaly"": false,   ""severity"": ""low"",   ""root_cause"": ""none"",   ""remediation"": ""none"" }",2.728,993,36,0.0
llama3.1:70b-instruct-q4_K_M,ollama,openstack,zero_shot,559,False,NORMAL,False,low,none,"{   ""is_anomaly"": false,   ""severity"": ""low"",   ""root_cause"": ""none"",   ""remediation"": ""none"" }",2.526,762,36,0.0
llama3.1:70b-instruct-q4_K_M,ollama,openstack,zero_shot,560,True,ANOMALY,True,medium,A server was deleted via the nova-api.,"{   ""is_anomaly"": true,   ""severity"": ""medium"",   ""root_cause"": ""A server was deleted via the nova-api."",   ""remediation"": ""Investigate why a server with ID e5850bd7-ebd5-40b5-b2da-abf6efd934e6 was deleted."" }",3.823,713,74,0.0
llama3.1:70b-instruct-q4_K_M,ollama,openstack,zero_shot,561,False,NORMAL,False,low,none,"{   ""is_anomaly"": false,   ""severity"": ""low"",   ""root_cause"": ""none"",   ""remediation"": ""none"" }",2.571,880,36,0.0
llama3.1:70b-instruct-q4_K_M,ollama,openstack,zero_shot,562,True,ANOMALY,False,low,none,"{   ""is_anomaly"": false,   ""severity"": ""low"",   ""root_cause"": ""none"",   ""remediation"": ""none"" }",2.548,828,36,0.0
llama3.1:70b-instruct-q4_K_M,ollama,openstack,zero_shot,563,False,NORMAL,False,low,none,"{   ""is_anomaly"": false,   ""severity"": ""low"",   ""root_cause"": ""none"",   ""remediation"": ""none"" }",2.696,1031,36,0.0
llama3.1:70b-instruct-q4_K_M,ollama,openstack,zero_shot,564,True,ANOMALY,False,low,none,"{   ""is_anomaly"": false,   ""severity"": ""low"",   ""root_cause"": ""none"",   ""remediation"": ""none"" }",2.578,822,36,0.0
llama3.1:70b-instruct-q4_K_M,ollama,openstack,zero_shot,565,False,NORMAL,True,medium,A VM was started and immediately paused without any apparent reason.,"{   ""is_anomaly"": true,   ""severity"": ""medium"",   ""root_cause"": ""A VM was started and immediately paused without any apparent reason."",   ""remediation"": ""Investigate the instance lifecycle events to determine why the VM was paused shortly after starting."" }",3.437,789,61,0.0
llama3.1:70b-instruct-q4_K_M,ollama,openstack,zero_shot,566,False,NORMAL,True,medium,An instance was terminated unexpectedly.,"{   ""is_anomaly"": true,   ""severity"": ""medium"",   ""root_cause"": ""An instance was terminated unexpectedly."",   ""remediation"": ""Investigate the reason for the termination and restart the instance if necessary."" }",3.133,875,52,0.0
llama3.1:70b-instruct-q4_K_M,ollama,openstack,zero_shot,567,True,ANOMALY,False,low,none,"{   ""is_anomaly"": false,   ""severity"": ""low"",   ""root_cause"": ""none"",   ""remediation"": ""none"" }",2.583,817,36,0.0
llama3.1:70b-instruct-q4_K_M,ollama,openstack,zero_shot,568,True,ANOMALY,False,low,none,"{   ""is_anomaly"": false,   ""severity"": ""low"",   ""root_cause"": ""none"",   ""remediation"": ""none"" }",2.599,900,36,0.0
llama3.1:70b-instruct-q4_K_M,ollama,openstack,zero_shot,569,False,NORMAL,False,low,none,"{   ""is_anomaly"": false,   ""severity"": ""low"",   ""root_cause"": ""none"",   ""remediation"": ""none"" }",2.606,857,36,0.0
llama3.1:70b-instruct-q4_K_M,ollama,openstack,zero_shot,570,False,NORMAL,False,low,none,"{   ""is_anomaly"": false,   ""severity"": ""low"",   ""root_cause"": ""none"",   ""remediation"": ""none"" }",2.401,673,36,0.0
llama3.1:70b-instruct-q4_K_M,ollama,openstack,zero_shot,571,True,ANOMALY,True,medium,The system attempted to remove a non-existent base file from the image cache.,"{   ""is_anomaly"": true,   ""severity"": ""medium"",   ""root_cause"": ""The system attempted to remove a non-existent base file from the image cache."",   ""remediation"": ""Verify the integrity of the image cache and ensure that all referenced files exist."" }",3.506,815,62,0.0
llama3.1:70b-instruct-q4_K_M,ollama,openstack,zero_shot,572,True,ANOMALY,False,low,none,"{   ""is_anomaly"": false,   ""severity"": ""low"",   ""root_cause"": ""none"",   ""remediation"": ""none"" }",2.484,903,36,0.0
llama3.1:70b-instruct-q4_K_M,ollama,openstack,zero_shot,573,False,NORMAL,True,medium,"A VM was started and immediately paused due to a pending task, indicating a potential issue with the compute manager.","{   ""is_anomaly"": true,   ""severity"": ""medium"",   ""root_cause"": ""A VM was started and immediately paused due to a pending task, indicating a potential issue with the compute manager."",   ""remediation"": ""Investigate and resolve the pending task on instance 8be1522c-507f-4142-876a-98040acd31fc."" }",4.335,816,85,0.0
llama3.1:70b-instruct-q4_K_M,ollama,openstack,zero_shot,574,False,NORMAL,False,low,none,"{   ""is_anomaly"": false,   ""severity"": ""low"",   ""root_cause"": ""none"",   ""remediation"": ""none"" }",2.702,988,36,0.0
llama3.1:70b-instruct-q4_K_M,ollama,openstack,zero_shot,575,False,NORMAL,True,medium,An instance was terminated and destroyed without an explicit shutdown request.,"{   ""is_anomaly"": true,   ""severity"": ""medium"",   ""root_cause"": ""An instance was terminated and destroyed without an explicit shutdown request."",   ""remediation"": ""Investigate the source of the DELETE /servers request to determine why the instance was terminated unexpectedly."" }",3.496,798,63,0.0
llama3.1:70b-instruct-q4_K_M,ollama,openstack,zero_shot,576,False,NORMAL,False,low,none,"{   ""is_anomaly"": false,   ""severity"": ""low"",   ""root_cause"": ""none"",   ""remediation"": ""none"" }",2.536,776,36,0.0
llama3.1:70b-instruct-q4_K_M,ollama,openstack,zero_shot,577,False,NORMAL,True,medium,An instance was paused unexpectedly due to a pending task during sync_power_state.,"{   ""is_anomaly"": true,   ""severity"": ""medium"",   ""root_cause"": ""An instance was paused unexpectedly due to a pending task during sync_power_state."",   ""remediation"": ""Investigate and resolve the pending task (spawning) on instance 41dcd3a5-6a92-45a8-8cff-3bde0e7bbe39."" }",4.481,894,88,0.0
llama3.1:70b-instruct-q4_K_M,ollama,openstack,zero_shot,578,False,NORMAL,False,low,none,"{   ""is_anomaly"": false,   ""severity"": ""low"",   ""root_cause"": ""none"",   ""remediation"": ""none"" }",2.586,825,36,0.0
llama3.1:70b-instruct-q4_K_M,ollama,openstack,zero_shot,579,True,ANOMALY,False,low,none,"{   ""is_anomaly"": false,   ""severity"": ""low"",   ""root_cause"": ""none"",   ""remediation"": ""none"" }",2.687,953,36,0.0
llama3.1:70b-instruct-q4_K_M,ollama,openstack,zero_shot,580,False,NORMAL,True,low,"A GET request to /openstack/2013-10-17/user_data returned a 404 status code, indicating that the requested resource was not found.","{   ""is_anomaly"": true,   ""severity"": ""low"",   ""root_cause"": ""A GET request to /openstack/2013-10-17/user_data returned a 404 status code, indicating that the requested resource was not found."",   ""remediation"": ""Verify that the user data is correctly configured and available for the requesting instance."" }",4.07,711,79,0.0
llama3.1:70b-instruct-q4_K_M,ollama,openstack,zero_shot,581,False,NORMAL,False,low,none,"{   ""is_anomaly"": false,   ""severity"": ""low"",   ""root_cause"": ""none"",   ""remediation"": ""none"" }",2.523,874,36,0.0
llama3.1:70b-instruct-q4_K_M,ollama,openstack,zero_shot,582,False,NORMAL,False,low,none,"{   ""is_anomaly"": false,   ""severity"": ""low"",   ""root_cause"": ""none"",   ""remediation"": ""none"" }",2.53,792,36,0.0
llama3.1:70b-instruct-q4_K_M,ollama,openstack,zero_shot,583,True,ANOMALY,False,low,none,"{   ""is_anomaly"": false,   ""severity"": ""low"",   ""root_cause"": ""none"",   ""remediation"": ""none"" }",2.696,1005,36,0.0
llama3.1:70b-instruct-q4_K_M,ollama,openstack,zero_shot,584,False,NORMAL,False,low,none,"{   ""is_anomaly"": false,   ""severity"": ""low"",   ""root_cause"": ""none"",   ""remediation"": ""none"" }",2.615,908,36,0.0
llama3.1:70b-instruct-q4_K_M,ollama,openstack,zero_shot,585,True,ANOMALY,False,low,none,"{   ""is_anomaly"": false,   ""severity"": ""low"",   ""root_cause"": ""none"",   ""remediation"": ""none"" }",2.551,813,36,0.0
llama3.1:70b-instruct-q4_K_M,ollama,openstack,zero_shot,586,True,ANOMALY,False,low,none,"{   ""is_anomaly"": false,   ""severity"": ""low"",   ""root_cause"": ""none"",   ""remediation"": ""none"" }",2.572,834,36,0.0
llama3.1:70b-instruct-q4_K_M,ollama,openstack,zero_shot,587,False,NORMAL,False,low,none,"{   ""is_anomaly"": false,   ""severity"": ""low"",   ""root_cause"": ""none"",   ""remediation"": ""none"" }",2.627,896,36,0.0
llama3.1:70b-instruct-q4_K_M,ollama,openstack,zero_shot,588,False,NORMAL,False,low,none,"{   ""is_anomaly"": false,   ""severity"": ""low"",   ""root_cause"": ""none"",   ""remediation"": ""none"" }",2.472,761,36,0.0
llama3.1:70b-instruct-q4_K_M,ollama,openstack,zero_shot,589,True,ANOMALY,False,low,none,"{   ""is_anomaly"": false,   ""severity"": ""low"",   ""root_cause"": ""none"",   ""remediation"": ""none"" }",2.584,887,36,0.0
llama3.1:70b-instruct-q4_K_M,ollama,openstack,zero_shot,590,False,NORMAL,False,low,none,"{   ""is_anomaly"": false,   ""severity"": ""low"",   ""root_cause"": ""none"",   ""remediation"": ""none"" }",2.677,965,36,0.0
llama3.1:70b-instruct-q4_K_M,ollama,openstack,zero_shot,591,True,ANOMALY,False,low,none,"{   ""is_anomaly"": false,   ""severity"": ""low"",   ""root_cause"": ""none"",   ""remediation"": ""none"" }",2.497,769,36,0.0
llama3.1:70b-instruct-q4_K_M,ollama,openstack,zero_shot,592,False,NORMAL,False,low,none,"{   ""is_anomaly"": false,   ""severity"": ""low"",   ""root_cause"": ""none"",   ""remediation"": ""none"" }",2.584,901,36,0.0
llama3.1:70b-instruct-q4_K_M,ollama,openstack,zero_shot,593,True,ANOMALY,False,low,none,"{   ""is_anomaly"": false,   ""severity"": ""low"",   ""root_cause"": ""none"",   ""remediation"": ""none"" }",2.461,735,36,0.0
llama3.1:70b-instruct-q4_K_M,ollama,openstack,zero_shot,594,True,ANOMALY,False,low,none,"{   ""is_anomaly"": false,   ""severity"": ""low"",   ""root_cause"": ""none"",   ""remediation"": ""none"" }",2.521,876,36,0.0
llama3.1:70b-instruct-q4_K_M,ollama,openstack,zero_shot,595,False,NORMAL,False,low,none,"{   ""is_anomaly"": false,   ""severity"": ""low"",   ""root_cause"": ""none"",   ""remediation"": ""none"" }",2.627,940,36,0.0
llama3.1:70b-instruct-q4_K_M,ollama,openstack,zero_shot,596,True,ANOMALY,False,low,none,"{   ""is_anomaly"": false,   ""severity"": ""low"",   ""root_cause"": ""none"",   ""remediation"": ""none"" }",2.406,617,36,0.0
llama3.1:70b-instruct-q4_K_M,ollama,openstack,zero_shot,597,False,NORMAL,False,low,none,"{   ""is_anomaly"": false,   ""severity"": ""low"",   ""root_cause"": ""none"",   ""remediation"": ""none"" }",2.449,787,36,0.0
llama3.1:70b-instruct-q4_K_M,ollama,openstack,zero_shot,598,False,NORMAL,False,low,none,"{   ""is_anomaly"": false,   ""severity"": ""low"",   ""root_cause"": ""none"",   ""remediation"": ""none"" }",2.475,774,36,0.0
llama3.1:70b-instruct-q4_K_M,ollama,openstack,zero_shot,599,True,ANOMALY,False,low,none,"{   ""is_anomaly"": false,   ""severity"": ""low"",   ""root_cause"": ""none"",   ""remediation"": ""none"" }",2.54,826,36,0.0
