model,dataset,seed,prompt_style,incident_id,ground_truth_is_anomaly,ground_truth_category,pred_is_anomaly,pred_severity,pred_root_cause,raw_output,latency_total_s,tokens_per_sec,peak_vram_mb
qwen2.5-14b,bgl,1,zero_shot,0,False,NORMAL,True,high,"Multiple core files are being generated, indicating potential crashes or segmentation faults in the system.","{   ""is_anomaly"": true,   ""severity"": ""high"",   ""root_cause"": ""Multiple core files are being generated, indicating potential crashes or segmentation faults in the system."",   ""remediation"": ""Investigate the application code and system stability to prevent further crashes."" }",43.84,740.41,85261
qwen2.5-14b,bgl,1,zero_shot,1,True,APPSEV,True,medium,"Multiple CioStream sockets to the same IP address are experiencing severed links after the LOGIN_MESSAGE phase, indicating potential network instability or server issues.","{   ""is_anomaly"": true,   ""severity"": ""medium"",   ""root_cause"": ""Multiple CioStream sockets to the same IP address are experiencing severed links after the LOGIN_MESSAGE phase, indicating potential network instability or server issues."",   ""remediation"": ""Check network connectivity and server status for 172.16.96.116, and investigate recent changes or load conditions."" }",43.84,740.41,85261
qwen2.5-14b,bgl,1,zero_shot,2,True,KERNSTOR,True,high,Multiple consecutive 'data storage interrupt' log entries indicate a potential issue with the data storage system.,"{   ""is_anomaly"": true,   ""severity"": ""high"",   ""root_cause"": ""Multiple consecutive 'data storage interrupt' log entries indicate a potential issue with the data storage system."",   ""remediation"": ""Check the storage system's health and connectivity, and consider restarting the storage service if necessary."" }",43.84,740.41,85261
qwen2.5-14b,bgl,1,zero_shot,3,False,NORMAL,True,medium,"The system is experiencing repeated alignment exceptions, indicating a potential misconfiguration or hardware issue with the double-hummer component.","{   ""is_anomaly"": true,   ""severity"": ""medium"",   ""root_cause"": ""The system is experiencing repeated alignment exceptions, indicating a potential misconfiguration or hardware issue with the double-hummer component."",   ""remediation"": ""Review and correct the configuration settings for the double-hummer component, and if necessary, perform hardware diagnostics."" }",43.84,740.41,85261
qwen2.5-14b,bgl,1,zero_shot,4,True,KERNDTLB,True,medium,Multiple data TLB error interrupts indicate a potential hardware issue or memory corruption.,"{   ""is_anomaly"": true,   ""severity"": ""medium"",   ""root_cause"": ""Multiple data TLB error interrupts indicate a potential hardware issue or memory corruption."",   ""remediation"": ""Check system hardware for faults and run memory diagnostics."" }",43.84,740.41,85261
qwen2.5-14b,bgl,1,zero_shot,5,True,KERNDTLB,True,medium,Multiple data TLB error interrupts indicate a potential hardware issue or memory corruption.,"{   ""is_anomaly"": true,   ""severity"": ""medium"",   ""root_cause"": ""Multiple data TLB error interrupts indicate a potential hardware issue or memory corruption."",   ""remediation"": ""Check system hardware for faults and run memory diagnostics."" }",43.84,740.41,85261
qwen2.5-14b,bgl,1,zero_shot,6,False,NORMAL,True,high,"Multiple core files are being generated, indicating potential crashes or segmentation faults in the application.","{   ""is_anomaly"": true,   ""severity"": ""high"",   ""root_cause"": ""Multiple core files are being generated, indicating potential crashes or segmentation faults in the application."",   ""remediation"": ""Investigate the application code and system resources to identify and fix the cause of the crashes."" }",43.84,740.41,85261
qwen2.5-14b,bgl,1,zero_shot,7,False,NORMAL,True,high,"The system is generating multiple core files, indicating potential crashes or segmentation faults in the application.","{   ""is_anomaly"": true,   ""severity"": ""high"",   ""root_cause"": ""The system is generating multiple core files, indicating potential crashes or segmentation faults in the application."",   ""remediation"": ""Investigate the application code and system resources to identify and fix the underlying issue causing the crashes."" }",43.84,740.41,85261
qwen2.5-14b,bgl,1,zero_shot,8,True,APPSEV,True,medium,"Multiple CioStream sockets to the same IP address are experiencing severed links, indicating a potential network issue or server instability.","{   ""is_anomaly"": true,   ""severity"": ""medium"",   ""root_cause"": ""Multiple CioStream sockets to the same IP address are experiencing severed links, indicating a potential network issue or server instability."",   ""remediation"": ""Check the network connectivity and server status of 172.16.96.116 and ensure all services are running properly."" }",43.84,740.41,85261
qwen2.5-14b,bgl,1,zero_shot,9,True,KERNDTLB,True,medium,Multiple data TLB error interrupts indicate a potential hardware issue or memory corruption.,"{   ""is_anomaly"": true,   ""severity"": ""medium"",   ""root_cause"": ""Multiple data TLB error interrupts indicate a potential hardware issue or memory corruption."",   ""remediation"": ""Check system hardware for faults and run memory diagnostics."" }",43.84,740.41,85261
qwen2.5-14b,bgl,1,zero_shot,10,True,KERNDTLB,True,high,Multiple core dumps and a data TLB error interrupt indicate a serious system instability or hardware issue.,"{   ""is_anomaly"": true,   ""severity"": ""high"",   ""root_cause"": ""Multiple core dumps and a data TLB error interrupt indicate a serious system instability or hardware issue."",   ""remediation"": ""Restart the affected services and check hardware for any faults."" }",43.84,740.41,85261
qwen2.5-14b,bgl,1,zero_shot,11,False,NORMAL,True,high,"Multiple core dumps are being generated, indicating potential crashes or segmentation faults in the application.","{   ""is_anomaly"": true,   ""severity"": ""high"",   ""root_cause"": ""Multiple core dumps are being generated, indicating potential crashes or segmentation faults in the application."",   ""remediation"": ""Investigate the application code and system resources to identify and fix the cause of the crashes."" }",43.84,740.41,85261
qwen2.5-14b,bgl,1,zero_shot,12,False,NORMAL,False,low,none,"{   ""is_anomaly"": false,   ""severity"": ""low"",   ""root_cause"": ""none"",   ""remediation"": ""none"" }",43.84,740.41,85261
qwen2.5-14b,bgl,1,zero_shot,13,True,KERNRTSP,True,critical,"The system is experiencing repeated machine check panics, indicating a serious hardware or kernel issue.","{   ""is_anomaly"": true,   ""severity"": ""critical"",   ""root_cause"": ""The system is experiencing repeated machine check panics, indicating a serious hardware or kernel issue."",   ""remediation"": ""Perform a hardware check and review kernel logs for more detailed error messages."" }",43.84,740.41,85261
qwen2.5-14b,bgl,1,zero_shot,14,True,KERNSTOR,True,high,Multiple consecutive 'data storage interrupt' log entries indicate a potential issue with the data storage system.,"{   ""is_anomaly"": true,   ""severity"": ""high"",   ""root_cause"": ""Multiple consecutive 'data storage interrupt' log entries indicate a potential issue with the data storage system."",   ""remediation"": ""Check the storage system's health and connectivity, and consider restarting the storage service if necessary."" }",43.84,740.41,85261
qwen2.5-14b,bgl,1,zero_shot,15,False,NORMAL,True,low,"The 'dear' values are changing frequently for the same 'iar' value, indicating potential instability or frequent updates.","{   ""is_anomaly"": true,   ""severity"": ""low"",   ""root_cause"": ""The 'dear' values are changing frequently for the same 'iar' value, indicating potential instability or frequent updates."",   ""remediation"": ""Review the code or configuration that updates these values to ensure stability."" }",43.84,740.41,85261
qwen2.5-14b,bgl,1,zero_shot,16,True,KERNDTLB,True,medium,Multiple data TLB error interrupts indicate a potential hardware issue or memory corruption.,"{   ""is_anomaly"": true,   ""severity"": ""medium"",   ""root_cause"": ""Multiple data TLB error interrupts indicate a potential hardware issue or memory corruption."",   ""remediation"": ""Check system hardware for faults and run memory diagnostics."" }",43.84,740.41,85261
qwen2.5-14b,bgl,1,zero_shot,17,True,KERNSTOR,True,high,Multiple consecutive 'data storage interrupt' log entries indicate a potential issue with the data storage system.,"{   ""is_anomaly"": true,   ""severity"": ""high"",   ""root_cause"": ""Multiple consecutive 'data storage interrupt' log entries indicate a potential issue with the data storage system."",   ""remediation"": ""Check the storage system's health and connectivity, and consider restarting the storage service if necessary."" }",43.84,740.41,85261
qwen2.5-14b,bgl,1,zero_shot,18,False,NORMAL,True,medium,"The directory /home/germann2/SPaSM_static does not exist, causing login failures.","{   ""is_anomaly"": true,   ""severity"": ""medium"",   ""root_cause"": ""The directory /home/germann2/SPaSM_static does not exist, causing login failures."",   ""remediation"": ""Check if the directory /home/germann2/SPaSM_static should exist and recreate it if necessary."" }",43.84,740.41,85261
qwen2.5-14b,bgl,1,zero_shot,19,True,KERNSTOR,True,high,Multiple consecutive 'data storage interrupt' log entries indicate a potential issue with the data storage system.,"{   ""is_anomaly"": true,   ""severity"": ""high"",   ""root_cause"": ""Multiple consecutive 'data storage interrupt' log entries indicate a potential issue with the data storage system."",   ""remediation"": ""Check the storage system's health and connectivity, and consider restarting the storage service if necessary."" }",43.84,740.41,85261
qwen2.5-14b,bgl,1,zero_shot,20,True,KERNMNTF,True,high,"Multiple Lustre mounts have failed, indicating a potential issue with the Lustre file system or network connectivity.","{   ""is_anomaly"": true,   ""severity"": ""high"",   ""root_cause"": ""Multiple Lustre mounts have failed, indicating a potential issue with the Lustre file system or network connectivity."",   ""remediation"": ""Check Lustre file system status and network connectivity between the nodes and the storage system."" }",43.84,740.41,85261
qwen2.5-14b,bgl,1,zero_shot,21,True,KERNDTLB,True,medium,Multiple data TLB error interrupts indicate a potential hardware issue or memory corruption.,"{   ""is_anomaly"": true,   ""severity"": ""medium"",   ""root_cause"": ""Multiple data TLB error interrupts indicate a potential hardware issue or memory corruption."",   ""remediation"": ""Check system hardware for faults and run memory diagnostics."" }",43.84,740.41,85261
qwen2.5-14b,bgl,1,zero_shot,22,False,NORMAL,False,low,none,"{   ""is_anomaly"": false,   ""severity"": ""low"",   ""root_cause"": ""none"",   ""remediation"": ""none"" }",43.84,740.41,85261
qwen2.5-14b,bgl,1,zero_shot,23,True,APPOUT,True,high,"The directory /p/gb1/stella/RAPTOR/2183 is inaccessible due to an input/output error, indicating a potential storage issue or corruption.","{   ""is_anomaly"": true,   ""severity"": ""high"",   ""root_cause"": ""The directory /p/gb1/stella/RAPTOR/2183 is inaccessible due to an input/output error, indicating a potential storage issue or corruption."",   ""remediation"": ""Check the health of the storage device and attempt to repair or restore the directory."" }",43.84,740.41,85261
qwen2.5-14b,bgl,1,zero_shot,24,False,NORMAL,False,low,none,"{   ""is_anomaly"": false,   ""severity"": ""low"",   ""root_cause"": ""none"",   ""remediation"": ""none"" }",43.84,740.41,85261
qwen2.5-14b,bgl,1,zero_shot,25,False,NORMAL,,,,"{   ""is_anomaly"": true,   ""severity"": ""high"",   ""root_cause"": ""The system is unable to load the program image for the specified file, indicating a potential issue with the file or the system's ability to execute it."",   ""remediation"": ""Check the integrity of the file /bgl/apps/scaletest/performance/MINIBEN/mb_243_0810/allreduce.rts and ensure it is correctly formatted for the system's architecture",43.84,740.41,85261
qwen2.5-14b,bgl,1,zero_shot,26,True,KERNMNTF,True,high,"Multiple Lustre mounts have failed, indicating a potential network or storage issue.","{   ""is_anomaly"": true,   ""severity"": ""high"",   ""root_cause"": ""Multiple Lustre mounts have failed, indicating a potential network or storage issue."",   ""remediation"": ""Check network connectivity and storage availability for the affected Lustre mounts."" }",43.84,740.41,85261
qwen2.5-14b,bgl,1,zero_shot,27,True,KERNDTLB,True,medium,Multiple data TLB error interrupts indicate a potential hardware issue or memory corruption.,"{   ""is_anomaly"": true,   ""severity"": ""medium"",   ""root_cause"": ""Multiple data TLB error interrupts indicate a potential hardware issue or memory corruption."",   ""remediation"": ""Check system hardware for faults and run memory diagnostics."" }",43.84,740.41,85261
qwen2.5-14b,bgl,1,zero_shot,28,False,NORMAL,True,high,"The system is generating multiple core files, indicating potential crashes or segmentation faults in the application.","{   ""is_anomaly"": true,   ""severity"": ""high"",   ""root_cause"": ""The system is generating multiple core files, indicating potential crashes or segmentation faults in the application."",   ""remediation"": ""Investigate the application code and system configuration to identify and fix the cause of the crashes."" }",43.84,740.41,85261
qwen2.5-14b,bgl,1,zero_shot,29,True,KERNDTLB,True,medium,Multiple data TLB error interrupts indicate a potential hardware issue or memory corruption.,"{   ""is_anomaly"": true,   ""severity"": ""medium"",   ""root_cause"": ""Multiple data TLB error interrupts indicate a potential hardware issue or memory corruption."",   ""remediation"": ""Check system hardware for faults and run memory diagnostics."" }",43.84,740.41,85261
qwen2.5-14b,bgl,1,zero_shot,30,True,KERNDTLB,True,medium,Multiple data TLB error interrupts indicate a potential hardware issue or memory corruption.,"{   ""is_anomaly"": true,   ""severity"": ""medium"",   ""root_cause"": ""Multiple data TLB error interrupts indicate a potential hardware issue or memory corruption."",   ""remediation"": ""Check system hardware for faults and run memory diagnostics."" }",43.84,740.41,85261
qwen2.5-14b,bgl,1,zero_shot,31,False,NORMAL,True,high,"The system is encountering repeated privileged instruction faults, indicating a potential issue with the program's execution or a security breach.","{   ""is_anomaly"": true,   ""severity"": ""high"",   ""root_cause"": ""The system is encountering repeated privileged instruction faults, indicating a potential issue with the program's execution or a security breach."",   ""remediation"": ""Investigate the program's code and permissions, and check for any unauthorized access or code modifications."" }",43.84,740.41,85261
qwen2.5-14b,bgl,1,zero_shot,32,False,NORMAL,False,low,none,"{   ""is_anomaly"": false,   ""severity"": ""low"",   ""root_cause"": ""none"",   ""remediation"": ""none"" }",43.84,740.41,85261
qwen2.5-14b,bgl,1,zero_shot,33,True,APPSEV,True,high,"Multiple CioStream sockets to the same IP address are reporting 'Link has been severed', indicating a network or server issue.","{   ""is_anomaly"": true,   ""severity"": ""high"",   ""root_cause"": ""Multiple CioStream sockets to the same IP address are reporting 'Link has been severed', indicating a network or server issue."",   ""remediation"": ""Check the network connectivity and the health of the server at IP 172.16.96.116."" }",43.84,740.41,85261
qwen2.5-14b,bgl,1,zero_shot,34,True,KERNSTOR,True,high,Multiple consecutive 'data storage interrupt' log entries indicate a potential issue with the data storage system.,"{   ""is_anomaly"": true,   ""severity"": ""high"",   ""root_cause"": ""Multiple consecutive 'data storage interrupt' log entries indicate a potential issue with the data storage system."",   ""remediation"": ""Check the storage system's health and connectivity, and consider restarting the storage service if necessary."" }",43.84,740.41,85261
qwen2.5-14b,bgl,1,zero_shot,35,False,NORMAL,True,high,"Multiple core files are being generated, indicating potential crashes or segmentation faults in the application.","{   ""is_anomaly"": true,   ""severity"": ""high"",   ""root_cause"": ""Multiple core files are being generated, indicating potential crashes or segmentation faults in the application."",   ""remediation"": ""Investigate the application code and system resources to identify and fix the cause of the crashes."" }",43.84,740.41,85261
qwen2.5-14b,bgl,1,zero_shot,36,False,NORMAL,True,high,"Multiple core files are being generated, indicating potential crashes or segmentation faults in the application.","{   ""is_anomaly"": true,   ""severity"": ""high"",   ""root_cause"": ""Multiple core files are being generated, indicating potential crashes or segmentation faults in the application."",   ""remediation"": ""Investigate the application code and system resources to identify and fix the cause of the crashes."" }",43.84,740.41,85261
qwen2.5-14b,bgl,1,zero_shot,37,False,NORMAL,True,medium,Multiple occurrences of CE sym 21 with different memory addresses and mask values indicate potential memory corruption or race condition.,"{   ""is_anomaly"": true,   ""severity"": ""medium"",   ""root_cause"": ""Multiple occurrences of CE sym 21 with different memory addresses and mask values indicate potential memory corruption or race condition."",   ""remediation"": ""Review and debug the code around memory management and synchronization to prevent memory corruption or race conditions."" }",43.84,740.41,85261
qwen2.5-14b,bgl,1,zero_shot,38,False,NORMAL,True,high,"Invalid node ECIDs and mismatches in VPD data indicate potential hardware issues or misconfigurations in processor card slots J13, J14, and J17.","{   ""is_anomaly"": true,   ""severity"": ""high"",   ""root_cause"": ""Invalid node ECIDs and mismatches in VPD data indicate potential hardware issues or misconfigurations in processor card slots J13, J14, and J17."",   ""remediation"": ""Replace faulty processor cards or reconfigure the system to match the correct VPD data."" }",43.84,740.41,85261
qwen2.5-14b,bgl,1,zero_shot,39,True,APPSEV,True,medium,"Multiple CioStream sockets to the same IP address have been severed, indicating a potential network issue or server problem.","{   ""is_anomaly"": true,   ""severity"": ""medium"",   ""root_cause"": ""Multiple CioStream sockets to the same IP address have been severed, indicating a potential network issue or server problem."",   ""remediation"": ""Check the network connectivity and server status of 172.16.96.116 and restart the relevant services if necessary."" }",43.84,740.41,85261
qwen2.5-14b,bgl,1,zero_shot,40,True,KERNDTLB,True,medium,Multiple data TLB error interrupts indicate a potential memory issue or hardware fault.,"{   ""is_anomaly"": true,   ""severity"": ""medium"",   ""root_cause"": ""Multiple data TLB error interrupts indicate a potential memory issue or hardware fault."",   ""remediation"": ""Check system memory and replace faulty memory module if identified."" }",43.84,740.41,85261
qwen2.5-14b,bgl,1,zero_shot,41,False,NORMAL,False,low,none,"{   ""is_anomaly"": false,   ""severity"": ""low"",   ""root_cause"": ""none"",   ""remediation"": ""none"" }",43.84,740.41,85261
qwen2.5-14b,bgl,1,zero_shot,42,True,KERNSTOR,True,high,Multiple consecutive 'data storage interrupt' log entries indicate a potential issue with the data storage system.,"{   ""is_anomaly"": true,   ""severity"": ""high"",   ""root_cause"": ""Multiple consecutive 'data storage interrupt' log entries indicate a potential issue with the data storage system."",   ""remediation"": ""Check the storage system's health and connectivity, and consider restarting the storage service if necessary."" }",43.84,740.41,85261
qwen2.5-14b,bgl,1,zero_shot,43,True,KERNSTOR,True,high,Multiple consecutive 'data storage interrupt' log entries indicate a potential issue with the data storage system.,"{   ""is_anomaly"": true,   ""severity"": ""high"",   ""root_cause"": ""Multiple consecutive 'data storage interrupt' log entries indicate a potential issue with the data storage system."",   ""remediation"": ""Check the storage system's health and connectivity, and consider restarting the storage service if necessary."" }",43.84,740.41,85261
qwen2.5-14b,bgl,1,zero_shot,44,True,KERNDTLB,True,medium,Multiple data TLB error interrupts indicate a potential memory issue or hardware fault.,"{   ""is_anomaly"": true,   ""severity"": ""medium"",   ""root_cause"": ""Multiple data TLB error interrupts indicate a potential memory issue or hardware fault."",   ""remediation"": ""Check system memory and replace faulty memory module if identified."" }",43.84,740.41,85261
qwen2.5-14b,bgl,1,zero_shot,45,False,NORMAL,True,high,"Multiple core files are being generated, indicating potential crashes or segmentation faults in the system.","{   ""is_anomaly"": true,   ""severity"": ""high"",   ""root_cause"": ""Multiple core files are being generated, indicating potential crashes or segmentation faults in the system."",   ""remediation"": ""Investigate the application logs and system crash dumps to identify and fix the underlying issue causing the crashes."" }",43.84,740.41,85261
qwen2.5-14b,bgl,1,zero_shot,46,True,KERNMNTF,True,high,"Multiple Lustre mounts failed for the same mount point /p/gb1 on different nodes, indicating a potential network or storage issue.","{   ""is_anomaly"": true,   ""severity"": ""high"",   ""root_cause"": ""Multiple Lustre mounts failed for the same mount point /p/gb1 on different nodes, indicating a potential network or storage issue."",   ""remediation"": ""Check the Lustre network and storage subsystems for any failures or misconfigurations."" }",43.84,740.41,85261
qwen2.5-14b,bgl,1,zero_shot,47,True,KERNDTLB,True,medium,Multiple data TLB error interrupts indicate a potential memory issue or hardware fault.,"{   ""is_anomaly"": true,   ""severity"": ""medium"",   ""root_cause"": ""Multiple data TLB error interrupts indicate a potential memory issue or hardware fault."",   ""remediation"": ""Check system memory and replace faulty memory module if identified."" }",43.84,740.41,85261
qwen2.5-14b,bgl,1,zero_shot,48,False,NORMAL,True,medium,Repeated occurrence of the same exception syndrome register value indicates a potential hardware or software issue causing exceptions.,"{   ""is_anomaly"": true,   ""severity"": ""medium"",   ""root_cause"": ""Repeated occurrence of the same exception syndrome register value indicates a potential hardware or software issue causing exceptions."",   ""remediation"": ""Investigate the specific exception code 0x00800000 to identify and resolve the underlying issue."" }",43.84,740.41,85261
qwen2.5-14b,bgl,1,zero_shot,49,True,KERNDTLB,True,medium,Multiple data TLB error interrupts indicate a potential memory issue or hardware fault.,"{   ""is_anomaly"": true,   ""severity"": ""medium"",   ""root_cause"": ""Multiple data TLB error interrupts indicate a potential memory issue or hardware fault."",   ""remediation"": ""Check system memory and replace faulty memory module if identified."" }",43.84,740.41,85261
qwen2.5-14b,bgl,1,zero_shot,50,True,KERNDTLB,True,medium,Multiple data TLB error interrupts indicate a potential memory issue or hardware fault.,"{   ""is_anomaly"": true,   ""severity"": ""medium"",   ""root_cause"": ""Multiple data TLB error interrupts indicate a potential memory issue or hardware fault."",   ""remediation"": ""Check system memory and replace faulty memory module if identified."" }",43.84,740.41,85261
qwen2.5-14b,bgl,1,zero_shot,51,True,KERNDTLB,True,medium,Multiple data TLB error interrupts indicate a potential memory issue or hardware fault.,"{   ""is_anomaly"": true,   ""severity"": ""medium"",   ""root_cause"": ""Multiple data TLB error interrupts indicate a potential memory issue or hardware fault."",   ""remediation"": ""Check system memory and replace faulty memory module if identified."" }",43.84,740.41,85261
qwen2.5-14b,bgl,1,zero_shot,52,True,KERNMICRO,True,high,"Multiple Microloader Assertions indicate a critical failure in the microloader component, possibly due to a bug or configuration issue.","{   ""is_anomaly"": true,   ""severity"": ""high"",   ""root_cause"": ""Multiple Microloader Assertions indicate a critical failure in the microloader component, possibly due to a bug or configuration issue."",   ""remediation"": ""Restart the affected service or component to clear the assertion errors and investigate the root cause."" }",43.84,740.41,85261
qwen2.5-14b,bgl,1,zero_shot,53,False,NORMAL,False,low,none,"{   ""is_anomaly"": false,   ""severity"": ""low"",   ""root_cause"": ""none"",   ""remediation"": ""none"" }",43.84,740.41,85261
qwen2.5-14b,bgl,1,zero_shot,54,False,NORMAL,True,high,"Multiple core files are being generated, indicating potential crashes or segmentation faults in the application.","{   ""is_anomaly"": true,   ""severity"": ""high"",   ""root_cause"": ""Multiple core files are being generated, indicating potential crashes or segmentation faults in the application."",   ""remediation"": ""Investigate the application code and system resources to identify and fix the cause of the crashes."" }",43.84,740.41,85261
qwen2.5-14b,bgl,1,zero_shot,55,False,NORMAL,True,high,"Multiple core dumps are being generated, indicating a potential critical system crash or segmentation fault.","{   ""is_anomaly"": true,   ""severity"": ""high"",   ""root_cause"": ""Multiple core dumps are being generated, indicating a potential critical system crash or segmentation fault."",   ""remediation"": ""Investigate the application code and system stability to prevent further core dumps."" }",43.84,740.41,85261
qwen2.5-14b,bgl,1,zero_shot,56,False,NORMAL,True,high,"Multiple core files are being generated, indicating potential crashes or segmentation faults in the application.","{   ""is_anomaly"": true,   ""severity"": ""high"",   ""root_cause"": ""Multiple core files are being generated, indicating potential crashes or segmentation faults in the application."",   ""remediation"": ""Investigate the application code and system resources to identify and fix the cause of the crashes."" }",43.84,740.41,85261
qwen2.5-14b,bgl,1,zero_shot,57,False,NORMAL,True,high,"The system is generating multiple core files for the same program, indicating potential crashes or segmentation faults.","{   ""is_anomaly"": true,   ""severity"": ""high"",   ""root_cause"": ""The system is generating multiple core files for the same program, indicating potential crashes or segmentation faults."",   ""remediation"": ""Investigate the core files and program code to identify and fix the underlying issue causing the crashes."" }",43.84,740.41,85261
qwen2.5-14b,bgl,1,zero_shot,58,False,NORMAL,True,high,"Multiple ASSERT failures in the SendPacket function of IdoTransportMgr class, indicating a critical issue in the system.","{   ""is_anomaly"": true,   ""severity"": ""high"",   ""root_cause"": ""Multiple ASSERT failures in the SendPacket function of IdoTransportMgr class, indicating a critical issue in the system."",   ""remediation"": ""Investigate and fix the issue causing the ASSERT failures in the SendPacket function."" }",43.84,740.41,85261
qwen2.5-14b,bgl,1,zero_shot,59,True,KERNRTSP,True,high,"The system is experiencing repeated runtime panics, indicating a critical failure.","{   ""is_anomaly"": true,   ""severity"": ""high"",   ""root_cause"": ""The system is experiencing repeated runtime panics, indicating a critical failure."",   ""remediation"": ""Investigate and address the underlying issue causing the runtime panics, possibly involving hardware or software failure."" }",43.84,740.41,85261
qwen2.5-14b,bgl,1,zero_shot,60,False,NORMAL,False,low,none,"{   ""is_anomaly"": false,   ""severity"": ""low"",   ""root_cause"": ""none"",   ""remediation"": ""none"" }",43.84,740.41,85261
qwen2.5-14b,bgl,1,zero_shot,61,True,KERNMNTF,True,high,"Multiple Lustre mounts failed for the same mount point /p/gb1 on different nodes, indicating a potential network or storage issue.","{   ""is_anomaly"": true,   ""severity"": ""high"",   ""root_cause"": ""Multiple Lustre mounts failed for the same mount point /p/gb1 on different nodes, indicating a potential network or storage issue."",   ""remediation"": ""Check the Lustre network and storage subsystems for any connectivity or configuration issues."" }",43.84,740.41,85261
qwen2.5-14b,bgl,1,zero_shot,62,True,KERNSTOR,True,high,Multiple consecutive 'data storage interrupt' log entries indicate a potential issue with the data storage system.,"{   ""is_anomaly"": true,   ""severity"": ""high"",   ""root_cause"": ""Multiple consecutive 'data storage interrupt' log entries indicate a potential issue with the data storage system."",   ""remediation"": ""Check the storage system's health and connectivity, and consider restarting the storage service if necessary."" }",43.84,740.41,85261
qwen2.5-14b,bgl,1,zero_shot,63,False,NORMAL,True,high,"Multiple core files are being generated, indicating potential crashes or segmentation faults in the application.","{   ""is_anomaly"": true,   ""severity"": ""high"",   ""root_cause"": ""Multiple core files are being generated, indicating potential crashes or segmentation faults in the application."",   ""remediation"": ""Investigate the application code and system resources to identify and fix the cause of the crashes."" }",43.84,740.41,85261
qwen2.5-14b,bgl,1,zero_shot,64,False,NORMAL,True,high,"Multiple core files are being generated, indicating potential crashes or segmentation faults in the system.","{   ""is_anomaly"": true,   ""severity"": ""high"",   ""root_cause"": ""Multiple core files are being generated, indicating potential crashes or segmentation faults in the system."",   ""remediation"": ""Investigate the application code and system stability to prevent further crashes."" }",43.84,740.41,85261
qwen2.5-14b,bgl,1,zero_shot,65,False,NORMAL,False,low,none,"{   ""is_anomaly"": false,   ""severity"": ""low"",   ""root_cause"": ""none"",   ""remediation"": ""none"" }",43.84,740.41,85261
qwen2.5-14b,bgl,1,zero_shot,66,True,KERNDTLB,True,medium,Multiple data TLB error interrupts indicate a potential memory issue or hardware fault.,"{   ""is_anomaly"": true,   ""severity"": ""medium"",   ""root_cause"": ""Multiple data TLB error interrupts indicate a potential memory issue or hardware fault."",   ""remediation"": ""Check system memory and replace faulty memory module if identified."" }",43.84,740.41,85261
qwen2.5-14b,bgl,1,zero_shot,67,False,NORMAL,True,high,"Multiple core dumps are being generated, indicating potential crashes or segmentation faults in the application.","{   ""is_anomaly"": true,   ""severity"": ""high"",   ""root_cause"": ""Multiple core dumps are being generated, indicating potential crashes or segmentation faults in the application."",   ""remediation"": ""Investigate the application code and system resources to identify and fix the cause of the crashes."" }",43.84,740.41,85261
qwen2.5-14b,bgl,1,zero_shot,68,True,KERNSTOR,True,high,Multiple consecutive 'data storage interrupt' log entries indicate a potential issue with the data storage system.,"{   ""is_anomaly"": true,   ""severity"": ""high"",   ""root_cause"": ""Multiple consecutive 'data storage interrupt' log entries indicate a potential issue with the data storage system."",   ""remediation"": ""Check the storage system's health and connectivity, and consider restarting the storage service if necessary."" }",43.84,740.41,85261
qwen2.5-14b,bgl,1,zero_shot,69,False,NORMAL,True,medium,Multiple DDR errors and a retransmission error indicate potential hardware instability or configuration issues.,"{   ""is_anomaly"": true,   ""severity"": ""medium"",   ""root_cause"": ""Multiple DDR errors and a retransmission error indicate potential hardware instability or configuration issues."",   ""remediation"": ""Review and possibly replace faulty hardware components or adjust system configurations."" }",43.84,740.41,85261
qwen2.5-14b,bgl,1,zero_shot,70,True,KERNDTLB,True,medium,Multiple data TLB error interrupts indicate a potential memory issue or hardware fault.,"{   ""is_anomaly"": true,   ""severity"": ""medium"",   ""root_cause"": ""Multiple data TLB error interrupts indicate a potential memory issue or hardware fault."",   ""remediation"": ""Check system memory and replace faulty memory module if identified."" }",43.84,740.41,85261
qwen2.5-14b,bgl,1,zero_shot,71,False,NORMAL,True,high,"Multiple ASSERT failures in the SendPacket function of IdoTransportMgr class, indicating a critical issue in the system.","{   ""is_anomaly"": true,   ""severity"": ""high"",   ""root_cause"": ""Multiple ASSERT failures in the SendPacket function of IdoTransportMgr class, indicating a critical issue in the system."",   ""remediation"": ""Investigate and fix the issue causing the ASSERT failures in the SendPacket function."" }",43.84,740.41,85261
qwen2.5-14b,bgl,1,zero_shot,72,False,NORMAL,True,medium,The system is unable to load a specific MPI performance test executable due to permission issues.,"{   ""is_anomaly"": true,   ""severity"": ""medium"",   ""root_cause"": ""The system is unable to load a specific MPI performance test executable due to permission issues."",   ""remediation"": ""Check and correct the file permissions for the executable /bgl/apps/swl-prep/rky-swl/MPI-PERF/IMB/perf_tests/IMB-MPI1.14MB."" }",43.84,740.41,85261
qwen2.5-14b,bgl,1,zero_shot,73,False,NORMAL,False,low,none,"{   ""is_anomaly"": false,   ""severity"": ""low"",   ""root_cause"": ""none"",   ""remediation"": ""none"" }",43.84,740.41,85261
qwen2.5-14b,bgl,1,zero_shot,74,False,NORMAL,True,medium,Multiple floating point alignment exceptions indicate a potential issue with data alignment or floating point operations in the system.,"{   ""is_anomaly"": true,   ""severity"": ""medium"",   ""root_cause"": ""Multiple floating point alignment exceptions indicate a potential issue with data alignment or floating point operations in the system."",   ""remediation"": ""Review and adjust data alignment or optimize floating point operations in the code."" }",43.84,740.41,85261
qwen2.5-14b,bgl,1,zero_shot,75,True,KERNMICRO,True,high,"Multiple Microloader Assertions indicate a critical failure in the microloader component, possibly due to a bug or configuration issue.","{   ""is_anomaly"": true,   ""severity"": ""high"",   ""root_cause"": ""Multiple Microloader Assertions indicate a critical failure in the microloader component, possibly due to a bug or configuration issue."",   ""remediation"": ""Restart the affected service or component to clear the assertion errors and investigate the root cause."" }",43.84,740.41,85261
qwen2.5-14b,bgl,1,zero_shot,76,False,NORMAL,True,high,"The system is generating multiple core files, indicating potential crashes or segmentation faults in the application.","{   ""is_anomaly"": true,   ""severity"": ""high"",   ""root_cause"": ""The system is generating multiple core files, indicating potential crashes or segmentation faults in the application."",   ""remediation"": ""Investigate the application code and system stability to prevent further crashes."" }",43.84,740.41,85261
qwen2.5-14b,bgl,1,zero_shot,77,False,NORMAL,True,high,"Multiple core dumps are being generated, indicating potential crashes or segmentation faults in the application.","{   ""is_anomaly"": true,   ""severity"": ""high"",   ""root_cause"": ""Multiple core dumps are being generated, indicating potential crashes or segmentation faults in the application."",   ""remediation"": ""Investigate the application code and system resources to identify and fix the cause of the crashes."" }",43.84,740.41,85261
qwen2.5-14b,bgl,1,zero_shot,78,False,NORMAL,True,high,"Multiple core files are being generated, indicating potential crashes or segmentation faults in the application.","{   ""is_anomaly"": true,   ""severity"": ""high"",   ""root_cause"": ""Multiple core files are being generated, indicating potential crashes or segmentation faults in the application."",   ""remediation"": ""Investigate the application code and system resources to identify and fix the cause of the crashes."" }",43.84,740.41,85261
qwen2.5-14b,bgl,1,zero_shot,79,True,KERNDTLB,True,medium,Multiple data TLB error interrupts indicate a potential memory issue or hardware fault.,"{   ""is_anomaly"": true,   ""severity"": ""medium"",   ""root_cause"": ""Multiple data TLB error interrupts indicate a potential memory issue or hardware fault."",   ""remediation"": ""Check system memory and replace faulty memory module if identified."" }",43.84,740.41,85261
qwen2.5-14b,bgl,1,zero_shot,80,False,NORMAL,True,medium,"DDR errors indicate potential hardware issues with memory modules, specifically rank 0.","{   ""is_anomaly"": true,   ""severity"": ""medium"",   ""root_cause"": ""DDR errors indicate potential hardware issues with memory modules, specifically rank 0."",   ""remediation"": ""Perform a memory diagnostic test and consider replacing the faulty memory module."" }",43.84,740.41,85261
qwen2.5-14b,bgl,1,zero_shot,81,False,NORMAL,True,high,"Multiple core files are being generated, indicating potential crashes or segmentation faults in the system.","{   ""is_anomaly"": true,   ""severity"": ""high"",   ""root_cause"": ""Multiple core files are being generated, indicating potential crashes or segmentation faults in the system."",   ""remediation"": ""Investigate the application logs and system crash dumps to identify and fix the underlying issue causing the crashes."" }",43.84,740.41,85261
qwen2.5-14b,bgl,1,zero_shot,82,True,KERNSTOR,True,high,Multiple consecutive 'data storage interrupt' log entries indicate a potential issue with the data storage system.,"{   ""is_anomaly"": true,   ""severity"": ""high"",   ""root_cause"": ""Multiple consecutive 'data storage interrupt' log entries indicate a potential issue with the data storage system."",   ""remediation"": ""Check the storage system's health and connectivity, and consider restarting the storage service if necessary."" }",43.84,740.41,85261
qwen2.5-14b,bgl,1,zero_shot,83,True,KERNRTSP,True,high,Multiple DDR errors and a panic indicate a serious hardware issue or memory corruption.,"{   ""is_anomaly"": true,   ""severity"": ""high"",   ""root_cause"": ""Multiple DDR errors and a panic indicate a serious hardware issue or memory corruption."",   ""remediation"": ""Perform a hardware check and memory diagnostics to identify and replace faulty components."" }",43.84,740.41,85261
qwen2.5-14b,bgl,1,zero_shot,84,False,NORMAL,True,high,"Multiple core files are being generated, indicating potential crashes or segmentation faults in the application.","{   ""is_anomaly"": true,   ""severity"": ""high"",   ""root_cause"": ""Multiple core files are being generated, indicating potential crashes or segmentation faults in the application."",   ""remediation"": ""Investigate the application code and system resources to identify and fix the cause of the crashes."" }",43.84,740.41,85261
qwen2.5-14b,bgl,1,zero_shot,85,False,NORMAL,True,high,"The system is generating multiple core files, indicating potential crashes or segmentation faults in the application.","{   ""is_anomaly"": true,   ""severity"": ""high"",   ""root_cause"": ""The system is generating multiple core files, indicating potential crashes or segmentation faults in the application."",   ""remediation"": ""Investigate the application code and system resources to identify and fix the cause of the crashes."" }",43.84,740.41,85261
qwen2.5-14b,bgl,1,zero_shot,86,True,KERNSTOR,True,medium,Repeated data storage interrupts at the same address suggest a potential hardware issue or memory corruption.,"{   ""is_anomaly"": true,   ""severity"": ""medium"",   ""root_cause"": ""Repeated data storage interrupts at the same address suggest a potential hardware issue or memory corruption."",   ""remediation"": ""Investigate hardware health and memory integrity, possibly run diagnostics or replace faulty components."" }",43.84,740.41,85261
qwen2.5-14b,bgl,1,zero_shot,87,True,KERNTERM,True,high,"The system kernel is repeatedly terminating, indicating a critical system failure.","{   ""is_anomaly"": true,   ""severity"": ""high"",   ""root_cause"": ""The system kernel is repeatedly terminating, indicating a critical system failure."",   ""remediation"": ""Restart the system and investigate kernel logs for more detailed error messages."" }",43.84,740.41,85261
qwen2.5-14b,bgl,1,zero_shot,88,True,APPSEV,True,medium,"Multiple CioStream sockets to the same IP address are experiencing severed links, indicating a potential network issue or server instability.","{   ""is_anomaly"": true,   ""severity"": ""medium"",   ""root_cause"": ""Multiple CioStream sockets to the same IP address are experiencing severed links, indicating a potential network issue or server instability."",   ""remediation"": ""Check the network connectivity and server status of 172.16.96.116, and restart the service if necessary."" }",43.84,740.41,85261
qwen2.5-14b,bgl,1,zero_shot,89,True,KERNDTLB,True,medium,Multiple data TLB error interrupts indicate a potential memory issue or hardware fault.,"{   ""is_anomaly"": true,   ""severity"": ""medium"",   ""root_cause"": ""Multiple data TLB error interrupts indicate a potential memory issue or hardware fault."",   ""remediation"": ""Check system memory and replace faulty memory module if identified."" }",43.84,740.41,85261
qwen2.5-14b,bgl,1,zero_shot,90,True,KERNDTLB,True,medium,Multiple data TLB error interrupts indicate a potential memory issue or hardware fault.,"{   ""is_anomaly"": true,   ""severity"": ""medium"",   ""root_cause"": ""Multiple data TLB error interrupts indicate a potential memory issue or hardware fault."",   ""remediation"": ""Check system memory and replace faulty memory module if identified."" }",43.84,740.41,85261
qwen2.5-14b,bgl,1,zero_shot,91,True,APPREAD,True,medium,Multiple failures to read message prefix on control stream from the same IP address indicate a potential network issue or service instability.,"{   ""is_anomaly"": true,   ""severity"": ""medium"",   ""root_cause"": ""Multiple failures to read message prefix on control stream from the same IP address indicate a potential network issue or service instability."",   ""remediation"": ""Check network connectivity and service status of the IP address 172.16.96.116."" }",43.84,740.41,85261
qwen2.5-14b,bgl,1,zero_shot,92,False,NORMAL,True,high,"Multiple core files are being generated, indicating potential crashes or segmentation faults in the application.","{   ""is_anomaly"": true,   ""severity"": ""high"",   ""root_cause"": ""Multiple core files are being generated, indicating potential crashes or segmentation faults in the application."",   ""remediation"": ""Investigate the application code and system resources to identify and fix the cause of the crashes."" }",43.84,740.41,85261
qwen2.5-14b,bgl,1,zero_shot,93,False,NORMAL,True,high,"Multiple core files are being generated, indicating potential crashes or segmentation faults in the application.","{   ""is_anomaly"": true,   ""severity"": ""high"",   ""root_cause"": ""Multiple core files are being generated, indicating potential crashes or segmentation faults in the application."",   ""remediation"": ""Investigate the application code and system resources to identify and fix the cause of the crashes."" }",43.84,740.41,85261
qwen2.5-14b,bgl,1,zero_shot,94,True,KERNDTLB,True,medium,Multiple data TLB error interrupts indicate a potential memory issue or hardware fault.,"{   ""is_anomaly"": true,   ""severity"": ""medium"",   ""root_cause"": ""Multiple data TLB error interrupts indicate a potential memory issue or hardware fault."",   ""remediation"": ""Check system memory and replace faulty memory module if identified."" }",43.84,740.41,85261
qwen2.5-14b,bgl,1,zero_shot,95,False,NORMAL,False,low,none,"{   ""is_anomaly"": false,   ""severity"": ""low"",   ""root_cause"": ""none"",   ""remediation"": ""none"" }",43.84,740.41,85261
qwen2.5-14b,bgl,1,zero_shot,96,False,NORMAL,False,low,none,"{   ""is_anomaly"": false,   ""severity"": ""low"",   ""root_cause"": ""none"",   ""remediation"": ""none"" }",43.84,740.41,85261
qwen2.5-14b,bgl,1,zero_shot,97,True,KERNDTLB,True,medium,Multiple data TLB error interrupts indicate a potential memory issue or hardware fault.,"{   ""is_anomaly"": true,   ""severity"": ""medium"",   ""root_cause"": ""Multiple data TLB error interrupts indicate a potential memory issue or hardware fault."",   ""remediation"": ""Check system memory and replace faulty memory module if identified."" }",43.84,740.41,85261
qwen2.5-14b,bgl,1,zero_shot,98,False,NORMAL,False,low,none,"{   ""is_anomaly"": false,   ""severity"": ""low"",   ""root_cause"": ""none"",   ""remediation"": ""none"" }",43.84,740.41,85261
qwen2.5-14b,bgl,1,zero_shot,99,False,NORMAL,True,high,"Multiple core files are being generated, indicating potential crashes or segmentation faults in the system.","{   ""is_anomaly"": true,   ""severity"": ""high"",   ""root_cause"": ""Multiple core files are being generated, indicating potential crashes or segmentation faults in the system."",   ""remediation"": ""Investigate the application logs and system crash dumps to identify and fix the underlying issue causing the crashes."" }",43.84,740.41,85261
qwen2.5-14b,bgl,1,zero_shot,100,False,NORMAL,True,high,"Multiple core files are being generated, indicating potential crashes or segmentation faults in the application.","{   ""is_anomaly"": true,   ""severity"": ""high"",   ""root_cause"": ""Multiple core files are being generated, indicating potential crashes or segmentation faults in the application."",   ""remediation"": ""Investigate the application code and system resources to identify and fix the cause of the crashes."" }",43.84,740.41,85261
qwen2.5-14b,bgl,1,zero_shot,101,True,KERNSTOR,True,high,Multiple consecutive 'data storage interrupt' log entries indicate a potential issue with the data storage system.,"{   ""is_anomaly"": true,   ""severity"": ""high"",   ""root_cause"": ""Multiple consecutive 'data storage interrupt' log entries indicate a potential issue with the data storage system."",   ""remediation"": ""Check the storage system's health and connectivity, and consider restarting the storage service if necessary."" }",43.84,740.41,85261
qwen2.5-14b,bgl,1,zero_shot,102,False,NORMAL,False,low,none,"{   ""is_anomaly"": false,   ""severity"": ""low"",   ""root_cause"": ""none"",   ""remediation"": ""none"" }",43.84,740.41,85261
qwen2.5-14b,bgl,1,zero_shot,103,True,KERNDTLB,True,medium,Multiple data TLB error interrupts indicate a potential memory issue or hardware fault.,"{   ""is_anomaly"": true,   ""severity"": ""medium"",   ""root_cause"": ""Multiple data TLB error interrupts indicate a potential memory issue or hardware fault."",   ""remediation"": ""Check system memory and replace faulty memory module if identified."" }",43.84,740.41,85261
qwen2.5-14b,bgl,1,zero_shot,104,False,NORMAL,True,high,"Multiple core files are being generated, indicating potential crashes or segmentation faults in the application.","{   ""is_anomaly"": true,   ""severity"": ""high"",   ""root_cause"": ""Multiple core files are being generated, indicating potential crashes or segmentation faults in the application."",   ""remediation"": ""Investigate the application code and system for memory leaks or other issues causing crashes, and apply necessary fixes."" }",43.84,740.41,85261
qwen2.5-14b,bgl,1,zero_shot,105,False,NORMAL,True,medium,High frequency of 'double-hummer alignment exceptions' indicating a potential misalignment or configuration issue in the system.,"{   ""is_anomaly"": true,   ""severity"": ""medium"",   ""root_cause"": ""High frequency of 'double-hummer alignment exceptions' indicating a potential misalignment or configuration issue in the system."",   ""remediation"": ""Review and adjust the alignment settings or configurations related to 'double-hummer' to resolve the exceptions."" }",43.84,740.41,85261
qwen2.5-14b,bgl,1,zero_shot,106,True,KERNDTLB,True,medium,Multiple data TLB error interrupts indicate a potential memory issue or hardware fault.,"{   ""is_anomaly"": true,   ""severity"": ""medium"",   ""root_cause"": ""Multiple data TLB error interrupts indicate a potential memory issue or hardware fault."",   ""remediation"": ""Check system memory and replace faulty memory module if identified."" }",43.84,740.41,85261
qwen2.5-14b,bgl,1,zero_shot,107,True,KERNDTLB,True,medium,Multiple data TLB error interrupts indicate a potential memory issue or hardware fault.,"{   ""is_anomaly"": true,   ""severity"": ""medium"",   ""root_cause"": ""Multiple data TLB error interrupts indicate a potential memory issue or hardware fault."",   ""remediation"": ""Check system memory and replace faulty memory module if identified."" }",43.84,740.41,85261
qwen2.5-14b,bgl,1,zero_shot,108,True,KERNDTLB,True,medium,Multiple data TLB error interrupts indicate a potential memory issue or hardware fault.,"{   ""is_anomaly"": true,   ""severity"": ""medium"",   ""root_cause"": ""Multiple data TLB error interrupts indicate a potential memory issue or hardware fault."",   ""remediation"": ""Check system memory and replace faulty memory module if identified."" }",43.84,740.41,85261
qwen2.5-14b,bgl,1,zero_shot,109,True,APPREAD,True,medium,Multiple failures to read message prefix on control stream from the same IP address indicate a potential network issue or service instability.,"{   ""is_anomaly"": true,   ""severity"": ""medium"",   ""root_cause"": ""Multiple failures to read message prefix on control stream from the same IP address indicate a potential network issue or service instability."",   ""remediation"": ""Check network connectivity and service status of the IP address 172.16.96.116."" }",43.84,740.41,85261
qwen2.5-14b,bgl,1,zero_shot,110,False,NORMAL,True,medium,"Multiple DDR (Double Data Rate) errors detected on the same memory rank and symbol, indicating potential hardware instability or failure.","{   ""is_anomaly"": true,   ""severity"": ""medium"",   ""root_cause"": ""Multiple DDR (Double Data Rate) errors detected on the same memory rank and symbol, indicating potential hardware instability or failure."",   ""remediation"": ""Perform a memory diagnostic test and consider replacing the faulty memory module."" }",43.84,740.41,85261
qwen2.5-14b,bgl,1,zero_shot,111,False,NORMAL,False,low,none,"{   ""is_anomaly"": false,   ""severity"": ""low"",   ""root_cause"": ""none"",   ""remediation"": ""none"" }",43.84,740.41,85261
qwen2.5-14b,bgl,1,zero_shot,112,True,KERNDTLB,True,medium,Multiple data TLB error interrupts indicate a potential memory issue or hardware fault.,"{   ""is_anomaly"": true,   ""severity"": ""medium"",   ""root_cause"": ""Multiple data TLB error interrupts indicate a potential memory issue or hardware fault."",   ""remediation"": ""Check system memory and replace faulty memory module if identified."" }",43.84,740.41,85261
qwen2.5-14b,bgl,1,zero_shot,113,False,NORMAL,True,medium,Multiple floating point alignment exceptions indicate potential issues with data alignment or floating point operations in the system.,"{   ""is_anomaly"": true,   ""severity"": ""medium"",   ""root_cause"": ""Multiple floating point alignment exceptions indicate potential issues with data alignment or floating point operations in the system."",   ""remediation"": ""Review and adjust data alignment or optimize floating point operations in the code."" }",43.84,740.41,85261
qwen2.5-14b,bgl,1,zero_shot,114,True,APPSEV,True,medium,"Multiple CioStream sockets to the same IP address have been severed, indicating a potential network issue or server problem.","{   ""is_anomaly"": true,   ""severity"": ""medium"",   ""root_cause"": ""Multiple CioStream sockets to the same IP address have been severed, indicating a potential network issue or server problem."",   ""remediation"": ""Check the network connectivity and the status of the server at IP 172.16.96.116."" }",43.84,740.41,85261
qwen2.5-14b,bgl,1,zero_shot,115,False,NORMAL,True,medium,"The file /home/glosli/src/ddcMD/ddcMD1.1.18a/bin/ddcMDbglV is missing or invalid, causing repeated loading errors.","{   ""is_anomaly"": true,   ""severity"": ""medium"",   ""root_cause"": ""The file /home/glosli/src/ddcMD/ddcMD1.1.18a/bin/ddcMDbglV is missing or invalid, causing repeated loading errors."",   ""remediation"": ""Check the file path and ensure the file exists and is correctly installed."" }",43.84,740.41,85261
qwen2.5-14b,bgl,1,zero_shot,116,True,KERNDTLB,True,medium,Multiple data TLB error interrupts indicate a potential memory issue or hardware fault.,"{   ""is_anomaly"": true,   ""severity"": ""medium"",   ""root_cause"": ""Multiple data TLB error interrupts indicate a potential memory issue or hardware fault."",   ""remediation"": ""Check system memory and replace faulty memory module if identified."" }",43.84,740.41,85261
qwen2.5-14b,bgl,1,zero_shot,117,False,NORMAL,False,low,none,"{   ""is_anomaly"": false,   ""severity"": ""low"",   ""root_cause"": ""none"",   ""remediation"": ""none"" }",43.84,740.41,85261
qwen2.5-14b,bgl,1,zero_shot,118,True,APPBUSY,True,medium,"The node map file is being accessed by another process, causing 'Device or resource busy' errors.","{   ""is_anomaly"": true,   ""severity"": ""medium"",   ""root_cause"": ""The node map file is being accessed by another process, causing 'Device or resource busy' errors."",   ""remediation"": ""Check if another process is using the file and terminate it if necessary, or wait until the file is no longer in use."" }",43.84,740.41,85261
qwen2.5-14b,bgl,1,zero_shot,119,False,NORMAL,True,medium,"The file /home/glosli/src/ddcMD/ddcMD1.1.13/bin/ddcMDbglV is missing or invalid, causing repeated loading errors.","{   ""is_anomaly"": true,   ""severity"": ""medium"",   ""root_cause"": ""The file /home/glosli/src/ddcMD/ddcMD1.1.13/bin/ddcMDbglV is missing or invalid, causing repeated loading errors."",   ""remediation"": ""Check the file path and ensure the file exists and is correctly installed."" }",43.84,740.41,85261
qwen2.5-14b,bgl,1,zero_shot,120,False,NORMAL,True,medium,Multiple data cache search parity errors indicate a potential hardware issue or data corruption.,"{   ""is_anomaly"": true,   ""severity"": ""medium"",   ""root_cause"": ""Multiple data cache search parity errors indicate a potential hardware issue or data corruption."",   ""remediation"": ""Run hardware diagnostics and check for data integrity issues."" }",43.84,740.41,85261
qwen2.5-14b,bgl,1,zero_shot,121,True,KERNDTLB,True,medium,Multiple data TLB error interrupts indicate a potential memory issue or hardware fault.,"{   ""is_anomaly"": true,   ""severity"": ""medium"",   ""root_cause"": ""Multiple data TLB error interrupts indicate a potential memory issue or hardware fault."",   ""remediation"": ""Check system memory and replace faulty memory module if identified."" }",43.84,740.41,85261
qwen2.5-14b,bgl,1,zero_shot,122,False,NORMAL,True,high,"The system is encountering repeated privileged instruction faults, indicating a potential issue with the program's execution or a security breach.","{   ""is_anomaly"": true,   ""severity"": ""high"",   ""root_cause"": ""The system is encountering repeated privileged instruction faults, indicating a potential issue with the program's execution or a security breach."",   ""remediation"": ""Investigate the program's code and permissions, and check for any unauthorized access or code modifications."" }",43.84,740.41,85261
qwen2.5-14b,bgl,1,zero_shot,123,True,KERNMNT,True,high,"The system is unable to mount the filesystem, indicating a critical issue with storage or the filesystem itself.","{   ""is_anomaly"": true,   ""severity"": ""high"",   ""root_cause"": ""The system is unable to mount the filesystem, indicating a critical issue with storage or the filesystem itself."",   ""remediation"": ""Check the storage hardware and filesystem integrity, and attempt to remount the filesystem."" }",43.84,740.41,85261
qwen2.5-14b,bgl,1,zero_shot,124,False,NORMAL,True,high,"Multiple core files are being generated, indicating potential crashes or segmentation faults in the system.","{   ""is_anomaly"": true,   ""severity"": ""high"",   ""root_cause"": ""Multiple core files are being generated, indicating potential crashes or segmentation faults in the system."",   ""remediation"": ""Investigate the application logs and system crash dumps to identify and fix the underlying issue causing the crashes."" }",43.84,740.41,85261
qwen2.5-14b,bgl,1,zero_shot,125,True,KERNDTLB,True,medium,Multiple data TLB error interrupts indicate a potential memory issue or hardware fault.,"{   ""is_anomaly"": true,   ""severity"": ""medium"",   ""root_cause"": ""Multiple data TLB error interrupts indicate a potential memory issue or hardware fault."",   ""remediation"": ""Check system memory and replace faulty memory module if identified."" }",43.84,740.41,85261
qwen2.5-14b,bgl,1,zero_shot,126,True,APPSEV,True,medium,"Multiple CioStream socket connections to the same IP address have been severed, indicating a potential network issue or server shutdown.","{   ""is_anomaly"": true,   ""severity"": ""medium"",   ""root_cause"": ""Multiple CioStream socket connections to the same IP address have been severed, indicating a potential network issue or server shutdown."",   ""remediation"": ""Check the network connectivity to 172.16.96.116 and ensure the server is up and running."" }",43.84,740.41,85261
qwen2.5-14b,bgl,1,zero_shot,127,True,KERNDTLB,True,medium,Multiple data TLB error interrupts indicate a potential memory issue or hardware fault.,"{   ""is_anomaly"": true,   ""severity"": ""medium"",   ""root_cause"": ""Multiple data TLB error interrupts indicate a potential memory issue or hardware fault."",   ""remediation"": ""Check system memory and replace faulty memory module if identified."" }",43.84,740.41,85261
qwen2.5-14b,bgl,1,zero_shot,128,False,NORMAL,False,low,none,"{   ""is_anomaly"": false,   ""severity"": ""low"",   ""root_cause"": ""none"",   ""remediation"": ""none"" }",43.84,740.41,85261
qwen2.5-14b,bgl,1,zero_shot,129,False,NORMAL,True,high,"Multiple core files are being generated, indicating potential crashes or segmentation faults in the application.","{   ""is_anomaly"": true,   ""severity"": ""high"",   ""root_cause"": ""Multiple core files are being generated, indicating potential crashes or segmentation faults in the application."",   ""remediation"": ""Investigate the application code and system resources to identify and fix the cause of the crashes."" }",43.84,740.41,85261
qwen2.5-14b,bgl,1,zero_shot,130,True,KERNSTOR,True,high,Multiple consecutive 'data storage interrupt' log entries indicate a potential issue with the data storage system.,"{   ""is_anomaly"": true,   ""severity"": ""high"",   ""root_cause"": ""Multiple consecutive 'data storage interrupt' log entries indicate a potential issue with the data storage system."",   ""remediation"": ""Check the storage system's health and connectivity, and consider restarting the storage service if necessary."" }",43.84,740.41,85261
qwen2.5-14b,bgl,1,zero_shot,131,True,KERNDTLB,True,medium,Multiple data TLB error interrupts indicate a potential memory issue or hardware fault.,"{   ""is_anomaly"": true,   ""severity"": ""medium"",   ""root_cause"": ""Multiple data TLB error interrupts indicate a potential memory issue or hardware fault."",   ""remediation"": ""Check system memory and replace faulty memory module if identified."" }",43.84,740.41,85261
qwen2.5-14b,bgl,1,zero_shot,132,False,NORMAL,False,low,none,"{   ""is_anomaly"": false,   ""severity"": ""low"",   ""root_cause"": ""none"",   ""remediation"": ""none"" }",43.84,740.41,85261
qwen2.5-14b,bgl,1,zero_shot,133,False,NORMAL,True,medium,Multiple instruction cache parity errors indicate potential hardware instability or failure.,"{   ""is_anomaly"": true,   ""severity"": ""medium"",   ""root_cause"": ""Multiple instruction cache parity errors indicate potential hardware instability or failure."",   ""remediation"": ""Schedule a hardware check and possibly replace the faulty component."" }",43.84,740.41,85261
qwen2.5-14b,bgl,1,zero_shot,134,False,NORMAL,True,high,"Multiple core files are being generated, indicating potential crashes or segmentation faults in the application.","{   ""is_anomaly"": true,   ""severity"": ""high"",   ""root_cause"": ""Multiple core files are being generated, indicating potential crashes or segmentation faults in the application."",   ""remediation"": ""Investigate the application code and system resources to identify and fix the cause of the crashes."" }",43.84,740.41,85261
qwen2.5-14b,bgl,1,zero_shot,135,False,NORMAL,True,high,Multiple 'double-hummer alignment exceptions' indicate a critical misalignment issue in the system.,"{   ""is_anomaly"": true,   ""severity"": ""high"",   ""root_cause"": ""Multiple 'double-hummer alignment exceptions' indicate a critical misalignment issue in the system."",   ""remediation"": ""Restart the affected service or component to resolve the misalignment issue."" }",43.84,740.41,85261
qwen2.5-14b,bgl,1,zero_shot,136,True,APPSEV,True,medium,"Multiple CioStream socket connections to the same IP have been severed, indicating a possible network issue or server shutdown.","{   ""is_anomaly"": true,   ""severity"": ""medium"",   ""root_cause"": ""Multiple CioStream socket connections to the same IP have been severed, indicating a possible network issue or server shutdown."",   ""remediation"": ""Check network connectivity to 172.16.96.116 and restart the service if necessary."" }",43.84,740.41,85261
qwen2.5-14b,bgl,1,zero_shot,137,False,NORMAL,True,high,"The system is generating multiple core files, indicating potential crashes or segmentation faults.","{   ""is_anomaly"": true,   ""severity"": ""high"",   ""root_cause"": ""The system is generating multiple core files, indicating potential crashes or segmentation faults."",   ""remediation"": ""Investigate the application logs and system crash dumps to identify and fix the underlying issue causing the crashes."" }",43.84,740.41,85261
qwen2.5-14b,bgl,1,zero_shot,138,True,KERNDTLB,True,medium,Multiple data TLB error interrupts indicate a potential memory issue or hardware fault.,"{   ""is_anomaly"": true,   ""severity"": ""medium"",   ""root_cause"": ""Multiple data TLB error interrupts indicate a potential memory issue or hardware fault."",   ""remediation"": ""Check system memory and replace faulty memory module if identified."" }",43.84,740.41,85261
qwen2.5-14b,bgl,1,zero_shot,139,True,KERNDTLB,True,medium,Multiple data TLB error interrupts indicate a potential memory issue or hardware fault.,"{   ""is_anomaly"": true,   ""severity"": ""medium"",   ""root_cause"": ""Multiple data TLB error interrupts indicate a potential memory issue or hardware fault."",   ""remediation"": ""Check system memory and replace faulty memory module if identified."" }",43.84,740.41,85261
qwen2.5-14b,bgl,1,zero_shot,140,False,NORMAL,True,high,"Multiple core files are being generated, indicating potential crashes or segmentation faults in the application.","{   ""is_anomaly"": true,   ""severity"": ""high"",   ""root_cause"": ""Multiple core files are being generated, indicating potential crashes or segmentation faults in the application."",   ""remediation"": ""Investigate the application code and system resources to identify and fix the cause of the crashes."" }",43.84,740.41,85261
qwen2.5-14b,bgl,1,zero_shot,141,False,NORMAL,False,low,none,"{   ""is_anomaly"": false,   ""severity"": ""low"",   ""root_cause"": ""none"",   ""remediation"": ""none"" }",43.84,740.41,85261
qwen2.5-14b,bgl,1,zero_shot,142,True,KERNSTOR,True,medium,Repeated data storage interrupts at the same address suggest a potential hardware issue or data corruption.,"{   ""is_anomaly"": true,   ""severity"": ""medium"",   ""root_cause"": ""Repeated data storage interrupts at the same address suggest a potential hardware issue or data corruption."",   ""remediation"": ""Check the hardware health and integrity of the data storage at address 0x00000002."" }",43.84,740.41,85261
qwen2.5-14b,bgl,1,zero_shot,143,False,NORMAL,True,high,"Multiple core files are being generated, indicating potential crashes or segmentation faults in the application.","{   ""is_anomaly"": true,   ""severity"": ""high"",   ""root_cause"": ""Multiple core files are being generated, indicating potential crashes or segmentation faults in the application."",   ""remediation"": ""Investigate the application code and system resources to identify and fix the cause of the crashes."" }",43.84,740.41,85261
qwen2.5-14b,bgl,1,zero_shot,144,True,APPSEV,True,medium,"Multiple CioStream sockets to the same IP address have been severed, indicating a potential network issue or server problem.","{   ""is_anomaly"": true,   ""severity"": ""medium"",   ""root_cause"": ""Multiple CioStream sockets to the same IP address have been severed, indicating a potential network issue or server problem."",   ""remediation"": ""Check the network connectivity to 172.16.96.116 and restart the service if necessary."" }",43.84,740.41,85261
qwen2.5-14b,bgl,1,zero_shot,145,False,NORMAL,True,medium,"The system is experiencing illegal instruction errors and data store interrupts, indicating potential issues with the program code or hardware.","{   ""is_anomaly"": true,   ""severity"": ""medium"",   ""root_cause"": ""The system is experiencing illegal instruction errors and data store interrupts, indicating potential issues with the program code or hardware."",   ""remediation"": ""Review the program code for illegal instructions and check hardware for any faults or misconfigurations."" }",43.84,740.41,85261
qwen2.5-14b,bgl,1,zero_shot,146,True,KERNDTLB,True,medium,Multiple data TLB error interrupts indicate a potential memory issue or hardware fault.,"{   ""is_anomaly"": true,   ""severity"": ""medium"",   ""root_cause"": ""Multiple data TLB error interrupts indicate a potential memory issue or hardware fault."",   ""remediation"": ""Check system memory and replace faulty memory module if identified."" }",43.84,740.41,85261
qwen2.5-14b,bgl,1,zero_shot,147,True,KERNDTLB,True,medium,Multiple data TLB error interrupts indicate a potential memory issue or hardware fault.,"{   ""is_anomaly"": true,   ""severity"": ""medium"",   ""root_cause"": ""Multiple data TLB error interrupts indicate a potential memory issue or hardware fault."",   ""remediation"": ""Check system memory and replace faulty memory module if identified."" }",43.84,740.41,85261
qwen2.5-14b,bgl,1,zero_shot,148,False,NORMAL,True,medium,"Multiple core files are being generated, indicating potential crashes or segmentation faults in the application.","{   ""is_anomaly"": true,   ""severity"": ""medium"",   ""root_cause"": ""Multiple core files are being generated, indicating potential crashes or segmentation faults in the application."",   ""remediation"": ""Investigate the application code and system resources to identify and fix the cause of the crashes."" }",43.84,740.41,85261
qwen2.5-14b,bgl,1,zero_shot,149,True,KERNMNTF,True,high,"Multiple Lustre mounts failed for the same mount point /p/gb1 on different nodes, indicating a potential network or storage issue.","{   ""is_anomaly"": true,   ""severity"": ""high"",   ""root_cause"": ""Multiple Lustre mounts failed for the same mount point /p/gb1 on different nodes, indicating a potential network or storage issue."",   ""remediation"": ""Check the Lustre network and storage subsystems for any connectivity or configuration issues."" }",43.84,740.41,85261
qwen2.5-14b,hdfs,1,zero_shot,150,True,Anomaly,False,low,none,"{   ""is_anomaly"": false,   ""severity"": ""low"",   ""root_cause"": ""none"",   ""remediation"": ""none"" }",43.84,740.41,85261
qwen2.5-14b,hdfs,1,zero_shot,151,True,Anomaly,False,low,none,"{   ""is_anomaly"": false,   ""severity"": ""low"",   ""root_cause"": ""none"",   ""remediation"": ""none"" }",43.84,740.41,85261
qwen2.5-14b,hdfs,1,zero_shot,152,True,Anomaly,True,medium,"DataXceiver encountered an IOException while writing a block, indicating a potential issue with data corruption or network instability.","{   ""is_anomaly"": true,   ""severity"": ""medium"",   ""root_cause"": ""DataXceiver encountered an IOException while writing a block, indicating a potential issue with data corruption or network instability."",   ""remediation"": ""Check network connectivity and data integrity between nodes, and restart the DataNode service if necessary."" }",43.84,740.41,85261
qwen2.5-14b,hdfs,1,zero_shot,153,True,Anomaly,False,low,"normal termination of packet responders and receipt of blocks, no anomaly detected","{   ""is_anomaly"": false,   ""severity"": ""low"",   ""root_cause"": ""normal termination of packet responders and receipt of blocks, no anomaly detected"",   ""remediation"": ""none"" }",43.84,740.41,85261
qwen2.5-14b,hdfs,1,zero_shot,154,True,Anomaly,False,low,none,"{   ""is_anomaly"": false,   ""severity"": ""low"",   ""root_cause"": ""none"",   ""remediation"": ""none"" }",43.84,740.41,85261
qwen2.5-14b,hdfs,1,zero_shot,155,False,NORMAL,True,medium,"PacketResponders for two blocks are terminating without a clear reason, indicating potential issues with block handling or communication.","{   ""is_anomaly"": true,   ""severity"": ""medium"",   ""root_cause"": ""PacketResponders for two blocks are terminating without a clear reason, indicating potential issues with block handling or communication."",   ""remediation"": ""Review the DataNode logs for more detailed error messages and check network connectivity between nodes."" }",43.84,740.41,85261
qwen2.5-14b,hdfs,1,zero_shot,156,False,NORMAL,False,low,normal block deletion process as part of HDFS maintenance,"{   ""is_anomaly"": false,   ""severity"": ""low"",   ""root_cause"": ""normal block deletion process as part of HDFS maintenance"",   ""remediation"": ""none"" }",43.84,740.41,85261
qwen2.5-14b,hdfs,1,zero_shot,157,True,Anomaly,True,medium,"PacketResponder termination events are observed without corresponding 'Received block' events for the same block IDs, indicating potential data corruption or network issues.","{   ""is_anomaly"": true,   ""severity"": ""medium"",   ""root_cause"": ""PacketResponder termination events are observed without corresponding 'Received block' events for the same block IDs, indicating potential data corruption or network issues."",   ""remediation"": ""Check network connectivity and data integrity for the DataNode, and restart the DataNode service if necessary."" }",43.84,740.41,85261
qwen2.5-14b,hdfs,1,zero_shot,158,True,Anomaly,False,low,normal block deletion operations are being performed,"{   ""is_anomaly"": false,   ""severity"": ""low"",   ""root_cause"": ""normal block deletion operations are being performed"",   ""remediation"": ""none"" }",43.84,740.41,85261
qwen2.5-14b,hdfs,1,zero_shot,159,False,NORMAL,False,low,none,"{   ""is_anomaly"": false,   ""severity"": ""low"",   ""root_cause"": ""none"",   ""remediation"": ""none"" }",43.84,740.41,85261
qwen2.5-14b,hdfs,1,zero_shot,160,False,NORMAL,False,low,normal block deletion process as part of HDFS maintenance,"{   ""is_anomaly"": false,   ""severity"": ""low"",   ""root_cause"": ""normal block deletion process as part of HDFS maintenance"",   ""remediation"": ""none"" }",43.84,740.41,85261
qwen2.5-14b,hdfs,1,zero_shot,161,False,NORMAL,False,low,none,"{   ""is_anomaly"": false,   ""severity"": ""low"",   ""root_cause"": ""none"",   ""remediation"": ""none"" }",43.84,740.41,85261
qwen2.5-14b,hdfs,1,zero_shot,162,True,Anomaly,False,low,none,"{   ""is_anomaly"": false,   ""severity"": ""low"",   ""root_cause"": ""none"",   ""remediation"": ""none"" }",43.84,740.41,85261
qwen2.5-14b,hdfs,1,zero_shot,163,False,NORMAL,True,medium,"Multiple exceptions occurred while serving blocks to clients, indicating potential network or data corruption issues.","{   ""is_anomaly"": true,   ""severity"": ""medium"",   ""root_cause"": ""Multiple exceptions occurred while serving blocks to clients, indicating potential network or data corruption issues."",   ""remediation"": ""Check network connectivity and data integrity for the affected blocks and nodes."" }",43.84,740.41,85261
qwen2.5-14b,hdfs,1,zero_shot,164,False,NORMAL,False,low,none,"{   ""is_anomaly"": false,   ""severity"": ""low"",   ""root_cause"": ""none"",   ""remediation"": ""none"" }",43.84,740.41,85261
qwen2.5-14b,hdfs,1,zero_shot,165,False,NORMAL,False,low,none,"{   ""is_anomaly"": false,   ""severity"": ""low"",   ""root_cause"": ""none"",   ""remediation"": ""none"" }",43.84,740.41,85261
qwen2.5-14b,hdfs,1,zero_shot,166,False,NORMAL,True,medium,"Blocks are being marked as invalid, indicating potential data corruption or node failure.","{   ""is_anomaly"": true,   ""severity"": ""medium"",   ""root_cause"": ""Blocks are being marked as invalid, indicating potential data corruption or node failure."",   ""remediation"": ""Check the health of the nodes involved and verify the integrity of the data blocks."" }",43.84,740.41,85261
qwen2.5-14b,hdfs,1,zero_shot,167,True,Anomaly,False,low,normal block deletion process as part of HDFS operations,"{   ""is_anomaly"": false,   ""severity"": ""low"",   ""root_cause"": ""normal block deletion process as part of HDFS operations"",   ""remediation"": ""none"" }",43.84,740.41,85261
qwen2.5-14b,hdfs,1,zero_shot,168,False,NORMAL,False,low,none,"{   ""is_anomaly"": false,   ""severity"": ""low"",   ""root_cause"": ""none"",   ""remediation"": ""none"" }",43.84,740.41,85261
qwen2.5-14b,hdfs,1,zero_shot,169,False,NORMAL,False,low,none,"{   ""is_anomaly"": false,   ""severity"": ""low"",   ""root_cause"": ""none"",   ""remediation"": ""none"" }",43.84,740.41,85261
qwen2.5-14b,hdfs,1,zero_shot,170,False,NORMAL,False,low,none,"{   ""is_anomaly"": false,   ""severity"": ""low"",   ""root_cause"": ""none"",   ""remediation"": ""none"" }",43.84,740.41,85261
qwen2.5-14b,hdfs,1,zero_shot,171,False,NORMAL,False,low,none,"{   ""is_anomaly"": false,   ""severity"": ""low"",   ""root_cause"": ""none"",   ""remediation"": ""none"" }",43.84,740.41,85261
qwen2.5-14b,hdfs,1,zero_shot,172,True,Anomaly,False,low,none,"{   ""is_anomaly"": false,   ""severity"": ""low"",   ""root_cause"": ""none"",   ""remediation"": ""none"" }",43.84,740.41,85261
qwen2.5-14b,hdfs,1,zero_shot,173,True,Anomaly,False,low,none,"{   ""is_anomaly"": false,   ""severity"": ""low"",   ""root_cause"": ""none"",   ""remediation"": ""none"" }",43.84,740.41,85261
qwen2.5-14b,hdfs,1,zero_shot,174,False,NORMAL,False,low,none,"{   ""is_anomaly"": false,   ""severity"": ""low"",   ""root_cause"": ""none"",   ""remediation"": ""none"" }",43.84,740.41,85261
qwen2.5-14b,hdfs,1,zero_shot,175,False,NORMAL,True,medium,"Multiple block deletions are being added to the invalidSet, indicating potential data corruption or node failure.","{   ""is_anomaly"": true,   ""severity"": ""medium"",   ""root_cause"": ""Multiple block deletions are being added to the invalidSet, indicating potential data corruption or node failure."",   ""remediation"": ""Check the health of the nodes involved and verify the integrity of the data blocks."" }",43.84,740.41,85261
qwen2.5-14b,hdfs,1,zero_shot,176,True,Anomaly,False,low,normal block deletion process as part of HDFS maintenance,"{   ""is_anomaly"": false,   ""severity"": ""low"",   ""root_cause"": ""normal block deletion process as part of HDFS maintenance"",   ""remediation"": ""none"" }",43.84,740.41,85261
qwen2.5-14b,hdfs,1,zero_shot,177,True,Anomaly,False,low,none,"{   ""is_anomaly"": false,   ""severity"": ""low"",   ""root_cause"": ""none"",   ""remediation"": ""none"" }",43.84,740.41,85261
qwen2.5-14b,hdfs,1,zero_shot,178,False,NORMAL,False,low,none,"{   ""is_anomaly"": false,   ""severity"": ""low"",   ""root_cause"": ""none"",   ""remediation"": ""none"" }",43.84,740.41,85261
qwen2.5-14b,hdfs,1,zero_shot,179,False,NORMAL,False,low,normal block deletion process as part of HDFS maintenance,"{   ""is_anomaly"": false,   ""severity"": ""low"",   ""root_cause"": ""normal block deletion process as part of HDFS maintenance"",   ""remediation"": ""none"" }",43.84,740.41,85261
qwen2.5-14b,hdfs,1,zero_shot,180,True,Anomaly,False,low,none,"{   ""is_anomaly"": false,   ""severity"": ""low"",   ""root_cause"": ""none"",   ""remediation"": ""none"" }",43.84,740.41,85261
qwen2.5-14b,hdfs,1,zero_shot,181,False,NORMAL,False,low,none,"{   ""is_anomaly"": false,   ""severity"": ""low"",   ""root_cause"": ""none"",   ""remediation"": ""none"" }",43.84,740.41,85261
qwen2.5-14b,hdfs,1,zero_shot,182,True,Anomaly,True,medium,Receiving empty packet for block blk_-9096517887581867876 indicates a potential data corruption or network issue.,"{   ""is_anomaly"": true,   ""severity"": ""medium"",   ""root_cause"": ""Receiving empty packet for block blk_-9096517887581867876 indicates a potential data corruption or network issue."",   ""remediation"": ""Check the integrity of the block and network connectivity between nodes."" }",43.84,740.41,85261
qwen2.5-14b,hdfs,1,zero_shot,183,True,Anomaly,True,medium,Multiple attempts to receive the same block (blk_-8667697604533492139) suggest a potential data corruption or network issue.,"{   ""is_anomaly"": true,   ""severity"": ""medium"",   ""root_cause"": ""Multiple attempts to receive the same block (blk_-8667697604533492139) suggest a potential data corruption or network issue."",   ""remediation"": ""Check the network connectivity and data integrity between the nodes involved."" }",43.84,740.41,85261
qwen2.5-14b,hdfs,1,zero_shot,184,True,Anomaly,True,medium,A warning indicating an exception while serving a block to a client.,"{   ""is_anomaly"": true,   ""severity"": ""medium"",   ""root_cause"": ""A warning indicating an exception while serving a block to a client."",   ""remediation"": ""Check the logs for more details on the exception and ensure the block server is functioning correctly."" }",43.84,740.41,85261
qwen2.5-14b,hdfs,1,zero_shot,185,False,NORMAL,False,low,none,"{   ""is_anomaly"": false,   ""severity"": ""low"",   ""root_cause"": ""none"",   ""remediation"": ""none"" }",43.84,740.41,85261
qwen2.5-14b,hdfs,1,zero_shot,186,True,Anomaly,False,low,none,"{   ""is_anomaly"": false,   ""severity"": ""low"",   ""root_cause"": ""none"",   ""remediation"": ""none"" }",43.84,740.41,85261
qwen2.5-14b,hdfs,1,zero_shot,187,False,NORMAL,False,low,normal block deletion process as part of HDFS maintenance,"{   ""is_anomaly"": false,   ""severity"": ""low"",   ""root_cause"": ""normal block deletion process as part of HDFS maintenance"",   ""remediation"": ""none"" }",43.84,740.41,85261
qwen2.5-14b,hdfs,1,zero_shot,188,True,Anomaly,False,low,none,"{   ""is_anomaly"": false,   ""severity"": ""low"",   ""root_cause"": ""none"",   ""remediation"": ""none"" }",43.84,740.41,85261
qwen2.5-14b,hdfs,1,zero_shot,189,False,NORMAL,False,low,none,"{   ""is_anomaly"": false,   ""severity"": ""low"",   ""root_cause"": ""none"",   ""remediation"": ""none"" }",43.84,740.41,85261
qwen2.5-14b,hdfs,1,zero_shot,190,True,Anomaly,False,low,none,"{   ""is_anomaly"": false,   ""severity"": ""low"",   ""root_cause"": ""none"",   ""remediation"": ""none"" }",43.84,740.41,85261
qwen2.5-14b,hdfs,1,zero_shot,191,True,Anomaly,False,low,none,"{   ""is_anomaly"": false,   ""severity"": ""low"",   ""root_cause"": ""none"",   ""remediation"": ""none"" }",43.84,740.41,85261
qwen2.5-14b,hdfs,1,zero_shot,192,False,NORMAL,False,low,normal block transfer and termination activities observed,"{   ""is_anomaly"": false,   ""severity"": ""low"",   ""root_cause"": ""normal block transfer and termination activities observed"",   ""remediation"": ""none"" }",43.84,740.41,85261
qwen2.5-14b,hdfs,1,zero_shot,193,True,Anomaly,True,medium,"PacketResponder for block blk_-4877481499433825863 terminated immediately after receiving the block, indicating a potential issue with block handling or processing.","{   ""is_anomaly"": true,   ""severity"": ""medium"",   ""root_cause"": ""PacketResponder for block blk_-4877481499433825863 terminated immediately after receiving the block, indicating a potential issue with block handling or processing."",   ""remediation"": ""Review the DataNode logs for any errors or warnings related to block processing and ensure that the DataNode is configured correctly."" }",43.84,740.41,85261
qwen2.5-14b,hdfs,1,zero_shot,194,True,Anomaly,False,low,none,"{   ""is_anomaly"": false,   ""severity"": ""low"",   ""root_cause"": ""none"",   ""remediation"": ""none"" }",43.84,740.41,85261
qwen2.5-14b,hdfs,1,zero_shot,195,False,NORMAL,False,low,none,"{   ""is_anomaly"": false,   ""severity"": ""low"",   ""root_cause"": ""none"",   ""remediation"": ""none"" }",43.84,740.41,85261
qwen2.5-14b,hdfs,1,zero_shot,196,False,NORMAL,False,low,normal block deletion process as part of HDFS maintenance,"{   ""is_anomaly"": false,   ""severity"": ""low"",   ""root_cause"": ""normal block deletion process as part of HDFS maintenance"",   ""remediation"": ""none"" }",43.84,740.41,85261
qwen2.5-14b,hdfs,1,zero_shot,197,True,Anomaly,False,low,none,"{   ""is_anomaly"": false,   ""severity"": ""low"",   ""root_cause"": ""none"",   ""remediation"": ""none"" }",43.84,740.41,85261
qwen2.5-14b,hdfs,1,zero_shot,198,True,Anomaly,False,low,normal block transfer and termination activities observed,"{   ""is_anomaly"": false,   ""severity"": ""low"",   ""root_cause"": ""normal block transfer and termination activities observed"",   ""remediation"": ""none"" }",43.84,740.41,85261
qwen2.5-14b,hdfs,1,zero_shot,199,True,Anomaly,False,low,normal block deletion process as part of HDFS operations,"{   ""is_anomaly"": false,   ""severity"": ""low"",   ""root_cause"": ""normal block deletion process as part of HDFS operations"",   ""remediation"": ""none"" }",43.84,740.41,85261
qwen2.5-14b,hdfs,1,zero_shot,200,False,NORMAL,False,low,none,"{   ""is_anomaly"": false,   ""severity"": ""low"",   ""root_cause"": ""none"",   ""remediation"": ""none"" }",43.84,740.41,85261
qwen2.5-14b,hdfs,1,zero_shot,201,True,Anomaly,True,medium,"Multiple exceptions occurred while serving blocks to clients, indicating potential data corruption or network issues.","{   ""is_anomaly"": true,   ""severity"": ""medium"",   ""root_cause"": ""Multiple exceptions occurred while serving blocks to clients, indicating potential data corruption or network issues."",   ""remediation"": ""Check network connectivity and data integrity between the DataNode and clients."" }",43.84,740.41,85261
qwen2.5-14b,hdfs,1,zero_shot,202,True,Anomaly,False,low,none,"{   ""is_anomaly"": false,   ""severity"": ""low"",   ""root_cause"": ""none"",   ""remediation"": ""none"" }",43.84,740.41,85261
qwen2.5-14b,hdfs,1,zero_shot,203,False,NORMAL,False,low,none,"{   ""is_anomaly"": false,   ""severity"": ""low"",   ""root_cause"": ""none"",   ""remediation"": ""none"" }",43.84,740.41,85261
qwen2.5-14b,hdfs,1,zero_shot,204,True,Anomaly,False,low,none,"{   ""is_anomaly"": false,   ""severity"": ""low"",   ""root_cause"": ""none"",   ""remediation"": ""none"" }",43.84,740.41,85261
qwen2.5-14b,hdfs,1,zero_shot,205,False,NORMAL,False,low,none,"{   ""is_anomaly"": false,   ""severity"": ""low"",   ""root_cause"": ""none"",   ""remediation"": ""none"" }",43.84,740.41,85261
qwen2.5-14b,hdfs,1,zero_shot,206,False,NORMAL,False,low,none,"{   ""is_anomaly"": false,   ""severity"": ""low"",   ""root_cause"": ""none"",   ""remediation"": ""none"" }",43.84,740.41,85261
qwen2.5-14b,hdfs,1,zero_shot,207,False,NORMAL,False,low,none,"{   ""is_anomaly"": false,   ""severity"": ""low"",   ""root_cause"": ""none"",   ""remediation"": ""none"" }",43.84,740.41,85261
qwen2.5-14b,hdfs,1,zero_shot,208,False,NORMAL,False,low,none,"{   ""is_anomaly"": false,   ""severity"": ""low"",   ""root_cause"": ""none"",   ""remediation"": ""none"" }",43.84,740.41,85261
qwen2.5-14b,hdfs,1,zero_shot,209,True,Anomaly,False,low,none,"{   ""is_anomaly"": false,   ""severity"": ""low"",   ""root_cause"": ""none"",   ""remediation"": ""none"" }",43.84,740.41,85261
qwen2.5-14b,hdfs,1,zero_shot,210,False,NORMAL,True,medium,"Blocks are being marked as invalid, indicating potential data corruption or node failure.","{   ""is_anomaly"": true,   ""severity"": ""medium"",   ""root_cause"": ""Blocks are being marked as invalid, indicating potential data corruption or node failure."",   ""remediation"": ""Check the health of the nodes involved and verify the integrity of the data blocks."" }",43.84,740.41,85261
qwen2.5-14b,hdfs,1,zero_shot,211,True,Anomaly,False,low,none,"{   ""is_anomaly"": false,   ""severity"": ""low"",   ""root_cause"": ""none"",   ""remediation"": ""none"" }",43.84,740.41,85261
qwen2.5-14b,hdfs,1,zero_shot,212,False,NORMAL,False,low,none,"{   ""is_anomaly"": false,   ""severity"": ""low"",   ""root_cause"": ""none"",   ""remediation"": ""none"" }",43.84,740.41,85261
qwen2.5-14b,hdfs,1,zero_shot,213,True,Anomaly,False,low,none,"{   ""is_anomaly"": false,   ""severity"": ""low"",   ""root_cause"": ""none"",   ""remediation"": ""none"" }",43.84,740.41,85261
qwen2.5-14b,hdfs,1,zero_shot,214,True,Anomaly,False,low,normal block deletion process,"{   ""is_anomaly"": false,   ""severity"": ""low"",   ""root_cause"": ""normal block deletion process"",   ""remediation"": ""none"" }",43.84,740.41,85261
qwen2.5-14b,hdfs,1,zero_shot,215,True,Anomaly,False,low,normal block transfer and termination activities observed,"{   ""is_anomaly"": false,   ""severity"": ""low"",   ""root_cause"": ""normal block transfer and termination activities observed"",   ""remediation"": ""none"" }",43.84,740.41,85261
qwen2.5-14b,hdfs,1,zero_shot,216,False,NORMAL,False,low,none,"{   ""is_anomaly"": false,   ""severity"": ""low"",   ""root_cause"": ""none"",   ""remediation"": ""none"" }",43.84,740.41,85261
qwen2.5-14b,hdfs,1,zero_shot,217,False,NORMAL,False,low,none,"{   ""is_anomaly"": false,   ""severity"": ""low"",   ""root_cause"": ""none"",   ""remediation"": ""none"" }",43.84,740.41,85261
qwen2.5-14b,hdfs,1,zero_shot,218,True,Anomaly,True,medium,"Blocks are being marked as invalid on multiple datanodes, indicating potential data corruption or node failure.","{   ""is_anomaly"": true,   ""severity"": ""medium"",   ""root_cause"": ""Blocks are being marked as invalid on multiple datanodes, indicating potential data corruption or node failure."",   ""remediation"": ""Check the health of the datanodes and the integrity of the blocks marked as invalid."" }",43.84,740.41,85261
qwen2.5-14b,hdfs,1,zero_shot,219,False,NORMAL,False,low,normal block transfer and termination of packet responders,"{   ""is_anomaly"": false,   ""severity"": ""low"",   ""root_cause"": ""normal block transfer and termination of packet responders"",   ""remediation"": ""none"" }",43.84,740.41,85261
qwen2.5-14b,hdfs,1,zero_shot,220,False,NORMAL,False,low,none,"{   ""is_anomaly"": false,   ""severity"": ""low"",   ""root_cause"": ""none"",   ""remediation"": ""none"" }",43.84,740.41,85261
qwen2.5-14b,hdfs,1,zero_shot,221,False,NORMAL,True,medium,"Multiple blocks are being marked as invalid on different nodes, indicating potential data corruption or node failure.","{   ""is_anomaly"": true,   ""severity"": ""medium"",   ""root_cause"": ""Multiple blocks are being marked as invalid on different nodes, indicating potential data corruption or node failure."",   ""remediation"": ""Check the health of the nodes involved and verify the integrity of the data blocks."" }",43.84,740.41,85261
qwen2.5-14b,hdfs,1,zero_shot,222,True,Anomaly,False,low,none,"{   ""is_anomaly"": false,   ""severity"": ""low"",   ""root_cause"": ""none"",   ""remediation"": ""none"" }",43.84,740.41,85261
qwen2.5-14b,hdfs,1,zero_shot,223,True,Anomaly,False,low,none,"{   ""is_anomaly"": false,   ""severity"": ""low"",   ""root_cause"": ""none"",   ""remediation"": ""none"" }",43.84,740.41,85261
qwen2.5-14b,hdfs,1,zero_shot,224,False,NORMAL,False,low,normal block deletion process as part of HDFS maintenance,"{   ""is_anomaly"": false,   ""severity"": ""low"",   ""root_cause"": ""normal block deletion process as part of HDFS maintenance"",   ""remediation"": ""none"" }",43.84,740.41,85261
qwen2.5-14b,hdfs,1,zero_shot,225,False,NORMAL,True,medium,"PacketResponders are terminating immediately after receiving blocks, indicating potential issues with block processing or handling.","{   ""is_anomaly"": true,   ""severity"": ""medium"",   ""root_cause"": ""PacketResponders are terminating immediately after receiving blocks, indicating potential issues with block processing or handling."",   ""remediation"": ""Review and debug the block processing logic in PacketResponder to ensure proper handling of received blocks."" }",43.84,740.41,85261
qwen2.5-14b,hdfs,1,zero_shot,226,True,Anomaly,True,medium,"Multiple block deletions are being added to the invalidSet, indicating potential data corruption or node failure.","{   ""is_anomaly"": true,   ""severity"": ""medium"",   ""root_cause"": ""Multiple block deletions are being added to the invalidSet, indicating potential data corruption or node failure."",   ""remediation"": ""Check the health of the nodes involved and verify the integrity of the data blocks."" }",43.84,740.41,85261
qwen2.5-14b,hdfs,1,zero_shot,227,True,Anomaly,False,low,none,"{   ""is_anomaly"": false,   ""severity"": ""low"",   ""root_cause"": ""none"",   ""remediation"": ""none"" }",43.84,740.41,85261
qwen2.5-14b,hdfs,1,zero_shot,228,True,Anomaly,False,low,none,"{   ""is_anomaly"": false,   ""severity"": ""low"",   ""root_cause"": ""none"",   ""remediation"": ""none"" }",43.84,740.41,85261
qwen2.5-14b,hdfs,1,zero_shot,229,False,NORMAL,False,low,none,"{   ""is_anomaly"": false,   ""severity"": ""low"",   ""root_cause"": ""none"",   ""remediation"": ""none"" }",43.84,740.41,85261
qwen2.5-14b,hdfs,1,zero_shot,230,False,NORMAL,False,low,none,"{   ""is_anomaly"": false,   ""severity"": ""low"",   ""root_cause"": ""none"",   ""remediation"": ""none"" }",43.84,740.41,85261
qwen2.5-14b,hdfs,1,zero_shot,231,False,NORMAL,False,low,none,"{   ""is_anomaly"": false,   ""severity"": ""low"",   ""root_cause"": ""none"",   ""remediation"": ""none"" }",43.84,740.41,85261
qwen2.5-14b,hdfs,1,zero_shot,232,True,Anomaly,False,low,none,"{   ""is_anomaly"": false,   ""severity"": ""low"",   ""root_cause"": ""none"",   ""remediation"": ""none"" }",43.84,740.41,85261
qwen2.5-14b,hdfs,1,zero_shot,233,False,NORMAL,False,low,none,"{   ""is_anomaly"": false,   ""severity"": ""low"",   ""root_cause"": ""none"",   ""remediation"": ""none"" }",43.84,740.41,85261
qwen2.5-14b,hdfs,1,zero_shot,234,False,NORMAL,True,medium,"Multiple block deletions are being added to the invalidSet, indicating potential data corruption or node failure.","{   ""is_anomaly"": true,   ""severity"": ""medium"",   ""root_cause"": ""Multiple block deletions are being added to the invalidSet, indicating potential data corruption or node failure."",   ""remediation"": ""Check the health of the nodes involved and verify the integrity of the data blocks."" }",43.84,740.41,85261
qwen2.5-14b,hdfs,1,zero_shot,235,True,Anomaly,False,low,none,"{   ""is_anomaly"": false,   ""severity"": ""low"",   ""root_cause"": ""none"",   ""remediation"": ""none"" }",43.84,740.41,85261
qwen2.5-14b,hdfs,1,zero_shot,236,True,Anomaly,False,low,none,"{   ""is_anomaly"": false,   ""severity"": ""low"",   ""root_cause"": ""none"",   ""remediation"": ""none"" }",43.84,740.41,85261
qwen2.5-14b,hdfs,1,zero_shot,237,False,NORMAL,False,low,none,"{   ""is_anomaly"": false,   ""severity"": ""low"",   ""root_cause"": ""none"",   ""remediation"": ""none"" }",43.84,740.41,85261
qwen2.5-14b,hdfs,1,zero_shot,238,True,Anomaly,False,low,none,"{   ""is_anomaly"": false,   ""severity"": ""low"",   ""root_cause"": ""none"",   ""remediation"": ""none"" }",43.84,740.41,85261
qwen2.5-14b,hdfs,1,zero_shot,239,True,Anomaly,False,low,normal block deletion process as part of HDFS maintenance,"{   ""is_anomaly"": false,   ""severity"": ""low"",   ""root_cause"": ""normal block deletion process as part of HDFS maintenance"",   ""remediation"": ""none"" }",43.84,740.41,85261
qwen2.5-14b,hdfs,1,zero_shot,240,False,NORMAL,False,low,none,"{   ""is_anomaly"": false,   ""severity"": ""low"",   ""root_cause"": ""none"",   ""remediation"": ""none"" }",43.84,740.41,85261
qwen2.5-14b,hdfs,1,zero_shot,241,True,Anomaly,False,low,none,"{   ""is_anomaly"": false,   ""severity"": ""low"",   ""root_cause"": ""none"",   ""remediation"": ""none"" }",43.84,740.41,85261
qwen2.5-14b,hdfs,1,zero_shot,242,True,Anomaly,True,medium,"Multiple blocks are being marked as invalid, indicating potential data corruption or node failure.","{   ""is_anomaly"": true,   ""severity"": ""medium"",   ""root_cause"": ""Multiple blocks are being marked as invalid, indicating potential data corruption or node failure."",   ""remediation"": ""Check the health of the nodes involved and verify the integrity of the data blocks."" }",43.84,740.41,85261
qwen2.5-14b,hdfs,1,zero_shot,243,False,NORMAL,False,low,none,"{   ""is_anomaly"": false,   ""severity"": ""low"",   ""root_cause"": ""none"",   ""remediation"": ""none"" }",43.84,740.41,85261
qwen2.5-14b,hdfs,1,zero_shot,244,True,Anomaly,False,low,normal operation of DataNode packet responders terminating and receiving blocks,"{   ""is_anomaly"": false,   ""severity"": ""low"",   ""root_cause"": ""normal operation of DataNode packet responders terminating and receiving blocks"",   ""remediation"": ""none"" }",43.84,740.41,85261
qwen2.5-14b,hdfs,1,zero_shot,245,True,Anomaly,False,low,none,"{   ""is_anomaly"": false,   ""severity"": ""low"",   ""root_cause"": ""none"",   ""remediation"": ""none"" }",43.84,740.41,85261
qwen2.5-14b,hdfs,1,zero_shot,246,False,NORMAL,False,low,none,"{   ""is_anomaly"": false,   ""severity"": ""low"",   ""root_cause"": ""none"",   ""remediation"": ""none"" }",43.84,740.41,85261
qwen2.5-14b,hdfs,1,zero_shot,247,False,NORMAL,False,low,none,"{   ""is_anomaly"": false,   ""severity"": ""low"",   ""root_cause"": ""none"",   ""remediation"": ""none"" }",43.84,740.41,85261
qwen2.5-14b,hdfs,1,zero_shot,248,True,Anomaly,True,medium,"Multiple block deletions are being added to the invalidSet, indicating potential data corruption or node failure.","{   ""is_anomaly"": true,   ""severity"": ""medium"",   ""root_cause"": ""Multiple block deletions are being added to the invalidSet, indicating potential data corruption or node failure."",   ""remediation"": ""Check the health of the nodes involved and verify the integrity of the data blocks."" }",43.84,740.41,85261
qwen2.5-14b,hdfs,1,zero_shot,249,False,NORMAL,False,low,none,"{   ""is_anomaly"": false,   ""severity"": ""low"",   ""root_cause"": ""none"",   ""remediation"": ""none"" }",43.84,740.41,85261
qwen2.5-14b,hdfs,1,zero_shot,250,True,Anomaly,False,low,none,"{   ""is_anomaly"": false,   ""severity"": ""low"",   ""root_cause"": ""none"",   ""remediation"": ""none"" }",43.84,740.41,85261
qwen2.5-14b,hdfs,1,zero_shot,251,False,NORMAL,False,low,none,"{   ""is_anomaly"": false,   ""severity"": ""low"",   ""root_cause"": ""none"",   ""remediation"": ""none"" }",43.84,740.41,85261
qwen2.5-14b,hdfs,1,zero_shot,252,False,NORMAL,False,low,none,"{   ""is_anomaly"": false,   ""severity"": ""low"",   ""root_cause"": ""none"",   ""remediation"": ""none"" }",43.84,740.41,85261
qwen2.5-14b,hdfs,1,zero_shot,253,True,Anomaly,False,low,none,"{   ""is_anomaly"": false,   ""severity"": ""low"",   ""root_cause"": ""none"",   ""remediation"": ""none"" }",43.84,740.41,85261
qwen2.5-14b,hdfs,1,zero_shot,254,True,Anomaly,False,low,none,"{   ""is_anomaly"": false,   ""severity"": ""low"",   ""root_cause"": ""none"",   ""remediation"": ""none"" }",43.84,740.41,85261
qwen2.5-14b,hdfs,1,zero_shot,255,True,Anomaly,False,low,none,"{   ""is_anomaly"": false,   ""severity"": ""low"",   ""root_cause"": ""none"",   ""remediation"": ""none"" }",43.84,740.41,85261
qwen2.5-14b,hdfs,1,zero_shot,256,False,NORMAL,False,low,none,"{   ""is_anomaly"": false,   ""severity"": ""low"",   ""root_cause"": ""none"",   ""remediation"": ""none"" }",43.84,740.41,85261
qwen2.5-14b,hdfs,1,zero_shot,257,False,NORMAL,False,low,none,"{   ""is_anomaly"": false,   ""severity"": ""low"",   ""root_cause"": ""none"",   ""remediation"": ""none"" }",43.84,740.41,85261
qwen2.5-14b,hdfs,1,zero_shot,258,False,NORMAL,False,low,normal block deletion process,"{   ""is_anomaly"": false,   ""severity"": ""low"",   ""root_cause"": ""normal block deletion process"",   ""remediation"": ""none"" }",43.84,740.41,85261
qwen2.5-14b,hdfs,1,zero_shot,259,False,NORMAL,False,low,none,"{   ""is_anomaly"": false,   ""severity"": ""low"",   ""root_cause"": ""none"",   ""remediation"": ""none"" }",43.84,740.41,85261
qwen2.5-14b,hdfs,1,zero_shot,260,True,Anomaly,False,low,normal block deletion process as part of HDFS maintenance,"{   ""is_anomaly"": false,   ""severity"": ""low"",   ""root_cause"": ""normal block deletion process as part of HDFS maintenance"",   ""remediation"": ""none"" }",43.84,740.41,85261
qwen2.5-14b,hdfs,1,zero_shot,261,False,NORMAL,False,low,none,"{   ""is_anomaly"": false,   ""severity"": ""low"",   ""root_cause"": ""none"",   ""remediation"": ""none"" }",43.84,740.41,85261
qwen2.5-14b,hdfs,1,zero_shot,262,False,NORMAL,False,low,none,"{   ""is_anomaly"": false,   ""severity"": ""low"",   ""root_cause"": ""none"",   ""remediation"": ""none"" }",43.84,740.41,85261
qwen2.5-14b,hdfs,1,zero_shot,263,True,Anomaly,True,medium,"DataNode encountered an IOException while reading from a stream, indicating a potential issue with data corruption or network instability.","{   ""is_anomaly"": true,   ""severity"": ""medium"",   ""root_cause"": ""DataNode encountered an IOException while reading from a stream, indicating a potential issue with data corruption or network instability."",   ""remediation"": ""Check network connectivity and data integrity between nodes, and restart the DataNode service if necessary."" }",43.84,740.41,85261
qwen2.5-14b,hdfs,1,zero_shot,264,False,NORMAL,False,low,none,"{   ""is_anomaly"": false,   ""severity"": ""low"",   ""root_cause"": ""none"",   ""remediation"": ""none"" }",43.84,740.41,85261
qwen2.5-14b,hdfs,1,zero_shot,265,True,Anomaly,False,low,none,"{   ""is_anomaly"": false,   ""severity"": ""low"",   ""root_cause"": ""none"",   ""remediation"": ""none"" }",43.84,740.41,85261
qwen2.5-14b,hdfs,1,zero_shot,266,False,NORMAL,False,low,none,"{   ""is_anomaly"": false,   ""severity"": ""low"",   ""root_cause"": ""none"",   ""remediation"": ""none"" }",43.84,740.41,85261
qwen2.5-14b,hdfs,1,zero_shot,267,False,NORMAL,False,low,normal block deletion process as part of HDFS maintenance,"{   ""is_anomaly"": false,   ""severity"": ""low"",   ""root_cause"": ""normal block deletion process as part of HDFS maintenance"",   ""remediation"": ""none"" }",43.84,740.41,85261
qwen2.5-14b,hdfs,1,zero_shot,268,True,Anomaly,False,low,none,"{   ""is_anomaly"": false,   ""severity"": ""low"",   ""root_cause"": ""none"",   ""remediation"": ""none"" }",43.84,740.41,85261
qwen2.5-14b,hdfs,1,zero_shot,269,False,NORMAL,False,low,none,"{   ""is_anomaly"": false,   ""severity"": ""low"",   ""root_cause"": ""none"",   ""remediation"": ""none"" }",43.84,740.41,85261
qwen2.5-14b,hdfs,1,zero_shot,270,False,NORMAL,False,low,none,"{   ""is_anomaly"": false,   ""severity"": ""low"",   ""root_cause"": ""none"",   ""remediation"": ""none"" }",43.84,740.41,85261
qwen2.5-14b,hdfs,1,zero_shot,271,False,NORMAL,False,low,none,"{   ""is_anomaly"": false,   ""severity"": ""low"",   ""root_cause"": ""none"",   ""remediation"": ""none"" }",43.84,740.41,85261
qwen2.5-14b,hdfs,1,zero_shot,272,True,Anomaly,False,low,none,"{   ""is_anomaly"": false,   ""severity"": ""low"",   ""root_cause"": ""none"",   ""remediation"": ""none"" }",43.84,740.41,85261
qwen2.5-14b,hdfs,1,zero_shot,273,True,Anomaly,False,low,normal block transfer and termination activities observed,"{   ""is_anomaly"": false,   ""severity"": ""low"",   ""root_cause"": ""normal block transfer and termination activities observed"",   ""remediation"": ""none"" }",43.84,740.41,85261
qwen2.5-14b,hdfs,1,zero_shot,274,True,Anomaly,True,medium,"DataNode received the same block twice within a short time frame, indicating potential data replication issues or network anomalies.","{   ""is_anomaly"": true,   ""severity"": ""medium"",   ""root_cause"": ""DataNode received the same block twice within a short time frame, indicating potential data replication issues or network anomalies."",   ""remediation"": ""Verify the replication factor and network connectivity between DataNodes."" }",43.84,740.41,85261
qwen2.5-14b,hdfs,1,zero_shot,275,True,Anomaly,False,low,normal block deletion and data transfer activities observed,"{   ""is_anomaly"": false,   ""severity"": ""low"",   ""root_cause"": ""normal block deletion and data transfer activities observed"",   ""remediation"": ""none"" }",43.84,740.41,85261
qwen2.5-14b,hdfs,1,zero_shot,276,True,Anomaly,True,medium,"Two DataNodes encountered exceptions while serving blocks to clients, indicating potential network or disk issues.","{   ""is_anomaly"": true,   ""severity"": ""medium"",   ""root_cause"": ""Two DataNodes encountered exceptions while serving blocks to clients, indicating potential network or disk issues."",   ""remediation"": ""Check the health of the DataNodes and the network connectivity between them and the clients."" }",43.84,740.41,85261
qwen2.5-14b,hdfs,1,zero_shot,277,False,NORMAL,True,medium,"DataNode encountered an exception while serving a block to a client, indicating a potential issue with block serving or network connectivity.","{   ""is_anomaly"": true,   ""severity"": ""medium"",   ""root_cause"": ""DataNode encountered an exception while serving a block to a client, indicating a potential issue with block serving or network connectivity."",   ""remediation"": ""Review the logs for more details on the exception and check network connectivity between the DataNode and the client."" }",43.84,740.41,85261
qwen2.5-14b,hdfs,1,zero_shot,278,False,NORMAL,True,medium,DataNode encountered exceptions while serving two blocks to clients,"{   ""is_anomaly"": true,   ""severity"": ""medium"",   ""root_cause"": ""DataNode encountered exceptions while serving two blocks to clients"",   ""remediation"": ""Check DataNode logs for more details and restart the DataNode if necessary"" }",43.84,740.41,85261
qwen2.5-14b,hdfs,1,zero_shot,279,True,Anomaly,False,low,none,"{   ""is_anomaly"": false,   ""severity"": ""low"",   ""root_cause"": ""none"",   ""remediation"": ""none"" }",43.84,740.41,85261
qwen2.5-14b,hdfs,1,zero_shot,280,True,Anomaly,False,low,none,"{   ""is_anomaly"": false,   ""severity"": ""low"",   ""root_cause"": ""none"",   ""remediation"": ""none"" }",43.84,740.41,85261
qwen2.5-14b,hdfs,1,zero_shot,281,True,Anomaly,False,low,none,"{   ""is_anomaly"": false,   ""severity"": ""low"",   ""root_cause"": ""none"",   ""remediation"": ""none"" }",43.84,740.41,85261
qwen2.5-14b,hdfs,1,zero_shot,282,True,Anomaly,False,low,none,"{   ""is_anomaly"": false,   ""severity"": ""low"",   ""root_cause"": ""none"",   ""remediation"": ""none"" }",43.84,740.41,85261
qwen2.5-14b,hdfs,1,zero_shot,283,False,NORMAL,False,low,normal block transfer and packet responder termination activities observed,"{   ""is_anomaly"": false,   ""severity"": ""low"",   ""root_cause"": ""normal block transfer and packet responder termination activities observed"",   ""remediation"": ""none"" }",43.84,740.41,85261
qwen2.5-14b,hdfs,1,zero_shot,284,False,NORMAL,False,low,normal block deletion process as part of HDFS maintenance,"{   ""is_anomaly"": false,   ""severity"": ""low"",   ""root_cause"": ""normal block deletion process as part of HDFS maintenance"",   ""remediation"": ""none"" }",43.84,740.41,85261
qwen2.5-14b,hdfs,1,zero_shot,285,False,NORMAL,True,medium,"Blocks are being marked as invalid, indicating potential data corruption or node failure.","{   ""is_anomaly"": true,   ""severity"": ""medium"",   ""root_cause"": ""Blocks are being marked as invalid, indicating potential data corruption or node failure."",   ""remediation"": ""Check the health of the nodes involved and verify the integrity of the data."" }",43.84,740.41,85261
qwen2.5-14b,hdfs,1,zero_shot,286,True,Anomaly,False,low,none,"{   ""is_anomaly"": false,   ""severity"": ""low"",   ""root_cause"": ""none"",   ""remediation"": ""none"" }",43.84,740.41,85261
qwen2.5-14b,hdfs,1,zero_shot,287,False,NORMAL,False,low,none,"{   ""is_anomaly"": false,   ""severity"": ""low"",   ""root_cause"": ""none"",   ""remediation"": ""none"" }",43.84,740.41,85261
qwen2.5-14b,hdfs,1,zero_shot,288,True,Anomaly,True,medium,"Two blocks could not be served due to exceptions, indicating potential data corruption or network issues.","{   ""is_anomaly"": true,   ""severity"": ""medium"",   ""root_cause"": ""Two blocks could not be served due to exceptions, indicating potential data corruption or network issues."",   ""remediation"": ""Check the DataNodes for any errors or corruption and verify network connectivity between nodes."" }",43.84,740.41,85261
qwen2.5-14b,hdfs,1,zero_shot,289,True,Anomaly,False,low,normal block deletion process as part of HDFS maintenance,"{   ""is_anomaly"": false,   ""severity"": ""low"",   ""root_cause"": ""normal block deletion process as part of HDFS maintenance"",   ""remediation"": ""none"" }",43.84,740.41,85261
qwen2.5-14b,hdfs,1,zero_shot,290,True,Anomaly,False,low,normal block deletion process as part of HDFS maintenance,"{   ""is_anomaly"": false,   ""severity"": ""low"",   ""root_cause"": ""normal block deletion process as part of HDFS maintenance"",   ""remediation"": ""none"" }",43.84,740.41,85261
qwen2.5-14b,hdfs,1,zero_shot,291,True,Anomaly,False,low,none,"{   ""is_anomaly"": false,   ""severity"": ""low"",   ""root_cause"": ""none"",   ""remediation"": ""none"" }",43.84,740.41,85261
qwen2.5-14b,hdfs,1,zero_shot,292,True,Anomaly,False,low,none,"{   ""is_anomaly"": false,   ""severity"": ""low"",   ""root_cause"": ""none"",   ""remediation"": ""none"" }",43.84,740.41,85261
qwen2.5-14b,hdfs,1,zero_shot,293,False,NORMAL,False,low,none,"{   ""is_anomaly"": false,   ""severity"": ""low"",   ""root_cause"": ""none"",   ""remediation"": ""none"" }",43.84,740.41,85261
qwen2.5-14b,hdfs,1,zero_shot,294,False,NORMAL,False,low,none,"{   ""is_anomaly"": false,   ""severity"": ""low"",   ""root_cause"": ""none"",   ""remediation"": ""none"" }",43.84,740.41,85261
qwen2.5-14b,hdfs,1,zero_shot,295,True,Anomaly,True,medium,A block write operation failed with an IOException indicating a read error from the stream.,"{   ""is_anomaly"": true,   ""severity"": ""medium"",   ""root_cause"": ""A block write operation failed with an IOException indicating a read error from the stream."",   ""remediation"": ""Check the network connectivity and data integrity between the nodes involved in the block transfer."" }",43.84,740.41,85261
qwen2.5-14b,hdfs,1,zero_shot,296,True,Anomaly,True,medium,"Two blocks could not be served due to exceptions, indicating potential data corruption or network issues.","{   ""is_anomaly"": true,   ""severity"": ""medium"",   ""root_cause"": ""Two blocks could not be served due to exceptions, indicating potential data corruption or network issues."",   ""remediation"": ""Check the DataNodes and network connectivity for the affected blocks."" }",43.84,740.41,85261
qwen2.5-14b,hdfs,1,zero_shot,297,False,NORMAL,False,low,none,"{   ""is_anomaly"": false,   ""severity"": ""low"",   ""root_cause"": ""none"",   ""remediation"": ""none"" }",43.84,740.41,85261
qwen2.5-14b,hdfs,1,zero_shot,298,False,NORMAL,True,medium,"Blocks are being marked as invalid, indicating potential data corruption or node failure.","{   ""is_anomaly"": true,   ""severity"": ""medium"",   ""root_cause"": ""Blocks are being marked as invalid, indicating potential data corruption or node failure."",   ""remediation"": ""Check the health of the nodes involved and verify the integrity of the data."" }",43.84,740.41,85261
qwen2.5-14b,hdfs,1,zero_shot,299,False,NORMAL,True,medium,"PacketResponder for block blk_-8729887100490914972 terminated immediately after receiving the block, indicating a potential issue with block handling or processing.","{   ""is_anomaly"": true,   ""severity"": ""medium"",   ""root_cause"": ""PacketResponder for block blk_-8729887100490914972 terminated immediately after receiving the block, indicating a potential issue with block handling or processing."",   ""remediation"": ""Review the DataNode logs for any errors or exceptions related to block processing and ensure that the PacketResponder is handling blocks correctly."" }",43.84,740.41,85261
qwen2.5-14b,thunderbird,1,zero_shot,300,True,VAPI,True,critical,Device in FATAL state and mad_process failures indicate a severe issue with the InfiniHost0 port 1.,"{   ""is_anomaly"": true,   ""severity"": ""critical"",   ""root_cause"": ""Device in FATAL state and mad_process failures indicate a severe issue with the InfiniHost0 port 1."",   ""remediation"": ""Restart the InfiniHost0 port 1 or replace the faulty hardware if the issue persists."" }",43.84,740.41,85261
qwen2.5-14b,thunderbird,1,zero_shot,301,True,VAPI,True,critical,Device in FATAL state and mad_process failures indicate a critical issue with the InfiniHost0 port 1.,"{   ""is_anomaly"": true,   ""severity"": ""critical"",   ""root_cause"": ""Device in FATAL state and mad_process failures indicate a critical issue with the InfiniHost0 port 1."",   ""remediation"": ""Restart the InfiniHost0 port 1 or replace the faulty hardware if the issue persists."" }",43.84,740.41,85261
qwen2.5-14b,thunderbird,1,zero_shot,302,True,VAPI,True,high,Device in FATAL state and mad_process failure indicate a critical issue with the InfiniHost0 port 1,"{   ""is_anomaly"": true,   ""severity"": ""high"",   ""root_cause"": ""Device in FATAL state and mad_process failure indicate a critical issue with the InfiniHost0 port 1"",   ""remediation"": ""Restart the InfiniHost0 port 1 or check the hardware for any physical damage"" }",43.84,740.41,85261
qwen2.5-14b,thunderbird,1,zero_shot,303,False,NORMAL,True,medium,DHCP requests for unknown leases indicate potential IP address conflicts or misconfiguration.,"{   ""is_anomaly"": true,   ""severity"": ""medium"",   ""root_cause"": ""DHCP requests for unknown leases indicate potential IP address conflicts or misconfiguration."",   ""remediation"": ""Review DHCP server configuration and lease database for consistency."" }",43.84,740.41,85261
qwen2.5-14b,thunderbird,1,zero_shot,304,True,VAPI,True,high,"InfiniHost0 experienced a local catastrophic error, indicated by the EVAPI_process_local_mad failure with return code -254.","{   ""is_anomaly"": true,   ""severity"": ""high"",   ""root_cause"": ""InfiniHost0 experienced a local catastrophic error, indicated by the EVAPI_process_local_mad failure with return code -254."",   ""remediation"": ""Restart the InfiniHost0 service and check system logs for further details on the error."" }",43.84,740.41,85261
qwen2.5-14b,thunderbird,1,zero_shot,305,True,VAPI,True,critical,Device in FATAL state due to EVAPI_process_local_mad failure,"{   ""is_anomaly"": true,   ""severity"": ""critical"",   ""root_cause"": ""Device in FATAL state due to EVAPI_process_local_mad failure"",   ""remediation"": ""Restart the InfiniHost0 device and check for hardware issues"" }",43.84,740.41,85261
qwen2.5-14b,thunderbird,1,zero_shot,306,False,NORMAL,True,high,"The system has reached its maximum limit of open files, indicating a potential resource exhaustion issue.","{   ""is_anomaly"": true,   ""severity"": ""high"",   ""root_cause"": ""The system has reached its maximum limit of open files, indicating a potential resource exhaustion issue."",   ""remediation"": ""Increase the file-max limit or investigate and close unnecessary file descriptors."" }",43.84,740.41,85261
qwen2.5-14b,thunderbird,1,zero_shot,307,True,VAPI,True,high,Device in FATAL state and mad_process failure indicate a critical issue with the InfiniHost0 port 1,"{   ""is_anomaly"": true,   ""severity"": ""high"",   ""root_cause"": ""Device in FATAL state and mad_process failure indicate a critical issue with the InfiniHost0 port 1"",   ""remediation"": ""Restart the InfiniHost0 port 1 or check the hardware for any physical damage"" }",43.84,740.41,85261
qwen2.5-14b,thunderbird,1,zero_shot,308,True,VAPI,True,high,"mad_process failures and EVAPI_process_local_mad fatal errors indicate a serious issue with the InfiniHost0 port 1 QPN 0, possibly a hardware or driver failure.","{   ""is_anomaly"": true,   ""severity"": ""high"",   ""root_cause"": ""mad_process failures and EVAPI_process_local_mad fatal errors indicate a serious issue with the InfiniHost0 port 1 QPN 0, possibly a hardware or driver failure."",   ""remediation"": ""Restart the InfiniHost0 port or replace the hardware if it's a persistent issue."" }",43.84,740.41,85261
qwen2.5-14b,thunderbird,1,zero_shot,309,True,VAPI,True,high,"InfiniHost0 experienced a local catastrophic error, and data threads failed to receive responses from multiple datasources.","{   ""is_anomaly"": true,   ""severity"": ""high"",   ""root_cause"": ""InfiniHost0 experienced a local catastrophic error, and data threads failed to receive responses from multiple datasources."",   ""remediation"": ""Restart the InfiniHost0 service and check the datasources for connectivity issues."" }",43.84,740.41,85261
qwen2.5-14b,thunderbird,1,zero_shot,310,False,NORMAL,False,low,none,"{   ""is_anomaly"": false,   ""severity"": ""low"",   ""root_cause"": ""none"",   ""remediation"": ""none"" }",43.84,740.41,85261
qwen2.5-14b,thunderbird,1,zero_shot,311,False,NORMAL,True,medium,data_thread() failed to receive responses from Thunderbird_B1 and Thunderbird_B5 datasources,"{   ""is_anomaly"": true,   ""severity"": ""medium"",   ""root_cause"": ""data_thread() failed to receive responses from Thunderbird_B1 and Thunderbird_B5 datasources"",   ""remediation"": ""Check connectivity and health of Thunderbird_B1 and Thunderbird_B5 datasources"" }",43.84,740.41,85261
qwen2.5-14b,thunderbird,1,zero_shot,312,True,VAPI,True,high,Device entered FATAL state and mad_process failed multiple times indicating a severe issue with the InfiniHost0 port 1.,"{   ""is_anomaly"": true,   ""severity"": ""high"",   ""root_cause"": ""Device entered FATAL state and mad_process failed multiple times indicating a severe issue with the InfiniHost0 port 1."",   ""remediation"": ""Restart the InfiniHost0 port 1 or replace the faulty hardware if the issue persists."" }",43.84,740.41,85261
qwen2.5-14b,thunderbird,1,zero_shot,313,False,NORMAL,True,high,Device in FATAL state and mad_process failure indicate a critical issue with the InfiniHost0 port 1,"{   ""is_anomaly"": true,   ""severity"": ""high"",   ""root_cause"": ""Device in FATAL state and mad_process failure indicate a critical issue with the InfiniHost0 port 1"",   ""remediation"": ""Restart the InfiniHost0 port 1 or check the hardware connection and configuration"" }",43.84,740.41,85261
qwen2.5-14b,thunderbird,1,zero_shot,314,True,VAPI,True,high,"mad_process failures and EVAPI_process_local_mad failures indicate a serious issue with InfiniHost0 port 1, possibly a hardware or driver issue.","{   ""is_anomaly"": true,   ""severity"": ""high"",   ""root_cause"": ""mad_process failures and EVAPI_process_local_mad failures indicate a serious issue with InfiniHost0 port 1, possibly a hardware or driver issue."",   ""remediation"": ""Check InfiniHost0 port 1 for hardware issues and ensure the driver is up to date."" }",43.84,740.41,85261
qwen2.5-14b,thunderbird,1,zero_shot,315,False,NORMAL,True,medium,"Multiple data sources are not responding, indicating potential network or service issues.","{   ""is_anomaly"": true,   ""severity"": ""medium"",   ""root_cause"": ""Multiple data sources are not responding, indicating potential network or service issues."",   ""remediation"": ""Check the connectivity and status of the Thunderbird data sources and restart the service if necessary."" }",43.84,740.41,85261
qwen2.5-14b,thunderbird,1,zero_shot,316,False,NORMAL,True,medium,"Multiple root SSH sessions from the same IP address within a short time frame, indicating potential unauthorized access attempts.","{   ""is_anomaly"": true,   ""severity"": ""medium"",   ""root_cause"": ""Multiple root SSH sessions from the same IP address within a short time frame, indicating potential unauthorized access attempts."",   ""remediation"": ""Review access logs, restrict root login via SSH, and consider implementing multi-factor authentication."" }",43.84,740.41,85261
qwen2.5-14b,thunderbird,1,zero_shot,317,False,NORMAL,False,low,none,"{   ""is_anomaly"": false,   ""severity"": ""low"",   ""root_cause"": ""none"",   ""remediation"": ""none"" }",43.84,740.41,85261
qwen2.5-14b,thunderbird,1,zero_shot,318,False,NORMAL,True,high,"The system is experiencing out of memory errors, preventing proper initialization of bindcache and pan_ips services.","{   ""is_anomaly"": true,   ""severity"": ""high"",   ""root_cause"": ""The system is experiencing out of memory errors, preventing proper initialization of bindcache and pan_ips services."",   ""remediation"": ""Free up memory by stopping unnecessary services or increasing the system's memory capacity."" }",43.84,740.41,85261
qwen2.5-14b,thunderbird,1,zero_shot,319,False,NORMAL,True,medium,gmond and haldaemon shutdown failures indicate potential issues with these services.,"{   ""is_anomaly"": true,   ""severity"": ""medium"",   ""root_cause"": ""gmond and haldaemon shutdown failures indicate potential issues with these services."",   ""remediation"": ""Check the logs and configurations of gmond and haldaemon to resolve the shutdown failures."" }",43.84,740.41,85261
qwen2.5-14b,thunderbird,1,zero_shot,320,False,NORMAL,False,low,none,"{   ""is_anomaly"": false,   ""severity"": ""low"",   ""root_cause"": ""none"",   ""remediation"": ""none"" }",43.84,740.41,85261
qwen2.5-14b,thunderbird,1,zero_shot,321,True,VAPI,True,critical,Device in FATAL state and multiple mad_process failures indicate a severe issue with the InfiniHost0 port 1.,"{   ""is_anomaly"": true,   ""severity"": ""critical"",   ""root_cause"": ""Device in FATAL state and multiple mad_process failures indicate a severe issue with the InfiniHost0 port 1."",   ""remediation"": ""Restart the InfiniHost0 port 1 or replace the faulty hardware if the issue persists."" }",43.84,740.41,85261
qwen2.5-14b,thunderbird,1,zero_shot,322,False,NORMAL,True,medium,"Multiple root SSH sessions from the same IP address within a short time frame, indicating potential unauthorized access attempts.","{   ""is_anomaly"": true,   ""severity"": ""medium"",   ""root_cause"": ""Multiple root SSH sessions from the same IP address within a short time frame, indicating potential unauthorized access attempts."",   ""remediation"": ""Review access logs, restrict root login via SSH, and consider implementing multi-factor authentication."" }",43.84,740.41,85261
qwen2.5-14b,thunderbird,1,zero_shot,323,True,VAPI,True,high,"InfiniHost0 port 1 experienced a local catastrophic error, and data threads failed to receive responses from Thunderbird_A3 and Thunderbird_C8 datasources.","{   ""is_anomaly"": true,   ""severity"": ""high"",   ""root_cause"": ""InfiniHost0 port 1 experienced a local catastrophic error, and data threads failed to receive responses from Thunderbird_A3 and Thunderbird_C8 datasources."",   ""remediation"": ""Restart the InfiniHost0 port 1 and check the connectivity and health of Thunderbird_A3 and Thunderbird_C8 datasources."" }",43.84,740.41,85261
qwen2.5-14b,thunderbird,1,zero_shot,324,False,NORMAL,False,low,none,"{   ""is_anomaly"": false,   ""severity"": ""low"",   ""root_cause"": ""none"",   ""remediation"": ""none"" }",43.84,740.41,85261
qwen2.5-14b,thunderbird,1,zero_shot,325,True,VAPI,True,high,"mad_process failures and EVAPI_process_local_mad fatal errors indicate a serious issue with InfiniHost0 port 1, possibly hardware or driver failure.","{   ""is_anomaly"": true,   ""severity"": ""high"",   ""root_cause"": ""mad_process failures and EVAPI_process_local_mad fatal errors indicate a serious issue with InfiniHost0 port 1, possibly hardware or driver failure."",   ""remediation"": ""Check InfiniHost0 port 1 for hardware issues and ensure driver is up to date."" }",43.84,740.41,85261
qwen2.5-14b,thunderbird,1,zero_shot,326,True,VAPI,True,critical,Device in FATAL state due to a local catastrophic error in the InfiniHost0 interface.,"{   ""is_anomaly"": true,   ""severity"": ""critical"",   ""root_cause"": ""Device in FATAL state due to a local catastrophic error in the InfiniHost0 interface."",   ""remediation"": ""Restart the InfiniHost0 interface or replace the faulty hardware component."" }",43.84,740.41,85261
qwen2.5-14b,thunderbird,1,zero_shot,327,False,NORMAL,True,medium,data_thread() is not receiving responses from multiple datasources indicating potential network or datasource issues,"{   ""is_anomaly"": true,   ""severity"": ""medium"",   ""root_cause"": ""data_thread() is not receiving responses from multiple datasources indicating potential network or datasource issues"",   ""remediation"": ""Check network connectivity and status of Thunderbird datasources A2, B8, and D8"" }",43.84,740.41,85261
qwen2.5-14b,thunderbird,1,zero_shot,328,False,NORMAL,True,high,"The system is running out of file descriptors, preventing Ganglia RRD files from being updated.","{   ""is_anomaly"": true,   ""severity"": ""high"",   ""root_cause"": ""The system is running out of file descriptors, preventing Ganglia RRD files from being updated."",   ""remediation"": ""Increase the system's file descriptor limit and investigate processes that may be consuming too many file descriptors."" }",43.84,740.41,85261
qwen2.5-14b,thunderbird,1,zero_shot,329,False,NORMAL,True,high,"The system is hitting the file-max limit, indicating a potential resource exhaustion issue, and a data source communication failure.","{   ""is_anomaly"": true,   ""severity"": ""high"",   ""root_cause"": ""The system is hitting the file-max limit, indicating a potential resource exhaustion issue, and a data source communication failure."",   ""remediation"": ""Increase the file-max limit and investigate why the Thunderbird_D1 data source is not responding."" }",43.84,740.41,85261
qwen2.5-14b,thunderbird,1,zero_shot,330,True,VAPI,True,high,Device in FATAL state and mad_process failure indicate a critical issue with the InfiniHost0 port 1,"{   ""is_anomaly"": true,   ""severity"": ""high"",   ""root_cause"": ""Device in FATAL state and mad_process failure indicate a critical issue with the InfiniHost0 port 1"",   ""remediation"": ""Restart the InfiniHost0 port 1 or check the hardware for any physical damage"" }",43.84,740.41,85261
qwen2.5-14b,thunderbird,1,zero_shot,331,False,NORMAL,True,high,"The system has reached its maximum limit of open files, indicating a potential resource exhaustion issue.","{   ""is_anomaly"": true,   ""severity"": ""high"",   ""root_cause"": ""The system has reached its maximum limit of open files, indicating a potential resource exhaustion issue."",   ""remediation"": ""Increase the file-max limit or investigate and close unnecessary file descriptors."" }",43.84,740.41,85261
qwen2.5-14b,thunderbird,1,zero_shot,332,True,VAPI,True,critical,InfiniHost0 port 1 is in a FATAL state due to local catastrophic errors in MAD processing.,"{   ""is_anomaly"": true,   ""severity"": ""critical"",   ""root_cause"": ""InfiniHost0 port 1 is in a FATAL state due to local catastrophic errors in MAD processing."",   ""remediation"": ""Restart the InfiniHost0 port 1 or replace the faulty hardware component."" }",43.84,740.41,85261
qwen2.5-14b,thunderbird,1,zero_shot,333,False,NORMAL,True,medium,The system is unable to communicate with the Thunderbird_C4 datasource and has hit the file-max limit multiple times.,"{   ""is_anomaly"": true,   ""severity"": ""medium"",   ""root_cause"": ""The system is unable to communicate with the Thunderbird_C4 datasource and has hit the file-max limit multiple times."",   ""remediation"": ""Check the connectivity to Thunderbird_C4 and increase the file-max limit if necessary."" }",43.84,740.41,85261
qwen2.5-14b,thunderbird,1,zero_shot,334,True,VAPI,True,high,"InfiniHost0 experienced a local catastrophic error, and data threads failed to receive responses from multiple datasources.","{   ""is_anomaly"": true,   ""severity"": ""high"",   ""root_cause"": ""InfiniHost0 experienced a local catastrophic error, and data threads failed to receive responses from multiple datasources."",   ""remediation"": ""Restart the InfiniHost0 service and check the datasources for connectivity issues."" }",43.84,740.41,85261
qwen2.5-14b,thunderbird,1,zero_shot,335,False,NORMAL,True,medium,"crond shutdown failed, indicating a potential issue with cron jobs or system services","{   ""is_anomaly"": true,   ""severity"": ""medium"",   ""root_cause"": ""crond shutdown failed, indicating a potential issue with cron jobs or system services"",   ""remediation"": ""Check crond logs and system services for any errors or misconfigurations"" }",43.84,740.41,85261
qwen2.5-14b,thunderbird,1,zero_shot,336,False,NORMAL,False,low,"No volume groups found, but other checks succeeded indicating a normal boot process.","{   ""is_anomaly"": false,   ""severity"": ""low"",   ""root_cause"": ""No volume groups found, but other checks succeeded indicating a normal boot process."",   ""remediation"": ""none"" }",43.84,740.41,85261
qwen2.5-14b,thunderbird,1,zero_shot,337,True,VAPI,True,high,"InfiniHost0 experienced a fatal local catastrophic error, and there were failures in node discovery and getting node information.","{   ""is_anomaly"": true,   ""severity"": ""high"",   ""root_cause"": ""InfiniHost0 experienced a fatal local catastrophic error, and there were failures in node discovery and getting node information."",   ""remediation"": ""Restart the InfiniHost0 service and check the network connectivity between nodes."" }",43.84,740.41,85261
qwen2.5-14b,thunderbird,1,zero_shot,338,False,NORMAL,True,medium,"data_thread() failed to receive responses from any of the specified datasources for two different identifiers, indicating potential network or datasource availability issues.","{   ""is_anomaly"": true,   ""severity"": ""medium"",   ""root_cause"": ""data_thread() failed to receive responses from any of the specified datasources for two different identifiers, indicating potential network or datasource availability issues."",   ""remediation"": ""Check network connectivity and datasource availability for Thunderbird_B5 and Thunderbird_C8 identifiers."" }",43.84,740.41,85261
qwen2.5-14b,thunderbird,1,zero_shot,339,True,VAPI,True,critical,Device in FATAL state due to local catastrophic error,"{   ""is_anomaly"": true,   ""severity"": ""critical"",   ""root_cause"": ""Device in FATAL state due to local catastrophic error"",   ""remediation"": ""Restart the affected InfiniHost0 device and check for hardware issues"" }",43.84,740.41,85261
qwen2.5-14b,thunderbird,1,zero_shot,340,False,NORMAL,False,low,none,"{   ""is_anomaly"": false,   ""severity"": ""low"",   ""root_cause"": ""none"",   ""remediation"": ""none"" }",43.84,740.41,85261
qwen2.5-14b,thunderbird,1,zero_shot,341,False,NORMAL,True,medium,"Multiple SSH sessions opened by root from the same IP address within a short time frame, indicating potential unauthorized access attempts.","{   ""is_anomaly"": true,   ""severity"": ""medium"",   ""root_cause"": ""Multiple SSH sessions opened by root from the same IP address within a short time frame, indicating potential unauthorized access attempts."",   ""remediation"": ""Review and restrict root SSH access, enable multi-factor authentication, and monitor for further suspicious activity."" }",43.84,740.41,85261
qwen2.5-14b,thunderbird,1,zero_shot,342,True,VAPI,True,high,Device in FATAL state and failure in processing MAD messages indicating a critical issue with the InfiniHost0 port 1,"{   ""is_anomaly"": true,   ""severity"": ""high"",   ""root_cause"": ""Device in FATAL state and failure in processing MAD messages indicating a critical issue with the InfiniHost0 port 1"",   ""remediation"": ""Restart the InfiniHost0 port 1 or replace the faulty hardware if the issue persists"" }",43.84,740.41,85261
qwen2.5-14b,thunderbird,1,zero_shot,343,True,VAPI,True,critical,Device in FATAL state and mad_process failures indicate a severe issue with the InfiniHost0 port 1.,"{   ""is_anomaly"": true,   ""severity"": ""critical"",   ""root_cause"": ""Device in FATAL state and mad_process failures indicate a severe issue with the InfiniHost0 port 1."",   ""remediation"": ""Restart the InfiniHost0 port 1 or replace the faulty hardware if the issue persists."" }",43.84,740.41,85261
qwen2.5-14b,thunderbird,1,zero_shot,344,True,VAPI,True,high,"mad_process failures and EVAPI_process_local_mad fatal errors indicate a serious issue with InfiniHost0 port 1, possibly a hardware or driver failure.","{   ""is_anomaly"": true,   ""severity"": ""high"",   ""root_cause"": ""mad_process failures and EVAPI_process_local_mad fatal errors indicate a serious issue with InfiniHost0 port 1, possibly a hardware or driver failure."",   ""remediation"": ""Check InfiniHost0 port 1 for hardware issues and ensure the InfiniBand driver is up to date and functioning correctly."" }",43.84,740.41,85261
qwen2.5-14b,thunderbird,1,zero_shot,345,True,VAPI,True,critical,Device in FATAL state and multiple mad_process failures indicate a severe issue with the InfiniHost0 port 1.,"{   ""is_anomaly"": true,   ""severity"": ""critical"",   ""root_cause"": ""Device in FATAL state and multiple mad_process failures indicate a severe issue with the InfiniHost0 port 1."",   ""remediation"": ""Restart the InfiniHost0 port 1 or replace the faulty hardware if the issue persists."" }",43.84,740.41,85261
qwen2.5-14b,thunderbird,1,zero_shot,346,True,VAPI,True,high,"InfiniHost0 experienced a fatal local catastrophic error, and there were issues with node discovery and configuration due to ports in INIT state.","{   ""is_anomaly"": true,   ""severity"": ""high"",   ""root_cause"": ""InfiniHost0 experienced a fatal local catastrophic error, and there were issues with node discovery and configuration due to ports in INIT state."",   ""remediation"": ""Restart the InfiniHost0 service and check the network configuration and connectivity for the affected nodes."" }",43.84,740.41,85261
qwen2.5-14b,thunderbird,1,zero_shot,347,False,NORMAL,False,low,none,"{   ""is_anomaly"": false,   ""severity"": ""low"",   ""root_cause"": ""none"",   ""remediation"": ""none"" }",43.84,740.41,85261
qwen2.5-14b,thunderbird,1,zero_shot,348,True,VAPI,True,high,"mad_process failures and EVAPI_process_local_mad fatal errors indicate a serious issue with InfiniHost0 port 1, possibly a hardware or driver failure.","{   ""is_anomaly"": true,   ""severity"": ""high"",   ""root_cause"": ""mad_process failures and EVAPI_process_local_mad fatal errors indicate a serious issue with InfiniHost0 port 1, possibly a hardware or driver failure."",   ""remediation"": ""Check InfiniHost0 port 1 for hardware issues and ensure the InfiniBand driver is up to date."" }",43.84,740.41,85261
qwen2.5-14b,thunderbird,1,zero_shot,349,True,VAPI,True,high,Device in FATAL state and mad_process failure indicate a critical issue with the InfiniHost0 port 1.,"{   ""is_anomaly"": true,   ""severity"": ""high"",   ""root_cause"": ""Device in FATAL state and mad_process failure indicate a critical issue with the InfiniHost0 port 1."",   ""remediation"": ""Restart the InfiniHost0 port 1 or check the hardware for any physical damage."" }",43.84,740.41,85261
qwen2.5-14b,thunderbird,1,zero_shot,350,True,VAPI,True,critical,Device in FATAL state due to local catastrophic error in InfiniHost0,"{   ""is_anomaly"": true,   ""severity"": ""critical"",   ""root_cause"": ""Device in FATAL state due to local catastrophic error in InfiniHost0"",   ""remediation"": ""Restart the InfiniHost0 device and check for hardware issues"" }",43.84,740.41,85261
qwen2.5-14b,thunderbird,1,zero_shot,351,False,NORMAL,False,low,none,"{   ""is_anomaly"": false,   ""severity"": ""low"",   ""root_cause"": ""none"",   ""remediation"": ""none"" }",43.84,740.41,85261
qwen2.5-14b,thunderbird,1,zero_shot,352,True,VAPI,True,critical,Device in FATAL state due to local catastrophic error,"{   ""is_anomaly"": true,   ""severity"": ""critical"",   ""root_cause"": ""Device in FATAL state due to local catastrophic error"",   ""remediation"": ""Restart the affected InfiniHost0 device and check for hardware issues"" }",43.84,740.41,85261
qwen2.5-14b,thunderbird,1,zero_shot,353,False,NORMAL,False,low,none,"{   ""is_anomaly"": false,   ""severity"": ""low"",   ""root_cause"": ""none"",   ""remediation"": ""none"" }",43.84,740.41,85261
qwen2.5-14b,thunderbird,1,zero_shot,354,False,NORMAL,True,medium,"Multiple data sources are not responding, indicating potential network or service issues.","{   ""is_anomaly"": true,   ""severity"": ""medium"",   ""root_cause"": ""Multiple data sources are not responding, indicating potential network or service issues."",   ""remediation"": ""Check network connectivity and service status of the affected data sources."" }",43.84,740.41,85261
qwen2.5-14b,thunderbird,1,zero_shot,355,False,NORMAL,False,low,none,"{   ""is_anomaly"": false,   ""severity"": ""low"",   ""root_cause"": ""none"",   ""remediation"": ""none"" }",43.84,740.41,85261
qwen2.5-14b,thunderbird,1,zero_shot,356,True,VAPI,True,high,"InfiniHost0 is experiencing fatal local errors and failed node discovery tests, indicating a severe issue with the InfiniBand subsystem.","{   ""is_anomaly"": true,   ""severity"": ""high"",   ""root_cause"": ""InfiniHost0 is experiencing fatal local errors and failed node discovery tests, indicating a severe issue with the InfiniBand subsystem."",   ""remediation"": ""Restart the InfiniBand service and check hardware connections for InfiniHost0."" }",43.84,740.41,85261
qwen2.5-14b,thunderbird,1,zero_shot,357,False,NORMAL,True,medium,SSH connections from multiple internal IPs and a potential issue with Thunderbird_C8 datasource,"{   ""is_anomaly"": true,   ""severity"": ""medium"",   ""root_cause"": ""SSH connections from multiple internal IPs and a potential issue with Thunderbird_C8 datasource"",   ""remediation"": ""Review SSH access logs for unusual activity and check Thunderbird_C8 datasource status"" }",43.84,740.41,85261
qwen2.5-14b,thunderbird,1,zero_shot,358,False,NORMAL,True,high,"The system is experiencing out of memory errors and network issues, indicating a critical resource shortage.","{   ""is_anomaly"": true,   ""severity"": ""high"",   ""root_cause"": ""The system is experiencing out of memory errors and network issues, indicating a critical resource shortage."",   ""remediation"": ""Free up memory by stopping unnecessary services or add more RAM to the system."" }",43.84,740.41,85261
qwen2.5-14b,thunderbird,1,zero_shot,359,True,VAPI,True,high,mad_process failures and EVAPI_process_local_mad fatal errors indicate a serious issue with the InfiniHost0 port 1 QPN 0,"{   ""is_anomaly"": true,   ""severity"": ""high"",   ""root_cause"": ""mad_process failures and EVAPI_process_local_mad fatal errors indicate a serious issue with the InfiniHost0 port 1 QPN 0"",   ""remediation"": ""Restart the InfiniHost0 port or check the hardware connection and configuration"" }",43.84,740.41,85261
qwen2.5-14b,thunderbird,1,zero_shot,360,True,VAPI,True,high,"InfiniHost0 is experiencing fatal errors and failed to process local MAD, indicating a severe issue with the InfiniBand subsystem.","{   ""is_anomaly"": true,   ""severity"": ""high"",   ""root_cause"": ""InfiniHost0 is experiencing fatal errors and failed to process local MAD, indicating a severe issue with the InfiniBand subsystem."",   ""remediation"": ""Restart the InfiniBand service and check hardware connections for any physical issues."" }",43.84,740.41,85261
qwen2.5-14b,thunderbird,1,zero_shot,361,False,NORMAL,True,medium,"Multiple root login attempts from the same IP address within a short time frame, indicating potential unauthorized access attempts.","{   ""is_anomaly"": true,   ""severity"": ""medium"",   ""root_cause"": ""Multiple root login attempts from the same IP address within a short time frame, indicating potential unauthorized access attempts."",   ""remediation"": ""Review and restrict root login access, consider enabling multi-factor authentication and monitoring for further suspicious activity."" }",43.84,740.41,85261
qwen2.5-14b,thunderbird,1,zero_shot,362,True,VAPI,True,high,"InfiniHost0 experienced a fatal local catastrophic error, and the temperature sensor in the main system chassis detected a warning value.","{   ""is_anomaly"": true,   ""severity"": ""high"",   ""root_cause"": ""InfiniHost0 experienced a fatal local catastrophic error, and the temperature sensor in the main system chassis detected a warning value."",   ""remediation"": ""Restart the InfiniHost0 service and check the hardware for overheating issues."" }",43.84,740.41,85261
qwen2.5-14b,thunderbird,1,zero_shot,363,False,NORMAL,True,high,"The system is running out of file descriptors, preventing RRD files from being updated.","{   ""is_anomaly"": true,   ""severity"": ""high"",   ""root_cause"": ""The system is running out of file descriptors, preventing RRD files from being updated."",   ""remediation"": ""Increase the system's maximum number of open files limit and investigate why so many files are open."" }",43.84,740.41,85261
qwen2.5-14b,thunderbird,1,zero_shot,364,True,VAPI,True,high,"InfiniHost0 experienced a fatal local catastrophic error, and there were issues with node discovery and configuration due to ports in INIT state.","{   ""is_anomaly"": true,   ""severity"": ""high"",   ""root_cause"": ""InfiniHost0 experienced a fatal local catastrophic error, and there were issues with node discovery and configuration due to ports in INIT state."",   ""remediation"": ""Restart the InfiniHost0 service and check the network configuration to ensure all ports are properly initialized."" }",43.84,740.41,85261
qwen2.5-14b,thunderbird,1,zero_shot,365,True,VAPI,True,high,"InfiniHost0 port 1 is experiencing a local catastrophic error with mad_process failures, and data threads are not receiving responses from Thunderbird datasources.","{   ""is_anomaly"": true,   ""severity"": ""high"",   ""root_cause"": ""InfiniHost0 port 1 is experiencing a local catastrophic error with mad_process failures, and data threads are not receiving responses from Thunderbird datasources."",   ""remediation"": ""Restart the InfiniHost0 port 1 and check the connectivity and health of Thunderbird datasources."" }",43.84,740.41,85261
qwen2.5-14b,thunderbird,1,zero_shot,366,True,VAPI,True,critical,Device in FATAL state and mad_process failures indicate a severe issue with the InfiniHost0 port 1.,"{   ""is_anomaly"": true,   ""severity"": ""critical"",   ""root_cause"": ""Device in FATAL state and mad_process failures indicate a severe issue with the InfiniHost0 port 1."",   ""remediation"": ""Restart the InfiniHost0 port 1 or replace the faulty hardware if the issue persists."" }",43.84,740.41,85261
qwen2.5-14b,thunderbird,1,zero_shot,367,True,VAPI,True,critical,Device in FATAL state and mad_process failures indicate a critical issue with the InfiniHost0 port 1.,"{   ""is_anomaly"": true,   ""severity"": ""critical"",   ""root_cause"": ""Device in FATAL state and mad_process failures indicate a critical issue with the InfiniHost0 port 1."",   ""remediation"": ""Restart the InfiniHost0 port 1 or replace the faulty hardware if the issue persists."" }",43.84,740.41,85261
qwen2.5-14b,thunderbird,1,zero_shot,368,True,VAPI,True,critical,Device in FATAL state and mad_process failures indicate a critical issue with the InfiniHost0 port 1.,"{   ""is_anomaly"": true,   ""severity"": ""critical"",   ""root_cause"": ""Device in FATAL state and mad_process failures indicate a critical issue with the InfiniHost0 port 1."",   ""remediation"": ""Restart the InfiniHost0 port 1 or replace the faulty hardware if the issue persists."" }",43.84,740.41,85261
qwen2.5-14b,thunderbird,1,zero_shot,369,False,NORMAL,True,high,"The system has reached its maximum limit of open files, indicating a potential resource exhaustion issue.","{   ""is_anomaly"": true,   ""severity"": ""high"",   ""root_cause"": ""The system has reached its maximum limit of open files, indicating a potential resource exhaustion issue."",   ""remediation"": ""Increase the file-max limit or investigate and close unnecessary file descriptors."" }",43.84,740.41,85261
qwen2.5-14b,thunderbird,1,zero_shot,370,True,VAPI,True,critical,Device in FATAL state and mad_process failures indicate a severe issue with the InfiniHost0 port 1.,"{   ""is_anomaly"": true,   ""severity"": ""critical"",   ""root_cause"": ""Device in FATAL state and mad_process failures indicate a severe issue with the InfiniHost0 port 1."",   ""remediation"": ""Restart the InfiniHost0 port 1 or replace the faulty hardware if the issue persists."" }",43.84,740.41,85261
qwen2.5-14b,thunderbird,1,zero_shot,371,False,NORMAL,True,medium,"Temperature sensor in the main system chassis detected a warning value of 10.0 degrees Celsius, which is above the normal threshold.","{   ""is_anomaly"": true,   ""severity"": ""medium"",   ""root_cause"": ""Temperature sensor in the main system chassis detected a warning value of 10.0 degrees Celsius, which is above the normal threshold."",   ""remediation"": ""Check the environmental conditions and ensure proper cooling is maintained to prevent overheating."" }",43.84,740.41,85261
qwen2.5-14b,thunderbird,1,zero_shot,372,False,NORMAL,True,medium,"Multiple data sources are not responding, indicating potential network or service issues.","{   ""is_anomaly"": true,   ""severity"": ""medium"",   ""root_cause"": ""Multiple data sources are not responding, indicating potential network or service issues."",   ""remediation"": ""Check the connectivity and status of the Thunderbird data sources and restart the services if necessary."" }",43.84,740.41,85261
qwen2.5-14b,thunderbird,1,zero_shot,373,False,NORMAL,False,low,none,"{   ""is_anomaly"": false,   ""severity"": ""low"",   ""root_cause"": ""none"",   ""remediation"": ""none"" }",43.84,740.41,85261
qwen2.5-14b,thunderbird,1,zero_shot,374,True,VAPI,True,high,"InfiniHost0 is experiencing fatal local errors and failed to process local MAD requests, indicating a severe issue with the InfiniBand subsystem.","{   ""is_anomaly"": true,   ""severity"": ""high"",   ""root_cause"": ""InfiniHost0 is experiencing fatal local errors and failed to process local MAD requests, indicating a severe issue with the InfiniBand subsystem."",   ""remediation"": ""Restart the InfiniBand service and check hardware components for any physical damage or issues."" }",43.84,740.41,85261
qwen2.5-14b,thunderbird,1,zero_shot,375,True,VAPI,True,high,"InfiniHost0 port 1 is experiencing mad_process failures and a catastrophic error, indicating a severe issue with the Infiniband subsystem.","{   ""is_anomaly"": true,   ""severity"": ""high"",   ""root_cause"": ""InfiniHost0 port 1 is experiencing mad_process failures and a catastrophic error, indicating a severe issue with the Infiniband subsystem."",   ""remediation"": ""Restart the InfiniHost0 port 1 or check the Infiniband subsystem configuration and hardware for any faults."" }",43.84,740.41,85261
qwen2.5-14b,thunderbird,1,zero_shot,376,False,NORMAL,True,medium,"The system is loading a kernel module designed for AuthenticAMD CPU on a GenuineIntel CPU, which may cause instability or crashes.","{   ""is_anomaly"": true,   ""severity"": ""medium"",   ""root_cause"": ""The system is loading a kernel module designed for AuthenticAMD CPU on a GenuineIntel CPU, which may cause instability or crashes."",   ""remediation"": ""Replace the panfs.o kernel module with the correct version compatible with GenuineIntel CPU."" }",43.84,740.41,85261
qwen2.5-14b,thunderbird,1,zero_shot,377,False,NORMAL,True,medium,data_thread failed to receive responses from Thunderbird_B1 and Thunderbird_B2 datasources,"{   ""is_anomaly"": true,   ""severity"": ""medium"",   ""root_cause"": ""data_thread failed to receive responses from Thunderbird_B1 and Thunderbird_B2 datasources"",   ""remediation"": ""Check connectivity and health of Thunderbird_B1 and Thunderbird_B2 datasources"" }",43.84,740.41,85261
qwen2.5-14b,thunderbird,1,zero_shot,378,True,VAPI,True,high,"mad_process failures and EVAPI_process_local_mad fatal errors indicate a serious issue with InfiniHost0 port 1, possibly hardware or driver failure.","{   ""is_anomaly"": true,   ""severity"": ""high"",   ""root_cause"": ""mad_process failures and EVAPI_process_local_mad fatal errors indicate a serious issue with InfiniHost0 port 1, possibly hardware or driver failure."",   ""remediation"": ""Check InfiniHost0 port 1 for hardware issues and ensure driver is up to date."" }",43.84,740.41,85261
qwen2.5-14b,thunderbird,1,zero_shot,379,True,VAPI,True,critical,Device in FATAL state and mad_process failures indicate a critical issue with the InfiniHost0 port 1.,"{   ""is_anomaly"": true,   ""severity"": ""critical"",   ""root_cause"": ""Device in FATAL state and mad_process failures indicate a critical issue with the InfiniHost0 port 1."",   ""remediation"": ""Restart the InfiniHost0 port 1 or replace the faulty hardware if the issue persists."" }",43.84,740.41,85261
qwen2.5-14b,thunderbird,1,zero_shot,380,True,VAPI,True,high,"InfiniHost0 experienced a local catastrophic error, and data threads failed to receive responses from multiple datasources.","{   ""is_anomaly"": true,   ""severity"": ""high"",   ""root_cause"": ""InfiniHost0 experienced a local catastrophic error, and data threads failed to receive responses from multiple datasources."",   ""remediation"": ""Restart the InfiniHost0 service and check the datasources for connectivity issues."" }",43.84,740.41,85261
qwen2.5-14b,thunderbird,1,zero_shot,381,False,NORMAL,True,medium,register_security failed due to an already initialized security framework.,"{   ""is_anomaly"": true,   ""severity"": ""medium"",   ""root_cause"": ""register_security failed due to an already initialized security framework."",   ""remediation"": ""Restart the service or system to clear the existing security framework before reinitializing."" }",43.84,740.41,85261
qwen2.5-14b,thunderbird,1,zero_shot,382,False,NORMAL,True,medium,data_thread() is failing to receive responses from multiple datasources indicating a potential network or service issue,"{   ""is_anomaly"": true,   ""severity"": ""medium"",   ""root_cause"": ""data_thread() is failing to receive responses from multiple datasources indicating a potential network or service issue"",   ""remediation"": ""Check the connectivity and status of the Thunderbird datasources and ensure they are responding correctly"" }",43.84,740.41,85261
qwen2.5-14b,thunderbird,1,zero_shot,383,False,NORMAL,True,medium,Multiple service shutdown failures (gmond and haldaemon) indicate a potential issue with the system's monitoring or hardware abstraction layer services.,"{   ""is_anomaly"": true,   ""severity"": ""medium"",   ""root_cause"": ""Multiple service shutdown failures (gmond and haldaemon) indicate a potential issue with the system's monitoring or hardware abstraction layer services."",   ""remediation"": ""Check the configuration and status of gmond and haldaemon services, and restart them if necessary."" }",43.84,740.41,85261
qwen2.5-14b,thunderbird,1,zero_shot,384,True,VAPI,True,high,"InfiniHost0 experienced a local catastrophic error, and data threads failed to receive responses from datasources.","{   ""is_anomaly"": true,   ""severity"": ""high"",   ""root_cause"": ""InfiniHost0 experienced a local catastrophic error, and data threads failed to receive responses from datasources."",   ""remediation"": ""Restart the InfiniHost0 service and check the datasources for connectivity issues."" }",43.84,740.41,85261
qwen2.5-14b,thunderbird,1,zero_shot,385,False,NORMAL,False,low,none,"{   ""is_anomaly"": false,   ""severity"": ""low"",   ""root_cause"": ""none"",   ""remediation"": ""none"" }",43.84,740.41,85261
qwen2.5-14b,thunderbird,1,zero_shot,386,False,NORMAL,True,medium,"Multiple root logins from different IP addresses within a short time frame, indicating potential unauthorized access attempts.","{   ""is_anomaly"": true,   ""severity"": ""medium"",   ""root_cause"": ""Multiple root logins from different IP addresses within a short time frame, indicating potential unauthorized access attempts."",   ""remediation"": ""Review login activity, restrict root login to specific IPs, and consider enabling MFA."" }",43.84,740.41,85261
qwen2.5-14b,thunderbird,1,zero_shot,387,True,VAPI,True,critical,Device in FATAL state and mad_process failure indicate a severe hardware or driver issue,"{   ""is_anomaly"": true,   ""severity"": ""critical"",   ""root_cause"": ""Device in FATAL state and mad_process failure indicate a severe hardware or driver issue"",   ""remediation"": ""Restart the affected hardware or update the driver and monitor the system"" }",43.84,740.41,85261
qwen2.5-14b,thunderbird,1,zero_shot,388,True,VAPI,True,high,"mad_process failures and EVAPI_process_local_mad fatal errors indicate a serious issue with InfiniHost0 port 1, possibly hardware or driver failure.","{   ""is_anomaly"": true,   ""severity"": ""high"",   ""root_cause"": ""mad_process failures and EVAPI_process_local_mad fatal errors indicate a serious issue with InfiniHost0 port 1, possibly hardware or driver failure."",   ""remediation"": ""Check InfiniHost0 port 1 for hardware issues and ensure driver is up to date."" }",43.84,740.41,85261
qwen2.5-14b,thunderbird,1,zero_shot,389,False,NORMAL,True,medium,"Multiple SSH sessions opened by root from the same IP address within a short time frame, indicating potential unauthorized access attempts.","{   ""is_anomaly"": true,   ""severity"": ""medium"",   ""root_cause"": ""Multiple SSH sessions opened by root from the same IP address within a short time frame, indicating potential unauthorized access attempts."",   ""remediation"": ""Review and restrict root SSH access, enable multi-factor authentication, and monitor for further suspicious activity."" }",43.84,740.41,85261
qwen2.5-14b,thunderbird,1,zero_shot,390,True,VAPI,True,high,"InfiniHost0 port 1 is experiencing a local catastrophic error, and the data_thread is not receiving responses from the Thunderbird_D2 datasource.","{   ""is_anomaly"": true,   ""severity"": ""high"",   ""root_cause"": ""InfiniHost0 port 1 is experiencing a local catastrophic error, and the data_thread is not receiving responses from the Thunderbird_D2 datasource."",   ""remediation"": ""Restart the InfiniHost0 port 1 and check the connectivity and health of Thunderbird_D2 datasource."" }",43.84,740.41,85261
qwen2.5-14b,thunderbird,1,zero_shot,391,True,VAPI,True,high,"InfiniHost0 port 1 experienced a local catastrophic error, and data threads failed to receive responses from Thunderbird datasources.","{   ""is_anomaly"": true,   ""severity"": ""high"",   ""root_cause"": ""InfiniHost0 port 1 experienced a local catastrophic error, and data threads failed to receive responses from Thunderbird datasources."",   ""remediation"": ""Restart the InfiniHost0 port 1 and check the connectivity and health of Thunderbird datasources."" }",43.84,740.41,85261
qwen2.5-14b,thunderbird,1,zero_shot,392,False,NORMAL,False,low,none,"{   ""is_anomaly"": false,   ""severity"": ""low"",   ""root_cause"": ""none"",   ""remediation"": ""none"" }",43.84,740.41,85261
qwen2.5-14b,thunderbird,1,zero_shot,393,True,VAPI,True,critical,Device in FATAL state and mad_process failures indicate a severe issue with the InfiniHost0 port 1.,"{   ""is_anomaly"": true,   ""severity"": ""critical"",   ""root_cause"": ""Device in FATAL state and mad_process failures indicate a severe issue with the InfiniHost0 port 1."",   ""remediation"": ""Restart the InfiniHost0 port 1 or replace the faulty hardware if the issue persists."" }",43.84,740.41,85261
qwen2.5-14b,thunderbird,1,zero_shot,394,True,VAPI,True,high,InfiniHost0 is experiencing fatal errors (Local Catastrophic Error) as indicated by repeated EVAPI_process_local_mad failures with return code -254.,"{   ""is_anomaly"": true,   ""severity"": ""high"",   ""root_cause"": ""InfiniHost0 is experiencing fatal errors (Local Catastrophic Error) as indicated by repeated EVAPI_process_local_mad failures with return code -254."",   ""remediation"": ""Restart the InfiniHost0 service and check hardware for any potential issues causing the catastrophic errors."" }",43.84,740.41,85261
qwen2.5-14b,thunderbird,1,zero_shot,395,False,NORMAL,True,medium,Multiple root SSH sessions from the same IP and crond shutdown failure indicate potential security concern or misconfiguration.,"{   ""is_anomaly"": true,   ""severity"": ""medium"",   ""root_cause"": ""Multiple root SSH sessions from the same IP and crond shutdown failure indicate potential security concern or misconfiguration."",   ""remediation"": ""Review SSH access logs, check crond status and configuration, and ensure proper access controls are in place."" }",43.84,740.41,85261
qwen2.5-14b,thunderbird,1,zero_shot,396,True,VAPI,True,high,"mad_process failures and EVAPI_process_local_mad fatal errors indicate a serious issue with InfiniHost0 port 1, possibly hardware or driver failure.","{   ""is_anomaly"": true,   ""severity"": ""high"",   ""root_cause"": ""mad_process failures and EVAPI_process_local_mad fatal errors indicate a serious issue with InfiniHost0 port 1, possibly hardware or driver failure."",   ""remediation"": ""Check InfiniHost0 port 1 for hardware issues and ensure driver is up to date."" }",43.84,740.41,85261
qwen2.5-14b,thunderbird,1,zero_shot,397,True,VAPI,True,high,"InfiniHost0 port 1 is experiencing mad_process failures and a catastrophic error in EVAPI_process_local_mad, indicating a severe issue with the Infiniband subsystem.","{   ""is_anomaly"": true,   ""severity"": ""high"",   ""root_cause"": ""InfiniHost0 port 1 is experiencing mad_process failures and a catastrophic error in EVAPI_process_local_mad, indicating a severe issue with the Infiniband subsystem."",   ""remediation"": ""Restart the Infiniband service and check the hardware status of InfiniHost0 port 1."" }",43.84,740.41,85261
qwen2.5-14b,thunderbird,1,zero_shot,398,False,NORMAL,True,medium,"Some Local APICs are disabled, which could indicate a hardware or configuration issue.","{   ""is_anomaly"": true,   ""severity"": ""medium"",   ""root_cause"": ""Some Local APICs are disabled, which could indicate a hardware or configuration issue."",   ""remediation"": ""Check the BIOS settings and ensure that all Local APICs are enabled."" }",43.84,740.41,85261
qwen2.5-14b,thunderbird,1,zero_shot,399,False,NORMAL,False,low,none,"{   ""is_anomaly"": false,   ""severity"": ""low"",   ""root_cause"": ""none"",   ""remediation"": ""none"" }",43.84,740.41,85261
qwen2.5-14b,thunderbird,1,zero_shot,400,True,VAPI,True,critical,Device in FATAL state and mad_process failures indicate a critical issue with the InfiniHost0 port 1.,"{   ""is_anomaly"": true,   ""severity"": ""critical"",   ""root_cause"": ""Device in FATAL state and mad_process failures indicate a critical issue with the InfiniHost0 port 1."",   ""remediation"": ""Restart the InfiniHost0 port 1 or replace the faulty hardware if the issue persists."" }",43.84,740.41,85261
qwen2.5-14b,thunderbird,1,zero_shot,401,False,NORMAL,True,medium,"Multiple root SSH sessions from the same IP address within a short time frame, indicating potential unauthorized access attempts.","{   ""is_anomaly"": true,   ""severity"": ""medium"",   ""root_cause"": ""Multiple root SSH sessions from the same IP address within a short time frame, indicating potential unauthorized access attempts."",   ""remediation"": ""Review access logs, restrict root login via SSH, and consider implementing multi-factor authentication."" }",43.84,740.41,85261
qwen2.5-14b,thunderbird,1,zero_shot,402,True,VAPI,True,high,InfiniHost0 experienced a fatal error (Local Catastrophic Error) and some data threads failed to receive responses from datasources.,"{   ""is_anomaly"": true,   ""severity"": ""high"",   ""root_cause"": ""InfiniHost0 experienced a fatal error (Local Catastrophic Error) and some data threads failed to receive responses from datasources."",   ""remediation"": ""Restart the InfiniHost0 service and check the connectivity to the Thunderbird datasources."" }",43.84,740.41,85261
qwen2.5-14b,thunderbird,1,zero_shot,403,True,VAPI,True,high,"InfiniHost0 port 1 experienced a fatal error (Local Catastrophic Error) during MAD processing, and data threads failed to receive responses from Thunderbird_C3 and Thunderbird_D4 datasources.","{   ""is_anomaly"": true,   ""severity"": ""high"",   ""root_cause"": ""InfiniHost0 port 1 experienced a fatal error (Local Catastrophic Error) during MAD processing, and data threads failed to receive responses from Thunderbird_C3 and Thunderbird_D4 datasources."",   ""remediation"": ""Restart the InfiniHost0 port 1 and check connectivity to Thunderbird_C3 and Thunderbird_D4 datasources."" }",43.84,740.41,85261
qwen2.5-14b,thunderbird,1,zero_shot,404,False,NORMAL,True,medium,data_thread() failed to receive responses from multiple datasources indicating potential network or service issues,"{   ""is_anomaly"": true,   ""severity"": ""medium"",   ""root_cause"": ""data_thread() failed to receive responses from multiple datasources indicating potential network or service issues"",   ""remediation"": ""Check connectivity and status of Thunderbird_B2, Thunderbird_C2, and Thunderbird_D7 datasources"" }",43.84,740.41,85261
qwen2.5-14b,thunderbird,1,zero_shot,405,True,VAPI,True,critical,Device in FATAL state and mad_process failures indicate a severe issue with the InfiniHost0 port 1.,"{   ""is_anomaly"": true,   ""severity"": ""critical"",   ""root_cause"": ""Device in FATAL state and mad_process failures indicate a severe issue with the InfiniHost0 port 1."",   ""remediation"": ""Restart the InfiniHost0 port 1 or replace the faulty hardware if the issue persists."" }",43.84,740.41,85261
qwen2.5-14b,thunderbird,1,zero_shot,406,True,VAPI,True,critical,"Device in FATAL state and mad_process failures indicate a severe issue with the InfiniHost0 port 1, possibly hardware failure or critical software error.","{   ""is_anomaly"": true,   ""severity"": ""critical"",   ""root_cause"": ""Device in FATAL state and mad_process failures indicate a severe issue with the InfiniHost0 port 1, possibly hardware failure or critical software error."",   ""remediation"": ""Restart the affected network interface or replace the hardware if it's a persistent issue."" }",43.84,740.41,85261
qwen2.5-14b,thunderbird,1,zero_shot,407,True,VAPI,True,critical,"InfiniHost0 device encountered a fatal error, indicating a catastrophic failure.","{   ""is_anomaly"": true,   ""severity"": ""critical"",   ""root_cause"": ""InfiniHost0 device encountered a fatal error, indicating a catastrophic failure."",   ""remediation"": ""Restart the InfiniHost0 device and check hardware for any physical damage or issues."" }",43.84,740.41,85261
qwen2.5-14b,thunderbird,1,zero_shot,408,False,NORMAL,False,low,none,"{   ""is_anomaly"": false,   ""severity"": ""low"",   ""root_cause"": ""none"",   ""remediation"": ""none"" }",43.84,740.41,85261
qwen2.5-14b,thunderbird,1,zero_shot,409,False,NORMAL,True,medium,"Multiple root SSH sessions from the same IP address within a short time frame, indicating potential unauthorized access attempts.","{   ""is_anomaly"": true,   ""severity"": ""medium"",   ""root_cause"": ""Multiple root SSH sessions from the same IP address within a short time frame, indicating potential unauthorized access attempts."",   ""remediation"": ""Review access logs, restrict root login via SSH, and consider implementing multi-factor authentication."" }",43.84,740.41,85261
qwen2.5-14b,thunderbird,1,zero_shot,410,False,NORMAL,True,medium,"data_thread() failed to receive a response from Thunderbird_A6 datasource, indicating a potential connectivity or datasource issue.","{   ""is_anomaly"": true,   ""severity"": ""medium"",   ""root_cause"": ""data_thread() failed to receive a response from Thunderbird_A6 datasource, indicating a potential connectivity or datasource issue."",   ""remediation"": ""Check the connectivity and status of Thunderbird_A6 datasource and ensure it is responding to requests."" }",43.84,740.41,85261
qwen2.5-14b,thunderbird,1,zero_shot,411,False,NORMAL,True,low,Duplicate ACPI interrupt mapping for the same PCI device 0000:07:08.0,"{   ""is_anomaly"": true,   ""severity"": ""low"",   ""root_cause"": ""Duplicate ACPI interrupt mapping for the same PCI device 0000:07:08.0"",   ""remediation"": ""Check and update the BIOS/UEFI firmware to correct the duplicate interrupt mapping"" }",43.84,740.41,85261
qwen2.5-14b,thunderbird,1,zero_shot,412,True,VAPI,True,high,"InfiniHost0 port 1 QPN 0 experienced a fatal error (Local Catastrophic Error) in the InfiniBand subsystem, and critical services like gmond and crond have failed to shut down properly.","{   ""is_anomaly"": true,   ""severity"": ""high"",   ""root_cause"": ""InfiniHost0 port 1 QPN 0 experienced a fatal error (Local Catastrophic Error) in the InfiniBand subsystem, and critical services like gmond and crond have failed to shut down properly."",   ""remediation"": ""Restart the InfiniHost0 port 1 and check the InfiniBand subsystem for any hardware or configuration issues."" }",43.84,740.41,85261
qwen2.5-14b,thunderbird,1,zero_shot,413,False,NORMAL,True,medium,data_thread failed to receive responses from multiple datasources,"{   ""is_anomaly"": true,   ""severity"": ""medium"",   ""root_cause"": ""data_thread failed to receive responses from multiple datasources"",   ""remediation"": ""Check connectivity and status of Thunderbird_D7, Thunderbird_C2, and Thunderbird_C4 datasources"" }",43.84,740.41,85261
qwen2.5-14b,thunderbird,1,zero_shot,414,False,NORMAL,False,low,"Temperature sensor returned to normal after a non-critical warning state, and time synchronization was temporarily disabled before being corrected.","{   ""is_anomaly"": false,   ""severity"": ""low"",   ""root_cause"": ""Temperature sensor returned to normal after a non-critical warning state, and time synchronization was temporarily disabled before being corrected."",   ""remediation"": ""none"" }",43.84,740.41,85261
qwen2.5-14b,thunderbird,1,zero_shot,415,True,VAPI,True,critical,"InfiniHost0 port 1 is experiencing a local catastrophic error, indicated by mad_process failures and device entering FATAL state.","{   ""is_anomaly"": true,   ""severity"": ""critical"",   ""root_cause"": ""InfiniHost0 port 1 is experiencing a local catastrophic error, indicated by mad_process failures and device entering FATAL state."",   ""remediation"": ""Restart the InfiniHost0 port 1 or replace the faulty hardware component."" }",43.84,740.41,85261
qwen2.5-14b,thunderbird,1,zero_shot,416,False,NORMAL,False,low,none,"{   ""is_anomaly"": false,   ""severity"": ""low"",   ""root_cause"": ""none"",   ""remediation"": ""none"" }",43.84,740.41,85261
qwen2.5-14b,thunderbird,1,zero_shot,417,True,VAPI,True,high,"InfiniHost0 port 1 experienced a local catastrophic error, indicated by mad_process failure and EVAPI_process_local_mad returning -254.","{   ""is_anomaly"": true,   ""severity"": ""high"",   ""root_cause"": ""InfiniHost0 port 1 experienced a local catastrophic error, indicated by mad_process failure and EVAPI_process_local_mad returning -254."",   ""remediation"": ""Restart the InfiniHost0 port 1 or check the hardware for any physical issues."" }",43.84,740.41,85261
qwen2.5-14b,thunderbird,1,zero_shot,418,False,NORMAL,False,low,none,"{   ""is_anomaly"": false,   ""severity"": ""low"",   ""root_cause"": ""none"",   ""remediation"": ""none"" }",43.84,740.41,85261
qwen2.5-14b,thunderbird,1,zero_shot,419,False,NORMAL,False,low,none,"{   ""is_anomaly"": false,   ""severity"": ""low"",   ""root_cause"": ""none"",   ""remediation"": ""none"" }",43.84,740.41,85261
qwen2.5-14b,thunderbird,1,zero_shot,420,True,VAPI,True,high,"mad_process failures and EVAPI_process_local_mad fatal errors indicate a serious issue with InfiniHost0 port 1, possibly a hardware or driver failure.","{   ""is_anomaly"": true,   ""severity"": ""high"",   ""root_cause"": ""mad_process failures and EVAPI_process_local_mad fatal errors indicate a serious issue with InfiniHost0 port 1, possibly a hardware or driver failure."",   ""remediation"": ""Check InfiniHost0 port 1 for hardware issues and ensure the InfiniBand driver is up to date."" }",43.84,740.41,85261
qwen2.5-14b,thunderbird,1,zero_shot,421,False,NORMAL,False,low,none,"{   ""is_anomaly"": false,   ""severity"": ""low"",   ""root_cause"": ""none"",   ""remediation"": ""none"" }",43.84,740.41,85261
qwen2.5-14b,thunderbird,1,zero_shot,422,False,NORMAL,True,medium,crond shutdown is failing repeatedly while omsad32 shutdowns are succeeding,"{   ""is_anomaly"": true,   ""severity"": ""medium"",   ""root_cause"": ""crond shutdown is failing repeatedly while omsad32 shutdowns are succeeding"",   ""remediation"": ""investigate crond service for configuration or permission issues preventing proper shutdown"" }",43.84,740.41,85261
qwen2.5-14b,thunderbird,1,zero_shot,423,False,NORMAL,True,medium,"The filesystem was mounted as read-only and required recovery, indicating a potential issue with the filesystem integrity.","{   ""is_anomaly"": true,   ""severity"": ""medium"",   ""root_cause"": ""The filesystem was mounted as read-only and required recovery, indicating a potential issue with the filesystem integrity."",   ""remediation"": ""Check the filesystem for errors and repair if necessary using fsck."" }",43.84,740.41,85261
qwen2.5-14b,thunderbird,1,zero_shot,424,False,NORMAL,True,medium,"Multiple root SSH logins from different IP addresses within a short time frame, indicating potential unauthorized access attempts.","{   ""is_anomaly"": true,   ""severity"": ""medium"",   ""root_cause"": ""Multiple root SSH logins from different IP addresses within a short time frame, indicating potential unauthorized access attempts."",   ""remediation"": ""Review access logs, restrict root login via SSH, and consider implementing multi-factor authentication."" }",43.84,740.41,85261
qwen2.5-14b,thunderbird,1,zero_shot,425,True,VAPI,True,high,Device in FATAL state and mad_process failure indicate a critical issue with the InfiniHost0 port 1,"{   ""is_anomaly"": true,   ""severity"": ""high"",   ""root_cause"": ""Device in FATAL state and mad_process failure indicate a critical issue with the InfiniHost0 port 1"",   ""remediation"": ""Restart the InfiniHost0 port 1 or replace the faulty hardware if it's a persistent issue"" }",43.84,740.41,85261
qwen2.5-14b,thunderbird,1,zero_shot,426,True,VAPI,True,critical,"InfiniHost0 is experiencing a local catastrophic error, and data threads are not receiving responses from datasources, indicating a severe system failure.","{   ""is_anomaly"": true,   ""severity"": ""critical"",   ""root_cause"": ""InfiniHost0 is experiencing a local catastrophic error, and data threads are not receiving responses from datasources, indicating a severe system failure."",   ""remediation"": ""Restart the InfiniHost0 and check the datasources for any hardware or software issues."" }",43.84,740.41,85261
qwen2.5-14b,thunderbird,1,zero_shot,427,False,NORMAL,False,low,none,"{   ""is_anomaly"": false,   ""severity"": ""low"",   ""root_cause"": ""none"",   ""remediation"": ""none"" }",43.84,740.41,85261
qwen2.5-14b,thunderbird,1,zero_shot,428,False,NORMAL,False,low,none,"{   ""is_anomaly"": false,   ""severity"": ""low"",   ""root_cause"": ""none"",   ""remediation"": ""none"" }",43.84,740.41,85261
qwen2.5-14b,thunderbird,1,zero_shot,429,False,NORMAL,True,high,"The system is hitting the file-max limit, indicating a potential resource exhaustion issue, and a data source communication failure.","{   ""is_anomaly"": true,   ""severity"": ""high"",   ""root_cause"": ""The system is hitting the file-max limit, indicating a potential resource exhaustion issue, and a data source communication failure."",   ""remediation"": ""Increase the file-max limit and investigate why the data source is not responding."" }",43.84,740.41,85261
qwen2.5-14b,thunderbird,1,zero_shot,430,False,NORMAL,True,high,Device in FATAL state and no answer from datasource indicating potential hardware or software failure,"{   ""is_anomaly"": true,   ""severity"": ""high"",   ""root_cause"": ""Device in FATAL state and no answer from datasource indicating potential hardware or software failure"",   ""remediation"": ""Check hardware status and restart affected services"" }",43.84,740.41,85261
qwen2.5-14b,thunderbird,1,zero_shot,431,False,NORMAL,True,medium,"Multiple session openings and acceptances for the same user from the same IP address within a short time frame, indicating potential unauthorized access attempts.","{   ""is_anomaly"": true,   ""severity"": ""medium"",   ""root_cause"": ""Multiple session openings and acceptances for the same user from the same IP address within a short time frame, indicating potential unauthorized access attempts."",   ""remediation"": ""Review access logs for further details, consider implementing multi-factor authentication, and monitor the user's activity closely."" }",43.84,740.41,85261
qwen2.5-14b,thunderbird,1,zero_shot,432,True,VAPI,True,high,"InfiniHost0 port 1 is experiencing a local catastrophic error, likely due to a hardware or driver issue.","{   ""is_anomaly"": true,   ""severity"": ""high"",   ""root_cause"": ""InfiniHost0 port 1 is experiencing a local catastrophic error, likely due to a hardware or driver issue."",   ""remediation"": ""Check the hardware status of InfiniHost0 port 1 and update or replace the relevant driver if necessary."" }",43.84,740.41,85261
qwen2.5-14b,thunderbird,1,zero_shot,433,True,VAPI,True,high,"InfiniHost0 port 1 is experiencing mad_process failures and a catastrophic error, indicating a severe issue with the InfiniBand subsystem.","{   ""is_anomaly"": true,   ""severity"": ""high"",   ""root_cause"": ""InfiniHost0 port 1 is experiencing mad_process failures and a catastrophic error, indicating a severe issue with the InfiniBand subsystem."",   ""remediation"": ""Restart the InfiniBand service and check the hardware status of InfiniHost0 port 1."" }",43.84,740.41,85261
qwen2.5-14b,thunderbird,1,zero_shot,434,True,VAPI,True,critical,Device in FATAL state and mad_process failures indicate a severe issue with the InfiniHost0 port 1.,"{   ""is_anomaly"": true,   ""severity"": ""critical"",   ""root_cause"": ""Device in FATAL state and mad_process failures indicate a severe issue with the InfiniHost0 port 1."",   ""remediation"": ""Restart the InfiniHost0 port 1 or replace the faulty hardware if the issue persists."" }",43.84,740.41,85261
qwen2.5-14b,thunderbird,1,zero_shot,435,True,VAPI,True,critical,Device in FATAL state due to local catastrophic error,"{   ""is_anomaly"": true,   ""severity"": ""critical"",   ""root_cause"": ""Device in FATAL state due to local catastrophic error"",   ""remediation"": ""Restart the affected InfiniHost0 device and check for hardware issues"" }",43.84,740.41,85261
qwen2.5-14b,thunderbird,1,zero_shot,436,False,NORMAL,False,low,none,"{   ""is_anomaly"": false,   ""severity"": ""low"",   ""root_cause"": ""none"",   ""remediation"": ""none"" }",43.84,740.41,85261
qwen2.5-14b,thunderbird,1,zero_shot,437,False,NORMAL,False,low,none,"{   ""is_anomaly"": false,   ""severity"": ""low"",   ""root_cause"": ""none"",   ""remediation"": ""none"" }",43.84,740.41,85261
qwen2.5-14b,thunderbird,1,zero_shot,438,False,NORMAL,False,low,none,"{   ""is_anomaly"": false,   ""severity"": ""low"",   ""root_cause"": ""none"",   ""remediation"": ""none"" }",43.84,740.41,85261
qwen2.5-14b,thunderbird,1,zero_shot,439,False,NORMAL,True,medium,"Multiple root SSH sessions from the same IP address within a short time frame, indicating potential unauthorized access attempts.","{   ""is_anomaly"": true,   ""severity"": ""medium"",   ""root_cause"": ""Multiple root SSH sessions from the same IP address within a short time frame, indicating potential unauthorized access attempts."",   ""remediation"": ""Review and restrict root SSH access, consider enabling MFA and monitoring for unusual activity."" }",43.84,740.41,85261
qwen2.5-14b,thunderbird,1,zero_shot,440,True,VAPI,True,high,InfiniHost0 experienced a fatal error (Local Catastrophic Error) and data threads failed to receive responses from multiple datasources.,"{   ""is_anomaly"": true,   ""severity"": ""high"",   ""root_cause"": ""InfiniHost0 experienced a fatal error (Local Catastrophic Error) and data threads failed to receive responses from multiple datasources."",   ""remediation"": ""Restart the InfiniHost0 service and check the connectivity to the datasources."" }",43.84,740.41,85261
qwen2.5-14b,thunderbird,1,zero_shot,441,False,NORMAL,False,low,none,"{   ""is_anomaly"": false,   ""severity"": ""low"",   ""root_cause"": ""none"",   ""remediation"": ""none"" }",43.84,740.41,85261
qwen2.5-14b,thunderbird,1,zero_shot,442,True,VAPI,True,high,"InfiniHost0 is experiencing fatal errors and failed node discovery attempts, indicating a serious issue with the InfiniBand fabric or hardware.","{   ""is_anomaly"": true,   ""severity"": ""high"",   ""root_cause"": ""InfiniHost0 is experiencing fatal errors and failed node discovery attempts, indicating a serious issue with the InfiniBand fabric or hardware."",   ""remediation"": ""Check InfiniHost0 hardware and InfiniBand fabric for faults, and restart the InfiniHost0 service if necessary."" }",43.84,740.41,85261
qwen2.5-14b,thunderbird,1,zero_shot,443,True,VAPI,True,critical,Device in FATAL state due to local catastrophic error in InfiniHost0,"{   ""is_anomaly"": true,   ""severity"": ""critical"",   ""root_cause"": ""Device in FATAL state due to local catastrophic error in InfiniHost0"",   ""remediation"": ""Restart the InfiniHost0 device and check for hardware issues"" }",43.84,740.41,85261
qwen2.5-14b,thunderbird,1,zero_shot,444,True,VAPI,True,critical,InfiniHost0 port 1 is in a FATAL state due to local catastrophic errors in MAD processing.,"{   ""is_anomaly"": true,   ""severity"": ""critical"",   ""root_cause"": ""InfiniHost0 port 1 is in a FATAL state due to local catastrophic errors in MAD processing."",   ""remediation"": ""Restart the InfiniHost0 port 1 or replace the faulty hardware component."" }",43.84,740.41,85261
qwen2.5-14b,thunderbird,1,zero_shot,445,True,VAPI,True,high,InfiniHost0 experienced a fatal error (Local Catastrophic Error) and data threads failed to receive responses from multiple datasources.,"{   ""is_anomaly"": true,   ""severity"": ""high"",   ""root_cause"": ""InfiniHost0 experienced a fatal error (Local Catastrophic Error) and data threads failed to receive responses from multiple datasources."",   ""remediation"": ""Restart the InfiniHost0 service and check the status of Thunderbird datasources."" }",43.84,740.41,85261
qwen2.5-14b,thunderbird,1,zero_shot,446,True,VAPI,True,high,"InfiniHost0 experienced a local catastrophic error, and data threads failed to receive responses from datasources.","{   ""is_anomaly"": true,   ""severity"": ""high"",   ""root_cause"": ""InfiniHost0 experienced a local catastrophic error, and data threads failed to receive responses from datasources."",   ""remediation"": ""Restart the InfiniHost0 service and check the connectivity to the Thunderbird datasources."" }",43.84,740.41,85261
qwen2.5-14b,thunderbird,1,zero_shot,447,False,NORMAL,False,low,none,"{   ""is_anomaly"": false,   ""severity"": ""low"",   ""root_cause"": ""none"",   ""remediation"": ""none"" }",43.84,740.41,85261
qwen2.5-14b,thunderbird,1,zero_shot,448,False,NORMAL,False,low,none,"{   ""is_anomaly"": false,   ""severity"": ""low"",   ""root_cause"": ""none"",   ""remediation"": ""none"" }",43.84,740.41,85261
qwen2.5-14b,thunderbird,1,zero_shot,449,True,VAPI,True,high,"InfiniHost0 experienced a fatal local catastrophic error, and data threads failed to receive responses from Thunderbird_B2 and Thunderbird_B4 datasources.","{   ""is_anomaly"": true,   ""severity"": ""high"",   ""root_cause"": ""InfiniHost0 experienced a fatal local catastrophic error, and data threads failed to receive responses from Thunderbird_B2 and Thunderbird_B4 datasources."",   ""remediation"": ""Restart the InfiniHost0 service and check the connectivity and status of Thunderbird_B2 and Thunderbird_B4 datasources."" }",43.84,740.41,85261
qwen2.5-14b,openstack,1,zero_shot,450,True,ANOMALY,False,low,none,"{   ""is_anomaly"": false,   ""severity"": ""low"",   ""root_cause"": ""none"",   ""remediation"": ""none"" }",43.84,740.41,85261
qwen2.5-14b,openstack,1,zero_shot,451,True,ANOMALY,False,low,none,"{   ""is_anomaly"": false,   ""severity"": ""low"",   ""root_cause"": ""none"",   ""remediation"": ""none"" }",43.84,740.41,85261
qwen2.5-14b,openstack,1,zero_shot,452,False,NORMAL,False,low,"vcpu limit not specified, defaulting to unlimited","{   ""is_anomaly"": false,   ""severity"": ""low"",   ""root_cause"": ""vcpu limit not specified, defaulting to unlimited"",   ""remediation"": ""Set a vcpu limit for the instance to prevent potential overuse of resources"" }",43.84,740.41,85261
qwen2.5-14b,openstack,1,zero_shot,453,True,ANOMALY,False,low,none,"{   ""is_anomaly"": false,   ""severity"": ""low"",   ""root_cause"": ""none"",   ""remediation"": ""none"" }",43.84,740.41,85261
qwen2.5-14b,openstack,1,zero_shot,454,False,NORMAL,True,medium,"A VM was paused shortly after being started, indicating a potential issue with the VM's lifecycle management.","{   ""is_anomaly"": true,   ""severity"": ""medium"",   ""root_cause"": ""A VM was paused shortly after being started, indicating a potential issue with the VM's lifecycle management."",   ""remediation"": ""Review the VM's startup and shutdown scripts, and check for any unexpected operations that could cause the VM to pause immediately after starting."" }",43.84,740.41,85261
qwen2.5-14b,openstack,1,zero_shot,455,False,NORMAL,False,low,none,"{   ""is_anomaly"": false,   ""severity"": ""low"",   ""root_cause"": ""none"",   ""remediation"": ""none"" }",43.84,740.41,85261
qwen2.5-14b,openstack,1,zero_shot,456,False,NORMAL,False,low,none,"{   ""is_anomaly"": false,   ""severity"": ""low"",   ""root_cause"": ""none"",   ""remediation"": ""none"" }",43.84,740.41,85261
qwen2.5-14b,openstack,1,zero_shot,457,False,NORMAL,True,low,A 404 error occurred for a GET request to /openstack/2013-10-17/user_data,"{   ""is_anomaly"": true,   ""severity"": ""low"",   ""root_cause"": ""A 404 error occurred for a GET request to /openstack/2013-10-17/user_data"",   ""remediation"": ""Check the user_data file path and ensure it is correctly configured in the Nova metadata service"" }",43.84,740.41,85261
qwen2.5-14b,openstack,1,zero_shot,458,False,NORMAL,False,low,none,"{   ""is_anomaly"": false,   ""severity"": ""low"",   ""root_cause"": ""none"",   ""remediation"": ""none"" }",43.84,740.41,85261
qwen2.5-14b,openstack,1,zero_shot,459,True,ANOMALY,False,low,none,"{   ""is_anomaly"": false,   ""severity"": ""low"",   ""root_cause"": ""none"",   ""remediation"": ""none"" }",43.84,740.41,85261
qwen2.5-14b,openstack,1,zero_shot,460,True,ANOMALY,False,low,none,"{   ""is_anomaly"": false,   ""severity"": ""low"",   ""root_cause"": ""none"",   ""remediation"": ""none"" }",43.84,740.41,85261
qwen2.5-14b,openstack,1,zero_shot,461,False,NORMAL,False,low,none,"{   ""is_anomaly"": false,   ""severity"": ""low"",   ""root_cause"": ""none"",   ""remediation"": ""none"" }",43.84,740.41,85261
qwen2.5-14b,openstack,1,zero_shot,462,True,ANOMALY,False,low,none,"{   ""is_anomaly"": false,   ""severity"": ""low"",   ""root_cause"": ""none"",   ""remediation"": ""none"" }",43.84,740.41,85261
qwen2.5-14b,openstack,1,zero_shot,463,True,ANOMALY,False,low,none,"{   ""is_anomaly"": false,   ""severity"": ""low"",   ""root_cause"": ""none"",   ""remediation"": ""none"" }",43.84,740.41,85261
qwen2.5-14b,openstack,1,zero_shot,464,True,ANOMALY,False,low,none,"{   ""is_anomaly"": false,   ""severity"": ""low"",   ""root_cause"": ""none"",   ""remediation"": ""none"" }",43.84,740.41,85261
qwen2.5-14b,openstack,1,zero_shot,465,False,NORMAL,False,low,none,"{   ""is_anomaly"": false,   ""severity"": ""low"",   ""root_cause"": ""none"",   ""remediation"": ""none"" }",43.84,740.41,85261
qwen2.5-14b,openstack,1,zero_shot,466,True,ANOMALY,False,low,none,"{   ""is_anomaly"": false,   ""severity"": ""low"",   ""root_cause"": ""none"",   ""remediation"": ""none"" }",43.84,740.41,85261
qwen2.5-14b,openstack,1,zero_shot,467,True,ANOMALY,False,low,none,"{   ""is_anomaly"": false,   ""severity"": ""low"",   ""root_cause"": ""none"",   ""remediation"": ""none"" }",43.84,740.41,85261
qwen2.5-14b,openstack,1,zero_shot,468,True,ANOMALY,False,low,none,"{   ""is_anomaly"": false,   ""severity"": ""low"",   ""root_cause"": ""none"",   ""remediation"": ""none"" }",43.84,740.41,85261
qwen2.5-14b,openstack,1,zero_shot,469,True,ANOMALY,False,low,none,"{   ""is_anomaly"": false,   ""severity"": ""low"",   ""root_cause"": ""none"",   ""remediation"": ""none"" }",43.84,740.41,85261
qwen2.5-14b,openstack,1,zero_shot,470,False,NORMAL,False,low,none,"{   ""is_anomaly"": false,   ""severity"": ""low"",   ""root_cause"": ""none"",   ""remediation"": ""none"" }",43.84,740.41,85261
qwen2.5-14b,openstack,1,zero_shot,471,True,ANOMALY,False,low,none,"{   ""is_anomaly"": false,   ""severity"": ""low"",   ""root_cause"": ""none"",   ""remediation"": ""none"" }",43.84,740.41,85261
qwen2.5-14b,openstack,1,zero_shot,472,False,NORMAL,True,medium,"A 404 error occurred when attempting to retrieve user_data, indicating that the requested resource was not found.","{   ""is_anomaly"": true,   ""severity"": ""medium"",   ""root_cause"": ""A 404 error occurred when attempting to retrieve user_data, indicating that the requested resource was not found."",   ""remediation"": ""Check the configuration and existence of the user_data file for the affected instance."" }",43.84,740.41,85261
qwen2.5-14b,openstack,1,zero_shot,473,True,ANOMALY,True,medium,"An unknown base file was encountered in the image cache, indicating a potential issue with image management or storage.","{   ""is_anomaly"": true,   ""severity"": ""medium"",   ""root_cause"": ""An unknown base file was encountered in the image cache, indicating a potential issue with image management or storage."",   ""remediation"": ""Investigate and remove or correct the unknown base file in the image cache."" }",43.84,740.41,85261
qwen2.5-14b,openstack,1,zero_shot,474,False,NORMAL,False,low,none,"{   ""is_anomaly"": false,   ""severity"": ""low"",   ""root_cause"": ""none"",   ""remediation"": ""none"" }",43.84,740.41,85261
qwen2.5-14b,openstack,1,zero_shot,475,True,ANOMALY,False,low,none,"{   ""is_anomaly"": false,   ""severity"": ""low"",   ""root_cause"": ""none"",   ""remediation"": ""none"" }",43.84,740.41,85261
qwen2.5-14b,openstack,1,zero_shot,476,True,ANOMALY,False,low,none,"{   ""is_anomaly"": false,   ""severity"": ""low"",   ""root_cause"": ""none"",   ""remediation"": ""none"" }",43.84,740.41,85261
qwen2.5-14b,openstack,1,zero_shot,477,False,NORMAL,False,low,none,"{   ""is_anomaly"": false,   ""severity"": ""low"",   ""root_cause"": ""none"",   ""remediation"": ""none"" }",43.84,740.41,85261
qwen2.5-14b,openstack,1,zero_shot,478,False,NORMAL,False,low,none,"{   ""is_anomaly"": false,   ""severity"": ""low"",   ""root_cause"": ""none"",   ""remediation"": ""none"" }",43.84,740.41,85261
qwen2.5-14b,openstack,1,zero_shot,479,True,ANOMALY,False,low,none,"{   ""is_anomaly"": false,   ""severity"": ""low"",   ""root_cause"": ""none"",   ""remediation"": ""none"" }",43.84,740.41,85261
qwen2.5-14b,openstack,1,zero_shot,480,True,ANOMALY,False,low,none,"{   ""is_anomaly"": false,   ""severity"": ""low"",   ""root_cause"": ""none"",   ""remediation"": ""none"" }",43.84,740.41,85261
qwen2.5-14b,openstack,1,zero_shot,481,True,ANOMALY,False,low,none,"{   ""is_anomaly"": false,   ""severity"": ""low"",   ""root_cause"": ""none"",   ""remediation"": ""none"" }",43.84,740.41,85261
qwen2.5-14b,openstack,1,zero_shot,482,True,ANOMALY,False,low,none,"{   ""is_anomaly"": false,   ""severity"": ""low"",   ""root_cause"": ""none"",   ""remediation"": ""none"" }",43.84,740.41,85261
qwen2.5-14b,openstack,1,zero_shot,483,True,ANOMALY,False,low,none,"{   ""is_anomaly"": false,   ""severity"": ""low"",   ""root_cause"": ""none"",   ""remediation"": ""none"" }",43.84,740.41,85261
qwen2.5-14b,openstack,1,zero_shot,484,True,ANOMALY,False,low,none,"{   ""is_anomaly"": false,   ""severity"": ""low"",   ""root_cause"": ""none"",   ""remediation"": ""none"" }",43.84,740.41,85261
qwen2.5-14b,openstack,1,zero_shot,485,False,NORMAL,False,low,"vcpu limit not specified, defaulting to unlimited","{   ""is_anomaly"": false,   ""severity"": ""low"",   ""root_cause"": ""vcpu limit not specified, defaulting to unlimited"",   ""remediation"": ""Set a vcpu limit to prevent potential over-provisioning issues"" }",43.84,740.41,85261
qwen2.5-14b,openstack,1,zero_shot,486,False,NORMAL,False,low,none,"{   ""is_anomaly"": false,   ""severity"": ""low"",   ""root_cause"": ""none"",   ""remediation"": ""none"" }",43.84,740.41,85261
qwen2.5-14b,openstack,1,zero_shot,487,False,NORMAL,False,low,none,"{   ""is_anomaly"": false,   ""severity"": ""low"",   ""root_cause"": ""none"",   ""remediation"": ""none"" }",43.84,740.41,85261
qwen2.5-14b,openstack,1,zero_shot,488,False,NORMAL,False,low,none,"{   ""is_anomaly"": false,   ""severity"": ""low"",   ""root_cause"": ""none"",   ""remediation"": ""none"" }",43.84,740.41,85261
qwen2.5-14b,openstack,1,zero_shot,489,True,ANOMALY,False,low,none,"{   ""is_anomaly"": false,   ""severity"": ""low"",   ""root_cause"": ""none"",   ""remediation"": ""none"" }",43.84,740.41,85261
qwen2.5-14b,openstack,1,zero_shot,490,False,NORMAL,False,low,none,"{   ""is_anomaly"": false,   ""severity"": ""low"",   ""root_cause"": ""none"",   ""remediation"": ""none"" }",43.84,740.41,85261
qwen2.5-14b,openstack,1,zero_shot,491,True,ANOMALY,False,low,none,"{   ""is_anomaly"": false,   ""severity"": ""low"",   ""root_cause"": ""none"",   ""remediation"": ""none"" }",43.84,740.41,85261
qwen2.5-14b,openstack,1,zero_shot,492,True,ANOMALY,False,low,none,"{   ""is_anomaly"": false,   ""severity"": ""low"",   ""root_cause"": ""none"",   ""remediation"": ""none"" }",43.84,740.41,85261
qwen2.5-14b,openstack,1,zero_shot,493,True,ANOMALY,False,low,none,"{   ""is_anomaly"": false,   ""severity"": ""low"",   ""root_cause"": ""none"",   ""remediation"": ""none"" }",43.84,740.41,85261
qwen2.5-14b,openstack,1,zero_shot,494,False,NORMAL,False,low,none,"{   ""is_anomaly"": false,   ""severity"": ""low"",   ""root_cause"": ""none"",   ""remediation"": ""none"" }",43.84,740.41,85261
qwen2.5-14b,openstack,1,zero_shot,495,False,NORMAL,False,low,none,"{   ""is_anomaly"": false,   ""severity"": ""low"",   ""root_cause"": ""none"",   ""remediation"": ""none"" }",43.84,740.41,85261
qwen2.5-14b,openstack,1,zero_shot,496,False,NORMAL,False,low,none,"{   ""is_anomaly"": false,   ""severity"": ""low"",   ""root_cause"": ""none"",   ""remediation"": ""none"" }",43.84,740.41,85261
qwen2.5-14b,openstack,1,zero_shot,497,True,ANOMALY,True,medium,"A VM was started and then paused shortly after, indicating a potential issue with the VM's lifecycle management.","{   ""is_anomaly"": true,   ""severity"": ""medium"",   ""root_cause"": ""A VM was started and then paused shortly after, indicating a potential issue with the VM's lifecycle management."",   ""remediation"": ""Review the VM's startup script or the orchestration tool that initiated the VM to ensure proper startup behavior."" }",43.84,740.41,85261
qwen2.5-14b,openstack,1,zero_shot,498,True,ANOMALY,False,low,none,"{   ""is_anomaly"": false,   ""severity"": ""low"",   ""root_cause"": ""none"",   ""remediation"": ""none"" }",43.84,740.41,85261
qwen2.5-14b,openstack,1,zero_shot,499,True,ANOMALY,True,medium,"An unknown base file was detected and subsequently removed, indicating a potential issue with image caching or instance management.","{   ""is_anomaly"": true,   ""severity"": ""medium"",   ""root_cause"": ""An unknown base file was detected and subsequently removed, indicating a potential issue with image caching or instance management."",   ""remediation"": ""Review and reconcile the image cache to ensure all base files are accounted for and properly referenced."" }",43.84,740.41,85261
qwen2.5-14b,openstack,1,zero_shot,500,True,ANOMALY,False,low,none,"{   ""is_anomaly"": false,   ""severity"": ""low"",   ""root_cause"": ""none"",   ""remediation"": ""none"" }",43.84,740.41,85261
qwen2.5-14b,openstack,1,zero_shot,501,False,NORMAL,False,low,none,"{   ""is_anomaly"": false,   ""severity"": ""low"",   ""root_cause"": ""none"",   ""remediation"": ""none"" }",43.84,740.41,85261
qwen2.5-14b,openstack,1,zero_shot,502,False,NORMAL,False,low,none,"{   ""is_anomaly"": false,   ""severity"": ""low"",   ""root_cause"": ""none"",   ""remediation"": ""none"" }",43.84,740.41,85261
qwen2.5-14b,openstack,1,zero_shot,503,True,ANOMALY,False,low,A server instance was deleted successfully.,"{   ""is_anomaly"": false,   ""severity"": ""low"",   ""root_cause"": ""A server instance was deleted successfully."",   ""remediation"": ""none"" }",43.84,740.41,85261
qwen2.5-14b,openstack,1,zero_shot,504,True,ANOMALY,False,low,none,"{   ""is_anomaly"": false,   ""severity"": ""low"",   ""root_cause"": ""none"",   ""remediation"": ""none"" }",43.84,740.41,85261
qwen2.5-14b,openstack,1,zero_shot,505,True,ANOMALY,False,low,none,"{   ""is_anomaly"": false,   ""severity"": ""low"",   ""root_cause"": ""none"",   ""remediation"": ""none"" }",43.84,740.41,85261
qwen2.5-14b,openstack,1,zero_shot,506,False,NORMAL,False,low,none,"{   ""is_anomaly"": false,   ""severity"": ""low"",   ""root_cause"": ""none"",   ""remediation"": ""none"" }",43.84,740.41,85261
qwen2.5-14b,openstack,1,zero_shot,507,True,ANOMALY,False,low,none,"{   ""is_anomaly"": false,   ""severity"": ""low"",   ""root_cause"": ""none"",   ""remediation"": ""none"" }",43.84,740.41,85261
qwen2.5-14b,openstack,1,zero_shot,508,False,NORMAL,False,low,none,"{   ""is_anomaly"": false,   ""severity"": ""low"",   ""root_cause"": ""none"",   ""remediation"": ""none"" }",43.84,740.41,85261
qwen2.5-14b,openstack,1,zero_shot,509,True,ANOMALY,False,low,none,"{   ""is_anomaly"": false,   ""severity"": ""low"",   ""root_cause"": ""none"",   ""remediation"": ""none"" }",43.84,740.41,85261
qwen2.5-14b,openstack,1,zero_shot,510,True,ANOMALY,False,low,none,"{   ""is_anomaly"": false,   ""severity"": ""low"",   ""root_cause"": ""none"",   ""remediation"": ""none"" }",43.84,740.41,85261
qwen2.5-14b,openstack,1,zero_shot,511,False,NORMAL,False,low,none,"{   ""is_anomaly"": false,   ""severity"": ""low"",   ""root_cause"": ""none"",   ""remediation"": ""none"" }",43.84,740.41,85261
qwen2.5-14b,openstack,1,zero_shot,512,False,NORMAL,False,low,none,"{   ""is_anomaly"": false,   ""severity"": ""low"",   ""root_cause"": ""none"",   ""remediation"": ""none"" }",43.84,740.41,85261
qwen2.5-14b,openstack,1,zero_shot,513,True,ANOMALY,False,low,none,"{   ""is_anomaly"": false,   ""severity"": ""low"",   ""root_cause"": ""none"",   ""remediation"": ""none"" }",43.84,740.41,85261
qwen2.5-14b,openstack,1,zero_shot,514,False,NORMAL,False,low,none,"{   ""is_anomaly"": false,   ""severity"": ""low"",   ""root_cause"": ""none"",   ""remediation"": ""none"" }",43.84,740.41,85261
qwen2.5-14b,openstack,1,zero_shot,515,True,ANOMALY,False,low,none,"{   ""is_anomaly"": false,   ""severity"": ""low"",   ""root_cause"": ""none"",   ""remediation"": ""none"" }",43.84,740.41,85261
qwen2.5-14b,openstack,1,zero_shot,516,False,NORMAL,False,low,none,"{   ""is_anomaly"": false,   ""severity"": ""low"",   ""root_cause"": ""none"",   ""remediation"": ""none"" }",43.84,740.41,85261
qwen2.5-14b,openstack,1,zero_shot,517,True,ANOMALY,False,low,none,"{   ""is_anomaly"": false,   ""severity"": ""low"",   ""root_cause"": ""none"",   ""remediation"": ""none"" }",43.84,740.41,85261
qwen2.5-14b,openstack,1,zero_shot,518,False,NORMAL,True,medium,HTTP 404 error occurred when attempting to post an external event for a specific tenant.,"{   ""is_anomaly"": true,   ""severity"": ""medium"",   ""root_cause"": ""HTTP 404 error occurred when attempting to post an external event for a specific tenant."",   ""remediation"": ""Check the API endpoint configuration and ensure that the tenant ID and event type are correctly specified."" }",43.84,740.41,85261
qwen2.5-14b,openstack,1,zero_shot,519,False,NORMAL,False,low,none,"{   ""is_anomaly"": false,   ""severity"": ""low"",   ""root_cause"": ""none"",   ""remediation"": ""none"" }",43.84,740.41,85261
qwen2.5-14b,openstack,1,zero_shot,520,False,NORMAL,False,low,none,"{   ""is_anomaly"": false,   ""severity"": ""low"",   ""root_cause"": ""none"",   ""remediation"": ""none"" }",43.84,740.41,85261
qwen2.5-14b,openstack,1,zero_shot,521,False,NORMAL,False,low,none,"{   ""is_anomaly"": false,   ""severity"": ""low"",   ""root_cause"": ""none"",   ""remediation"": ""none"" }",43.84,740.41,85261
qwen2.5-14b,openstack,1,zero_shot,522,True,ANOMALY,False,low,none,"{   ""is_anomaly"": false,   ""severity"": ""low"",   ""root_cause"": ""none"",   ""remediation"": ""none"" }",43.84,740.41,85261
qwen2.5-14b,openstack,1,zero_shot,523,False,NORMAL,False,low,none,"{   ""is_anomaly"": false,   ""severity"": ""low"",   ""root_cause"": ""none"",   ""remediation"": ""none"" }",43.84,740.41,85261
qwen2.5-14b,openstack,1,zero_shot,524,False,NORMAL,False,low,none,"{   ""is_anomaly"": false,   ""severity"": ""low"",   ""root_cause"": ""none"",   ""remediation"": ""none"" }",43.84,740.41,85261
qwen2.5-14b,openstack,1,zero_shot,525,True,ANOMALY,True,medium,A server deletion request was initiated and the compute manager is terminating the instance.,"{   ""is_anomaly"": true,   ""severity"": ""medium"",   ""root_cause"": ""A server deletion request was initiated and the compute manager is terminating the instance."",   ""remediation"": ""Verify if the server deletion was intentional and monitor the system for any unexpected behavior or errors."" }",43.84,740.41,85261
qwen2.5-14b,openstack,1,zero_shot,526,False,NORMAL,False,low,none,"{   ""is_anomaly"": false,   ""severity"": ""low"",   ""root_cause"": ""none"",   ""remediation"": ""none"" }",43.84,740.41,85261
qwen2.5-14b,openstack,1,zero_shot,527,False,NORMAL,True,medium,"An HTTP 404 error was returned for a POST request to /os-server-external-events, indicating that the endpoint or resource was not found.","{   ""is_anomaly"": true,   ""severity"": ""medium"",   ""root_cause"": ""An HTTP 404 error was returned for a POST request to /os-server-external-events, indicating that the endpoint or resource was not found."",   ""remediation"": ""Check the API endpoint configuration and ensure that the /os-server-external-events endpoint is correctly defined and accessible."" }",43.84,740.41,85261
qwen2.5-14b,openstack,1,zero_shot,528,True,ANOMALY,True,medium,"A 404 error occurred when attempting to retrieve user_data, indicating the requested resource was not found.","{   ""is_anomaly"": true,   ""severity"": ""medium"",   ""root_cause"": ""A 404 error occurred when attempting to retrieve user_data, indicating the requested resource was not found."",   ""remediation"": ""Check the configuration and existence of the user_data file for the specified instance."" }",43.84,740.41,85261
qwen2.5-14b,openstack,1,zero_shot,529,True,ANOMALY,False,low,none,"{   ""is_anomaly"": false,   ""severity"": ""low"",   ""root_cause"": ""none"",   ""remediation"": ""none"" }",43.84,740.41,85261
qwen2.5-14b,openstack,1,zero_shot,530,False,NORMAL,False,low,none,"{   ""is_anomaly"": false,   ""severity"": ""low"",   ""root_cause"": ""none"",   ""remediation"": ""none"" }",43.84,740.41,85261
qwen2.5-14b,openstack,1,zero_shot,531,False,NORMAL,False,low,none,"{   ""is_anomaly"": false,   ""severity"": ""low"",   ""root_cause"": ""none"",   ""remediation"": ""none"" }",43.84,740.41,85261
qwen2.5-14b,openstack,1,zero_shot,532,True,ANOMALY,False,low,none,"{   ""is_anomaly"": false,   ""severity"": ""low"",   ""root_cause"": ""none"",   ""remediation"": ""none"" }",43.84,740.41,85261
qwen2.5-14b,openstack,1,zero_shot,533,True,ANOMALY,False,low,none,"{   ""is_anomaly"": false,   ""severity"": ""low"",   ""root_cause"": ""none"",   ""remediation"": ""none"" }",43.84,740.41,85261
qwen2.5-14b,openstack,1,zero_shot,534,True,ANOMALY,False,low,none,"{   ""is_anomaly"": false,   ""severity"": ""low"",   ""root_cause"": ""none"",   ""remediation"": ""none"" }",43.84,740.41,85261
qwen2.5-14b,openstack,1,zero_shot,535,True,ANOMALY,False,low,A server instance was deleted as expected.,"{   ""is_anomaly"": false,   ""severity"": ""low"",   ""root_cause"": ""A server instance was deleted as expected."",   ""remediation"": ""none"" }",43.84,740.41,85261
qwen2.5-14b,openstack,1,zero_shot,536,True,ANOMALY,False,low,none,"{   ""is_anomaly"": false,   ""severity"": ""low"",   ""root_cause"": ""none"",   ""remediation"": ""none"" }",43.84,740.41,85261
qwen2.5-14b,openstack,1,zero_shot,537,True,ANOMALY,False,low,none,"{   ""is_anomaly"": false,   ""severity"": ""low"",   ""root_cause"": ""none"",   ""remediation"": ""none"" }",43.84,740.41,85261
qwen2.5-14b,openstack,1,zero_shot,538,False,NORMAL,False,low,none,"{   ""is_anomaly"": false,   ""severity"": ""low"",   ""root_cause"": ""none"",   ""remediation"": ""none"" }",43.84,740.41,85261
qwen2.5-14b,openstack,1,zero_shot,539,False,NORMAL,False,low,none,"{   ""is_anomaly"": false,   ""severity"": ""low"",   ""root_cause"": ""none"",   ""remediation"": ""none"" }",43.84,740.41,85261
qwen2.5-14b,openstack,1,zero_shot,540,True,ANOMALY,False,low,none,"{   ""is_anomaly"": false,   ""severity"": ""low"",   ""root_cause"": ""none"",   ""remediation"": ""none"" }",43.84,740.41,85261
qwen2.5-14b,openstack,1,zero_shot,541,False,NORMAL,False,low,none,"{   ""is_anomaly"": false,   ""severity"": ""low"",   ""root_cause"": ""none"",   ""remediation"": ""none"" }",43.84,740.41,85261
qwen2.5-14b,openstack,1,zero_shot,542,False,NORMAL,False,low,none,"{   ""is_anomaly"": false,   ""severity"": ""low"",   ""root_cause"": ""none"",   ""remediation"": ""none"" }",43.84,740.41,85261
qwen2.5-14b,openstack,1,zero_shot,543,True,ANOMALY,False,low,none,"{   ""is_anomaly"": false,   ""severity"": ""low"",   ""root_cause"": ""none"",   ""remediation"": ""none"" }",43.84,740.41,85261
qwen2.5-14b,openstack,1,zero_shot,544,False,NORMAL,False,low,none,"{   ""is_anomaly"": false,   ""severity"": ""low"",   ""root_cause"": ""none"",   ""remediation"": ""none"" }",43.84,740.41,85261
qwen2.5-14b,openstack,1,zero_shot,545,False,NORMAL,True,low,The system encountered an unknown base file which it attempted to remove but deemed too young to delete.,"{   ""is_anomaly"": true,   ""severity"": ""low"",   ""root_cause"": ""The system encountered an unknown base file which it attempted to remove but deemed too young to delete."",   ""remediation"": ""Review the file /var/lib/nova/instances/_base/a489c868f0c37da93b76227c91bb03908ac0e742 and determine if it can be safely removed or if it is needed."" }",43.84,740.41,85261
qwen2.5-14b,openstack,1,zero_shot,546,False,NORMAL,False,low,none,"{   ""is_anomaly"": false,   ""severity"": ""low"",   ""root_cause"": ""none"",   ""remediation"": ""none"" }",43.84,740.41,85261
qwen2.5-14b,openstack,1,zero_shot,547,True,ANOMALY,False,low,none,"{   ""is_anomaly"": false,   ""severity"": ""low"",   ""root_cause"": ""none"",   ""remediation"": ""none"" }",43.84,740.41,85261
qwen2.5-14b,openstack,1,zero_shot,548,False,NORMAL,False,low,A server instance was deleted successfully.,"{   ""is_anomaly"": false,   ""severity"": ""low"",   ""root_cause"": ""A server instance was deleted successfully."",   ""remediation"": ""none"" }",43.84,740.41,85261
qwen2.5-14b,openstack,1,zero_shot,549,True,ANOMALY,False,low,none,"{   ""is_anomaly"": false,   ""severity"": ""low"",   ""root_cause"": ""none"",   ""remediation"": ""none"" }",43.84,740.41,85261
qwen2.5-14b,openstack,1,zero_shot,550,False,NORMAL,False,low,none,"{   ""is_anomaly"": false,   ""severity"": ""low"",   ""root_cause"": ""none"",   ""remediation"": ""none"" }",43.84,740.41,85261
qwen2.5-14b,openstack,1,zero_shot,551,False,NORMAL,False,low,none,"{   ""is_anomaly"": false,   ""severity"": ""low"",   ""root_cause"": ""none"",   ""remediation"": ""none"" }",43.84,740.41,85261
qwen2.5-14b,openstack,1,zero_shot,552,True,ANOMALY,False,low,none,"{   ""is_anomaly"": false,   ""severity"": ""low"",   ""root_cause"": ""none"",   ""remediation"": ""none"" }",43.84,740.41,85261
qwen2.5-14b,openstack,1,zero_shot,553,True,ANOMALY,False,low,none,"{   ""is_anomaly"": false,   ""severity"": ""low"",   ""root_cause"": ""none"",   ""remediation"": ""none"" }",43.84,740.41,85261
qwen2.5-14b,openstack,1,zero_shot,554,True,ANOMALY,False,low,none,"{   ""is_anomaly"": false,   ""severity"": ""low"",   ""root_cause"": ""none"",   ""remediation"": ""none"" }",43.84,740.41,85261
qwen2.5-14b,openstack,1,zero_shot,555,True,ANOMALY,False,low,A server deletion request was processed successfully.,"{   ""is_anomaly"": false,   ""severity"": ""low"",   ""root_cause"": ""A server deletion request was processed successfully."",   ""remediation"": ""none"" }",43.84,740.41,85261
qwen2.5-14b,openstack,1,zero_shot,556,False,NORMAL,True,low,A 404 error occurred for a GET request to /openstack/2013-10-17/user_data,"{   ""is_anomaly"": true,   ""severity"": ""low"",   ""root_cause"": ""A 404 error occurred for a GET request to /openstack/2013-10-17/user_data"",   ""remediation"": ""Check the user_data file and ensure it is correctly configured and accessible"" }",43.84,740.41,85261
qwen2.5-14b,openstack,1,zero_shot,557,False,NORMAL,False,low,none,"{   ""is_anomaly"": false,   ""severity"": ""low"",   ""root_cause"": ""none"",   ""remediation"": ""none"" }",43.84,740.41,85261
qwen2.5-14b,openstack,1,zero_shot,558,True,ANOMALY,False,low,none,"{   ""is_anomaly"": false,   ""severity"": ""low"",   ""root_cause"": ""none"",   ""remediation"": ""none"" }",43.84,740.41,85261
qwen2.5-14b,openstack,1,zero_shot,559,False,NORMAL,False,low,none,"{   ""is_anomaly"": false,   ""severity"": ""low"",   ""root_cause"": ""none"",   ""remediation"": ""none"" }",43.84,740.41,85261
qwen2.5-14b,openstack,1,zero_shot,560,True,ANOMALY,True,medium,"A DELETE request took unusually long (0.243s) compared to other requests, indicating potential performance issue or resource contention.","{   ""is_anomaly"": true,   ""severity"": ""medium"",   ""root_cause"": ""A DELETE request took unusually long (0.243s) compared to other requests, indicating potential performance issue or resource contention."",   ""remediation"": ""Investigate the DELETE request and check for any resource contention or performance bottlenecks."" }",43.84,740.41,85261
qwen2.5-14b,openstack,1,zero_shot,561,False,NORMAL,False,low,none,"{   ""is_anomaly"": false,   ""severity"": ""low"",   ""root_cause"": ""none"",   ""remediation"": ""none"" }",43.84,740.41,85261
qwen2.5-14b,openstack,1,zero_shot,562,True,ANOMALY,False,low,none,"{   ""is_anomaly"": false,   ""severity"": ""low"",   ""root_cause"": ""none"",   ""remediation"": ""none"" }",43.84,740.41,85261
qwen2.5-14b,openstack,1,zero_shot,563,False,NORMAL,False,low,none,"{   ""is_anomaly"": false,   ""severity"": ""low"",   ""root_cause"": ""none"",   ""remediation"": ""none"" }",43.84,740.41,85261
qwen2.5-14b,openstack,1,zero_shot,564,True,ANOMALY,False,low,none,"{   ""is_anomaly"": false,   ""severity"": ""low"",   ""root_cause"": ""none"",   ""remediation"": ""none"" }",43.84,740.41,85261
qwen2.5-14b,openstack,1,zero_shot,565,False,NORMAL,True,medium,"A VM was started and then immediately paused, indicating a potential issue with the VM's startup process or configuration.","{   ""is_anomaly"": true,   ""severity"": ""medium"",   ""root_cause"": ""A VM was started and then immediately paused, indicating a potential issue with the VM's startup process or configuration."",   ""remediation"": ""Check the VM's startup configuration and logs for any errors or issues that may be causing it to pause immediately after starting."" }",43.84,740.41,85261
qwen2.5-14b,openstack,1,zero_shot,566,False,NORMAL,False,low,none,"{   ""is_anomaly"": false,   ""severity"": ""low"",   ""root_cause"": ""none"",   ""remediation"": ""none"" }",43.84,740.41,85261
qwen2.5-14b,openstack,1,zero_shot,567,True,ANOMALY,False,low,none,"{   ""is_anomaly"": false,   ""severity"": ""low"",   ""root_cause"": ""none"",   ""remediation"": ""none"" }",43.84,740.41,85261
qwen2.5-14b,openstack,1,zero_shot,568,True,ANOMALY,False,low,none,"{   ""is_anomaly"": false,   ""severity"": ""low"",   ""root_cause"": ""none"",   ""remediation"": ""none"" }",43.84,740.41,85261
qwen2.5-14b,openstack,1,zero_shot,569,False,NORMAL,False,low,none,"{   ""is_anomaly"": false,   ""severity"": ""low"",   ""root_cause"": ""none"",   ""remediation"": ""none"" }",43.84,740.41,85261
qwen2.5-14b,openstack,1,zero_shot,570,False,NORMAL,False,low,none,"{   ""is_anomaly"": false,   ""severity"": ""low"",   ""root_cause"": ""none"",   ""remediation"": ""none"" }",43.84,740.41,85261
qwen2.5-14b,openstack,1,zero_shot,571,True,ANOMALY,True,medium,"An unknown base file was detected and subsequently removed, indicating a potential issue with image caching or instance management.","{   ""is_anomaly"": true,   ""severity"": ""medium"",   ""root_cause"": ""An unknown base file was detected and subsequently removed, indicating a potential issue with image caching or instance management."",   ""remediation"": ""Review and reconcile the image cache to ensure all base files are accounted for and properly referenced."" }",43.84,740.41,85261
qwen2.5-14b,openstack,1,zero_shot,572,True,ANOMALY,False,low,none,"{   ""is_anomaly"": false,   ""severity"": ""low"",   ""root_cause"": ""none"",   ""remediation"": ""none"" }",43.84,740.41,85261
qwen2.5-14b,openstack,1,zero_shot,573,False,NORMAL,True,medium,"A VM was paused shortly after being started, indicating a potential issue with the VM's lifecycle management.","{   ""is_anomaly"": true,   ""severity"": ""medium"",   ""root_cause"": ""A VM was paused shortly after being started, indicating a potential issue with the VM's lifecycle management."",   ""remediation"": ""Review the VM's lifecycle events and check for any configuration or resource issues that may be causing the VM to pause."" }",43.84,740.41,85261
qwen2.5-14b,openstack,1,zero_shot,574,False,NORMAL,False,low,none,"{   ""is_anomaly"": false,   ""severity"": ""low"",   ""root_cause"": ""none"",   ""remediation"": ""none"" }",43.84,740.41,85261
qwen2.5-14b,openstack,1,zero_shot,575,False,NORMAL,False,low,A server instance was deleted and terminated successfully.,"{   ""is_anomaly"": false,   ""severity"": ""low"",   ""root_cause"": ""A server instance was deleted and terminated successfully."",   ""remediation"": ""none"" }",43.84,740.41,85261
qwen2.5-14b,openstack,1,zero_shot,576,False,NORMAL,False,low,none,"{   ""is_anomaly"": false,   ""severity"": ""low"",   ""root_cause"": ""none"",   ""remediation"": ""none"" }",43.84,740.41,85261
qwen2.5-14b,openstack,1,zero_shot,577,False,NORMAL,False,low,none,"{   ""is_anomaly"": false,   ""severity"": ""low"",   ""root_cause"": ""none"",   ""remediation"": ""none"" }",43.84,740.41,85261
qwen2.5-14b,openstack,1,zero_shot,578,False,NORMAL,False,low,none,"{   ""is_anomaly"": false,   ""severity"": ""low"",   ""root_cause"": ""none"",   ""remediation"": ""none"" }",43.84,740.41,85261
qwen2.5-14b,openstack,1,zero_shot,579,True,ANOMALY,False,low,none,"{   ""is_anomaly"": false,   ""severity"": ""low"",   ""root_cause"": ""none"",   ""remediation"": ""none"" }",43.84,740.41,85261
qwen2.5-14b,openstack,1,zero_shot,580,False,NORMAL,True,medium,"A 404 error occurred when attempting to retrieve user_data, indicating the requested resource was not found.","{   ""is_anomaly"": true,   ""severity"": ""medium"",   ""root_cause"": ""A 404 error occurred when attempting to retrieve user_data, indicating the requested resource was not found."",   ""remediation"": ""Check the configuration and ensure that the user_data file is correctly specified and accessible."" }",43.84,740.41,85261
qwen2.5-14b,openstack,1,zero_shot,581,False,NORMAL,False,low,none,"{   ""is_anomaly"": false,   ""severity"": ""low"",   ""root_cause"": ""none"",   ""remediation"": ""none"" }",43.84,740.41,85261
qwen2.5-14b,openstack,1,zero_shot,582,False,NORMAL,False,low,none,"{   ""is_anomaly"": false,   ""severity"": ""low"",   ""root_cause"": ""none"",   ""remediation"": ""none"" }",43.84,740.41,85261
qwen2.5-14b,openstack,1,zero_shot,583,True,ANOMALY,False,low,none,"{   ""is_anomaly"": false,   ""severity"": ""low"",   ""root_cause"": ""none"",   ""remediation"": ""none"" }",43.84,740.41,85261
qwen2.5-14b,openstack,1,zero_shot,584,False,NORMAL,False,low,none,"{   ""is_anomaly"": false,   ""severity"": ""low"",   ""root_cause"": ""none"",   ""remediation"": ""none"" }",43.84,740.41,85261
qwen2.5-14b,openstack,1,zero_shot,585,True,ANOMALY,False,low,none,"{   ""is_anomaly"": false,   ""severity"": ""low"",   ""root_cause"": ""none"",   ""remediation"": ""none"" }",43.84,740.41,85261
qwen2.5-14b,openstack,1,zero_shot,586,True,ANOMALY,False,low,none,"{   ""is_anomaly"": false,   ""severity"": ""low"",   ""root_cause"": ""none"",   ""remediation"": ""none"" }",43.84,740.41,85261
qwen2.5-14b,openstack,1,zero_shot,587,False,NORMAL,False,low,"Disk and vcpu limits not specified, defaulting to unlimited which is normal behavior.","{   ""is_anomaly"": false,   ""severity"": ""low"",   ""root_cause"": ""Disk and vcpu limits not specified, defaulting to unlimited which is normal behavior."",   ""remediation"": ""none"" }",43.84,740.41,85261
qwen2.5-14b,openstack,1,zero_shot,588,False,NORMAL,False,low,none,"{   ""is_anomaly"": false,   ""severity"": ""low"",   ""root_cause"": ""none"",   ""remediation"": ""none"" }",43.84,740.41,85261
qwen2.5-14b,openstack,1,zero_shot,589,True,ANOMALY,False,low,none,"{   ""is_anomaly"": false,   ""severity"": ""low"",   ""root_cause"": ""none"",   ""remediation"": ""none"" }",43.84,740.41,85261
qwen2.5-14b,openstack,1,zero_shot,590,False,NORMAL,False,low,none,"{   ""is_anomaly"": false,   ""severity"": ""low"",   ""root_cause"": ""none"",   ""remediation"": ""none"" }",43.84,740.41,85261
qwen2.5-14b,openstack,1,zero_shot,591,True,ANOMALY,False,low,none,"{   ""is_anomaly"": false,   ""severity"": ""low"",   ""root_cause"": ""none"",   ""remediation"": ""none"" }",43.84,740.41,85261
qwen2.5-14b,openstack,1,zero_shot,592,False,NORMAL,False,low,none,"{   ""is_anomaly"": false,   ""severity"": ""low"",   ""root_cause"": ""none"",   ""remediation"": ""none"" }",43.84,740.41,85261
qwen2.5-14b,openstack,1,zero_shot,593,True,ANOMALY,False,low,none,"{   ""is_anomaly"": false,   ""severity"": ""low"",   ""root_cause"": ""none"",   ""remediation"": ""none"" }",43.84,740.41,85261
qwen2.5-14b,openstack,1,zero_shot,594,True,ANOMALY,False,low,none,"{   ""is_anomaly"": false,   ""severity"": ""low"",   ""root_cause"": ""none"",   ""remediation"": ""none"" }",43.84,740.41,85261
qwen2.5-14b,openstack,1,zero_shot,595,False,NORMAL,False,low,none,"{   ""is_anomaly"": false,   ""severity"": ""low"",   ""root_cause"": ""none"",   ""remediation"": ""none"" }",43.84,740.41,85261
qwen2.5-14b,openstack,1,zero_shot,596,True,ANOMALY,False,low,none,"{   ""is_anomaly"": false,   ""severity"": ""low"",   ""root_cause"": ""none"",   ""remediation"": ""none"" }",43.84,740.41,85261
qwen2.5-14b,openstack,1,zero_shot,597,False,NORMAL,False,low,none,"{   ""is_anomaly"": false,   ""severity"": ""low"",   ""root_cause"": ""none"",   ""remediation"": ""none"" }",43.84,740.41,85261
qwen2.5-14b,openstack,1,zero_shot,598,False,NORMAL,False,low,none,"{   ""is_anomaly"": false,   ""severity"": ""low"",   ""root_cause"": ""none"",   ""remediation"": ""none"" }",43.84,740.41,85261
qwen2.5-14b,openstack,1,zero_shot,599,True,ANOMALY,False,low,none,"{   ""is_anomaly"": false,   ""severity"": ""low"",   ""root_cause"": ""none"",   ""remediation"": ""none"" }",43.84,740.41,85261
mistral-small,bgl,1,zero_shot,0,False,NORMAL,True,medium,High CPU usage due to a memory leak.," Example: {   ""is_anomaly"": true,   ""severity"": ""medium"",   ""root_cause"": ""High CPU usage due to a memory leak."",   ""remediation"": ""Restart the application to free up memory."" }",79.82,497.36,85711
mistral-small,bgl,1,zero_shot,1,True,APPSEV,True,medium,Network connectivity issue between the server and client.," Example: {   ""is_anomaly"": true,   ""severity"": ""medium"",   ""root_cause"": ""Network connectivity issue between the server and client."",   ""remediation"": ""Check network stability and ensure proper configuration."" }",79.82,497.36,85711
mistral-small,bgl,1,zero_shot,2,True,KERNSTOR,True,critical,Frequent data storage interrupts indicate a potential hardware or software failure.," ---  ```json {   ""is_anomaly"": true,   ""severity"": ""critical"",   ""root_cause"": ""Frequent data storage interrupts indicate a potential hardware or software failure."",   ""remediation"": ""Investigate and address the underlying cause of the data storage interrupts."" } ```",79.82,497.36,85711
mistral-small,bgl,1,zero_shot,3,False,NORMAL,True,medium,Disk space is running low.," Example: {   ""is_anomaly"": true,   ""severity"": ""medium"",   ""root_cause"": ""Disk space is running low."",   ""remediation"": ""Clear old logs to free up space."" }",79.82,497.36,85711
mistral-small,bgl,1,zero_shot,4,True,KERNDTLB,True,medium,Disk space is running low.," Example: {   ""is_anomaly"": true,   ""severity"": ""medium"",   ""root_cause"": ""Disk space is running low."",   ""remediation"": ""Clear old logs or increase disk space."" }",79.82,497.36,85711
mistral-small,bgl,1,zero_shot,5,True,KERNDTLB,True,medium,Disk space is running low.," Example: {   ""is_anomaly"": true,   ""severity"": ""medium"",   ""root_cause"": ""Disk space is running low."",   ""remediation"": ""Clear old logs or increase disk space."" }",79.82,497.36,85711
mistral-small,bgl,1,zero_shot,6,False,NORMAL,True,high,Multiple core dumps generated in quick succession.," Example: {   ""is_anomaly"": true,   ""severity"": ""high"",   ""root_cause"": ""Multiple core dumps generated in quick succession."",   ""remediation"": ""Investigate the process generating the core dumps."" }",79.82,497.36,85711
mistral-small,bgl,1,zero_shot,7,False,NORMAL,True,high,The system is generating multiple core dumps in a short period.," Example: {   ""is_anomaly"": true,   ""severity"": ""high"",   ""root_cause"": ""The system is generating multiple core dumps in a short period."",   ""remediation"": ""Investigate the cause of the core dumps and address the underlying issue."" }",79.82,497.36,85711
mistral-small,bgl,1,zero_shot,8,True,APPSEV,True,medium,Network connectivity issue between the server and client.," Example: {   ""is_anomaly"": true,   ""severity"": ""medium"",   ""root_cause"": ""Network connectivity issue between the server and client."",   ""remediation"": ""Check network connectivity and ensure the client is reachable."" }",79.82,497.36,85711
mistral-small,bgl,1,zero_shot,9,True,KERNDTLB,True,medium,Disk space is running low.," Example: {   ""is_anomaly"": true,   ""severity"": ""medium"",   ""root_cause"": ""Disk space is running low."",   ""remediation"": ""Clear old logs or increase disk space."" }",79.82,497.36,85711
mistral-small,bgl,1,zero_shot,10,True,KERNDTLB,True,medium,A data TLB error interrupt was triggered.," Example: {   ""is_anomaly"": true,   ""severity"": ""medium"",   ""root_cause"": ""A data TLB error interrupt was triggered."",   ""remediation"": ""Investigate the cause of the data TLB error interrupt."" }",79.82,497.36,85711
mistral-small,bgl,1,zero_shot,11,False,NORMAL,True,high,The system is generating multiple core dumps in a short period.," Example: {   ""is_anomaly"": true,   ""severity"": ""high"",   ""root_cause"": ""The system is generating multiple core dumps in a short period."",   ""remediation"": ""Investigate the cause of the core dumps and address the underlying issue."" }",79.82,497.36,85711
mistral-small,bgl,1,zero_shot,12,False,NORMAL,True,medium,The system is running out of memory.," Example: {   ""is_anomaly"": true,   ""severity"": ""medium"",   ""root_cause"": ""The system is running out of memory."",   ""remediation"": ""Increase the memory allocation for the system."" }",79.82,497.36,85711
mistral-small,bgl,1,zero_shot,13,True,KERNRTSP,True,high,Disk space is full.," Example: {   ""is_anomaly"": true,   ""severity"": ""high"",   ""root_cause"": ""Disk space is full."",   ""remediation"": ""Clear some space on the disk."" }",79.82,497.36,85711
mistral-small,bgl,1,zero_shot,14,True,KERNSTOR,True,critical,Frequent data storage interrupts indicate a potential hardware or software failure.," ---  ```json {   ""is_anomaly"": true,   ""severity"": ""critical"",   ""root_cause"": ""Frequent data storage interrupts indicate a potential hardware or software failure."",   ""remediation"": ""Investigate and address the underlying cause of the data storage interrupts."" } ```",79.82,497.36,85711
mistral-small,bgl,1,zero_shot,15,False,NORMAL,True,medium,Memory leak detected in the application.," Example: {   ""is_anomaly"": true,   ""severity"": ""medium"",   ""root_cause"": ""Memory leak detected in the application."",   ""remediation"": ""Investigate and patch the memory leak in the code."" }",79.82,497.36,85711
mistral-small,bgl,1,zero_shot,16,True,KERNDTLB,True,medium,Disk space is running low.," Example: {   ""is_anomaly"": true,   ""severity"": ""medium"",   ""root_cause"": ""Disk space is running low."",   ""remediation"": ""Clear old logs or increase disk space."" }",79.82,497.36,85711
mistral-small,bgl,1,zero_shot,17,True,KERNSTOR,True,critical,Frequent data storage interrupts indicate a potential hardware or software failure.," ---  ```json {   ""is_anomaly"": true,   ""severity"": ""critical"",   ""root_cause"": ""Frequent data storage interrupts indicate a potential hardware or software failure."",   ""remediation"": ""Investigate and address the underlying cause of the data storage interrupts."" } ```",79.82,497.36,85711
mistral-small,bgl,1,zero_shot,18,False,NORMAL,True,medium,The directory /home/germann2/SPaSM_static does not exist.," ```json {   ""is_anomaly"": true,   ""severity"": ""medium"",   ""root_cause"": ""The directory /home/germann2/SPaSM_static does not exist."",   ""remediation"": ""Create the directory /home/germann2/SPaSM_static or update the path in the configuration."" } ```",79.82,497.36,85711
mistral-small,bgl,1,zero_shot,19,True,KERNSTOR,True,critical,Frequent data storage interrupts indicate a potential hardware or software failure.," ---  ```json {   ""is_anomaly"": true,   ""severity"": ""critical"",   ""root_cause"": ""Frequent data storage interrupts indicate a potential hardware or software failure."",   ""remediation"": ""Investigate and address the underlying cause of the data storage interrupts."" } ```",79.82,497.36,85711
mistral-small,bgl,1,zero_shot,20,True,KERNMNTF,True,high,Multiple Lustre mounts failed due to network issues.," Example: {   ""is_anomaly"": true,   ""severity"": ""high"",   ""root_cause"": ""Multiple Lustre mounts failed due to network issues."",   ""remediation"": ""Check network connectivity and restart Lustre services."" }",79.82,497.36,85711
mistral-small,bgl,1,zero_shot,21,True,KERNDTLB,True,medium,Disk space is running low.," Example: {   ""is_anomaly"": true,   ""severity"": ""medium"",   ""root_cause"": ""Disk space is running low."",   ""remediation"": ""Clear old logs or increase disk space."" }",79.82,497.36,85711
mistral-small,bgl,1,zero_shot,22,False,NORMAL,True,medium,Memory leak detected in the application.," Example: {   ""is_anomaly"": true,   ""severity"": ""medium"",   ""root_cause"": ""Memory leak detected in the application."",   ""remediation"": ""Investigate and fix the memory leak in the code."" }",79.82,497.36,85711
mistral-small,bgl,1,zero_shot,23,True,APPOUT,True,medium,Disk space is low.," Example: {   ""is_anomaly"": true,   ""severity"": ""medium"",   ""root_cause"": ""Disk space is low."",   ""remediation"": ""Clear some space on the disk."" }",79.82,497.36,85711
mistral-small,bgl,1,zero_shot,24,False,NORMAL,True,medium,High CPU usage detected.," Example: {   ""is_anomaly"": true,   ""severity"": ""medium"",   ""root_cause"": ""High CPU usage detected."",   ""remediation"": ""Investigate and optimize CPU-intensive processes."" }",79.82,497.36,85711
mistral-small,bgl,1,zero_shot,25,False,NORMAL,True,medium,Disk space is running low.," Example: {   ""is_anomaly"": true,   ""severity"": ""medium"",   ""root_cause"": ""Disk space is running low."",   ""remediation"": ""Clear old logs to free up space."" }",79.82,497.36,85711
mistral-small,bgl,1,zero_shot,26,True,KERNMNTF,True,high,Multiple Lustre mounts failed due to network issues.," Example: {   ""is_anomaly"": true,   ""severity"": ""high"",   ""root_cause"": ""Multiple Lustre mounts failed due to network issues."",   ""remediation"": ""Check network connectivity and restart Lustre services."" }",79.82,497.36,85711
mistral-small,bgl,1,zero_shot,27,True,KERNDTLB,True,medium,Disk space is running low.," Example: {   ""is_anomaly"": true,   ""severity"": ""medium"",   ""root_cause"": ""Disk space is running low."",   ""remediation"": ""Clear old logs or increase disk space."" }",79.82,497.36,85711
mistral-small,bgl,1,zero_shot,28,False,NORMAL,True,medium,The system is generating multiple core dumps in a short period.," Example: {   ""is_anomaly"": true,   ""severity"": ""medium"",   ""root_cause"": ""The system is generating multiple core dumps in a short period."",   ""remediation"": ""Investigate the cause of the core dumps and address any underlying issues."" }",79.82,497.36,85711
mistral-small,bgl,1,zero_shot,29,True,KERNDTLB,True,medium,Disk space is running low.," Example: {   ""is_anomaly"": true,   ""severity"": ""medium"",   ""root_cause"": ""Disk space is running low."",   ""remediation"": ""Clear old logs or increase disk space."" }",79.82,497.36,85711
mistral-small,bgl,1,zero_shot,30,True,KERNDTLB,True,medium,Disk space is running low.," Example: {   ""is_anomaly"": true,   ""severity"": ""medium"",   ""root_cause"": ""Disk space is running low."",   ""remediation"": ""Clear old logs or increase disk space."" }",79.82,497.36,85711
mistral-small,bgl,1,zero_shot,31,False,NORMAL,True,medium,Disk space is running low.," Example: {   ""is_anomaly"": true,   ""severity"": ""medium"",   ""root_cause"": ""Disk space is running low."",   ""remediation"": ""Clear some old logs or increase disk space."" }",79.82,497.36,85711
mistral-small,bgl,1,zero_shot,32,False,NORMAL,True,medium,Disk space is running low.," Example: {   ""is_anomaly"": true,   ""severity"": ""medium"",   ""root_cause"": ""Disk space is running low."",   ""remediation"": ""Clear old logs to free up space."" }",79.82,497.36,85711
mistral-small,bgl,1,zero_shot,33,True,APPSEV,True,medium,Network connectivity issue between the server and client.," Example: {   ""is_anomaly"": true,   ""severity"": ""medium"",   ""root_cause"": ""Network connectivity issue between the server and client."",   ""remediation"": ""Check network connectivity and ensure the server and client are properly configured."" }",79.82,497.36,85711
mistral-small,bgl,1,zero_shot,34,True,KERNSTOR,True,critical,Frequent data storage interrupts indicate a potential hardware or software failure.," ---  ```json {   ""is_anomaly"": true,   ""severity"": ""critical"",   ""root_cause"": ""Frequent data storage interrupts indicate a potential hardware or software failure."",   ""remediation"": ""Investigate and address the underlying cause of the data storage interrupts."" } ```",79.82,497.36,85711
mistral-small,bgl,1,zero_shot,35,False,NORMAL,True,high,Multiple core dumps generated in a short period of time.," Example: {   ""is_anomaly"": true,   ""severity"": ""high"",   ""root_cause"": ""Multiple core dumps generated in a short period of time."",   ""remediation"": ""Investigate the cause of the core dumps and apply a fix."" }",79.82,497.36,85711
mistral-small,bgl,1,zero_shot,36,False,NORMAL,True,high,The system is generating multiple core dumps in a short period.," Example: {   ""is_anomaly"": true,   ""severity"": ""high"",   ""root_cause"": ""The system is generating multiple core dumps in a short period."",   ""remediation"": ""Investigate the cause of the core dumps and address the underlying issue."" }",79.82,497.36,85711
mistral-small,bgl,1,zero_shot,37,False,NORMAL,True,medium,Possible memory corruption or hardware issue due to repeated log entries with the same error code and address.," ---  ```json {   ""is_anomaly"": true,   ""severity"": ""medium"",   ""root_cause"": ""Possible memory corruption or hardware issue due to repeated log entries with the same error code and address."",   ""remediation"": ""Investigate the memory address 0x111d8c60 and the associated error code 21 for potential hardware or software issues."" } ```",79.82,497.36,85711
mistral-small,bgl,1,zero_shot,38,False,NORMAL,True,medium,A node card in slot J14 has a mismatched VPD ecid.," Example: {   ""is_anomaly"": true,   ""severity"": ""medium"",   ""root_cause"": ""A node card in slot J14 has a mismatched VPD ecid."",   ""remediation"": ""Investigate and replace the node card in slot J14."" }",79.82,497.36,85711
mistral-small,bgl,1,zero_shot,39,True,APPSEV,True,medium,Network connectivity issue between the server and client.," Example: {   ""is_anomaly"": true,   ""severity"": ""medium"",   ""root_cause"": ""Network connectivity issue between the server and client."",   ""remediation"": ""Check network connectivity and ensure the server and client are properly configured."" }",79.82,497.36,85711
mistral-small,bgl,1,zero_shot,40,True,KERNDTLB,True,medium,Disk space is running low.," Example: {   ""is_anomaly"": true,   ""severity"": ""medium"",   ""root_cause"": ""Disk space is running low."",   ""remediation"": ""Clear old logs or increase disk space."" }",79.82,497.36,85711
mistral-small,bgl,1,zero_shot,41,False,NORMAL,True,medium,High CPU usage due to a memory leak.," Example: {   ""is_anomaly"": true,   ""severity"": ""medium"",   ""root_cause"": ""High CPU usage due to a memory leak."",   ""remediation"": ""Investigate and fix the memory leak."" }",79.82,497.36,85711
mistral-small,bgl,1,zero_shot,42,True,KERNSTOR,True,critical,Frequent data storage interrupts indicate a potential hardware or software failure.," ---  ```json {   ""is_anomaly"": true,   ""severity"": ""critical"",   ""root_cause"": ""Frequent data storage interrupts indicate a potential hardware or software failure."",   ""remediation"": ""Investigate and address the underlying cause of the data storage interrupts."" } ```",79.82,497.36,85711
mistral-small,bgl,1,zero_shot,43,True,KERNSTOR,True,critical,Frequent data storage interrupts indicate a potential hardware or software failure.," ---  ```json {   ""is_anomaly"": true,   ""severity"": ""critical"",   ""root_cause"": ""Frequent data storage interrupts indicate a potential hardware or software failure."",   ""remediation"": ""Investigate and address the underlying cause of the data storage interrupts."" } ```",79.82,497.36,85711
mistral-small,bgl,1,zero_shot,44,True,KERNDTLB,True,medium,Disk space is running low.," Example: {   ""is_anomaly"": true,   ""severity"": ""medium"",   ""root_cause"": ""Disk space is running low."",   ""remediation"": ""Clear old logs or increase disk space."" }",79.82,497.36,85711
mistral-small,bgl,1,zero_shot,45,False,NORMAL,True,high,The system is generating multiple core dumps in a short period.," Example: {   ""is_anomaly"": true,   ""severity"": ""high"",   ""root_cause"": ""The system is generating multiple core dumps in a short period."",   ""remediation"": ""Investigate the cause of the core dumps and address the underlying issue."" }",79.82,497.36,85711
mistral-small,bgl,1,zero_shot,46,True,KERNMNTF,True,high,Disk space is full.," Example: {   ""is_anomaly"": true,   ""severity"": ""high"",   ""root_cause"": ""Disk space is full."",   ""remediation"": ""Clear some disk space."" }",79.82,497.36,85711
mistral-small,bgl,1,zero_shot,47,True,KERNDTLB,True,medium,Disk space is running low.," Example: {   ""is_anomaly"": true,   ""severity"": ""medium"",   ""root_cause"": ""Disk space is running low."",   ""remediation"": ""Clear old logs or increase disk space."" }",79.82,497.36,85711
mistral-small,bgl,1,zero_shot,48,False,NORMAL,True,medium,Disk space is running low.," Example: {   ""is_anomaly"": true,   ""severity"": ""medium"",   ""root_cause"": ""Disk space is running low."",   ""remediation"": ""Clear some old logs to free up space."" }",79.82,497.36,85711
mistral-small,bgl,1,zero_shot,49,True,KERNDTLB,True,medium,Disk space is running low.," Example: {   ""is_anomaly"": true,   ""severity"": ""medium"",   ""root_cause"": ""Disk space is running low."",   ""remediation"": ""Clear old logs or increase disk space."" }",79.82,497.36,85711
mistral-small,bgl,1,zero_shot,50,True,KERNDTLB,True,medium,Disk space is running low.," Example: {   ""is_anomaly"": true,   ""severity"": ""medium"",   ""root_cause"": ""Disk space is running low."",   ""remediation"": ""Clear old logs or increase disk space."" }",79.82,497.36,85711
mistral-small,bgl,1,zero_shot,51,True,KERNDTLB,True,medium,Disk space is running low.," Example: {   ""is_anomaly"": true,   ""severity"": ""medium"",   ""root_cause"": ""Disk space is running low."",   ""remediation"": ""Clear old logs or increase disk space."" }",79.82,497.36,85711
mistral-small,bgl,1,zero_shot,52,True,KERNMICRO,True,high,"The system is repeatedly logging Microloader Assertion errors, indicating a potential issue with the Microloader component."," ---  ```json {   ""is_anomaly"": true,   ""severity"": ""high"",   ""root_cause"": ""The system is repeatedly logging Microloader Assertion errors, indicating a potential issue with the Microloader component."",   ""remediation"": ""Investigate the Microloader component for errors or misconfigurations and address any identified issues."" } ```",79.82,497.36,85711
mistral-small,bgl,1,zero_shot,53,False,NORMAL,True,medium,High CPU usage due to a memory leak.," Example: {   ""is_anomaly"": true,   ""severity"": ""medium"",   ""root_cause"": ""High CPU usage due to a memory leak."",   ""remediation"": ""Restart the application to free up memory."" }",79.82,497.36,85711
mistral-small,bgl,1,zero_shot,54,False,NORMAL,True,high,Multiple core dumps generated in a short period of time.," Example: {   ""is_anomaly"": true,   ""severity"": ""high"",   ""root_cause"": ""Multiple core dumps generated in a short period of time."",   ""remediation"": ""Investigate the cause of the core dumps and apply a fix."" }",79.82,497.36,85711
mistral-small,bgl,1,zero_shot,55,False,NORMAL,True,high,Multiple core dumps generated in a short period.," Example: {   ""is_anomaly"": true,   ""severity"": ""high"",   ""root_cause"": ""Multiple core dumps generated in a short period."",   ""remediation"": ""Investigate the cause of the core dumps and apply a fix."" }",79.82,497.36,85711
mistral-small,bgl,1,zero_shot,56,False,NORMAL,True,high,The system is generating multiple core dumps in a short period.," Example: {   ""is_anomaly"": true,   ""severity"": ""high"",   ""root_cause"": ""The system is generating multiple core dumps in a short period."",   ""remediation"": ""Investigate the cause of the core dumps and address the underlying issue."" }",79.82,497.36,85711
mistral-small,bgl,1,zero_shot,57,False,NORMAL,True,medium,Disk space is running low.," Example: {   ""is_anomaly"": true,   ""severity"": ""medium"",   ""root_cause"": ""Disk space is running low."",   ""remediation"": ""Clear old logs or increase disk space."" }",79.82,497.36,85711
mistral-small,bgl,1,zero_shot,58,False,NORMAL,True,high,The system encountered an assertion failure in the SendPacket function.," Example: {   ""is_anomaly"": true,   ""severity"": ""high"",   ""root_cause"": ""The system encountered an assertion failure in the SendPacket function."",   ""remediation"": ""Investigate the code in idotransportmgr.cpp at line 1043 to understand why the assertion failed."" }",79.82,497.36,85711
mistral-small,bgl,1,zero_shot,59,True,KERNRTSP,True,critical,The system encountered a critical error and stopped execution.," Example: {   ""is_anomaly"": true,   ""severity"": ""critical"",   ""root_cause"": ""The system encountered a critical error and stopped execution."",   ""remediation"": ""Investigate the cause of the panic and restart the system if necessary."" }",79.82,497.36,85711
mistral-small,bgl,1,zero_shot,60,False,NORMAL,True,medium,Increased load on the system," Example: {   ""is_anomaly"": true,   ""severity"": ""medium"",   ""root_cause"": ""Increased load on the system"",   ""remediation"": ""Scale up the resources"" }",79.82,497.36,85711
mistral-small,bgl,1,zero_shot,61,True,KERNMNTF,True,high,Disk space is full.," Example: {   ""is_anomaly"": true,   ""severity"": ""high"",   ""root_cause"": ""Disk space is full."",   ""remediation"": ""Clear some disk space."" }",79.82,497.36,85711
mistral-small,bgl,1,zero_shot,62,True,KERNSTOR,True,critical,Frequent data storage interrupts indicate a potential hardware or software failure.," ---  ```json {   ""is_anomaly"": true,   ""severity"": ""critical"",   ""root_cause"": ""Frequent data storage interrupts indicate a potential hardware or software failure."",   ""remediation"": ""Investigate and address the underlying cause of the data storage interrupts."" } ```",79.82,497.36,85711
mistral-small,bgl,1,zero_shot,63,False,NORMAL,True,high,Multiple core dumps generated in a short period of time.," Example: {   ""is_anomaly"": true,   ""severity"": ""high"",   ""root_cause"": ""Multiple core dumps generated in a short period of time."",   ""remediation"": ""Investigate the cause of the core dumps and apply a fix."" }",79.82,497.36,85711
mistral-small,bgl,1,zero_shot,64,False,NORMAL,True,high,The system is generating multiple core dumps in a short period.," Example: {   ""is_anomaly"": true,   ""severity"": ""high"",   ""root_cause"": ""The system is generating multiple core dumps in a short period."",   ""remediation"": ""Investigate the cause of the core dumps and address the underlying issue."" }",79.82,497.36,85711
mistral-small,bgl,1,zero_shot,65,False,NORMAL,True,medium,High CPU usage due to a runaway process.," Example: {   ""is_anomaly"": true,   ""severity"": ""medium"",   ""root_cause"": ""High CPU usage due to a runaway process."",   ""remediation"": ""Identify and terminate the runaway process."" }",79.82,497.36,85711
mistral-small,bgl,1,zero_shot,66,True,KERNDTLB,True,medium,Disk space is running low.," Example: {   ""is_anomaly"": true,   ""severity"": ""medium"",   ""root_cause"": ""Disk space is running low."",   ""remediation"": ""Clear old logs or increase disk space."" }",79.82,497.36,85711
mistral-small,bgl,1,zero_shot,67,False,NORMAL,True,high,The system is generating multiple core dumps in a short period.," Example: {   ""is_anomaly"": true,   ""severity"": ""high"",   ""root_cause"": ""The system is generating multiple core dumps in a short period."",   ""remediation"": ""Investigate the cause of the core dumps and address the underlying issue."" }",79.82,497.36,85711
mistral-small,bgl,1,zero_shot,68,True,KERNSTOR,True,critical,Frequent data storage interrupts indicate a potential hardware or software failure.," ---  ```json {   ""is_anomaly"": true,   ""severity"": ""critical"",   ""root_cause"": ""Frequent data storage interrupts indicate a potential hardware or software failure."",   ""remediation"": ""Investigate and address the underlying cause of the data storage interrupts."" } ```",79.82,497.36,85711
mistral-small,bgl,1,zero_shot,69,False,NORMAL,True,medium,Memory errors detected in DDR module.," Example: {   ""is_anomaly"": true,   ""severity"": ""medium"",   ""root_cause"": ""Memory errors detected in DDR module."",   ""remediation"": ""Investigate DDR module for potential hardware issues."" }",79.82,497.36,85711
mistral-small,bgl,1,zero_shot,70,True,KERNDTLB,True,medium,Disk space is running low.," Example: {   ""is_anomaly"": true,   ""severity"": ""medium"",   ""root_cause"": ""Disk space is running low."",   ""remediation"": ""Clear old logs or increase disk space."" }",79.82,497.36,85711
mistral-small,bgl,1,zero_shot,71,False,NORMAL,True,high,The system encountered an assertion failure in the SendPacket function.," Example: {   ""is_anomaly"": true,   ""severity"": ""high"",   ""root_cause"": ""The system encountered an assertion failure in the SendPacket function."",   ""remediation"": ""Investigate the code in idotransportmgr.cpp at line 1043 to understand why the assertion failed."" }",79.82,497.36,85711
mistral-small,bgl,1,zero_shot,72,False,NORMAL,True,medium,Disk space is running low.," Example: {   ""is_anomaly"": true,   ""severity"": ""medium"",   ""root_cause"": ""Disk space is running low."",   ""remediation"": ""Clear some space on the disk."" }",79.82,497.36,85711
mistral-small,bgl,1,zero_shot,73,False,NORMAL,True,medium,High CPU usage due to a runaway process.," Example: {   ""is_anomaly"": true,   ""severity"": ""medium"",   ""root_cause"": ""High CPU usage due to a runaway process."",   ""remediation"": ""Identify and terminate the runaway process."" }",79.82,497.36,85711
mistral-small,bgl,1,zero_shot,74,False,NORMAL,True,medium,Disk space is running low.," Example: {   ""is_anomaly"": true,   ""severity"": ""medium"",   ""root_cause"": ""Disk space is running low."",   ""remediation"": ""Clear old logs or increase disk space."" }",79.82,497.36,85711
mistral-small,bgl,1,zero_shot,75,True,KERNMICRO,True,high,"The system is repeatedly logging Microloader Assertion errors, indicating a potential issue with the Microloader component."," ---  ```json {   ""is_anomaly"": true,   ""severity"": ""high"",   ""root_cause"": ""The system is repeatedly logging Microloader Assertion errors, indicating a potential issue with the Microloader component."",   ""remediation"": ""Investigate the Microloader component for errors or misconfigurations and address any identified issues."" } ```",79.82,497.36,85711
mistral-small,bgl,1,zero_shot,76,False,NORMAL,True,high,The system is generating multiple core dumps in a short period.," Example: {   ""is_anomaly"": true,   ""severity"": ""high"",   ""root_cause"": ""The system is generating multiple core dumps in a short period."",   ""remediation"": ""Investigate the cause of the core dumps and address the underlying issue."" }",79.82,497.36,85711
mistral-small,bgl,1,zero_shot,77,False,NORMAL,True,high,Multiple core dumps generated in a short period.," Example: {   ""is_anomaly"": true,   ""severity"": ""high"",   ""root_cause"": ""Multiple core dumps generated in a short period."",   ""remediation"": ""Investigate the cause of the core dumps and address the underlying issue."" }",79.82,497.36,85711
mistral-small,bgl,1,zero_shot,78,False,NORMAL,True,high,The system is generating a large number of core dumps.," Example: {   ""is_anomaly"": true,   ""severity"": ""high"",   ""root_cause"": ""The system is generating a large number of core dumps."",   ""remediation"": ""Investigate the cause of the core dumps and address the underlying issue."" }",79.82,497.36,85711
mistral-small,bgl,1,zero_shot,79,True,KERNDTLB,True,medium,Disk space is running low.," Example: {   ""is_anomaly"": true,   ""severity"": ""medium"",   ""root_cause"": ""Disk space is running low."",   ""remediation"": ""Clear old logs or increase disk space."" }",79.82,497.36,85711
mistral-small,bgl,1,zero_shot,80,False,NORMAL,True,medium,Memory errors detected and corrected on multiple symbols.," ---  ```json {   ""is_anomaly"": true,   ""severity"": ""medium"",   ""root_cause"": ""Memory errors detected and corrected on multiple symbols."",   ""remediation"": ""Investigate the cause of the memory errors and ensure system stability."" } ```",79.82,497.36,85711
mistral-small,bgl,1,zero_shot,81,False,NORMAL,True,high,Multiple core dumps generated in a short period.," Example: {   ""is_anomaly"": true,   ""severity"": ""high"",   ""root_cause"": ""Multiple core dumps generated in a short period."",   ""remediation"": ""Investigate the cause of the core dumps and address the underlying issue."" }",79.82,497.36,85711
mistral-small,bgl,1,zero_shot,82,True,KERNSTOR,True,critical,Frequent data storage interrupts indicate a potential hardware or software failure.," ---  ```json {   ""is_anomaly"": true,   ""severity"": ""critical"",   ""root_cause"": ""Frequent data storage interrupts indicate a potential hardware or software failure."",   ""remediation"": ""Investigate and address the underlying cause of the data storage interrupts."" } ```",79.82,497.36,85711
mistral-small,bgl,1,zero_shot,83,True,KERNRTSP,True,medium,Memory leak detected in the application.," Example: {   ""is_anomaly"": true,   ""severity"": ""medium"",   ""root_cause"": ""Memory leak detected in the application."",   ""remediation"": ""Investigate and fix the memory leak in the code."" }",79.82,497.36,85711
mistral-small,bgl,1,zero_shot,84,False,NORMAL,True,high,The system is generating multiple core dumps in a short period.," Example: {   ""is_anomaly"": true,   ""severity"": ""high"",   ""root_cause"": ""The system is generating multiple core dumps in a short period."",   ""remediation"": ""Investigate the cause of the core dumps and address the underlying issue."" }",79.82,497.36,85711
mistral-small,bgl,1,zero_shot,85,False,NORMAL,True,medium,High memory usage causing frequent core dumps.," Example: {   ""is_anomaly"": true,   ""severity"": ""medium"",   ""root_cause"": ""High memory usage causing frequent core dumps."",   ""remediation"": ""Investigate memory leaks and optimize memory usage."" }",79.82,497.36,85711
mistral-small,bgl,1,zero_shot,86,True,KERNSTOR,True,medium,Disk space is running low.," Example: {   ""is_anomaly"": true,   ""severity"": ""medium"",   ""root_cause"": ""Disk space is running low."",   ""remediation"": ""Clear old logs and temporary files."" }",79.82,497.36,85711
mistral-small,bgl,1,zero_shot,87,True,KERNTERM,True,critical,The system is running out of memory.," Example: {   ""is_anomaly"": true,   ""severity"": ""critical"",   ""root_cause"": ""The system is running out of memory."",   ""remediation"": ""Increase the system's memory allocation."" }",79.82,497.36,85711
mistral-small,bgl,1,zero_shot,88,True,APPSEV,True,medium,Network connectivity issue between the server and client.," Example: {   ""is_anomaly"": true,   ""severity"": ""medium"",   ""root_cause"": ""Network connectivity issue between the server and client."",   ""remediation"": ""Check network connectivity and ensure the server and client are properly configured."" }",79.82,497.36,85711
mistral-small,bgl,1,zero_shot,89,True,KERNDTLB,True,medium,Disk space is running low.," Example: {   ""is_anomaly"": true,   ""severity"": ""medium"",   ""root_cause"": ""Disk space is running low."",   ""remediation"": ""Clear old logs or increase disk space."" }",79.82,497.36,85711
mistral-small,bgl,1,zero_shot,90,True,KERNDTLB,True,medium,Disk space is running low.," Example: {   ""is_anomaly"": true,   ""severity"": ""medium"",   ""root_cause"": ""Disk space is running low."",   ""remediation"": ""Clear old logs or increase disk space."" }",79.82,497.36,85711
mistral-small,bgl,1,zero_shot,91,True,APPREAD,True,medium,Disk space is running low.," Example: {   ""is_anomaly"": true,   ""severity"": ""medium"",   ""root_cause"": ""Disk space is running low."",   ""remediation"": ""Clear some space on the disk."" }",79.82,497.36,85711
mistral-small,bgl,1,zero_shot,92,False,NORMAL,True,high,Multiple core dumps generated in a short period of time.," Example: {   ""is_anomaly"": true,   ""severity"": ""high"",   ""root_cause"": ""Multiple core dumps generated in a short period of time."",   ""remediation"": ""Investigate the cause of the core dumps and apply a fix."" }",79.82,497.36,85711
mistral-small,bgl,1,zero_shot,93,False,NORMAL,True,high,Multiple core dumps generated in a short period of time.," Example: {   ""is_anomaly"": true,   ""severity"": ""high"",   ""root_cause"": ""Multiple core dumps generated in a short period of time."",   ""remediation"": ""Investigate the cause of the core dumps and apply a fix."" }",79.82,497.36,85711
mistral-small,bgl,1,zero_shot,94,True,KERNDTLB,True,medium,Disk space is running low.," Example: {   ""is_anomaly"": true,   ""severity"": ""medium"",   ""root_cause"": ""Disk space is running low."",   ""remediation"": ""Clear old logs or increase disk space."" }",79.82,497.36,85711
mistral-small,bgl,1,zero_shot,95,False,NORMAL,True,medium,High CPU usage due to a memory leak.," Example: {   ""is_anomaly"": true,   ""severity"": ""medium"",   ""root_cause"": ""High CPU usage due to a memory leak."",   ""remediation"": ""Restart the service to free up memory."" }",79.82,497.36,85711
mistral-small,bgl,1,zero_shot,96,False,NORMAL,True,medium,High CPU usage due to a memory leak.," Example: {   ""is_anomaly"": true,   ""severity"": ""medium"",   ""root_cause"": ""High CPU usage due to a memory leak."",   ""remediation"": ""Restart the service to free up memory."" }",79.82,497.36,85711
mistral-small,bgl,1,zero_shot,97,True,KERNDTLB,True,medium,Disk space is running low.," Example: {   ""is_anomaly"": true,   ""severity"": ""medium"",   ""root_cause"": ""Disk space is running low."",   ""remediation"": ""Clear old logs or increase disk space."" }",79.82,497.36,85711
mistral-small,bgl,1,zero_shot,98,False,NORMAL,True,high,The system encountered multiple byte ordering exceptions and a program interrupt due to a privileged instruction.," ---  ```json {   ""is_anomaly"": true,   ""severity"": ""high"",   ""root_cause"": ""The system encountered multiple byte ordering exceptions and a program interrupt due to a privileged instruction."",   ""remediation"": ""Investigate the byte ordering issue and ensure proper handling of privileged instructions."" } ```",79.82,497.36,85711
mistral-small,bgl,1,zero_shot,99,False,NORMAL,True,medium,High memory usage causing frequent core dumps.," Example: {   ""is_anomaly"": true,   ""severity"": ""medium"",   ""root_cause"": ""High memory usage causing frequent core dumps."",   ""remediation"": ""Investigate memory leaks and optimize memory usage."" }",79.82,497.36,85711
mistral-small,bgl,1,zero_shot,100,False,NORMAL,True,high,Multiple core dumps generated in a short period of time.," Example: {   ""is_anomaly"": true,   ""severity"": ""high"",   ""root_cause"": ""Multiple core dumps generated in a short period of time."",   ""remediation"": ""Investigate the cause of the core dumps and address the underlying issue."" }",79.82,497.36,85711
mistral-small,bgl,1,zero_shot,101,True,KERNSTOR,True,critical,Frequent data storage interrupts indicate a potential hardware or software failure.," ---  ```json {   ""is_anomaly"": true,   ""severity"": ""critical"",   ""root_cause"": ""Frequent data storage interrupts indicate a potential hardware or software failure."",   ""remediation"": ""Investigate and address the underlying cause of the data storage interrupts."" } ```",79.82,497.36,85711
mistral-small,bgl,1,zero_shot,102,False,NORMAL,True,medium,High CPU usage due to a runaway process.," Example: {   ""is_anomaly"": true,   ""severity"": ""medium"",   ""root_cause"": ""High CPU usage due to a runaway process."",   ""remediation"": ""Identify and terminate the runaway process."" }",79.82,497.36,85711
mistral-small,bgl,1,zero_shot,103,True,KERNDTLB,True,medium,Disk space is running low.," Example: {   ""is_anomaly"": true,   ""severity"": ""medium"",   ""root_cause"": ""Disk space is running low."",   ""remediation"": ""Clear old logs or increase disk space."" }",79.82,497.36,85711
mistral-small,bgl,1,zero_shot,104,False,NORMAL,True,high,Multiple core dumps generated in a short period of time.," Example: {   ""is_anomaly"": true,   ""severity"": ""high"",   ""root_cause"": ""Multiple core dumps generated in a short period of time."",   ""remediation"": ""Investigate the cause of the core dumps and address the underlying issue."" }",79.82,497.36,85711
mistral-small,bgl,1,zero_shot,105,False,NORMAL,True,medium,Increased load on the system," Example: {   ""is_anomaly"": true,   ""severity"": ""medium"",   ""root_cause"": ""Increased load on the system"",   ""remediation"": ""Scale up the resources"" }",79.82,497.36,85711
mistral-small,bgl,1,zero_shot,106,True,KERNDTLB,True,medium,Disk space is running low.," Example: {   ""is_anomaly"": true,   ""severity"": ""medium"",   ""root_cause"": ""Disk space is running low."",   ""remediation"": ""Clear old logs or increase disk space."" }",79.82,497.36,85711
mistral-small,bgl,1,zero_shot,107,True,KERNDTLB,True,medium,Disk space is running low.," Example: {   ""is_anomaly"": true,   ""severity"": ""medium"",   ""root_cause"": ""Disk space is running low."",   ""remediation"": ""Clear old logs or increase disk space."" }",79.82,497.36,85711
mistral-small,bgl,1,zero_shot,108,True,KERNDTLB,True,medium,Disk space is running low.," Example: {   ""is_anomaly"": true,   ""severity"": ""medium"",   ""root_cause"": ""Disk space is running low."",   ""remediation"": ""Clear old logs or increase disk space."" }",79.82,497.36,85711
mistral-small,bgl,1,zero_shot,109,True,APPREAD,True,medium,Disk space is running low.," Example: {   ""is_anomaly"": true,   ""severity"": ""medium"",   ""root_cause"": ""Disk space is running low."",   ""remediation"": ""Clear some space on the disk."" }",79.82,497.36,85711
mistral-small,bgl,1,zero_shot,110,False,NORMAL,True,medium,"Memory error detected in rank 0, symbol 29."," Example: {   ""is_anomaly"": true,   ""severity"": ""medium"",   ""root_cause"": ""Memory error detected in rank 0, symbol 29."",   ""remediation"": ""Investigate the hardware for potential issues."" }",79.82,497.36,85711
mistral-small,bgl,1,zero_shot,111,False,NORMAL,False,low,none," ```json {   ""is_anomaly"": false,   ""severity"": ""low"",   ""root_cause"": ""none"",   ""remediation"": ""none"" } ```",79.82,497.36,85711
mistral-small,bgl,1,zero_shot,112,True,KERNDTLB,True,medium,Disk space is running low.," Example: {   ""is_anomaly"": true,   ""severity"": ""medium"",   ""root_cause"": ""Disk space is running low."",   ""remediation"": ""Clear old logs or increase disk space."" }",79.82,497.36,85711
mistral-small,bgl,1,zero_shot,113,False,NORMAL,True,medium,Disk space is running low.," Example: {   ""is_anomaly"": true,   ""severity"": ""medium"",   ""root_cause"": ""Disk space is running low."",   ""remediation"": ""Clear old logs or increase disk space."" }",79.82,497.36,85711
mistral-small,bgl,1,zero_shot,114,True,APPSEV,True,medium,Network connectivity issue between the server and client.," Example: {   ""is_anomaly"": true,   ""severity"": ""medium"",   ""root_cause"": ""Network connectivity issue between the server and client."",   ""remediation"": ""Check network connectivity and ensure the client is reachable."" }",79.82,497.36,85711
mistral-small,bgl,1,zero_shot,115,False,NORMAL,True,medium,The system is running out of disk space.," Example: {   ""is_anomaly"": true,   ""severity"": ""medium"",   ""root_cause"": ""The system is running out of disk space."",   ""remediation"": ""Clear some disk space or increase the disk size."" }",79.82,497.36,85711
mistral-small,bgl,1,zero_shot,116,True,KERNDTLB,True,medium,Disk space is running low.," Example: {   ""is_anomaly"": true,   ""severity"": ""medium"",   ""root_cause"": ""Disk space is running low."",   ""remediation"": ""Clear old logs or increase disk space."" }",79.82,497.36,85711
mistral-small,bgl,1,zero_shot,117,False,NORMAL,True,medium,Increased load on the system," Example: {   ""is_anomaly"": true,   ""severity"": ""medium"",   ""root_cause"": ""Increased load on the system"",   ""remediation"": ""Scale up the resources"" }",79.82,497.36,85711
mistral-small,bgl,1,zero_shot,118,True,APPBUSY,True,medium,The system is running out of memory.," Example: {   ""is_anomaly"": true,   ""severity"": ""medium"",   ""root_cause"": ""The system is running out of memory."",   ""remediation"": ""Increase the memory allocation for the process."" }",79.82,497.36,85711
mistral-small,bgl,1,zero_shot,119,False,NORMAL,True,medium,The system is running out of disk space.," Example: {   ""is_anomaly"": true,   ""severity"": ""medium"",   ""root_cause"": ""The system is running out of disk space."",   ""remediation"": ""Clear some disk space or increase the disk size."" }",79.82,497.36,85711
mistral-small,bgl,1,zero_shot,120,False,NORMAL,True,medium,Disk space is running low.," Example: {   ""is_anomaly"": true,   ""severity"": ""medium"",   ""root_cause"": ""Disk space is running low."",   ""remediation"": ""Clear old logs and temporary files."" }",79.82,497.36,85711
mistral-small,bgl,1,zero_shot,121,True,KERNDTLB,True,medium,Disk space is running low.," Example: {   ""is_anomaly"": true,   ""severity"": ""medium"",   ""root_cause"": ""Disk space is running low."",   ""remediation"": ""Clear old logs or increase disk space."" }",79.82,497.36,85711
mistral-small,bgl,1,zero_shot,122,False,NORMAL,True,medium,Disk space is running low.," Example: {   ""is_anomaly"": true,   ""severity"": ""medium"",   ""root_cause"": ""Disk space is running low."",   ""remediation"": ""Clear some space on the disk."" }",79.82,497.36,85711
mistral-small,bgl,1,zero_shot,123,True,KERNMNT,True,critical,"Filesystem mounting failed repeatedly, indicating a potential issue with the storage system or configuration."," ```json {   ""is_anomaly"": true,   ""severity"": ""critical"",   ""root_cause"": ""Filesystem mounting failed repeatedly, indicating a potential issue with the storage system or configuration."",   ""remediation"": ""Investigate the storage system for any hardware failures or misconfigurations, and ensure the mount points are correctly set up."" } ```",79.82,497.36,85711
mistral-small,bgl,1,zero_shot,124,False,NORMAL,True,high,The system is generating multiple core dumps in a short period.," Example: {   ""is_anomaly"": true,   ""severity"": ""high"",   ""root_cause"": ""The system is generating multiple core dumps in a short period."",   ""remediation"": ""Investigate the cause of the core dumps and address the underlying issue."" }",79.82,497.36,85711
mistral-small,bgl,1,zero_shot,125,True,KERNDTLB,True,medium,Disk space is running low.," Example: {   ""is_anomaly"": true,   ""severity"": ""medium"",   ""root_cause"": ""Disk space is running low."",   ""remediation"": ""Clear old logs or increase disk space."" }",79.82,497.36,85711
mistral-small,bgl,1,zero_shot,126,True,APPSEV,True,medium,Disk space is running low.," Example: {   ""is_anomaly"": true,   ""severity"": ""medium"",   ""root_cause"": ""Disk space is running low."",   ""remediation"": ""Clear some space on the disk."" }",79.82,497.36,85711
mistral-small,bgl,1,zero_shot,127,True,KERNDTLB,True,medium,Disk space is running low.," Example: {   ""is_anomaly"": true,   ""severity"": ""medium"",   ""root_cause"": ""Disk space is running low."",   ""remediation"": ""Clear old logs or increase disk space."" }",79.82,497.36,85711
mistral-small,bgl,1,zero_shot,128,False,NORMAL,True,medium,High CPU usage due to a runaway process.," Example: {   ""is_anomaly"": true,   ""severity"": ""medium"",   ""root_cause"": ""High CPU usage due to a runaway process."",   ""remediation"": ""Identify and terminate the runaway process."" }",79.82,497.36,85711
mistral-small,bgl,1,zero_shot,129,False,NORMAL,True,medium,The system is generating multiple core dumps in a short period.," Example: {   ""is_anomaly"": true,   ""severity"": ""medium"",   ""root_cause"": ""The system is generating multiple core dumps in a short period."",   ""remediation"": ""Investigate the processes generating core dumps to identify the root cause."" }",79.82,497.36,85711
mistral-small,bgl,1,zero_shot,130,True,KERNSTOR,True,critical,Frequent data storage interrupts indicate a potential hardware or software failure.," ---  ```json {   ""is_anomaly"": true,   ""severity"": ""critical"",   ""root_cause"": ""Frequent data storage interrupts indicate a potential hardware or software failure."",   ""remediation"": ""Investigate and address the underlying cause of the data storage interrupts."" } ```",79.82,497.36,85711
mistral-small,bgl,1,zero_shot,131,True,KERNDTLB,True,medium,Disk space is running low.," Example: {   ""is_anomaly"": true,   ""severity"": ""medium"",   ""root_cause"": ""Disk space is running low."",   ""remediation"": ""Clear old logs or increase disk space."" }",79.82,497.36,85711
mistral-small,bgl,1,zero_shot,132,False,NORMAL,True,medium,High CPU usage due to a memory leak.," Example: {   ""is_anomaly"": true,   ""severity"": ""medium"",   ""root_cause"": ""High CPU usage due to a memory leak."",   ""remediation"": ""Restart the service to free up memory."" }",79.82,497.36,85711
mistral-small,bgl,1,zero_shot,133,False,NORMAL,True,medium,Disk space is running low.," Example: {   ""is_anomaly"": true,   ""severity"": ""medium"",   ""root_cause"": ""Disk space is running low."",   ""remediation"": ""Clear old logs and temporary files."" }",79.82,497.36,85711
mistral-small,bgl,1,zero_shot,134,False,NORMAL,True,high,The system is generating multiple core dumps in a short period.," Example: {   ""is_anomaly"": true,   ""severity"": ""high"",   ""root_cause"": ""The system is generating multiple core dumps in a short period."",   ""remediation"": ""Investigate the cause of the core dumps and address the underlying issue."" }",79.82,497.36,85711
mistral-small,bgl,1,zero_shot,135,False,NORMAL,True,medium,High memory usage due to a memory leak.," Example: {   ""is_anomaly"": true,   ""severity"": ""medium"",   ""root_cause"": ""High memory usage due to a memory leak."",   ""remediation"": ""Investigate and patch the memory leak."" }",79.82,497.36,85711
mistral-small,bgl,1,zero_shot,136,True,APPSEV,True,medium,Disk space is running low.," Example: {   ""is_anomaly"": true,   ""severity"": ""medium"",   ""root_cause"": ""Disk space is running low."",   ""remediation"": ""Clear some space on the disk."" }",79.82,497.36,85711
mistral-small,bgl,1,zero_shot,137,False,NORMAL,True,critical,"The system is generating multiple core dumps in a short period, indicating a critical failure."," ---  ```json {   ""is_anomaly"": true,   ""severity"": ""critical"",   ""root_cause"": ""The system is generating multiple core dumps in a short period, indicating a critical failure."",   ""remediation"": ""Investigate the cause of the core dumps and apply necessary fixes to prevent further crashes."" } ```",79.82,497.36,85711
mistral-small,bgl,1,zero_shot,138,True,KERNDTLB,True,medium,Disk space is running low.," Example: {   ""is_anomaly"": true,   ""severity"": ""medium"",   ""root_cause"": ""Disk space is running low."",   ""remediation"": ""Clear old logs or increase disk space."" }",79.82,497.36,85711
mistral-small,bgl,1,zero_shot,139,True,KERNDTLB,True,medium,Disk space is running low.," Example: {   ""is_anomaly"": true,   ""severity"": ""medium"",   ""root_cause"": ""Disk space is running low."",   ""remediation"": ""Clear old logs or increase disk space."" }",79.82,497.36,85711
mistral-small,bgl,1,zero_shot,140,False,NORMAL,True,high,The system is generating multiple core dumps in a short period.," Example: {   ""is_anomaly"": true,   ""severity"": ""high"",   ""root_cause"": ""The system is generating multiple core dumps in a short period."",   ""remediation"": ""Investigate the cause of the core dumps and address the underlying issue."" }",79.82,497.36,85711
mistral-small,bgl,1,zero_shot,141,False,NORMAL,True,medium,High CPU usage due to a memory leak.," Example: {   ""is_anomaly"": true,   ""severity"": ""medium"",   ""root_cause"": ""High CPU usage due to a memory leak."",   ""remediation"": ""Restart the service to free up memory."" }",79.82,497.36,85711
mistral-small,bgl,1,zero_shot,142,True,KERNSTOR,True,medium,Disk space is running low.," Example: {   ""is_anomaly"": true,   ""severity"": ""medium"",   ""root_cause"": ""Disk space is running low."",   ""remediation"": ""Clear old logs to free up space."" }",79.82,497.36,85711
mistral-small,bgl,1,zero_shot,143,False,NORMAL,True,high,Multiple core dumps generated in a short period of time.," Example: {   ""is_anomaly"": true,   ""severity"": ""high"",   ""root_cause"": ""Multiple core dumps generated in a short period of time."",   ""remediation"": ""Investigate the cause of the core dumps and address the underlying issue."" }",79.82,497.36,85711
mistral-small,bgl,1,zero_shot,144,True,APPSEV,True,medium,Network connectivity issue between the server and client.," Example: {   ""is_anomaly"": true,   ""severity"": ""medium"",   ""root_cause"": ""Network connectivity issue between the server and client."",   ""remediation"": ""Check network connectivity and ensure the client is reachable."" }",79.82,497.36,85711
mistral-small,bgl,1,zero_shot,145,False,NORMAL,True,medium,High CPU usage due to a runaway process.," Example: {   ""is_anomaly"": true,   ""severity"": ""medium"",   ""root_cause"": ""High CPU usage due to a runaway process."",   ""remediation"": ""Identify and terminate the runaway process."" }",79.82,497.36,85711
mistral-small,bgl,1,zero_shot,146,True,KERNDTLB,True,medium,Disk space is running low.," Example: {   ""is_anomaly"": true,   ""severity"": ""medium"",   ""root_cause"": ""Disk space is running low."",   ""remediation"": ""Clear old logs or increase disk space."" }",79.82,497.36,85711
mistral-small,bgl,1,zero_shot,147,True,KERNDTLB,True,medium,Disk space is running low.," Example: {   ""is_anomaly"": true,   ""severity"": ""medium"",   ""root_cause"": ""Disk space is running low."",   ""remediation"": ""Clear old logs or increase disk space."" }",79.82,497.36,85711
mistral-small,bgl,1,zero_shot,148,False,NORMAL,True,high,Multiple core dumps generated in a short period of time.," Example: {   ""is_anomaly"": true,   ""severity"": ""high"",   ""root_cause"": ""Multiple core dumps generated in a short period of time."",   ""remediation"": ""Investigate the cause of the core dumps and apply a fix."" }",79.82,497.36,85711
mistral-small,bgl,1,zero_shot,149,True,KERNMNTF,True,high,Disk space is full.," Example: {   ""is_anomaly"": true,   ""severity"": ""high"",   ""root_cause"": ""Disk space is full."",   ""remediation"": ""Clear some disk space."" }",79.82,497.36,85711
mistral-small,hdfs,1,zero_shot,150,True,Anomaly,True,medium,High CPU usage due to a runaway process.," Example: {   ""is_anomaly"": true,   ""severity"": ""medium"",   ""root_cause"": ""High CPU usage due to a runaway process."",   ""remediation"": ""Terminate the runaway process to reduce CPU usage."" }",79.82,497.36,85711
mistral-small,hdfs,1,zero_shot,151,True,Anomaly,True,medium,DataNode is terminating a packet responder for block blk_3104996824122389267.," Example: {   ""is_anomaly"": true,   ""severity"": ""medium"",   ""root_cause"": ""DataNode is terminating a packet responder for block blk_3104996824122389267."",   ""remediation"": ""Investigate why the packet responder is terminating."" }",79.82,497.36,85711
mistral-small,hdfs,1,zero_shot,152,True,Anomaly,True,medium,DataNode encountered an IOException while writing a block.," Example: {   ""is_anomaly"": true,   ""severity"": ""medium"",   ""root_cause"": ""DataNode encountered an IOException while writing a block."",   ""remediation"": ""Investigate the cause of the IOException and ensure data integrity."" }",79.82,497.36,85711
mistral-small,hdfs,1,zero_shot,153,True,Anomaly,True,medium,High CPU usage detected.," Example: {   ""is_anomaly"": true,   ""severity"": ""medium"",   ""root_cause"": ""High CPU usage detected."",   ""remediation"": ""Investigate and optimize the CPU-intensive processes."" }",79.82,497.36,85711
mistral-small,hdfs,1,zero_shot,154,True,Anomaly,True,medium,Disk space is running low.," Example: {   ""is_anomaly"": true,   ""severity"": ""medium"",   ""root_cause"": ""Disk space is running low."",   ""remediation"": ""Clear old logs and temporary files."" }",79.82,497.36,85711
mistral-small,hdfs,1,zero_shot,155,False,NORMAL,True,medium,High CPU usage due to a runaway process.," Example: {   ""is_anomaly"": true,   ""severity"": ""medium"",   ""root_cause"": ""High CPU usage due to a runaway process."",   ""remediation"": ""Terminate the runaway process to reduce CPU usage."" }",79.82,497.36,85711
mistral-small,hdfs,1,zero_shot,156,False,NORMAL,True,medium,Disk space is running low.," Example: {   ""is_anomaly"": true,   ""severity"": ""medium"",   ""root_cause"": ""Disk space is running low."",   ""remediation"": ""Clear old logs and free up disk space."" }",79.82,497.36,85711
mistral-small,hdfs,1,zero_shot,157,True,Anomaly,True,medium,High CPU usage due to a runaway process.," Example: {   ""is_anomaly"": true,   ""severity"": ""medium"",   ""root_cause"": ""High CPU usage due to a runaway process."",   ""remediation"": ""Terminate the runaway process to reduce CPU usage."" }",79.82,497.36,85711
mistral-small,hdfs,1,zero_shot,158,True,Anomaly,True,medium,Disk space is running low.," Example: {   ""is_anomaly"": true,   ""severity"": ""medium"",   ""root_cause"": ""Disk space is running low."",   ""remediation"": ""Clear old logs and temporary files."" }",79.82,497.36,85711
mistral-small,hdfs,1,zero_shot,159,False,NORMAL,True,medium,Disk space is running low on the server.," Example: {   ""is_anomaly"": true,   ""severity"": ""medium"",   ""root_cause"": ""Disk space is running low on the server."",   ""remediation"": ""Increase disk space or clean up unnecessary files."" }",79.82,497.36,85711
mistral-small,hdfs,1,zero_shot,160,False,NORMAL,True,medium,Disk space is running low.," Example: {   ""is_anomaly"": true,   ""severity"": ""medium"",   ""root_cause"": ""Disk space is running low."",   ""remediation"": ""Clear old logs and temporary files."" }",79.82,497.36,85711
mistral-small,hdfs,1,zero_shot,161,False,NORMAL,True,medium,Disk space is running low.," Example: {   ""is_anomaly"": true,   ""severity"": ""medium"",   ""root_cause"": ""Disk space is running low."",   ""remediation"": ""Clear old logs and temporary files."" }",79.82,497.36,85711
mistral-small,hdfs,1,zero_shot,162,True,Anomaly,True,medium,High CPU usage detected.," Example: {   ""is_anomaly"": true,   ""severity"": ""medium"",   ""root_cause"": ""High CPU usage detected."",   ""remediation"": ""Investigate and optimize the CPU-intensive processes."" }",79.82,497.36,85711
mistral-small,hdfs,1,zero_shot,163,False,NORMAL,True,medium,DataNode encountered an exception while serving a block.," Example: {   ""is_anomaly"": true,   ""severity"": ""medium"",   ""root_cause"": ""DataNode encountered an exception while serving a block."",   ""remediation"": ""Investigate the specific exception and ensure DataNode is functioning correctly."" }",79.82,497.36,85711
mistral-small,hdfs,1,zero_shot,164,False,NORMAL,True,medium,Disk space is running low.," Example: {   ""is_anomaly"": true,   ""severity"": ""medium"",   ""root_cause"": ""Disk space is running low."",   ""remediation"": ""Clear old logs and temporary files."" }",79.82,497.36,85711
mistral-small,hdfs,1,zero_shot,165,False,NORMAL,True,medium,DataNode is receiving blocks from an unexpected source.," Example: {   ""is_anomaly"": true,   ""severity"": ""medium"",   ""root_cause"": ""DataNode is receiving blocks from an unexpected source."",   ""remediation"": ""Investigate the source IP /10.251.106.50 for unauthorized access."" }",79.82,497.36,85711
mistral-small,hdfs,1,zero_shot,166,False,NORMAL,True,medium,Disk space is running low on the server.," Example: {   ""is_anomaly"": true,   ""severity"": ""medium"",   ""root_cause"": ""Disk space is running low on the server."",   ""remediation"": ""Clear old logs and temporary files to free up space."" }",79.82,497.36,85711
mistral-small,hdfs,1,zero_shot,167,True,Anomaly,True,medium,Disk space is running low.," Example: {   ""is_anomaly"": true,   ""severity"": ""medium"",   ""root_cause"": ""Disk space is running low."",   ""remediation"": ""Clear old logs and temporary files."" }",79.82,497.36,85711
mistral-small,hdfs,1,zero_shot,168,False,NORMAL,True,medium,Disk space is running low.," Example: {   ""is_anomaly"": true,   ""severity"": ""medium"",   ""root_cause"": ""Disk space is running low."",   ""remediation"": ""Clear old logs and temporary files."" }",79.82,497.36,85711
mistral-small,hdfs,1,zero_shot,169,False,NORMAL,True,medium,Disk space is running low.," Example: {   ""is_anomaly"": true,   ""severity"": ""medium"",   ""root_cause"": ""Disk space is running low."",   ""remediation"": ""Clear old logs and free up disk space."" }",79.82,497.36,85711
mistral-small,hdfs,1,zero_shot,170,False,NORMAL,True,medium,Disk space is running low.," Example: {   ""is_anomaly"": true,   ""severity"": ""medium"",   ""root_cause"": ""Disk space is running low."",   ""remediation"": ""Clear old logs and temporary files."" }",79.82,497.36,85711
mistral-small,hdfs,1,zero_shot,171,False,NORMAL,True,medium,Disk space is running low.," Example: {   ""is_anomaly"": true,   ""severity"": ""medium"",   ""root_cause"": ""Disk space is running low."",   ""remediation"": ""Clear old logs and temporary files."" }",79.82,497.36,85711
mistral-small,hdfs,1,zero_shot,172,True,Anomaly,True,medium,Disk space is running low on the server.," Example: {   ""is_anomaly"": true,   ""severity"": ""medium"",   ""root_cause"": ""Disk space is running low on the server."",   ""remediation"": ""Increase disk space or clean up unnecessary files."" }",79.82,497.36,85711
mistral-small,hdfs,1,zero_shot,173,True,Anomaly,True,medium,Disk space is running low on the server.," Example: {   ""is_anomaly"": true,   ""severity"": ""medium"",   ""root_cause"": ""Disk space is running low on the server."",   ""remediation"": ""Clear old logs and temporary files to free up space."" }",79.82,497.36,85711
mistral-small,hdfs,1,zero_shot,174,False,NORMAL,True,medium,Disk space is running low on the server.," Example: {   ""is_anomaly"": true,   ""severity"": ""medium"",   ""root_cause"": ""Disk space is running low on the server."",   ""remediation"": ""Increase disk space or clean up unnecessary files."" }",79.82,497.36,85711
mistral-small,hdfs,1,zero_shot,175,False,NORMAL,True,medium,Disk space is running low on the server.," Example: {   ""is_anomaly"": true,   ""severity"": ""medium"",   ""root_cause"": ""Disk space is running low on the server."",   ""remediation"": ""Clear old logs and temporary files to free up space."" }",79.82,497.36,85711
mistral-small,hdfs,1,zero_shot,176,True,Anomaly,True,medium,Disk space is running low.," Example: {   ""is_anomaly"": true,   ""severity"": ""medium"",   ""root_cause"": ""Disk space is running low."",   ""remediation"": ""Clear old logs and free up disk space."" }",79.82,497.36,85711
mistral-small,hdfs,1,zero_shot,177,True,Anomaly,True,medium,High CPU usage due to a runaway process.," Example: {   ""is_anomaly"": true,   ""severity"": ""medium"",   ""root_cause"": ""High CPU usage due to a runaway process."",   ""remediation"": ""Terminate the runaway process to reduce CPU usage."" }",79.82,497.36,85711
mistral-small,hdfs,1,zero_shot,178,False,NORMAL,True,medium,DataNode is terminating a packet responder for a block.," Example: {   ""is_anomaly"": true,   ""severity"": ""medium"",   ""root_cause"": ""DataNode is terminating a packet responder for a block."",   ""remediation"": ""Investigate why the packet responder is terminating."" }",79.82,497.36,85711
mistral-small,hdfs,1,zero_shot,179,False,NORMAL,True,medium,Disk space is running low.," Example: {   ""is_anomaly"": true,   ""severity"": ""medium"",   ""root_cause"": ""Disk space is running low."",   ""remediation"": ""Clear old logs and temporary files."" }",79.82,497.36,85711
mistral-small,hdfs,1,zero_shot,180,True,Anomaly,True,medium,Disk space is running low.," Example: {   ""is_anomaly"": true,   ""severity"": ""medium"",   ""root_cause"": ""Disk space is running low."",   ""remediation"": ""Clear old logs and temporary files."" }",79.82,497.36,85711
mistral-small,hdfs,1,zero_shot,181,False,NORMAL,True,medium,High CPU usage detected.," Example: {   ""is_anomaly"": true,   ""severity"": ""medium"",   ""root_cause"": ""High CPU usage detected."",   ""remediation"": ""Investigate and optimize the CPU-intensive process."" }",79.82,497.36,85711
mistral-small,hdfs,1,zero_shot,182,True,Anomaly,True,medium,DataNode is receiving empty packets for a block.," Example: {   ""is_anomaly"": true,   ""severity"": ""medium"",   ""root_cause"": ""DataNode is receiving empty packets for a block."",   ""remediation"": ""Investigate the source of the empty packets."" }",79.82,497.36,85711
mistral-small,hdfs,1,zero_shot,183,True,Anomaly,True,medium,DataNode is receiving blocks from an unexpected source.," Example: {   ""is_anomaly"": true,   ""severity"": ""medium"",   ""root_cause"": ""DataNode is receiving blocks from an unexpected source."",   ""remediation"": ""Investigate the source IP /10.250.11.85 for unauthorized access."" }",79.82,497.36,85711
mistral-small,hdfs,1,zero_shot,184,True,Anomaly,True,medium,Disk space is running low.," Example: {   ""is_anomaly"": true,   ""severity"": ""medium"",   ""root_cause"": ""Disk space is running low."",   ""remediation"": ""Clear old logs and temporary files."" }",79.82,497.36,85711
mistral-small,hdfs,1,zero_shot,185,False,NORMAL,True,medium,Disk space is running low.," Example: {   ""is_anomaly"": true,   ""severity"": ""medium"",   ""root_cause"": ""Disk space is running low."",   ""remediation"": ""Clear old logs and temporary files."" }",79.82,497.36,85711
mistral-small,hdfs,1,zero_shot,186,True,Anomaly,True,medium,High CPU usage due to a runaway process.," Example: {   ""is_anomaly"": true,   ""severity"": ""medium"",   ""root_cause"": ""High CPU usage due to a runaway process."",   ""remediation"": ""Restart the affected process to free up CPU resources."" }",79.82,497.36,85711
mistral-small,hdfs,1,zero_shot,187,False,NORMAL,True,medium,Disk space is running low.," Example: {   ""is_anomaly"": true,   ""severity"": ""medium"",   ""root_cause"": ""Disk space is running low."",   ""remediation"": ""Clear old logs and free up disk space."" }",79.82,497.36,85711
mistral-small,hdfs,1,zero_shot,188,True,Anomaly,True,medium,High CPU usage detected.," Example: {   ""is_anomaly"": true,   ""severity"": ""medium"",   ""root_cause"": ""High CPU usage detected."",   ""remediation"": ""Investigate running processes to identify and optimize resource-intensive tasks."" }",79.82,497.36,85711
mistral-small,hdfs,1,zero_shot,189,False,NORMAL,True,medium,Disk space is running low on the server.," Example: {   ""is_anomaly"": true,   ""severity"": ""medium"",   ""root_cause"": ""Disk space is running low on the server."",   ""remediation"": ""Increase disk space or clean up unnecessary files."" }",79.82,497.36,85711
mistral-small,hdfs,1,zero_shot,190,True,Anomaly,True,medium,High CPU usage due to a runaway process.," Example: {   ""is_anomaly"": true,   ""severity"": ""medium"",   ""root_cause"": ""High CPU usage due to a runaway process."",   ""remediation"": ""Restart the affected process to free up CPU resources."" }",79.82,497.36,85711
mistral-small,hdfs,1,zero_shot,191,True,Anomaly,True,medium,Disk space is running low.," Example: {   ""is_anomaly"": true,   ""severity"": ""medium"",   ""root_cause"": ""Disk space is running low."",   ""remediation"": ""Clear old logs and temporary files."" }",79.82,497.36,85711
mistral-small,hdfs,1,zero_shot,192,False,NORMAL,True,medium,Disk space is running low.," Example: {   ""is_anomaly"": true,   ""severity"": ""medium"",   ""root_cause"": ""Disk space is running low."",   ""remediation"": ""Clear old logs and temporary files."" }",79.82,497.36,85711
mistral-small,hdfs,1,zero_shot,193,True,Anomaly,True,medium,DataNode is receiving blocks from an unexpected source.," Example: {   ""is_anomaly"": true,   ""severity"": ""medium"",   ""root_cause"": ""DataNode is receiving blocks from an unexpected source."",   ""remediation"": ""Investigate the source IP /10.251.197.161 for unauthorized access."" }",79.82,497.36,85711
mistral-small,hdfs,1,zero_shot,194,True,Anomaly,False,low,none," Example: {   ""is_anomaly"": false,   ""severity"": ""low"",   ""root_cause"": ""none"",   ""remediation"": ""none"" }",79.82,497.36,85711
mistral-small,hdfs,1,zero_shot,195,False,NORMAL,True,medium,DataNode is receiving blocks from an unexpected source.," Example: {   ""is_anomaly"": true,   ""severity"": ""medium"",   ""root_cause"": ""DataNode is receiving blocks from an unexpected source."",   ""remediation"": ""Investigate the source IP /10.251.111.228 for unauthorized access."" }",79.82,497.36,85711
mistral-small,hdfs,1,zero_shot,196,False,NORMAL,True,medium,Disk space is running low.," Example: {   ""is_anomaly"": true,   ""severity"": ""medium"",   ""root_cause"": ""Disk space is running low."",   ""remediation"": ""Clear old logs and temporary files."" }",79.82,497.36,85711
mistral-small,hdfs,1,zero_shot,197,True,Anomaly,True,medium,DataNode is receiving blocks from an unexpected source.," Example: {   ""is_anomaly"": true,   ""severity"": ""medium"",   ""root_cause"": ""DataNode is receiving blocks from an unexpected source."",   ""remediation"": ""Investigate the source IP /10.251.214.67 for unauthorized access."" }",79.82,497.36,85711
mistral-small,hdfs,1,zero_shot,198,True,Anomaly,True,medium,High CPU usage detected.," Example: {   ""is_anomaly"": true,   ""severity"": ""medium"",   ""root_cause"": ""High CPU usage detected."",   ""remediation"": ""Investigate and optimize the CPU-intensive processes."" }",79.82,497.36,85711
mistral-small,hdfs,1,zero_shot,199,True,Anomaly,True,medium,Disk space is running low.," Example: {   ""is_anomaly"": true,   ""severity"": ""medium"",   ""root_cause"": ""Disk space is running low."",   ""remediation"": ""Clear old logs and free up disk space."" }",79.82,497.36,85711
mistral-small,hdfs,1,zero_shot,200,False,NORMAL,True,medium,Disk space is running low.," Example: {   ""is_anomaly"": true,   ""severity"": ""medium"",   ""root_cause"": ""Disk space is running low."",   ""remediation"": ""Clear old logs and temporary files."" }",79.82,497.36,85711
mistral-small,hdfs,1,zero_shot,201,True,Anomaly,True,medium,DataNode encountered an exception while serving a block.," Example: {   ""is_anomaly"": true,   ""severity"": ""medium"",   ""root_cause"": ""DataNode encountered an exception while serving a block."",   ""remediation"": ""Investigate the specific exception and ensure DataNode is functioning correctly."" }",79.82,497.36,85711
mistral-small,hdfs,1,zero_shot,202,True,Anomaly,True,medium,Disk space is running low.," Example: {   ""is_anomaly"": true,   ""severity"": ""medium"",   ""root_cause"": ""Disk space is running low."",   ""remediation"": ""Clear old logs and temporary files."" }",79.82,497.36,85711
mistral-small,hdfs,1,zero_shot,203,False,NORMAL,True,medium,Disk space is running low.," Example: {   ""is_anomaly"": true,   ""severity"": ""medium"",   ""root_cause"": ""Disk space is running low."",   ""remediation"": ""Increase disk space or clean up unnecessary files."" }",79.82,497.36,85711
mistral-small,hdfs,1,zero_shot,204,True,Anomaly,True,medium,Disk space is running low on the server.," Example: {   ""is_anomaly"": true,   ""severity"": ""medium"",   ""root_cause"": ""Disk space is running low on the server."",   ""remediation"": ""Clear old logs and temporary files to free up space."" }",79.82,497.36,85711
mistral-small,hdfs,1,zero_shot,205,False,NORMAL,True,medium,Disk space is running low.," Example: {   ""is_anomaly"": true,   ""severity"": ""medium"",   ""root_cause"": ""Disk space is running low."",   ""remediation"": ""Clear old logs and temporary files."" }",79.82,497.36,85711
mistral-small,hdfs,1,zero_shot,206,False,NORMAL,True,medium,DataNode is receiving blocks from an unexpected source.," Example: {   ""is_anomaly"": true,   ""severity"": ""medium"",   ""root_cause"": ""DataNode is receiving blocks from an unexpected source."",   ""remediation"": ""Investigate the source IP /10.251.26.8 for unauthorized access."" }",79.82,497.36,85711
mistral-small,hdfs,1,zero_shot,207,False,NORMAL,True,medium,DataNode PacketResponder terminated unexpectedly.," Example: {   ""is_anomaly"": true,   ""severity"": ""medium"",   ""root_cause"": ""DataNode PacketResponder terminated unexpectedly."",   ""remediation"": ""Investigate the cause of the PacketResponder termination."" }",79.82,497.36,85711
mistral-small,hdfs,1,zero_shot,208,False,NORMAL,True,medium,DataNode packet responder terminated unexpectedly.," Example: {   ""is_anomaly"": true,   ""severity"": ""medium"",   ""root_cause"": ""DataNode packet responder terminated unexpectedly."",   ""remediation"": ""Investigate the cause of the packet responder termination."" }",79.82,497.36,85711
mistral-small,hdfs,1,zero_shot,209,True,Anomaly,True,medium,DataNode is receiving blocks from an unexpected source.," Example: {   ""is_anomaly"": true,   ""severity"": ""medium"",   ""root_cause"": ""DataNode is receiving blocks from an unexpected source."",   ""remediation"": ""Investigate the source IP /10.251.193.224 for unauthorized access."" }",79.82,497.36,85711
mistral-small,hdfs,1,zero_shot,210,False,NORMAL,True,medium,Disk space is running low on the server.," Example: {   ""is_anomaly"": true,   ""severity"": ""medium"",   ""root_cause"": ""Disk space is running low on the server."",   ""remediation"": ""Clear old logs and temporary files to free up space."" }",79.82,497.36,85711
mistral-small,hdfs,1,zero_shot,211,True,Anomaly,True,medium,High CPU usage due to a runaway process.," Example: {   ""is_anomaly"": true,   ""severity"": ""medium"",   ""root_cause"": ""High CPU usage due to a runaway process."",   ""remediation"": ""Terminate the runaway process to reduce CPU usage."" }",79.82,497.36,85711
mistral-small,hdfs,1,zero_shot,212,False,NORMAL,True,medium,DataNode PacketResponder terminated unexpectedly.," Example: {   ""is_anomaly"": true,   ""severity"": ""medium"",   ""root_cause"": ""DataNode PacketResponder terminated unexpectedly."",   ""remediation"": ""Investigate the cause of the PacketResponder termination."" }",79.82,497.36,85711
mistral-small,hdfs,1,zero_shot,213,True,Anomaly,True,medium,Disk space is running low.," Example: {   ""is_anomaly"": true,   ""severity"": ""medium"",   ""root_cause"": ""Disk space is running low."",   ""remediation"": ""Clear old logs and free up disk space."" }",79.82,497.36,85711
mistral-small,hdfs,1,zero_shot,214,True,Anomaly,True,medium,Disk space is running low.," Example: {   ""is_anomaly"": true,   ""severity"": ""medium"",   ""root_cause"": ""Disk space is running low."",   ""remediation"": ""Clear old logs and temporary files."" }",79.82,497.36,85711
mistral-small,hdfs,1,zero_shot,215,True,Anomaly,True,medium,Disk space is running low.," Example: {   ""is_anomaly"": true,   ""severity"": ""medium"",   ""root_cause"": ""Disk space is running low."",   ""remediation"": ""Clear old logs and temporary files."" }",79.82,497.36,85711
mistral-small,hdfs,1,zero_shot,216,False,NORMAL,True,medium,High CPU usage due to a runaway process.," Example: {   ""is_anomaly"": true,   ""severity"": ""medium"",   ""root_cause"": ""High CPU usage due to a runaway process."",   ""remediation"": ""Restart the affected process to free up CPU resources."" }",79.82,497.36,85711
mistral-small,hdfs,1,zero_shot,217,False,NORMAL,True,medium,Disk space is running low.," Example: {   ""is_anomaly"": true,   ""severity"": ""medium"",   ""root_cause"": ""Disk space is running low."",   ""remediation"": ""Clear old logs and temporary files."" }",79.82,497.36,85711
mistral-small,hdfs,1,zero_shot,218,True,Anomaly,True,medium,Disk space is running low on the server.," Example: {   ""is_anomaly"": true,   ""severity"": ""medium"",   ""root_cause"": ""Disk space is running low on the server."",   ""remediation"": ""Clear old logs and temporary files to free up space."" }",79.82,497.36,85711
mistral-small,hdfs,1,zero_shot,219,False,NORMAL,True,medium,DataNode is terminating packet responders unexpectedly.," Example: {   ""is_anomaly"": true,   ""severity"": ""medium"",   ""root_cause"": ""DataNode is terminating packet responders unexpectedly."",   ""remediation"": ""Investigate why DataNode is terminating packet responders."" }",79.82,497.36,85711
mistral-small,hdfs,1,zero_shot,220,False,NORMAL,True,medium,High CPU usage detected.," Example: {   ""is_anomaly"": true,   ""severity"": ""medium"",   ""root_cause"": ""High CPU usage detected."",   ""remediation"": ""Investigate and optimize the CPU-intensive process."" }",79.82,497.36,85711
mistral-small,hdfs,1,zero_shot,221,False,NORMAL,True,medium,Disk space is running low on the server.," Example: {   ""is_anomaly"": true,   ""severity"": ""medium"",   ""root_cause"": ""Disk space is running low on the server."",   ""remediation"": ""Clear old logs and temporary files to free up space."" }",79.82,497.36,85711
mistral-small,hdfs,1,zero_shot,222,True,Anomaly,True,medium,Disk space is running low.," Example: {   ""is_anomaly"": true,   ""severity"": ""medium"",   ""root_cause"": ""Disk space is running low."",   ""remediation"": ""Clear old logs and temporary files."" }",79.82,497.36,85711
mistral-small,hdfs,1,zero_shot,223,True,Anomaly,True,medium,DataNode is receiving a block from an unexpected source.," Example: {   ""is_anomaly"": true,   ""severity"": ""medium"",   ""root_cause"": ""DataNode is receiving a block from an unexpected source."",   ""remediation"": ""Investigate the source IP address for any unauthorized access."" }",79.82,497.36,85711
mistral-small,hdfs,1,zero_shot,224,False,NORMAL,True,medium,Disk space is running low.," Example: {   ""is_anomaly"": true,   ""severity"": ""medium"",   ""root_cause"": ""Disk space is running low."",   ""remediation"": ""Clear old logs and free up disk space."" }",79.82,497.36,85711
mistral-small,hdfs,1,zero_shot,225,False,NORMAL,True,medium,High CPU usage due to a runaway process.," Example: {   ""is_anomaly"": true,   ""severity"": ""medium"",   ""root_cause"": ""High CPU usage due to a runaway process."",   ""remediation"": ""Terminate the runaway process to reduce CPU usage."" }",79.82,497.36,85711
mistral-small,hdfs,1,zero_shot,226,True,Anomaly,True,medium,Disk space is running low on the server.," Example: {   ""is_anomaly"": true,   ""severity"": ""medium"",   ""root_cause"": ""Disk space is running low on the server."",   ""remediation"": ""Clear old logs and temporary files to free up space."" }",79.82,497.36,85711
mistral-small,hdfs,1,zero_shot,227,True,Anomaly,True,medium,Disk space is running low.," Example: {   ""is_anomaly"": true,   ""severity"": ""medium"",   ""root_cause"": ""Disk space is running low."",   ""remediation"": ""Clear old logs and temporary files."" }",79.82,497.36,85711
mistral-small,hdfs,1,zero_shot,228,True,Anomaly,True,medium,High CPU usage detected.," Example: {   ""is_anomaly"": true,   ""severity"": ""medium"",   ""root_cause"": ""High CPU usage detected."",   ""remediation"": ""Investigate and optimize the CPU-intensive process."" }",79.82,497.36,85711
mistral-small,hdfs,1,zero_shot,229,False,NORMAL,True,medium,Disk space is running low.," Example: {   ""is_anomaly"": true,   ""severity"": ""medium"",   ""root_cause"": ""Disk space is running low."",   ""remediation"": ""Clear old logs and temporary files."" }",79.82,497.36,85711
mistral-small,hdfs,1,zero_shot,230,False,NORMAL,True,medium,High CPU usage due to a runaway process.," Example: {   ""is_anomaly"": true,   ""severity"": ""medium"",   ""root_cause"": ""High CPU usage due to a runaway process."",   ""remediation"": ""Terminate the runaway process to reduce CPU usage."" }",79.82,497.36,85711
mistral-small,hdfs,1,zero_shot,231,False,NORMAL,True,medium,DataNode is receiving a large number of blocks in a short period.," Example: {   ""is_anomaly"": true,   ""severity"": ""medium"",   ""root_cause"": ""DataNode is receiving a large number of blocks in a short period."",   ""remediation"": ""Investigate the source of the blocks to ensure it is not a DDoS attack."" }",79.82,497.36,85711
mistral-small,hdfs,1,zero_shot,232,True,Anomaly,True,medium,Disk space is running low.," Example: {   ""is_anomaly"": true,   ""severity"": ""medium"",   ""root_cause"": ""Disk space is running low."",   ""remediation"": ""Clear old logs and free up space."" }",79.82,497.36,85711
mistral-small,hdfs,1,zero_shot,233,False,NORMAL,True,medium,High CPU usage detected.," Example: {   ""is_anomaly"": true,   ""severity"": ""medium"",   ""root_cause"": ""High CPU usage detected."",   ""remediation"": ""Investigate and optimize the CPU-intensive process."" }",79.82,497.36,85711
mistral-small,hdfs,1,zero_shot,234,False,NORMAL,True,medium,Disk space is running low on the server.," Example: {   ""is_anomaly"": true,   ""severity"": ""medium"",   ""root_cause"": ""Disk space is running low on the server."",   ""remediation"": ""Clear old logs and temporary files to free up space."" }",79.82,497.36,85711
mistral-small,hdfs,1,zero_shot,235,True,Anomaly,True,medium,Disk space is running low on the server.," Example: {   ""is_anomaly"": true,   ""severity"": ""medium"",   ""root_cause"": ""Disk space is running low on the server."",   ""remediation"": ""Increase disk space or clean up unnecessary files."" }",79.82,497.36,85711
mistral-small,hdfs,1,zero_shot,236,True,Anomaly,False,low,none," Example: {   ""is_anomaly"": false,   ""severity"": ""low"",   ""root_cause"": ""none"",   ""remediation"": ""none"" }",79.82,497.36,85711
mistral-small,hdfs,1,zero_shot,237,False,NORMAL,True,medium,DataNode received a block from an unexpected source.," Example: {   ""is_anomaly"": true,   ""severity"": ""medium"",   ""root_cause"": ""DataNode received a block from an unexpected source."",   ""remediation"": ""Investigate the source IP /10.251.126.83 for unauthorized access."" }",79.82,497.36,85711
mistral-small,hdfs,1,zero_shot,238,True,Anomaly,True,medium,Disk space is running low on the server.," Example: {   ""is_anomaly"": true,   ""severity"": ""medium"",   ""root_cause"": ""Disk space is running low on the server."",   ""remediation"": ""Clear old logs and temporary files to free up space."" }",79.82,497.36,85711
mistral-small,hdfs,1,zero_shot,239,True,Anomaly,True,medium,Disk space is running low.," Example: {   ""is_anomaly"": true,   ""severity"": ""medium"",   ""root_cause"": ""Disk space is running low."",   ""remediation"": ""Clear old logs and temporary files."" }",79.82,497.36,85711
mistral-small,hdfs,1,zero_shot,240,False,NORMAL,True,medium,Disk space is running low on the server.," Example: {   ""is_anomaly"": true,   ""severity"": ""medium"",   ""root_cause"": ""Disk space is running low on the server."",   ""remediation"": ""Increase disk space or clean up unnecessary files."" }",79.82,497.36,85711
mistral-small,hdfs,1,zero_shot,241,True,Anomaly,True,medium,High CPU usage due to a runaway process.," Example: {   ""is_anomaly"": true,   ""severity"": ""medium"",   ""root_cause"": ""High CPU usage due to a runaway process."",   ""remediation"": ""Terminate the runaway process to reduce CPU usage."" }",79.82,497.36,85711
mistral-small,hdfs,1,zero_shot,242,True,Anomaly,True,medium,Disk space is running low on the server.," Example: {   ""is_anomaly"": true,   ""severity"": ""medium"",   ""root_cause"": ""Disk space is running low on the server."",   ""remediation"": ""Clear old logs and temporary files to free up space."" }",79.82,497.36,85711
mistral-small,hdfs,1,zero_shot,243,False,NORMAL,True,medium,High CPU usage detected.," Example: {   ""is_anomaly"": true,   ""severity"": ""medium"",   ""root_cause"": ""High CPU usage detected."",   ""remediation"": ""Investigate and optimize the CPU-intensive process."" }",79.82,497.36,85711
mistral-small,hdfs,1,zero_shot,244,True,Anomaly,True,medium,High CPU usage detected.," Example: {   ""is_anomaly"": true,   ""severity"": ""medium"",   ""root_cause"": ""High CPU usage detected."",   ""remediation"": ""Investigate and optimize the CPU-intensive processes."" }",79.82,497.36,85711
mistral-small,hdfs,1,zero_shot,245,True,Anomaly,True,medium,DataNode is receiving blocks from multiple sources.," Example: {   ""is_anomaly"": true,   ""severity"": ""medium"",   ""root_cause"": ""DataNode is receiving blocks from multiple sources."",   ""remediation"": ""Investigate the source of the blocks to ensure data integrity."" }",79.82,497.36,85711
mistral-small,hdfs,1,zero_shot,246,False,NORMAL,True,medium,High CPU usage detected.," Example: {   ""is_anomaly"": true,   ""severity"": ""medium"",   ""root_cause"": ""High CPU usage detected."",   ""remediation"": ""Investigate running processes to identify and optimize resource-intensive tasks."" }",79.82,497.36,85711
mistral-small,hdfs,1,zero_shot,247,False,NORMAL,True,medium,High CPU usage due to a runaway process.," Example: {   ""is_anomaly"": true,   ""severity"": ""medium"",   ""root_cause"": ""High CPU usage due to a runaway process."",   ""remediation"": ""Terminate the runaway process to reduce CPU usage."" }",79.82,497.36,85711
mistral-small,hdfs,1,zero_shot,248,True,Anomaly,True,medium,Disk space is running low on the server.," Example: {   ""is_anomaly"": true,   ""severity"": ""medium"",   ""root_cause"": ""Disk space is running low on the server."",   ""remediation"": ""Clear old logs and temporary files to free up space."" }",79.82,497.36,85711
mistral-small,hdfs,1,zero_shot,249,False,NORMAL,True,medium,High CPU usage detected.," Example: {   ""is_anomaly"": true,   ""severity"": ""medium"",   ""root_cause"": ""High CPU usage detected."",   ""remediation"": ""Investigate and optimize the CPU-intensive process."" }",79.82,497.36,85711
mistral-small,hdfs,1,zero_shot,250,True,Anomaly,True,medium,Disk space is running low on node 10.251.105.189.," Example: {   ""is_anomaly"": true,   ""severity"": ""medium"",   ""root_cause"": ""Disk space is running low on node 10.251.105.189."",   ""remediation"": ""Increase disk space or clean up unnecessary files on node 10.251.105.189."" }",79.82,497.36,85711
mistral-small,hdfs,1,zero_shot,251,False,NORMAL,True,medium,High CPU usage detected.," Example: {   ""is_anomaly"": true,   ""severity"": ""medium"",   ""root_cause"": ""High CPU usage detected."",   ""remediation"": ""Investigate and optimize the CPU-intensive processes."" }",79.82,497.36,85711
mistral-small,hdfs,1,zero_shot,252,False,NORMAL,True,medium,Disk space is running low.," Example: {   ""is_anomaly"": true,   ""severity"": ""medium"",   ""root_cause"": ""Disk space is running low."",   ""remediation"": ""Clear old logs and temporary files."" }",79.82,497.36,85711
mistral-small,hdfs,1,zero_shot,253,True,Anomaly,True,medium,DataNode PacketResponder terminated unexpectedly.," Example: {   ""is_anomaly"": true,   ""severity"": ""medium"",   ""root_cause"": ""DataNode PacketResponder terminated unexpectedly."",   ""remediation"": ""Investigate the cause of the PacketResponder termination."" }",79.82,497.36,85711
mistral-small,hdfs,1,zero_shot,254,True,Anomaly,True,medium,Disk space is running low.," Example: {   ""is_anomaly"": true,   ""severity"": ""medium"",   ""root_cause"": ""Disk space is running low."",   ""remediation"": ""Clear old logs and free up disk space."" }",79.82,497.36,85711
mistral-small,hdfs,1,zero_shot,255,True,Anomaly,True,medium,Disk space is running low.," Example: {   ""is_anomaly"": true,   ""severity"": ""medium"",   ""root_cause"": ""Disk space is running low."",   ""remediation"": ""Clear old logs and free up space."" }",79.82,497.36,85711
mistral-small,hdfs,1,zero_shot,256,False,NORMAL,True,medium,High CPU usage due to a runaway process.," Example: {   ""is_anomaly"": true,   ""severity"": ""medium"",   ""root_cause"": ""High CPU usage due to a runaway process."",   ""remediation"": ""Restart the affected process to free up CPU resources."" }",79.82,497.36,85711
mistral-small,hdfs,1,zero_shot,257,False,NORMAL,True,medium,High CPU usage due to a runaway process.," Example: {   ""is_anomaly"": true,   ""severity"": ""medium"",   ""root_cause"": ""High CPU usage due to a runaway process."",   ""remediation"": ""Terminate the runaway process to reduce CPU usage."" }",79.82,497.36,85711
mistral-small,hdfs,1,zero_shot,258,False,NORMAL,True,medium,Disk space is running low.," Example: {   ""is_anomaly"": true,   ""severity"": ""medium"",   ""root_cause"": ""Disk space is running low."",   ""remediation"": ""Clear old logs and temporary files."" }",79.82,497.36,85711
mistral-small,hdfs,1,zero_shot,259,False,NORMAL,True,medium,Disk space is running low.," Example: {   ""is_anomaly"": true,   ""severity"": ""medium"",   ""root_cause"": ""Disk space is running low."",   ""remediation"": ""Clear old logs and free up disk space."" }",79.82,497.36,85711
mistral-small,hdfs,1,zero_shot,260,True,Anomaly,True,medium,Disk space is running low.," Example: {   ""is_anomaly"": true,   ""severity"": ""medium"",   ""root_cause"": ""Disk space is running low."",   ""remediation"": ""Clear old logs and temporary files."" }",79.82,497.36,85711
mistral-small,hdfs,1,zero_shot,261,False,NORMAL,True,medium,High CPU usage detected.," Example: {   ""is_anomaly"": true,   ""severity"": ""medium"",   ""root_cause"": ""High CPU usage detected."",   ""remediation"": ""Investigate and optimize CPU-intensive processes."" }",79.82,497.36,85711
mistral-small,hdfs,1,zero_shot,262,False,NORMAL,True,medium,Disk space is running low.," Example: {   ""is_anomaly"": true,   ""severity"": ""medium"",   ""root_cause"": ""Disk space is running low."",   ""remediation"": ""Clear old logs and temporary files."" }",79.82,497.36,85711
mistral-small,hdfs,1,zero_shot,263,True,Anomaly,True,medium,DataNode received an exception while writing a block.," Example: {   ""is_anomaly"": true,   ""severity"": ""medium"",   ""root_cause"": ""DataNode received an exception while writing a block."",   ""remediation"": ""Investigate the cause of the IOException and ensure data integrity."" }",79.82,497.36,85711
mistral-small,hdfs,1,zero_shot,264,False,NORMAL,True,medium,DataNode is receiving blocks from an unexpected source.," Example: {   ""is_anomaly"": true,   ""severity"": ""medium"",   ""root_cause"": ""DataNode is receiving blocks from an unexpected source."",   ""remediation"": ""Investigate the source IP /10.251.202.134 for unauthorized access."" }",79.82,497.36,85711
mistral-small,hdfs,1,zero_shot,265,True,Anomaly,True,medium,High CPU usage due to a runaway process.," Example: {   ""is_anomaly"": true,   ""severity"": ""medium"",   ""root_cause"": ""High CPU usage due to a runaway process."",   ""remediation"": ""Terminate the runaway process to reduce CPU usage."" }",79.82,497.36,85711
mistral-small,hdfs,1,zero_shot,266,False,NORMAL,True,medium,High CPU usage due to a runaway process.," Example: {   ""is_anomaly"": true,   ""severity"": ""medium"",   ""root_cause"": ""High CPU usage due to a runaway process."",   ""remediation"": ""Terminate the runaway process to reduce CPU usage."" }",79.82,497.36,85711
mistral-small,hdfs,1,zero_shot,267,False,NORMAL,True,medium,Disk space is running low.," Example: {   ""is_anomaly"": true,   ""severity"": ""medium"",   ""root_cause"": ""Disk space is running low."",   ""remediation"": ""Clear old logs and free up disk space."" }",79.82,497.36,85711
mistral-small,hdfs,1,zero_shot,268,True,Anomaly,True,medium,Disk space is running low on the server.," Example: {   ""is_anomaly"": true,   ""severity"": ""medium"",   ""root_cause"": ""Disk space is running low on the server."",   ""remediation"": ""Increase disk space or clean up unnecessary files."" }",79.82,497.36,85711
mistral-small,hdfs,1,zero_shot,269,False,NORMAL,True,medium,DataNode received duplicate blocks from different nodes.," Example: {   ""is_anomaly"": true,   ""severity"": ""medium"",   ""root_cause"": ""DataNode received duplicate blocks from different nodes."",   ""remediation"": ""Investigate network issues between DataNodes."" }",79.82,497.36,85711
mistral-small,hdfs,1,zero_shot,270,False,NORMAL,True,medium,Disk space is running low.," Example: {   ""is_anomaly"": true,   ""severity"": ""medium"",   ""root_cause"": ""Disk space is running low."",   ""remediation"": ""Clear old logs and temporary files."" }",79.82,497.36,85711
mistral-small,hdfs,1,zero_shot,271,False,NORMAL,True,medium,Disk space is running low.," Example: {   ""is_anomaly"": true,   ""severity"": ""medium"",   ""root_cause"": ""Disk space is running low."",   ""remediation"": ""Clear old logs and temporary files."" }",79.82,497.36,85711
mistral-small,hdfs,1,zero_shot,272,True,Anomaly,True,medium,DataNode received a block from an unexpected source.," Example: {   ""is_anomaly"": true,   ""severity"": ""medium"",   ""root_cause"": ""DataNode received a block from an unexpected source."",   ""remediation"": ""Investigate the source IP address for unauthorized access."" }",79.82,497.36,85711
mistral-small,hdfs,1,zero_shot,273,True,Anomaly,True,medium,High CPU usage detected.," Example: {   ""is_anomaly"": true,   ""severity"": ""medium"",   ""root_cause"": ""High CPU usage detected."",   ""remediation"": ""Investigate and optimize CPU-intensive processes."" }",79.82,497.36,85711
mistral-small,hdfs,1,zero_shot,274,True,Anomaly,True,medium,High CPU usage detected.," Example: {   ""is_anomaly"": true,   ""severity"": ""medium"",   ""root_cause"": ""High CPU usage detected."",   ""remediation"": ""Investigate running processes to identify and optimize resource-intensive tasks."" }",79.82,497.36,85711
mistral-small,hdfs,1,zero_shot,275,True,Anomaly,True,medium,High CPU usage due to a runaway process.," Example: {   ""is_anomaly"": true,   ""severity"": ""medium"",   ""root_cause"": ""High CPU usage due to a runaway process."",   ""remediation"": ""Identify and terminate the runaway process."" }",79.82,497.36,85711
mistral-small,hdfs,1,zero_shot,276,True,Anomaly,True,medium,Disk space is running low.," Example: {   ""is_anomaly"": true,   ""severity"": ""medium"",   ""root_cause"": ""Disk space is running low."",   ""remediation"": ""Clear old logs and free up disk space."" }",79.82,497.36,85711
mistral-small,hdfs,1,zero_shot,277,False,NORMAL,True,medium,DataNode encountered an exception while serving a block.," Example: {   ""is_anomaly"": true,   ""severity"": ""medium"",   ""root_cause"": ""DataNode encountered an exception while serving a block."",   ""remediation"": ""Investigate the exception details and ensure DataNode is functioning correctly."" }",79.82,497.36,85711
mistral-small,hdfs,1,zero_shot,278,False,NORMAL,True,medium,Disk space is running low.," Example: {   ""is_anomaly"": true,   ""severity"": ""medium"",   ""root_cause"": ""Disk space is running low."",   ""remediation"": ""Clear old logs and temporary files."" }",79.82,497.36,85711
mistral-small,hdfs,1,zero_shot,279,True,Anomaly,True,medium,Disk space is running low.," Example: {   ""is_anomaly"": true,   ""severity"": ""medium"",   ""root_cause"": ""Disk space is running low."",   ""remediation"": ""Clear old logs and temporary files."" }",79.82,497.36,85711
mistral-small,hdfs,1,zero_shot,280,True,Anomaly,True,medium,High CPU usage detected.," Example: {   ""is_anomaly"": true,   ""severity"": ""medium"",   ""root_cause"": ""High CPU usage detected."",   ""remediation"": ""Investigate and optimize the CPU-intensive process."" }",79.82,497.36,85711
mistral-small,hdfs,1,zero_shot,281,True,Anomaly,True,medium,Disk space is running low.," Example: {   ""is_anomaly"": true,   ""severity"": ""medium"",   ""root_cause"": ""Disk space is running low."",   ""remediation"": ""Clear old logs and temporary files."" }",79.82,497.36,85711
mistral-small,hdfs,1,zero_shot,282,True,Anomaly,True,medium,Disk space is running low on the server.," Example: {   ""is_anomaly"": true,   ""severity"": ""medium"",   ""root_cause"": ""Disk space is running low on the server."",   ""remediation"": ""Clear old logs and temporary files to free up space."" }",79.82,497.36,85711
mistral-small,hdfs,1,zero_shot,283,False,NORMAL,True,medium,DataNode received a block from an unexpected source.," Example: {   ""is_anomaly"": true,   ""severity"": ""medium"",   ""root_cause"": ""DataNode received a block from an unexpected source."",   ""remediation"": ""Investigate the source IP /10.250.6.4 for unauthorized access."" }",79.82,497.36,85711
mistral-small,hdfs,1,zero_shot,284,False,NORMAL,True,medium,Disk space is running low.," Example: {   ""is_anomaly"": true,   ""severity"": ""medium"",   ""root_cause"": ""Disk space is running low."",   ""remediation"": ""Clear old logs and temporary files."" }",79.82,497.36,85711
mistral-small,hdfs,1,zero_shot,285,False,NORMAL,True,medium,Disk space is running low on the server.," Example: {   ""is_anomaly"": true,   ""severity"": ""medium"",   ""root_cause"": ""Disk space is running low on the server."",   ""remediation"": ""Clear old logs and temporary files to free up space."" }",79.82,497.36,85711
mistral-small,hdfs,1,zero_shot,286,True,Anomaly,True,medium,High CPU usage due to a runaway process.," Example: {   ""is_anomaly"": true,   ""severity"": ""medium"",   ""root_cause"": ""High CPU usage due to a runaway process."",   ""remediation"": ""Terminate the runaway process to reduce CPU usage."" }",79.82,497.36,85711
mistral-small,hdfs,1,zero_shot,287,False,NORMAL,True,medium,Disk space is running low.," Example: {   ""is_anomaly"": true,   ""severity"": ""medium"",   ""root_cause"": ""Disk space is running low."",   ""remediation"": ""Clear old logs and temporary files."" }",79.82,497.36,85711
mistral-small,hdfs,1,zero_shot,288,True,Anomaly,True,medium,DataNode encountered an exception while serving a block.," Example: {   ""is_anomaly"": true,   ""severity"": ""medium"",   ""root_cause"": ""DataNode encountered an exception while serving a block."",   ""remediation"": ""Investigate the specific exception and ensure DataNode is functioning correctly."" }",79.82,497.36,85711
mistral-small,hdfs,1,zero_shot,289,True,Anomaly,True,medium,Disk space is running low.," Example: {   ""is_anomaly"": true,   ""severity"": ""medium"",   ""root_cause"": ""Disk space is running low."",   ""remediation"": ""Clear old logs and temporary files."" }",79.82,497.36,85711
mistral-small,hdfs,1,zero_shot,290,True,Anomaly,True,medium,Disk space is running low.," Example: {   ""is_anomaly"": true,   ""severity"": ""medium"",   ""root_cause"": ""Disk space is running low."",   ""remediation"": ""Clear old logs and temporary files."" }",79.82,497.36,85711
mistral-small,hdfs,1,zero_shot,291,True,Anomaly,True,medium,Disk space is running low.," Example: {   ""is_anomaly"": true,   ""severity"": ""medium"",   ""root_cause"": ""Disk space is running low."",   ""remediation"": ""Clear old logs and temporary files."" }",79.82,497.36,85711
mistral-small,hdfs,1,zero_shot,292,True,Anomaly,True,medium,Disk space is running low on the server.," Example: {   ""is_anomaly"": true,   ""severity"": ""medium"",   ""root_cause"": ""Disk space is running low on the server."",   ""remediation"": ""Increase disk space or clean up unnecessary files."" }",79.82,497.36,85711
mistral-small,hdfs,1,zero_shot,293,False,NORMAL,True,medium,High CPU usage due to a runaway process.," Example: {   ""is_anomaly"": true,   ""severity"": ""medium"",   ""root_cause"": ""High CPU usage due to a runaway process."",   ""remediation"": ""Terminate the runaway process to reduce CPU usage."" }",79.82,497.36,85711
mistral-small,hdfs,1,zero_shot,294,False,NORMAL,True,medium,High CPU usage detected.," Example: {   ""is_anomaly"": true,   ""severity"": ""medium"",   ""root_cause"": ""High CPU usage detected."",   ""remediation"": ""Investigate and optimize CPU-intensive processes."" }",79.82,497.36,85711
mistral-small,hdfs,1,zero_shot,295,True,Anomaly,True,medium,DataNode encountered an IOException while receiving a block.," Example: {   ""is_anomaly"": true,   ""severity"": ""medium"",   ""root_cause"": ""DataNode encountered an IOException while receiving a block."",   ""remediation"": ""Investigate the source of the IOException and ensure data integrity."" }",79.82,497.36,85711
mistral-small,hdfs,1,zero_shot,296,True,Anomaly,True,medium,DataNode encountered an exception while serving a block.," Example: {   ""is_anomaly"": true,   ""severity"": ""medium"",   ""root_cause"": ""DataNode encountered an exception while serving a block."",   ""remediation"": ""Investigate the specific exception and ensure DataNode is functioning correctly."" }",79.82,497.36,85711
mistral-small,hdfs,1,zero_shot,297,False,NORMAL,True,medium,High CPU usage due to a runaway process.," Example: {   ""is_anomaly"": true,   ""severity"": ""medium"",   ""root_cause"": ""High CPU usage due to a runaway process."",   ""remediation"": ""Terminate the runaway process to reduce CPU usage."" }",79.82,497.36,85711
mistral-small,hdfs,1,zero_shot,298,False,NORMAL,True,medium,Disk space is running low on the server.," Example: {   ""is_anomaly"": true,   ""severity"": ""medium"",   ""root_cause"": ""Disk space is running low on the server."",   ""remediation"": ""Clear old logs and temporary files to free up space."" }",79.82,497.36,85711
mistral-small,hdfs,1,zero_shot,299,False,NORMAL,True,medium,DataNode received a block from an unexpected source.," Example: {   ""is_anomaly"": true,   ""severity"": ""medium"",   ""root_cause"": ""DataNode received a block from an unexpected source."",   ""remediation"": ""Verify network configuration and firewall rules."" }",79.82,497.36,85711
mistral-small,thunderbird,1,zero_shot,300,True,VAPI,True,critical,The system encountered a fatal error due to a local catastrophic event.," Example: {   ""is_anomaly"": true,   ""severity"": ""critical"",   ""root_cause"": ""The system encountered a fatal error due to a local catastrophic event."",   ""remediation"": ""Investigate the cause of the local catastrophic event and restart the affected services."" }",79.82,497.36,85711
mistral-small,thunderbird,1,zero_shot,301,True,VAPI,True,high,Disk space is full.," Example: {   ""is_anomaly"": true,   ""severity"": ""high"",   ""root_cause"": ""Disk space is full."",   ""remediation"": ""Clear some disk space."" }",79.82,497.36,85711
mistral-small,thunderbird,1,zero_shot,302,True,VAPI,True,medium,Disk space is low.," Example: {   ""is_anomaly"": true,   ""severity"": ""medium"",   ""root_cause"": ""Disk space is low."",   ""remediation"": ""Clear some disk space."" }",79.82,497.36,85711
mistral-small,thunderbird,1,zero_shot,303,False,NORMAL,True,medium,DHCP server is not recognizing existing leases.," Example: {   ""is_anomaly"": true,   ""severity"": ""medium"",   ""root_cause"": ""DHCP server is not recognizing existing leases."",   ""remediation"": ""Check DHCP server configuration and lease database."" }",79.82,497.36,85711
mistral-small,thunderbird,1,zero_shot,304,True,VAPI,True,medium,Disk space is running low.," Example: {   ""is_anomaly"": true,   ""severity"": ""medium"",   ""root_cause"": ""Disk space is running low."",   ""remediation"": ""Clear some disk space or increase disk capacity."" }",79.82,497.36,85711
mistral-small,thunderbird,1,zero_shot,305,True,VAPI,True,critical,The system encountered a fatal error in the InfiniHost0 device.," Example: {   ""is_anomaly"": true,   ""severity"": ""critical"",   ""root_cause"": ""The system encountered a fatal error in the InfiniHost0 device."",   ""remediation"": ""Investigate and resolve the fatal error in the InfiniHost0 device."" }",79.82,497.36,85711
mistral-small,thunderbird,1,zero_shot,306,False,NORMAL,True,medium,Disk space is running low.," Example: {   ""is_anomaly"": true,   ""severity"": ""medium"",   ""root_cause"": ""Disk space is running low."",   ""remediation"": ""Increase disk space or clean up unnecessary files."" }",79.82,497.36,85711
mistral-small,thunderbird,1,zero_shot,307,True,VAPI,True,medium,Disk space is low.," Example: {   ""is_anomaly"": true,   ""severity"": ""medium"",   ""root_cause"": ""Disk space is low."",   ""remediation"": ""Clear some disk space."" }",79.82,497.36,85711
mistral-small,thunderbird,1,zero_shot,308,True,VAPI,True,medium,Disk space is running low.," Example: {   ""is_anomaly"": true,   ""severity"": ""medium"",   ""root_cause"": ""Disk space is running low."",   ""remediation"": ""Clear some disk space or increase disk capacity."" }",79.82,497.36,85711
mistral-small,thunderbird,1,zero_shot,309,True,VAPI,True,high,Disk space is full.," Example: {   ""is_anomaly"": true,   ""severity"": ""high"",   ""root_cause"": ""Disk space is full."",   ""remediation"": ""Clear some disk space."" }",79.82,497.36,85711
mistral-small,thunderbird,1,zero_shot,310,False,NORMAL,True,medium,High CPU usage detected.," Example: {   ""is_anomaly"": true,   ""severity"": ""medium"",   ""root_cause"": ""High CPU usage detected."",   ""remediation"": ""Investigate and optimize the CPU-intensive processes."" }",79.82,497.36,85711
mistral-small,thunderbird,1,zero_shot,311,False,NORMAL,True,medium,The system failed to synchronize with the primary server.," Example: {   ""is_anomaly"": true,   ""severity"": ""medium"",   ""root_cause"": ""The system failed to synchronize with the primary server."",   ""remediation"": ""Check the network connectivity between the servers."" }",79.82,497.36,85711
mistral-small,thunderbird,1,zero_shot,312,True,VAPI,True,high,Disk space is full.," Example: {   ""is_anomaly"": true,   ""severity"": ""high"",   ""root_cause"": ""Disk space is full."",   ""remediation"": ""Clear some space on the disk."" }",79.82,497.36,85711
mistral-small,thunderbird,1,zero_shot,313,False,NORMAL,True,medium,Disk space is running low.," Example: {   ""is_anomaly"": true,   ""severity"": ""medium"",   ""root_cause"": ""Disk space is running low."",   ""remediation"": ""Clear some space on the disk."" }",79.82,497.36,85711
mistral-small,thunderbird,1,zero_shot,314,True,VAPI,True,high,Disk space is full.," Example: {   ""is_anomaly"": true,   ""severity"": ""high"",   ""root_cause"": ""Disk space is full."",   ""remediation"": ""Clear some disk space."" }",79.82,497.36,85711
mistral-small,thunderbird,1,zero_shot,315,False,NORMAL,True,medium,The system is unable to synchronize with the datasource.," Example: {   ""is_anomaly"": true,   ""severity"": ""medium"",   ""root_cause"": ""The system is unable to synchronize with the datasource."",   ""remediation"": ""Check the connectivity and status of the datasource."" }",79.82,497.36,85711
mistral-small,thunderbird,1,zero_shot,316,False,NORMAL,True,medium,Multiple failed login attempts from the same IP address.," Example: {   ""is_anomaly"": true,   ""severity"": ""medium"",   ""root_cause"": ""Multiple failed login attempts from the same IP address."",   ""remediation"": ""Investigate the source IP address for potential security threats."" }",79.82,497.36,85711
mistral-small,thunderbird,1,zero_shot,317,False,NORMAL,False,low,none," Example: {   ""is_anomaly"": false,   ""severity"": ""low"",   ""root_cause"": ""none"",   ""remediation"": ""none"" }",79.82,497.36,85711
mistral-small,thunderbird,1,zero_shot,318,False,NORMAL,True,medium,The system ran out of memory while trying to initialize the bindcache.," Example: {   ""is_anomaly"": true,   ""severity"": ""medium"",   ""root_cause"": ""The system ran out of memory while trying to initialize the bindcache."",   ""remediation"": ""Increase the system's memory allocation."" }",79.82,497.36,85711
mistral-small,thunderbird,1,zero_shot,319,False,NORMAL,True,medium,The service failed to start due to a missing configuration file.," Example: {   ""is_anomaly"": true,   ""severity"": ""medium"",   ""root_cause"": ""The service failed to start due to a missing configuration file."",   ""remediation"": ""Restart the service after ensuring the configuration file is present."" }",79.82,497.36,85711
mistral-small,thunderbird,1,zero_shot,320,False,NORMAL,False,low,none," ---  {   ""is_anomaly"": false,   ""severity"": ""low"",   ""root_cause"": ""none"",   ""remediation"": ""none"" }  ---",79.82,497.36,85711
mistral-small,thunderbird,1,zero_shot,321,True,VAPI,True,critical,The system encountered a fatal error due to a local catastrophic event.," Example: {   ""is_anomaly"": true,   ""severity"": ""critical"",   ""root_cause"": ""The system encountered a fatal error due to a local catastrophic event."",   ""remediation"": ""Investigate the cause of the local catastrophic event and restart the affected services."" }",79.82,497.36,85711
mistral-small,thunderbird,1,zero_shot,322,False,NORMAL,True,medium,Multiple failed login attempts from the same IP address.," Example: {   ""is_anomaly"": true,   ""severity"": ""medium"",   ""root_cause"": ""Multiple failed login attempts from the same IP address."",   ""remediation"": ""Investigate the source IP address for potential security threats."" }",79.82,497.36,85711
mistral-small,thunderbird,1,zero_shot,323,True,VAPI,True,medium,InfiniHost0 port 1 experienced a local catastrophic error.," Example: {   ""is_anomaly"": true,   ""severity"": ""medium"",   ""root_cause"": ""InfiniHost0 port 1 experienced a local catastrophic error."",   ""remediation"": ""Investigate the hardware or driver issues related to InfiniHost0 port 1."" }",79.82,497.36,85711
mistral-small,thunderbird,1,zero_shot,324,False,NORMAL,False,low,none," ---  {   ""is_anomaly"": false,   ""severity"": ""low"",   ""root_cause"": ""none"",   ""remediation"": ""none"" }",79.82,497.36,85711
mistral-small,thunderbird,1,zero_shot,325,True,VAPI,True,critical,The system encountered a critical error in the InfiniBand subsystem.," Example: {   ""is_anomaly"": true,   ""severity"": ""critical"",   ""root_cause"": ""The system encountered a critical error in the InfiniBand subsystem."",   ""remediation"": ""Restart the InfiniBand service to resolve the issue."" }",79.82,497.36,85711
mistral-small,thunderbird,1,zero_shot,326,True,VAPI,True,critical,The system encountered a fatal error in the InfiniHost0 process.," Example: {   ""is_anomaly"": true,   ""severity"": ""critical"",   ""root_cause"": ""The system encountered a fatal error in the InfiniHost0 process."",   ""remediation"": ""Restart the InfiniHost0 service to recover from the fatal error."" }",79.82,497.36,85711
mistral-small,thunderbird,1,zero_shot,327,False,NORMAL,True,medium,Disk space is running low.," Example: {   ""is_anomaly"": true,   ""severity"": ""medium"",   ""root_cause"": ""Disk space is running low."",   ""remediation"": ""Clear some disk space or increase disk capacity."" }",79.82,497.36,85711
mistral-small,thunderbird,1,zero_shot,328,False,NORMAL,True,medium,The system is running out of file descriptors.," Example: {   ""is_anomaly"": true,   ""severity"": ""medium"",   ""root_cause"": ""The system is running out of file descriptors."",   ""remediation"": ""Increase the system's file descriptor limit."" }",79.82,497.36,85711
mistral-small,thunderbird,1,zero_shot,329,False,NORMAL,True,medium,The system reached the maximum file limit.," Example: {   ""is_anomaly"": true,   ""severity"": ""medium"",   ""root_cause"": ""The system reached the maximum file limit."",   ""remediation"": ""Increase the file-max limit to allow more open files."" }",79.82,497.36,85711
mistral-small,thunderbird,1,zero_shot,330,True,VAPI,True,medium,Disk space is low.," Example: {   ""is_anomaly"": true,   ""severity"": ""medium"",   ""root_cause"": ""Disk space is low."",   ""remediation"": ""Clear some disk space."" }",79.82,497.36,85711
mistral-small,thunderbird,1,zero_shot,331,False,NORMAL,True,medium,Disk space is running low.," Example: {   ""is_anomaly"": true,   ""severity"": ""medium"",   ""root_cause"": ""Disk space is running low."",   ""remediation"": ""Increase disk space or clean up unnecessary files."" }",79.82,497.36,85711
mistral-small,thunderbird,1,zero_shot,332,True,VAPI,True,high,InfiniHost0 port 1 encountered a local catastrophic error.," Example: {   ""is_anomaly"": true,   ""severity"": ""high"",   ""root_cause"": ""InfiniHost0 port 1 encountered a local catastrophic error."",   ""remediation"": ""Investigate and resolve the issue with InfiniHost0 port 1."" }",79.82,497.36,85711
mistral-small,thunderbird,1,zero_shot,333,False,NORMAL,True,medium,The system is running out of file descriptors.," Example: {   ""is_anomaly"": true,   ""severity"": ""medium"",   ""root_cause"": ""The system is running out of file descriptors."",   ""remediation"": ""Increase the file descriptor limit."" }",79.82,497.36,85711
mistral-small,thunderbird,1,zero_shot,334,True,VAPI,True,high,The system encountered a critical error in processing local MADs.," Example: {   ""is_anomaly"": true,   ""severity"": ""high"",   ""root_cause"": ""The system encountered a critical error in processing local MADs."",   ""remediation"": ""Investigate the cause of the EVAPI_process_local_mad failure and restart the InfiniHost0 service."" }",79.82,497.36,85711
mistral-small,thunderbird,1,zero_shot,335,False,NORMAL,True,medium,High CPU usage due to a runaway process.," Example: {   ""is_anomaly"": true,   ""severity"": ""medium"",   ""root_cause"": ""High CPU usage due to a runaway process."",   ""remediation"": ""Identify and terminate the runaway process."" }",79.82,497.36,85711
mistral-small,thunderbird,1,zero_shot,336,False,NORMAL,False,low,none," Example: {   ""is_anomaly"": false,   ""severity"": ""low"",   ""root_cause"": ""none"",   ""remediation"": ""none"" }",79.82,497.36,85711
mistral-small,thunderbird,1,zero_shot,337,True,VAPI,True,medium,A port is in INIT state causing discovery issues.," Example: {   ""is_anomaly"": true,   ""severity"": ""medium"",   ""root_cause"": ""A port is in INIT state causing discovery issues."",   ""remediation"": ""Check the configuration of the port in INIT state."" }",79.82,497.36,85711
mistral-small,thunderbird,1,zero_shot,338,False,NORMAL,True,medium,The system is unable to synchronize with any datasource.," Example: {   ""is_anomaly"": true,   ""severity"": ""medium"",   ""root_cause"": ""The system is unable to synchronize with any datasource."",   ""remediation"": ""Check the network connectivity and the status of the datasources."" }",79.82,497.36,85711
mistral-small,thunderbird,1,zero_shot,339,True,VAPI,True,medium,Disk space is running low.," Example: {   ""is_anomaly"": true,   ""severity"": ""medium"",   ""root_cause"": ""Disk space is running low."",   ""remediation"": ""Clear some space on the disk."" }",79.82,497.36,85711
mistral-small,thunderbird,1,zero_shot,340,False,NORMAL,False,low,none," Example: {   ""is_anomaly"": false,   ""severity"": ""low"",   ""root_cause"": ""none"",   ""remediation"": ""none"" }",79.82,497.36,85711
mistral-small,thunderbird,1,zero_shot,341,False,NORMAL,True,medium,Multiple failed login attempts from the same IP address.," Example: {   ""is_anomaly"": true,   ""severity"": ""medium"",   ""root_cause"": ""Multiple failed login attempts from the same IP address."",   ""remediation"": ""Investigate the source IP address for potential security threats."" }",79.82,497.36,85711
mistral-small,thunderbird,1,zero_shot,342,True,VAPI,True,medium,Disk space is low.," Example: {   ""is_anomaly"": true,   ""severity"": ""medium"",   ""root_cause"": ""Disk space is low."",   ""remediation"": ""Clear some disk space."" }",79.82,497.36,85711
mistral-small,thunderbird,1,zero_shot,343,True,VAPI,True,critical,The system encountered a fatal error due to a local catastrophic event.," Example: {   ""is_anomaly"": true,   ""severity"": ""critical"",   ""root_cause"": ""The system encountered a fatal error due to a local catastrophic event."",   ""remediation"": ""Investigate the cause of the local catastrophic event and restart the affected services."" }",79.82,497.36,85711
mistral-small,thunderbird,1,zero_shot,344,True,VAPI,True,medium,Disk space is running low.," Example: {   ""is_anomaly"": true,   ""severity"": ""medium"",   ""root_cause"": ""Disk space is running low."",   ""remediation"": ""Clear some disk space or increase disk capacity."" }",79.82,497.36,85711
mistral-small,thunderbird,1,zero_shot,345,True,VAPI,True,critical,The system encountered a fatal error due to a local catastrophic event.," Example: {   ""is_anomaly"": true,   ""severity"": ""critical"",   ""root_cause"": ""The system encountered a fatal error due to a local catastrophic event."",   ""remediation"": ""Investigate the cause of the local catastrophic event and restart the affected services."" }",79.82,497.36,85711
mistral-small,thunderbird,1,zero_shot,346,True,VAPI,True,medium,A critical service failed to start due to a missing configuration file.," Example: {   ""is_anomaly"": true,   ""severity"": ""medium"",   ""root_cause"": ""A critical service failed to start due to a missing configuration file."",   ""remediation"": ""Restart the service after ensuring the configuration file is present."" }",79.82,497.36,85711
mistral-small,thunderbird,1,zero_shot,347,False,NORMAL,False,low,none," ---  ```json {   ""is_anomaly"": false,   ""severity"": ""low"",   ""root_cause"": ""none"",   ""remediation"": ""none"" } ```",79.82,497.36,85711
mistral-small,thunderbird,1,zero_shot,348,True,VAPI,True,medium,Disk space is running low.," Example: {   ""is_anomaly"": true,   ""severity"": ""medium"",   ""root_cause"": ""Disk space is running low."",   ""remediation"": ""Clear some disk space or increase disk capacity."" }",79.82,497.36,85711
mistral-small,thunderbird,1,zero_shot,349,True,VAPI,True,critical,The system encountered a fatal error due to a local catastrophic event.," Example: {   ""is_anomaly"": true,   ""severity"": ""critical"",   ""root_cause"": ""The system encountered a fatal error due to a local catastrophic event."",   ""remediation"": ""Investigate the cause of the fatal error and restart the affected service."" }",79.82,497.36,85711
mistral-small,thunderbird,1,zero_shot,350,True,VAPI,True,high,The system encountered a fatal error in the InfiniHost0 device.," Example: {   ""is_anomaly"": true,   ""severity"": ""high"",   ""root_cause"": ""The system encountered a fatal error in the InfiniHost0 device."",   ""remediation"": ""Investigate the cause of the fatal error and restart the device if necessary."" }",79.82,497.36,85711
mistral-small,thunderbird,1,zero_shot,351,False,NORMAL,True,medium,Disk space is running low.," Example: {   ""is_anomaly"": true,   ""severity"": ""medium"",   ""root_cause"": ""Disk space is running low."",   ""remediation"": ""Clear old logs and temporary files."" }",79.82,497.36,85711
mistral-small,thunderbird,1,zero_shot,352,True,VAPI,True,medium,Disk space is running low.," Example: {   ""is_anomaly"": true,   ""severity"": ""medium"",   ""root_cause"": ""Disk space is running low."",   ""remediation"": ""Clear some space on the disk."" }",79.82,497.36,85711
mistral-small,thunderbird,1,zero_shot,353,False,NORMAL,True,medium,High CPU usage due to a runaway process.," Example: {   ""is_anomaly"": true,   ""severity"": ""medium"",   ""root_cause"": ""High CPU usage due to a runaway process."",   ""remediation"": ""Terminate the runaway process to free up CPU resources."" }",79.82,497.36,85711
mistral-small,thunderbird,1,zero_shot,354,False,NORMAL,True,medium,The system is unable to connect to the datasource.," Example: {   ""is_anomaly"": true,   ""severity"": ""medium"",   ""root_cause"": ""The system is unable to connect to the datasource."",   ""remediation"": ""Check the network connectivity to the datasource."" }",79.82,497.36,85711
mistral-small,thunderbird,1,zero_shot,355,False,NORMAL,True,medium,Temperature sensor values were outside normal range.," Example: {   ""is_anomaly"": true,   ""severity"": ""medium"",   ""root_cause"": ""Temperature sensor values were outside normal range."",   ""remediation"": ""Check the cooling system in the chassis."" }",79.82,497.36,85711
mistral-small,thunderbird,1,zero_shot,356,True,VAPI,True,medium,InfiniHost0 encountered a local catastrophic error.," Example: {   ""is_anomaly"": true,   ""severity"": ""medium"",   ""root_cause"": ""InfiniHost0 encountered a local catastrophic error."",   ""remediation"": ""Investigate the cause of the local catastrophic error on InfiniHost0."" }",79.82,497.36,85711
mistral-small,thunderbird,1,zero_shot,357,False,NORMAL,True,medium,The system is running out of disk space.," Example: {   ""is_anomaly"": true,   ""severity"": ""medium"",   ""root_cause"": ""The system is running out of disk space."",   ""remediation"": ""Clear some disk space or increase disk capacity."" }",79.82,497.36,85711
mistral-small,thunderbird,1,zero_shot,358,False,NORMAL,True,medium,The system ran out of memory while trying to initialize the bind cache.," Example: {   ""is_anomaly"": true,   ""severity"": ""medium"",   ""root_cause"": ""The system ran out of memory while trying to initialize the bind cache."",   ""remediation"": ""Increase the system's memory allocation."" }",79.82,497.36,85711
mistral-small,thunderbird,1,zero_shot,359,True,VAPI,True,medium,The system encountered a memory leak.," Example: {   ""is_anomaly"": true,   ""severity"": ""medium"",   ""root_cause"": ""The system encountered a memory leak."",   ""remediation"": ""Restart the application to free up memory."" }",79.82,497.36,85711
mistral-small,thunderbird,1,zero_shot,360,True,VAPI,True,medium,InfiniHost0 encountered a local catastrophic error.," Example: {   ""is_anomaly"": true,   ""severity"": ""medium"",   ""root_cause"": ""InfiniHost0 encountered a local catastrophic error."",   ""remediation"": ""Investigate the cause of the local catastrophic error on InfiniHost0."" }",79.82,497.36,85711
mistral-small,thunderbird,1,zero_shot,361,False,NORMAL,True,high,Multiple SSH connections from the same IP address in a short period of time.," ---  ```json {   ""is_anomaly"": true,   ""severity"": ""high"",   ""root_cause"": ""Multiple SSH connections from the same IP address in a short period of time."",   ""remediation"": ""Investigate and potentially block the IP address if unauthorized."" } ```",79.82,497.36,85711
mistral-small,thunderbird,1,zero_shot,362,True,VAPI,True,medium,InfiniHost0 encountered a local catastrophic error.," Example: {   ""is_anomaly"": true,   ""severity"": ""medium"",   ""root_cause"": ""InfiniHost0 encountered a local catastrophic error."",   ""remediation"": ""Investigate the cause of the local catastrophic error on InfiniHost0."" }",79.82,497.36,85711
mistral-small,thunderbird,1,zero_shot,363,False,NORMAL,True,medium,The system is running out of file descriptors.," Example: {   ""is_anomaly"": true,   ""severity"": ""medium"",   ""root_cause"": ""The system is running out of file descriptors."",   ""remediation"": ""Increase the file descriptor limit for the process."" }",79.82,497.36,85711
mistral-small,thunderbird,1,zero_shot,364,True,VAPI,True,medium,A network timeout occurred while trying to connect to the database.," Example: {   ""is_anomaly"": true,   ""severity"": ""medium"",   ""root_cause"": ""A network timeout occurred while trying to connect to the database."",   ""remediation"": ""Increase the timeout setting for database connections."" }",79.82,497.36,85711
mistral-small,thunderbird,1,zero_shot,365,True,VAPI,True,medium,Increased latency in database queries.," Example: {   ""is_anomaly"": true,   ""severity"": ""medium"",   ""root_cause"": ""Increased latency in database queries."",   ""remediation"": ""Optimize database queries and consider indexing."" }",79.82,497.36,85711
mistral-small,thunderbird,1,zero_shot,366,True,VAPI,True,critical,The system encountered a fatal error due to a local catastrophic event.," Example: {   ""is_anomaly"": true,   ""severity"": ""critical"",   ""root_cause"": ""The system encountered a fatal error due to a local catastrophic event."",   ""remediation"": ""Investigate the cause of the local catastrophic event and restart the affected services."" }",79.82,497.36,85711
mistral-small,thunderbird,1,zero_shot,367,True,VAPI,True,high,Disk space is full.," Example: {   ""is_anomaly"": true,   ""severity"": ""high"",   ""root_cause"": ""Disk space is full."",   ""remediation"": ""Clear some disk space."" }",79.82,497.36,85711
mistral-small,thunderbird,1,zero_shot,368,True,VAPI,True,high,Disk space is full.," Example: {   ""is_anomaly"": true,   ""severity"": ""high"",   ""root_cause"": ""Disk space is full."",   ""remediation"": ""Clear some disk space."" }",79.82,497.36,85711
mistral-small,thunderbird,1,zero_shot,369,False,NORMAL,True,medium,Disk space is running low.," Example: {   ""is_anomaly"": true,   ""severity"": ""medium"",   ""root_cause"": ""Disk space is running low."",   ""remediation"": ""Increase disk space or clean up unnecessary files."" }",79.82,497.36,85711
mistral-small,thunderbird,1,zero_shot,370,True,VAPI,True,critical,The system encountered a fatal error due to a local catastrophic event.," Example: {   ""is_anomaly"": true,   ""severity"": ""critical"",   ""root_cause"": ""The system encountered a fatal error due to a local catastrophic event."",   ""remediation"": ""Investigate the cause of the local catastrophic event and restart the affected services."" }",79.82,497.36,85711
mistral-small,thunderbird,1,zero_shot,371,False,NORMAL,True,medium,The temperature sensor detected a warning value.," Example: {   ""is_anomaly"": true,   ""severity"": ""medium"",   ""root_cause"": ""The temperature sensor detected a warning value."",   ""remediation"": ""Check the cooling system in the main system chassis."" }",79.82,497.36,85711
mistral-small,thunderbird,1,zero_shot,372,False,NORMAL,True,medium,Database connection timeout," Example: {   ""is_anomaly"": true,   ""severity"": ""medium"",   ""root_cause"": ""Database connection timeout"",   ""remediation"": ""Increase database connection timeout settings"" }",79.82,497.36,85711
mistral-small,thunderbird,1,zero_shot,373,False,NORMAL,False,low,none," ---  ```json {   ""is_anomaly"": false,   ""severity"": ""low"",   ""root_cause"": ""none"",   ""remediation"": ""none"" } ```",79.82,497.36,85711
mistral-small,thunderbird,1,zero_shot,374,True,VAPI,True,medium,InfiniHost0 encountered a local catastrophic error.," Example: {   ""is_anomaly"": true,   ""severity"": ""medium"",   ""root_cause"": ""InfiniHost0 encountered a local catastrophic error."",   ""remediation"": ""Investigate the cause of the local catastrophic error on InfiniHost0."" }",79.82,497.36,85711
mistral-small,thunderbird,1,zero_shot,375,True,VAPI,True,medium,Disk space is running low.," Example: {   ""is_anomaly"": true,   ""severity"": ""medium"",   ""root_cause"": ""Disk space is running low."",   ""remediation"": ""Clear some disk space or increase disk capacity."" }",79.82,497.36,85711
mistral-small,thunderbird,1,zero_shot,376,False,NORMAL,True,medium,CPU type mismatch between kernel and module," Example: {   ""is_anomaly"": true,   ""severity"": ""medium"",   ""root_cause"": ""CPU type mismatch between kernel and module"",   ""remediation"": ""Ensure the kernel and module are compatible"" }",79.82,497.36,85711
mistral-small,thunderbird,1,zero_shot,377,False,NORMAL,True,medium,The system failed to synchronize with the primary server.," Example: {   ""is_anomaly"": true,   ""severity"": ""medium"",   ""root_cause"": ""The system failed to synchronize with the primary server."",   ""remediation"": ""Check the network connectivity between the servers."" }",79.82,497.36,85711
mistral-small,thunderbird,1,zero_shot,378,True,VAPI,True,critical,The system encountered a critical error in the InfiniBand subsystem.," Example: {   ""is_anomaly"": true,   ""severity"": ""critical"",   ""root_cause"": ""The system encountered a critical error in the InfiniBand subsystem."",   ""remediation"": ""Restart the InfiniBand service to resolve the issue."" }",79.82,497.36,85711
mistral-small,thunderbird,1,zero_shot,379,True,VAPI,True,high,Disk space is full.," Example: {   ""is_anomaly"": true,   ""severity"": ""high"",   ""root_cause"": ""Disk space is full."",   ""remediation"": ""Clear some disk space."" }",79.82,497.36,85711
mistral-small,thunderbird,1,zero_shot,380,True,VAPI,True,high,The system encountered a fatal error in processing local MAD.," Example: {   ""is_anomaly"": true,   ""severity"": ""high"",   ""root_cause"": ""The system encountered a fatal error in processing local MAD."",   ""remediation"": ""Investigate the cause of the EVAPI_process_local_mad failure and restart the InfiniHost0 service."" }",79.82,497.36,85711
mistral-small,thunderbird,1,zero_shot,381,False,NORMAL,True,medium,Security framework initialization failed.," Example: {   ""is_anomaly"": true,   ""severity"": ""medium"",   ""root_cause"": ""Security framework initialization failed."",   ""remediation"": ""Check if multiple security frameworks are being initialized."" }",79.82,497.36,85711
mistral-small,thunderbird,1,zero_shot,382,False,NORMAL,True,medium,The system is unable to connect to multiple datasources.," Example: {   ""is_anomaly"": true,   ""severity"": ""medium"",   ""root_cause"": ""The system is unable to connect to multiple datasources."",   ""remediation"": ""Check the network connectivity and the status of the datasources."" }",79.82,497.36,85711
mistral-small,thunderbird,1,zero_shot,383,False,NORMAL,True,medium,The system is running out of disk space.," Example: {   ""is_anomaly"": true,   ""severity"": ""medium"",   ""root_cause"": ""The system is running out of disk space."",   ""remediation"": ""Clear some disk space or add more storage."" }",79.82,497.36,85711
mistral-small,thunderbird,1,zero_shot,384,True,VAPI,True,high,InfiniHost0 encountered a local catastrophic error.," Example: {   ""is_anomaly"": true,   ""severity"": ""high"",   ""root_cause"": ""InfiniHost0 encountered a local catastrophic error."",   ""remediation"": ""Investigate the cause of the local catastrophic error on InfiniHost0."" }",79.82,497.36,85711
mistral-small,thunderbird,1,zero_shot,385,False,NORMAL,True,medium,High CPU usage due to a memory leak.," Example: {   ""is_anomaly"": true,   ""severity"": ""medium"",   ""root_cause"": ""High CPU usage due to a memory leak."",   ""remediation"": ""Restart the application to free up memory."" }",79.82,497.36,85711
mistral-small,thunderbird,1,zero_shot,386,False,NORMAL,True,medium,Multiple failed login attempts from the same IP address.," Example: {   ""is_anomaly"": true,   ""severity"": ""medium"",   ""root_cause"": ""Multiple failed login attempts from the same IP address."",   ""remediation"": ""Investigate the source IP address for potential security threats."" }",79.82,497.36,85711
mistral-small,thunderbird,1,zero_shot,387,True,VAPI,True,critical,The system encountered a critical error due to a hardware failure.," Example: {   ""is_anomaly"": true,   ""severity"": ""critical"",   ""root_cause"": ""The system encountered a critical error due to a hardware failure."",   ""remediation"": ""Replace the faulty hardware component."" }",79.82,497.36,85711
mistral-small,thunderbird,1,zero_shot,388,True,VAPI,True,critical,The system encountered a critical error in the InfiniBand subsystem.," Example: {   ""is_anomaly"": true,   ""severity"": ""critical"",   ""root_cause"": ""The system encountered a critical error in the InfiniBand subsystem."",   ""remediation"": ""Restart the InfiniBand service to resolve the issue."" }",79.82,497.36,85711
mistral-small,thunderbird,1,zero_shot,389,False,NORMAL,True,medium,Multiple failed login attempts from the same IP address.," Example: {   ""is_anomaly"": true,   ""severity"": ""medium"",   ""root_cause"": ""Multiple failed login attempts from the same IP address."",   ""remediation"": ""Investigate the source IP address for potential security threats."" }",79.82,497.36,85711
mistral-small,thunderbird,1,zero_shot,390,True,VAPI,True,high,Disk space is full.," Example: {   ""is_anomaly"": true,   ""severity"": ""high"",   ""root_cause"": ""Disk space is full."",   ""remediation"": ""Free up some disk space."" }",79.82,497.36,85711
mistral-small,thunderbird,1,zero_shot,391,True,VAPI,True,medium,InfiniHost0 port 1 experienced a local catastrophic error.," Example: {   ""is_anomaly"": true,   ""severity"": ""medium"",   ""root_cause"": ""InfiniHost0 port 1 experienced a local catastrophic error."",   ""remediation"": ""Investigate the hardware or driver issues related to InfiniHost0 port 1."" }",79.82,497.36,85711
mistral-small,thunderbird,1,zero_shot,392,False,NORMAL,False,low,none," Example: {   ""is_anomaly"": false,   ""severity"": ""low"",   ""root_cause"": ""none"",   ""remediation"": ""none"" }",79.82,497.36,85711
mistral-small,thunderbird,1,zero_shot,393,True,VAPI,True,critical,The system encountered a fatal error due to a local catastrophic event.," Example: {   ""is_anomaly"": true,   ""severity"": ""critical"",   ""root_cause"": ""The system encountered a fatal error due to a local catastrophic event."",   ""remediation"": ""Investigate the cause of the local catastrophic event and restart the affected services."" }",79.82,497.36,85711
mistral-small,thunderbird,1,zero_shot,394,True,VAPI,True,high,The system encountered a critical error in processing local MADs.," Example: {   ""is_anomaly"": true,   ""severity"": ""high"",   ""root_cause"": ""The system encountered a critical error in processing local MADs."",   ""remediation"": ""Investigate the cause of the EVAPI_process_local_mad failure and restart the InfiniHost service."" }",79.82,497.36,85711
mistral-small,thunderbird,1,zero_shot,395,False,NORMAL,True,medium,Disk space is running low.," Example: {   ""is_anomaly"": true,   ""severity"": ""medium"",   ""root_cause"": ""Disk space is running low."",   ""remediation"": ""Clear old logs or increase disk space."" }",79.82,497.36,85711
mistral-small,thunderbird,1,zero_shot,396,True,VAPI,True,high,Disk space is full.," Example: {   ""is_anomaly"": true,   ""severity"": ""high"",   ""root_cause"": ""Disk space is full."",   ""remediation"": ""Clear some disk space."" }",79.82,497.36,85711
mistral-small,thunderbird,1,zero_shot,397,True,VAPI,True,high,InfiniHost0 port 1 QPN 0 encountered a local catastrophic error.," Example: {   ""is_anomaly"": true,   ""severity"": ""high"",   ""root_cause"": ""InfiniHost0 port 1 QPN 0 encountered a local catastrophic error."",   ""remediation"": ""Investigate the hardware or driver issues related to InfiniHost0 port 1 QPN 0."" }",79.82,497.36,85711
mistral-small,thunderbird,1,zero_shot,398,False,NORMAL,False,low,none," ---  {   ""is_anomaly"": false,   ""severity"": ""low"",   ""root_cause"": ""none"",   ""remediation"": ""none"" }  ---",79.82,497.36,85711
mistral-small,thunderbird,1,zero_shot,399,False,NORMAL,False,low,none," ---  ```json {   ""is_anomaly"": false,   ""severity"": ""low"",   ""root_cause"": ""none"",   ""remediation"": ""none"" } ```",79.82,497.36,85711
mistral-small,thunderbird,1,zero_shot,400,True,VAPI,True,high,Disk space is full.," Example: {   ""is_anomaly"": true,   ""severity"": ""high"",   ""root_cause"": ""Disk space is full."",   ""remediation"": ""Clear some disk space."" }",79.82,497.36,85711
mistral-small,thunderbird,1,zero_shot,401,False,NORMAL,True,medium,Multiple failed login attempts from the same IP address.," Example: {   ""is_anomaly"": true,   ""severity"": ""medium"",   ""root_cause"": ""Multiple failed login attempts from the same IP address."",   ""remediation"": ""Investigate the source IP address for potential security threats."" }",79.82,497.36,85711
mistral-small,thunderbird,1,zero_shot,402,True,VAPI,True,high,InfiniHost0 encountered a fatal error due to a local catastrophic error.," Example: {   ""is_anomaly"": true,   ""severity"": ""high"",   ""root_cause"": ""InfiniHost0 encountered a fatal error due to a local catastrophic error."",   ""remediation"": ""Investigate the cause of the local catastrophic error on InfiniHost0."" }",79.82,497.36,85711
mistral-small,thunderbird,1,zero_shot,403,True,VAPI,True,medium,InfiniHost0 port 1 QPN 0 encountered a local catastrophic error.," Example: {   ""is_anomaly"": true,   ""severity"": ""medium"",   ""root_cause"": ""InfiniHost0 port 1 QPN 0 encountered a local catastrophic error."",   ""remediation"": ""Investigate the cause of the local catastrophic error on InfiniHost0 port 1 QPN 0."" }",79.82,497.36,85711
mistral-small,thunderbird,1,zero_shot,404,False,NORMAL,True,medium,Database connection timeout," Example: {   ""is_anomaly"": true,   ""severity"": ""medium"",   ""root_cause"": ""Database connection timeout"",   ""remediation"": ""Increase database connection timeout settings"" }",79.82,497.36,85711
mistral-small,thunderbird,1,zero_shot,405,True,VAPI,True,critical,The system encountered a fatal error due to a local catastrophic event.," Example: {   ""is_anomaly"": true,   ""severity"": ""critical"",   ""root_cause"": ""The system encountered a fatal error due to a local catastrophic event."",   ""remediation"": ""Investigate the cause of the local catastrophic event and restart the affected services."" }",79.82,497.36,85711
mistral-small,thunderbird,1,zero_shot,406,True,VAPI,True,critical,The system encountered a critical error in the InfiniBand subsystem.," Example: {   ""is_anomaly"": true,   ""severity"": ""critical"",   ""root_cause"": ""The system encountered a critical error in the InfiniBand subsystem."",   ""remediation"": ""Restart the InfiniBand service to recover from the error."" }",79.82,497.36,85711
mistral-small,thunderbird,1,zero_shot,407,True,VAPI,True,critical,The system encountered a critical error in processing local MADs.," Example: {   ""is_anomaly"": true,   ""severity"": ""critical"",   ""root_cause"": ""The system encountered a critical error in processing local MADs."",   ""remediation"": ""Investigate the cause of the FATAL state in the device and take appropriate action."" }",79.82,497.36,85711
mistral-small,thunderbird,1,zero_shot,408,False,NORMAL,True,medium,High CPU usage due to a runaway process.," Example: {   ""is_anomaly"": true,   ""severity"": ""medium"",   ""root_cause"": ""High CPU usage due to a runaway process."",   ""remediation"": ""Identify and terminate the runaway process."" }",79.82,497.36,85711
mistral-small,thunderbird,1,zero_shot,409,False,NORMAL,True,medium,Multiple failed login attempts from the same IP address.," Example: {   ""is_anomaly"": true,   ""severity"": ""medium"",   ""root_cause"": ""Multiple failed login attempts from the same IP address."",   ""remediation"": ""Investigate the source IP address for potential security threats."" }",79.82,497.36,85711
mistral-small,thunderbird,1,zero_shot,410,False,NORMAL,True,medium,The system is unable to connect to the datasource.," Example: {   ""is_anomaly"": true,   ""severity"": ""medium"",   ""root_cause"": ""The system is unable to connect to the datasource."",   ""remediation"": ""Check the network connection to the datasource."" }",79.82,497.36,85711
mistral-small,thunderbird,1,zero_shot,411,False,NORMAL,True,medium,High CPU usage due to a memory leak.," Example: {   ""is_anomaly"": true,   ""severity"": ""medium"",   ""root_cause"": ""High CPU usage due to a memory leak."",   ""remediation"": ""Restart the application to free up memory."" }",79.82,497.36,85711
mistral-small,thunderbird,1,zero_shot,412,True,VAPI,True,medium,InfiniHost0 port 1 QPN 0 encountered a local catastrophic error.," Example: {   ""is_anomaly"": true,   ""severity"": ""medium"",   ""root_cause"": ""InfiniHost0 port 1 QPN 0 encountered a local catastrophic error."",   ""remediation"": ""Investigate the cause of the local catastrophic error on InfiniHost0 port 1 QPN 0."" }",79.82,497.36,85711
mistral-small,thunderbird,1,zero_shot,413,False,NORMAL,True,medium,The system failed to synchronize with the time server.," Example: {   ""is_anomaly"": true,   ""severity"": ""medium"",   ""root_cause"": ""The system failed to synchronize with the time server."",   ""remediation"": ""Check the network connectivity to the time server."" }",79.82,497.36,85711
mistral-small,thunderbird,1,zero_shot,414,False,NORMAL,True,medium,Temperature sensor value was too high.," Example: {   ""is_anomaly"": true,   ""severity"": ""medium"",   ""root_cause"": ""Temperature sensor value was too high."",   ""remediation"": ""Check the cooling system in the main chassis."" }",79.82,497.36,85711
mistral-small,thunderbird,1,zero_shot,415,True,VAPI,True,high,A critical service failed to start due to insufficient disk space.," Example: {   ""is_anomaly"": true,   ""severity"": ""high"",   ""root_cause"": ""A critical service failed to start due to insufficient disk space."",   ""remediation"": ""Clear some disk space and restart the service."" }",79.82,497.36,85711
mistral-small,thunderbird,1,zero_shot,416,False,NORMAL,False,low,none," ---  {   ""is_anomaly"": false,   ""severity"": ""low"",   ""root_cause"": ""none"",   ""remediation"": ""none"" }  ---",79.82,497.36,85711
mistral-small,thunderbird,1,zero_shot,417,True,VAPI,True,medium,Disk space is running low.," Example: {   ""is_anomaly"": true,   ""severity"": ""medium"",   ""root_cause"": ""Disk space is running low."",   ""remediation"": ""Clear some disk space or increase disk capacity."" }",79.82,497.36,85711
mistral-small,thunderbird,1,zero_shot,418,False,NORMAL,False,low,none," ---  ```json {   ""is_anomaly"": false,   ""severity"": ""low"",   ""root_cause"": ""none"",   ""remediation"": ""none"" } ```",79.82,497.36,85711
mistral-small,thunderbird,1,zero_shot,419,False,NORMAL,True,medium,Disk space is running low.," Example: {   ""is_anomaly"": true,   ""severity"": ""medium"",   ""root_cause"": ""Disk space is running low."",   ""remediation"": ""Clear some old logs to free up space."" }",79.82,497.36,85711
mistral-small,thunderbird,1,zero_shot,420,True,VAPI,True,medium,Disk space is running low.," Example: {   ""is_anomaly"": true,   ""severity"": ""medium"",   ""root_cause"": ""Disk space is running low."",   ""remediation"": ""Clear some space on the disk."" }",79.82,497.36,85711
mistral-small,thunderbird,1,zero_shot,421,False,NORMAL,True,medium,High CPU usage detected.," Example: {   ""is_anomaly"": true,   ""severity"": ""medium"",   ""root_cause"": ""High CPU usage detected."",   ""remediation"": ""Investigate and optimize CPU-intensive processes."" }",79.82,497.36,85711
mistral-small,thunderbird,1,zero_shot,422,False,NORMAL,True,medium,Disk space is running low.," Example: {   ""is_anomaly"": true,   ""severity"": ""medium"",   ""root_cause"": ""Disk space is running low."",   ""remediation"": ""Clear old logs and temporary files."" }",79.82,497.36,85711
mistral-small,thunderbird,1,zero_shot,423,False,NORMAL,True,medium,Disk space is running low.," Example: {   ""is_anomaly"": true,   ""severity"": ""medium"",   ""root_cause"": ""Disk space is running low."",   ""remediation"": ""Clear some space on the disk."" }",79.82,497.36,85711
mistral-small,thunderbird,1,zero_shot,424,False,NORMAL,True,medium,Multiple failed login attempts from the same IP address.," Example: {   ""is_anomaly"": true,   ""severity"": ""medium"",   ""root_cause"": ""Multiple failed login attempts from the same IP address."",   ""remediation"": ""Investigate the source IP address for potential security threats."" }",79.82,497.36,85711
mistral-small,thunderbird,1,zero_shot,425,True,VAPI,True,medium,Disk space is low.," Example: {   ""is_anomaly"": true,   ""severity"": ""medium"",   ""root_cause"": ""Disk space is low."",   ""remediation"": ""Clear some disk space."" }",79.82,497.36,85711
mistral-small,thunderbird,1,zero_shot,426,True,VAPI,True,medium,The system encountered a local catastrophic error in the InfiniHost0 component.," Example: {   ""is_anomaly"": true,   ""severity"": ""medium"",   ""root_cause"": ""The system encountered a local catastrophic error in the InfiniHost0 component."",   ""remediation"": ""Investigate the cause of the local catastrophic error in InfiniHost0."" }",79.82,497.36,85711
mistral-small,thunderbird,1,zero_shot,427,False,NORMAL,False,low,none," Example: {   ""is_anomaly"": false,   ""severity"": ""low"",   ""root_cause"": ""none"",   ""remediation"": ""none"" }",79.82,497.36,85711
mistral-small,thunderbird,1,zero_shot,428,False,NORMAL,True,medium,The messagebus service failed to start.," Example: {   ""is_anomaly"": true,   ""severity"": ""medium"",   ""root_cause"": ""The messagebus service failed to start."",   ""remediation"": ""Restart the messagebus service."" }",79.82,497.36,85711
mistral-small,thunderbird,1,zero_shot,429,False,NORMAL,True,medium,The system reached the maximum file limit.," Example: {   ""is_anomaly"": true,   ""severity"": ""medium"",   ""root_cause"": ""The system reached the maximum file limit."",   ""remediation"": ""Increase the file-max limit to allow more open files."" }",79.82,497.36,85711
mistral-small,thunderbird,1,zero_shot,430,False,NORMAL,True,medium,The system is unable to synchronize with the specified IP address.," Example: {   ""is_anomaly"": true,   ""severity"": ""medium"",   ""root_cause"": ""The system is unable to synchronize with the specified IP address."",   ""remediation"": ""Check the network connectivity to the IP address 10.100.8.251."" }",79.82,497.36,85711
mistral-small,thunderbird,1,zero_shot,431,False,NORMAL,True,medium,Multiple failed login attempts from the same IP address.," Example: {   ""is_anomaly"": true,   ""severity"": ""medium"",   ""root_cause"": ""Multiple failed login attempts from the same IP address."",   ""remediation"": ""Investigate the source IP address for potential security threats."" }",79.82,497.36,85711
mistral-small,thunderbird,1,zero_shot,432,True,VAPI,True,medium,Disk space is running low.," Example: {   ""is_anomaly"": true,   ""severity"": ""medium"",   ""root_cause"": ""Disk space is running low."",   ""remediation"": ""Clear some disk space or increase disk capacity."" }",79.82,497.36,85711
mistral-small,thunderbird,1,zero_shot,433,True,VAPI,True,medium,Increased latency due to high CPU usage.," Example: {   ""is_anomaly"": true,   ""severity"": ""medium"",   ""root_cause"": ""Increased latency due to high CPU usage."",   ""remediation"": ""Scale up the CPU resources."" }",79.82,497.36,85711
mistral-small,thunderbird,1,zero_shot,434,True,VAPI,True,critical,The system encountered a fatal error due to a local catastrophic event.," Example: {   ""is_anomaly"": true,   ""severity"": ""critical"",   ""root_cause"": ""The system encountered a fatal error due to a local catastrophic event."",   ""remediation"": ""Investigate the cause of the local catastrophic event and restart the affected services."" }",79.82,497.36,85711
mistral-small,thunderbird,1,zero_shot,435,True,VAPI,True,medium,Disk space is running low.," Example: {   ""is_anomaly"": true,   ""severity"": ""medium"",   ""root_cause"": ""Disk space is running low."",   ""remediation"": ""Clear some space on the disk."" }",79.82,497.36,85711
mistral-small,thunderbird,1,zero_shot,436,False,NORMAL,False,low,none," ---  ```json {   ""is_anomaly"": false,   ""severity"": ""low"",   ""root_cause"": ""none"",   ""remediation"": ""none"" } ```",79.82,497.36,85711
mistral-small,thunderbird,1,zero_shot,437,False,NORMAL,False,low,none," Example: {   ""is_anomaly"": false,   ""severity"": ""low"",   ""root_cause"": ""none"",   ""remediation"": ""none"" }",79.82,497.36,85711
mistral-small,thunderbird,1,zero_shot,438,False,NORMAL,False,low,none," ---  {   ""is_anomaly"": false,   ""severity"": ""low"",   ""root_cause"": ""none"",   ""remediation"": ""none"" }  ---",79.82,497.36,85711
mistral-small,thunderbird,1,zero_shot,439,False,NORMAL,True,medium,Multiple failed login attempts from the same IP address.," Example: {   ""is_anomaly"": true,   ""severity"": ""medium"",   ""root_cause"": ""Multiple failed login attempts from the same IP address."",   ""remediation"": ""Investigate the source IP address for potential security threats."" }",79.82,497.36,85711
mistral-small,thunderbird,1,zero_shot,440,True,VAPI,True,high,The system encountered a fatal error in processing local MAD.," Example: {   ""is_anomaly"": true,   ""severity"": ""high"",   ""root_cause"": ""The system encountered a fatal error in processing local MAD."",   ""remediation"": ""Investigate the cause of the local catastrophic error in the InfiniHost0."" }",79.82,497.36,85711
mistral-small,thunderbird,1,zero_shot,441,False,NORMAL,False,low,none," ---  {   ""is_anomaly"": false,   ""severity"": ""low"",   ""root_cause"": ""none"",   ""remediation"": ""none"" }  ---",79.82,497.36,85711
mistral-small,thunderbird,1,zero_shot,442,True,VAPI,True,medium,InfiniHost0 encountered a local catastrophic error.," Example: {   ""is_anomaly"": true,   ""severity"": ""medium"",   ""root_cause"": ""InfiniHost0 encountered a local catastrophic error."",   ""remediation"": ""Investigate the cause of the local catastrophic error on InfiniHost0."" }",79.82,497.36,85711
mistral-small,thunderbird,1,zero_shot,443,True,VAPI,True,critical,The system encountered a fatal error in the InfiniHost0 device.," Example: {   ""is_anomaly"": true,   ""severity"": ""critical"",   ""root_cause"": ""The system encountered a fatal error in the InfiniHost0 device."",   ""remediation"": ""Restart the InfiniHost0 device to recover from the fatal error."" }",79.82,497.36,85711
mistral-small,thunderbird,1,zero_shot,444,True,VAPI,True,high,The system encountered a critical error in processing local MADs.," Example: {   ""is_anomaly"": true,   ""severity"": ""high"",   ""root_cause"": ""The system encountered a critical error in processing local MADs."",   ""remediation"": ""Investigate the cause of the FATAL state in the InfiniHost0 device."" }",79.82,497.36,85711
mistral-small,thunderbird,1,zero_shot,445,True,VAPI,True,critical,InfiniHost0 encountered a fatal error due to a local catastrophic error.," Example: {   ""is_anomaly"": true,   ""severity"": ""critical"",   ""root_cause"": ""InfiniHost0 encountered a fatal error due to a local catastrophic error."",   ""remediation"": ""Investigate the cause of the local catastrophic error on InfiniHost0."" }",79.82,497.36,85711
mistral-small,thunderbird,1,zero_shot,446,True,VAPI,True,medium,The system failed to synchronize with the time server.," Example: {   ""is_anomaly"": true,   ""severity"": ""medium"",   ""root_cause"": ""The system failed to synchronize with the time server."",   ""remediation"": ""Check the network connectivity to the time server."" }",79.82,497.36,85711
mistral-small,thunderbird,1,zero_shot,447,False,NORMAL,False,low,none," ---  {   ""is_anomaly"": false,   ""severity"": ""low"",   ""root_cause"": ""none"",   ""remediation"": ""none"" }",79.82,497.36,85711
mistral-small,thunderbird,1,zero_shot,448,False,NORMAL,True,medium,Disk space is running low.," Example: {   ""is_anomaly"": true,   ""severity"": ""medium"",   ""root_cause"": ""Disk space is running low."",   ""remediation"": ""Clear some space on the disk."" }",79.82,497.36,85711
mistral-small,thunderbird,1,zero_shot,449,True,VAPI,True,high,InfiniHost0 encountered a local catastrophic error.," Example: {   ""is_anomaly"": true,   ""severity"": ""high"",   ""root_cause"": ""InfiniHost0 encountered a local catastrophic error."",   ""remediation"": ""Investigate the cause of the local catastrophic error on InfiniHost0."" }",79.82,497.36,85711
mistral-small,openstack,1,zero_shot,450,True,ANOMALY,True,medium,High CPU usage caused by a resource-intensive process.," Example: {   ""is_anomaly"": true,   ""severity"": ""medium"",   ""root_cause"": ""High CPU usage caused by a resource-intensive process."",   ""remediation"": ""Terminate the resource-intensive process to reduce CPU usage."" }",79.82,497.36,85711
mistral-small,openstack,1,zero_shot,451,True,ANOMALY,True,medium,Disk space is low on the server.," Example: {   ""is_anomaly"": true,   ""severity"": ""medium"",   ""root_cause"": ""Disk space is low on the server."",   ""remediation"": ""Clear old logs and temporary files to free up space."" }",79.82,497.36,85711
mistral-small,openstack,1,zero_shot,452,False,NORMAL,True,medium,Disk space is running low.," Example: {   ""is_anomaly"": true,   ""severity"": ""medium"",   ""root_cause"": ""Disk space is running low."",   ""remediation"": ""Clear old logs to free up space."" }",79.82,497.36,85711
mistral-small,openstack,1,zero_shot,453,True,ANOMALY,True,medium,Disk space is low on the server.," Example: {   ""is_anomaly"": true,   ""severity"": ""medium"",   ""root_cause"": ""Disk space is low on the server."",   ""remediation"": ""Clear old logs and temporary files to free up space."" }",79.82,497.36,85711
mistral-small,openstack,1,zero_shot,454,False,NORMAL,True,medium,Disk space is low.," Example: {   ""is_anomaly"": true,   ""severity"": ""medium"",   ""root_cause"": ""Disk space is low."",   ""remediation"": ""Clear old logs to free up space."" }",79.82,497.36,85711
mistral-small,openstack,1,zero_shot,455,False,NORMAL,True,medium,High CPU usage caused by a resource-intensive process.," Example: {   ""is_anomaly"": true,   ""severity"": ""medium"",   ""root_cause"": ""High CPU usage caused by a resource-intensive process."",   ""remediation"": ""Terminate the resource-intensive process to reduce CPU usage."" }",79.82,497.36,85711
mistral-small,openstack,1,zero_shot,456,False,NORMAL,True,medium,Disk space is low on the server.," Example: {   ""is_anomaly"": true,   ""severity"": ""medium"",   ""root_cause"": ""Disk space is low on the server."",   ""remediation"": ""Clear old logs and temporary files to free up space."" }",79.82,497.36,85711
mistral-small,openstack,1,zero_shot,457,False,NORMAL,True,medium,The server responded with a 500 status code.," Example: {   ""is_anomaly"": true,   ""severity"": ""medium"",   ""root_cause"": ""The server responded with a 500 status code."",   ""remediation"": ""Investigate the cause of the 500 error."" }",79.82,497.36,85711
mistral-small,openstack,1,zero_shot,458,False,NORMAL,True,medium,High CPU usage due to a resource-intensive process.," Example: {   ""is_anomaly"": true,   ""severity"": ""medium"",   ""root_cause"": ""High CPU usage due to a resource-intensive process."",   ""remediation"": ""Investigate and optimize the resource-intensive process."" }",79.82,497.36,85711
mistral-small,openstack,1,zero_shot,459,True,ANOMALY,True,medium,High CPU usage caused by a misconfigured cron job.," Example: {   ""is_anomaly"": true,   ""severity"": ""medium"",   ""root_cause"": ""High CPU usage caused by a misconfigured cron job."",   ""remediation"": ""Adjust the cron job schedule to reduce load."" }",79.82,497.36,85711
mistral-small,openstack,1,zero_shot,460,True,ANOMALY,True,medium,Disk usage is high," Example: {   ""is_anomaly"": true,   ""severity"": ""medium"",   ""root_cause"": ""Disk usage is high"",   ""remediation"": ""Increase disk space or clean up unnecessary files"" }",79.82,497.36,85711
mistral-small,openstack,1,zero_shot,461,False,NORMAL,True,medium,High CPU usage caused by a misconfigured cron job.," Example: {   ""is_anomaly"": true,   ""severity"": ""medium"",   ""root_cause"": ""High CPU usage caused by a misconfigured cron job."",   ""remediation"": ""Adjust the cron job schedule to reduce load."" }",79.82,497.36,85711
mistral-small,openstack,1,zero_shot,462,True,ANOMALY,True,medium,Disk space is running low.," Example: {   ""is_anomaly"": true,   ""severity"": ""medium"",   ""root_cause"": ""Disk space is running low."",   ""remediation"": ""Increase disk space or clean up unnecessary files."" }",79.82,497.36,85711
mistral-small,openstack,1,zero_shot,463,True,ANOMALY,True,medium,Disk usage is at 90%," Example: {   ""is_anomaly"": true,   ""severity"": ""medium"",   ""root_cause"": ""Disk usage is at 90%"",   ""remediation"": ""Increase disk capacity or clean up unnecessary files"" }",79.82,497.36,85711
mistral-small,openstack,1,zero_shot,464,True,ANOMALY,True,medium,High CPU usage caused by a resource-intensive process.," Example: {   ""is_anomaly"": true,   ""severity"": ""medium"",   ""root_cause"": ""High CPU usage caused by a resource-intensive process."",   ""remediation"": ""Terminate the resource-intensive process to reduce CPU usage."" }",79.82,497.36,85711
mistral-small,openstack,1,zero_shot,465,False,NORMAL,True,medium,Disk space is low on the server.," Example: {   ""is_anomaly"": true,   ""severity"": ""medium"",   ""root_cause"": ""Disk space is low on the server."",   ""remediation"": ""Clear old logs and temporary files to free up space."" }",79.82,497.36,85711
mistral-small,openstack,1,zero_shot,466,True,ANOMALY,True,medium,Disk usage is at 90%," Example: {   ""is_anomaly"": true,   ""severity"": ""medium"",   ""root_cause"": ""Disk usage is at 90%"",   ""remediation"": ""Increase disk capacity or clean up unnecessary files"" }",79.82,497.36,85711
mistral-small,openstack,1,zero_shot,467,True,ANOMALY,True,medium,High CPU usage caused by a resource-intensive process.," Example: {   ""is_anomaly"": true,   ""severity"": ""medium"",   ""root_cause"": ""High CPU usage caused by a resource-intensive process."",   ""remediation"": ""Terminate the resource-intensive process to reduce CPU usage."" }",79.82,497.36,85711
mistral-small,openstack,1,zero_shot,468,True,ANOMALY,True,medium,Disk space is low on the server.," Example: {   ""is_anomaly"": true,   ""severity"": ""medium"",   ""root_cause"": ""Disk space is low on the server."",   ""remediation"": ""Clear old logs and temporary files to free up space."" }",79.82,497.36,85711
mistral-small,openstack,1,zero_shot,469,True,ANOMALY,True,medium,Disk space is low on the server.," Example: {   ""is_anomaly"": true,   ""severity"": ""medium"",   ""root_cause"": ""Disk space is low on the server."",   ""remediation"": ""Clear old logs and temporary files."" }",79.82,497.36,85711
mistral-small,openstack,1,zero_shot,470,False,NORMAL,True,medium,High CPU usage caused by a resource-intensive process.," Example: {   ""is_anomaly"": true,   ""severity"": ""medium"",   ""root_cause"": ""High CPU usage caused by a resource-intensive process."",   ""remediation"": ""Terminate the resource-intensive process to reduce CPU usage."" }",79.82,497.36,85711
mistral-small,openstack,1,zero_shot,471,True,ANOMALY,True,medium,Disk usage is high," Example: {   ""is_anomaly"": true,   ""severity"": ""medium"",   ""root_cause"": ""Disk usage is high"",   ""remediation"": ""Increase disk space or clean up unnecessary files"" }",79.82,497.36,85711
mistral-small,openstack,1,zero_shot,472,False,NORMAL,True,medium,High CPU usage caused by a misconfigured cron job.," Example: {   ""is_anomaly"": true,   ""severity"": ""medium"",   ""root_cause"": ""High CPU usage caused by a misconfigured cron job."",   ""remediation"": ""Adjust the cron job schedule to reduce load."" }",79.82,497.36,85711
mistral-small,openstack,1,zero_shot,473,True,ANOMALY,True,medium,Instance destruction took longer than expected.," Example: {   ""is_anomaly"": true,   ""severity"": ""medium"",   ""root_cause"": ""Instance destruction took longer than expected."",   ""remediation"": ""Investigate the hypervisor for potential performance issues."" }",79.82,497.36,85711
mistral-small,openstack,1,zero_shot,474,False,NORMAL,True,medium,Disk space is running low.," Example: {   ""is_anomaly"": true,   ""severity"": ""medium"",   ""root_cause"": ""Disk space is running low."",   ""remediation"": ""Increase disk space or clean up unnecessary files."" }",79.82,497.36,85711
mistral-small,openstack,1,zero_shot,475,True,ANOMALY,True,medium,Disk usage is high.," Example: {   ""is_anomaly"": true,   ""severity"": ""medium"",   ""root_cause"": ""Disk usage is high."",   ""remediation"": ""Investigate and clean up disk space."" }",79.82,497.36,85711
mistral-small,openstack,1,zero_shot,476,True,ANOMALY,True,medium,High CPU usage detected on server XYZ.," Example: {   ""is_anomaly"": true,   ""severity"": ""medium"",   ""root_cause"": ""High CPU usage detected on server XYZ."",   ""remediation"": ""Investigate and optimize the processes running on server XYZ."" }",79.82,497.36,85711
mistral-small,openstack,1,zero_shot,477,False,NORMAL,True,medium,Disk space is running low.," Example: {   ""is_anomaly"": true,   ""severity"": ""medium"",   ""root_cause"": ""Disk space is running low."",   ""remediation"": ""Clear old logs and temporary files."" }",79.82,497.36,85711
mistral-small,openstack,1,zero_shot,478,False,NORMAL,True,medium,High CPU usage on server XYZ," Example: {   ""is_anomaly"": true,   ""severity"": ""medium"",   ""root_cause"": ""High CPU usage on server XYZ"",   ""remediation"": ""Scale up the server resources"" }",79.82,497.36,85711
mistral-small,openstack,1,zero_shot,479,True,ANOMALY,True,medium,Disk space is low.," Example: {   ""is_anomaly"": true,   ""severity"": ""medium"",   ""root_cause"": ""Disk space is low."",   ""remediation"": ""Clear old logs to free up space."" }",79.82,497.36,85711
mistral-small,openstack,1,zero_shot,480,True,ANOMALY,True,medium,High CPU usage detected.," Example: {   ""is_anomaly"": true,   ""severity"": ""medium"",   ""root_cause"": ""High CPU usage detected."",   ""remediation"": ""Investigate and optimize the application code."" }",79.82,497.36,85711
mistral-small,openstack,1,zero_shot,481,True,ANOMALY,True,medium,Disk space is low on the server.," Example: {   ""is_anomaly"": true,   ""severity"": ""medium"",   ""root_cause"": ""Disk space is low on the server."",   ""remediation"": ""Increase disk space or clean up unnecessary files."" }",79.82,497.36,85711
mistral-small,openstack,1,zero_shot,482,True,ANOMALY,True,medium,Disk space is low on the server.," Example: {   ""is_anomaly"": true,   ""severity"": ""medium"",   ""root_cause"": ""Disk space is low on the server."",   ""remediation"": ""Clear old logs and temporary files to free up space."" }",79.82,497.36,85711
mistral-small,openstack,1,zero_shot,483,True,ANOMALY,True,medium,Disk usage is high," Example: {   ""is_anomaly"": true,   ""severity"": ""medium"",   ""root_cause"": ""Disk usage is high"",   ""remediation"": ""Increase disk capacity"" }",79.82,497.36,85711
mistral-small,openstack,1,zero_shot,484,True,ANOMALY,True,medium,Disk space is low on the server.," Example: {   ""is_anomaly"": true,   ""severity"": ""medium"",   ""root_cause"": ""Disk space is low on the server."",   ""remediation"": ""Clear old logs and temporary files to free up space."" }",79.82,497.36,85711
mistral-small,openstack,1,zero_shot,485,False,NORMAL,True,medium,Disk space is running low.," Example: {   ""is_anomaly"": true,   ""severity"": ""medium"",   ""root_cause"": ""Disk space is running low."",   ""remediation"": ""Clear old logs and temporary files."" }",79.82,497.36,85711
mistral-small,openstack,1,zero_shot,486,False,NORMAL,True,medium,Disk space is low on the server.," Example: {   ""is_anomaly"": true,   ""severity"": ""medium"",   ""root_cause"": ""Disk space is low on the server."",   ""remediation"": ""Clear old logs and temporary files to free up space."" }",79.82,497.36,85711
mistral-small,openstack,1,zero_shot,487,False,NORMAL,True,medium,Disk space is running low.," Example: {   ""is_anomaly"": true,   ""severity"": ""medium"",   ""root_cause"": ""Disk space is running low."",   ""remediation"": ""Clear old logs and temporary files."" }",79.82,497.36,85711
mistral-small,openstack,1,zero_shot,488,False,NORMAL,True,medium,Disk space is low on the server.," Example: {   ""is_anomaly"": true,   ""severity"": ""medium"",   ""root_cause"": ""Disk space is low on the server."",   ""remediation"": ""Clear old logs and temporary files to free up space."" }",79.82,497.36,85711
mistral-small,openstack,1,zero_shot,489,True,ANOMALY,True,medium,Disk space is low on the server.," Example: {   ""is_anomaly"": true,   ""severity"": ""medium"",   ""root_cause"": ""Disk space is low on the server."",   ""remediation"": ""Clear old logs and temporary files to free up space."" }",79.82,497.36,85711
mistral-small,openstack,1,zero_shot,490,False,NORMAL,True,medium,High CPU usage caused by a misconfigured cron job.," Example: {   ""is_anomaly"": true,   ""severity"": ""medium"",   ""root_cause"": ""High CPU usage caused by a misconfigured cron job."",   ""remediation"": ""Adjust the cron job schedule to reduce load."" }",79.82,497.36,85711
mistral-small,openstack,1,zero_shot,491,True,ANOMALY,True,medium,High CPU usage detected.," Example: {   ""is_anomaly"": true,   ""severity"": ""medium"",   ""root_cause"": ""High CPU usage detected."",   ""remediation"": ""Scale up the instance to handle the load."" }",79.82,497.36,85711
mistral-small,openstack,1,zero_shot,492,True,ANOMALY,True,medium,High CPU usage caused by a resource-intensive process.," Example: {   ""is_anomaly"": true,   ""severity"": ""medium"",   ""root_cause"": ""High CPU usage caused by a resource-intensive process."",   ""remediation"": ""Terminate the resource-intensive process to reduce CPU usage."" }",79.82,497.36,85711
mistral-small,openstack,1,zero_shot,493,True,ANOMALY,True,medium,Disk space is low on the server.," Example: {   ""is_anomaly"": true,   ""severity"": ""medium"",   ""root_cause"": ""Disk space is low on the server."",   ""remediation"": ""Clear old logs and temporary files to free up space."" }",79.82,497.36,85711
mistral-small,openstack,1,zero_shot,494,False,NORMAL,True,medium,High CPU usage detected.," Example: {   ""is_anomaly"": true,   ""severity"": ""medium"",   ""root_cause"": ""High CPU usage detected."",   ""remediation"": ""Investigate and optimize CPU-intensive processes."" }",79.82,497.36,85711
mistral-small,openstack,1,zero_shot,495,False,NORMAL,True,medium,High CPU usage detected.," Example: {   ""is_anomaly"": true,   ""severity"": ""medium"",   ""root_cause"": ""High CPU usage detected."",   ""remediation"": ""Scale up the instance to handle the load."" }",79.82,497.36,85711
mistral-small,openstack,1,zero_shot,496,False,NORMAL,True,medium,High CPU usage caused by a resource-intensive process.," Example: {   ""is_anomaly"": true,   ""severity"": ""medium"",   ""root_cause"": ""High CPU usage caused by a resource-intensive process."",   ""remediation"": ""Terminate the resource-intensive process to reduce CPU usage."" }",79.82,497.36,85711
mistral-small,openstack,1,zero_shot,497,True,ANOMALY,True,medium,Disk space is low on the server.," Example: {   ""is_anomaly"": true,   ""severity"": ""medium"",   ""root_cause"": ""Disk space is low on the server."",   ""remediation"": ""Increase disk space or clean up unnecessary files."" }",79.82,497.36,85711
mistral-small,openstack,1,zero_shot,498,True,ANOMALY,True,medium,Disk space is low on the server.," Example: {   ""is_anomaly"": true,   ""severity"": ""medium"",   ""root_cause"": ""Disk space is low on the server."",   ""remediation"": ""Clear old logs and temporary files."" }",79.82,497.36,85711
mistral-small,openstack,1,zero_shot,499,True,ANOMALY,True,medium,Disk space is low on the server.," Example: {   ""is_anomaly"": true,   ""severity"": ""medium"",   ""root_cause"": ""Disk space is low on the server."",   ""remediation"": ""Clear old logs and temporary files to free up space."" }",79.82,497.36,85711
mistral-small,openstack,1,zero_shot,500,True,ANOMALY,True,medium,High CPU usage caused by a misconfigured cron job.," Example: {   ""is_anomaly"": true,   ""severity"": ""medium"",   ""root_cause"": ""High CPU usage caused by a misconfigured cron job."",   ""remediation"": ""Adjust the cron job schedule to reduce load."" }",79.82,497.36,85711
mistral-small,openstack,1,zero_shot,501,False,NORMAL,True,medium,Disk usage is high and approaching the limit.," Example: {   ""is_anomaly"": true,   ""severity"": ""medium"",   ""root_cause"": ""Disk usage is high and approaching the limit."",   ""remediation"": ""Increase the disk limit for the instance."" }",79.82,497.36,85711
mistral-small,openstack,1,zero_shot,502,False,NORMAL,True,medium,High CPU usage caused by a resource-intensive process.," Example: {   ""is_anomaly"": true,   ""severity"": ""medium"",   ""root_cause"": ""High CPU usage caused by a resource-intensive process."",   ""remediation"": ""Terminate the resource-intensive process to reduce CPU usage."" }",79.82,497.36,85711
mistral-small,openstack,1,zero_shot,503,True,ANOMALY,True,medium,Disk space is running low.," Example: {   ""is_anomaly"": true,   ""severity"": ""medium"",   ""root_cause"": ""Disk space is running low."",   ""remediation"": ""Clear old logs and temporary files."" }",79.82,497.36,85711
mistral-small,openstack,1,zero_shot,504,True,ANOMALY,True,medium,Disk space is running low.," Example: {   ""is_anomaly"": true,   ""severity"": ""medium"",   ""root_cause"": ""Disk space is running low."",   ""remediation"": ""Increase disk space or clean up unnecessary files."" }",79.82,497.36,85711
mistral-small,openstack,1,zero_shot,505,True,ANOMALY,True,medium,Disk space is low on the server.," Example: {   ""is_anomaly"": true,   ""severity"": ""medium"",   ""root_cause"": ""Disk space is low on the server."",   ""remediation"": ""Clear old logs and temporary files to free up space."" }",79.82,497.36,85711
mistral-small,openstack,1,zero_shot,506,False,NORMAL,True,medium,Disk space is low on the server.," Example: {   ""is_anomaly"": true,   ""severity"": ""medium"",   ""root_cause"": ""Disk space is low on the server."",   ""remediation"": ""Clear old logs and temporary files to free up space."" }",79.82,497.36,85711
mistral-small,openstack,1,zero_shot,507,True,ANOMALY,True,medium,Disk space is low.," Example: {   ""is_anomaly"": true,   ""severity"": ""medium"",   ""root_cause"": ""Disk space is low."",   ""remediation"": ""Clear old logs and temporary files."" }",79.82,497.36,85711
mistral-small,openstack,1,zero_shot,508,False,NORMAL,True,medium,Disk space is running low.," Example: {   ""is_anomaly"": true,   ""severity"": ""medium"",   ""root_cause"": ""Disk space is running low."",   ""remediation"": ""Clear old logs and temporary files."" }",79.82,497.36,85711
mistral-small,openstack,1,zero_shot,509,True,ANOMALY,True,medium,Disk space is low on the server.," Example: {   ""is_anomaly"": true,   ""severity"": ""medium"",   ""root_cause"": ""Disk space is low on the server."",   ""remediation"": ""Clear old logs and temporary files to free up space."" }",79.82,497.36,85711
mistral-small,openstack,1,zero_shot,510,True,ANOMALY,True,medium,High CPU usage caused by a resource-intensive process.," Example: {   ""is_anomaly"": true,   ""severity"": ""medium"",   ""root_cause"": ""High CPU usage caused by a resource-intensive process."",   ""remediation"": ""Terminate the resource-intensive process to reduce CPU usage."" }",79.82,497.36,85711
mistral-small,openstack,1,zero_shot,511,False,NORMAL,True,medium,High CPU usage caused by a resource-intensive process.," Example: {   ""is_anomaly"": true,   ""severity"": ""medium"",   ""root_cause"": ""High CPU usage caused by a resource-intensive process."",   ""remediation"": ""Terminate the resource-intensive process to reduce CPU usage."" }",79.82,497.36,85711
mistral-small,openstack,1,zero_shot,512,False,NORMAL,True,medium,Disk space is running low.," Example: {   ""is_anomaly"": true,   ""severity"": ""medium"",   ""root_cause"": ""Disk space is running low."",   ""remediation"": ""Clear old logs and temporary files."" }",79.82,497.36,85711
mistral-small,openstack,1,zero_shot,513,True,ANOMALY,True,medium,Disk space is low on the server.," Example: {   ""is_anomaly"": true,   ""severity"": ""medium"",   ""root_cause"": ""Disk space is low on the server."",   ""remediation"": ""Clear old logs and temporary files to free up space."" }",79.82,497.36,85711
mistral-small,openstack,1,zero_shot,514,False,NORMAL,True,medium,High CPU usage detected.," Example: {   ""is_anomaly"": true,   ""severity"": ""medium"",   ""root_cause"": ""High CPU usage detected."",   ""remediation"": ""Investigate and optimize the CPU-intensive process."" }",79.82,497.36,85711
mistral-small,openstack,1,zero_shot,515,True,ANOMALY,True,medium,Disk space is running low.," Example: {   ""is_anomaly"": true,   ""severity"": ""medium"",   ""root_cause"": ""Disk space is running low."",   ""remediation"": ""Clear old logs and temporary files."" }",79.82,497.36,85711
mistral-small,openstack,1,zero_shot,516,False,NORMAL,True,medium,High CPU usage caused by a resource-intensive process.," Example: {   ""is_anomaly"": true,   ""severity"": ""medium"",   ""root_cause"": ""High CPU usage caused by a resource-intensive process."",   ""remediation"": ""Terminate the resource-intensive process to reduce CPU usage."" }",79.82,497.36,85711
mistral-small,openstack,1,zero_shot,517,True,ANOMALY,True,medium,Disk usage is at 90%," Example: {   ""is_anomaly"": true,   ""severity"": ""medium"",   ""root_cause"": ""Disk usage is at 90%"",   ""remediation"": ""Increase disk capacity or clean up unnecessary files"" }",79.82,497.36,85711
mistral-small,openstack,1,zero_shot,518,False,NORMAL,True,medium,High CPU usage caused by a misconfigured cron job.," Example: {   ""is_anomaly"": true,   ""severity"": ""medium"",   ""root_cause"": ""High CPU usage caused by a misconfigured cron job."",   ""remediation"": ""Adjust the cron job schedule to reduce load."" }",79.82,497.36,85711
mistral-small,openstack,1,zero_shot,519,False,NORMAL,True,medium,Disk space is running low.," Example: {   ""is_anomaly"": true,   ""severity"": ""medium"",   ""root_cause"": ""Disk space is running low."",   ""remediation"": ""Clear old logs and temporary files."" }",79.82,497.36,85711
mistral-small,openstack,1,zero_shot,520,False,NORMAL,True,medium,High CPU usage caused by a misconfigured cron job.," Example: {   ""is_anomaly"": true,   ""severity"": ""medium"",   ""root_cause"": ""High CPU usage caused by a misconfigured cron job."",   ""remediation"": ""Adjust the cron job schedule to reduce load."" }",79.82,497.36,85711
mistral-small,openstack,1,zero_shot,521,False,NORMAL,True,medium,Disk space is low.," Example: {   ""is_anomaly"": true,   ""severity"": ""medium"",   ""root_cause"": ""Disk space is low."",   ""remediation"": ""Clear old logs to free up space."" }",79.82,497.36,85711
mistral-small,openstack,1,zero_shot,522,True,ANOMALY,True,medium,Disk space is low on the server.," Example: {   ""is_anomaly"": true,   ""severity"": ""medium"",   ""root_cause"": ""Disk space is low on the server."",   ""remediation"": ""Clear old logs and temporary files to free up space."" }",79.82,497.36,85711
mistral-small,openstack,1,zero_shot,523,False,NORMAL,True,medium,Disk space is running low.," Example: {   ""is_anomaly"": true,   ""severity"": ""medium"",   ""root_cause"": ""Disk space is running low."",   ""remediation"": ""Increase disk space or clean up unnecessary files."" }",79.82,497.36,85711
mistral-small,openstack,1,zero_shot,524,False,NORMAL,True,medium,Disk usage is at 90%," Example: {   ""is_anomaly"": true,   ""severity"": ""medium"",   ""root_cause"": ""Disk usage is at 90%"",   ""remediation"": ""Increase disk capacity or clean up unnecessary files"" }",79.82,497.36,85711
mistral-small,openstack,1,zero_shot,525,True,ANOMALY,True,medium,High CPU usage detected.," Example: {   ""is_anomaly"": true,   ""severity"": ""medium"",   ""root_cause"": ""High CPU usage detected."",   ""remediation"": ""Investigate and optimize the application code."" }",79.82,497.36,85711
mistral-small,openstack,1,zero_shot,526,False,NORMAL,True,medium,Disk space is low.," Example: {   ""is_anomaly"": true,   ""severity"": ""medium"",   ""root_cause"": ""Disk space is low."",   ""remediation"": ""Clear old logs to free up space."" }",79.82,497.36,85711
mistral-small,openstack,1,zero_shot,527,False,NORMAL,True,medium,Disk space is low on the server.," Example: {   ""is_anomaly"": true,   ""severity"": ""medium"",   ""root_cause"": ""Disk space is low on the server."",   ""remediation"": ""Clear old logs and temporary files to free up space."" }",79.82,497.36,85711
mistral-small,openstack,1,zero_shot,528,True,ANOMALY,True,medium,The server responded with a 404 status code.," Example: {   ""is_anomaly"": true,   ""severity"": ""medium"",   ""root_cause"": ""The server responded with a 404 status code."",   ""remediation"": ""Check the server configuration to ensure the requested resource exists."" }",79.82,497.36,85711
mistral-small,openstack,1,zero_shot,529,True,ANOMALY,True,medium,Disk space is low on the server.," Example: {   ""is_anomaly"": true,   ""severity"": ""medium"",   ""root_cause"": ""Disk space is low on the server."",   ""remediation"": ""Clear old logs and temporary files to free up space."" }",79.82,497.36,85711
mistral-small,openstack,1,zero_shot,530,False,NORMAL,True,medium,Disk space is low on the server.," Example: {   ""is_anomaly"": true,   ""severity"": ""medium"",   ""root_cause"": ""Disk space is low on the server."",   ""remediation"": ""Clear old logs and temporary files to free up space."" }",79.82,497.36,85711
mistral-small,openstack,1,zero_shot,531,False,NORMAL,True,medium,High CPU usage caused by a resource-intensive process.," Example: {   ""is_anomaly"": true,   ""severity"": ""medium"",   ""root_cause"": ""High CPU usage caused by a resource-intensive process."",   ""remediation"": ""Investigate and optimize the resource-intensive process."" }",79.82,497.36,85711
mistral-small,openstack,1,zero_shot,532,True,ANOMALY,True,medium,Disk space is low on the server.," Example: {   ""is_anomaly"": true,   ""severity"": ""medium"",   ""root_cause"": ""Disk space is low on the server."",   ""remediation"": ""Clear old logs and temporary files to free up space."" }",79.82,497.36,85711
mistral-small,openstack,1,zero_shot,533,True,ANOMALY,True,medium,Disk space is running low.," Example: {   ""is_anomaly"": true,   ""severity"": ""medium"",   ""root_cause"": ""Disk space is running low."",   ""remediation"": ""Clear old logs and temporary files."" }",79.82,497.36,85711
mistral-small,openstack,1,zero_shot,534,True,ANOMALY,True,medium,Disk space is low on the server.," Example: {   ""is_anomaly"": true,   ""severity"": ""medium"",   ""root_cause"": ""Disk space is low on the server."",   ""remediation"": ""Clear old logs and temporary files to free up space."" }",79.82,497.36,85711
mistral-small,openstack,1,zero_shot,535,True,ANOMALY,True,medium,High CPU usage detected.," Example: {   ""is_anomaly"": true,   ""severity"": ""medium"",   ""root_cause"": ""High CPU usage detected."",   ""remediation"": ""Scale up the instance."" }",79.82,497.36,85711
mistral-small,openstack,1,zero_shot,536,True,ANOMALY,True,medium,Disk usage is high," Example: {   ""is_anomaly"": true,   ""severity"": ""medium"",   ""root_cause"": ""Disk usage is high"",   ""remediation"": ""Increase disk capacity"" }",79.82,497.36,85711
mistral-small,openstack,1,zero_shot,537,True,ANOMALY,True,medium,Disk space is low on the server.," Example: {   ""is_anomaly"": true,   ""severity"": ""medium"",   ""root_cause"": ""Disk space is low on the server."",   ""remediation"": ""Clear old logs and temporary files to free up space."" }",79.82,497.36,85711
mistral-small,openstack,1,zero_shot,538,False,NORMAL,True,medium,Disk space is low on the server.," Example: {   ""is_anomaly"": true,   ""severity"": ""medium"",   ""root_cause"": ""Disk space is low on the server."",   ""remediation"": ""Clear old logs and temporary files to free up space."" }",79.82,497.36,85711
mistral-small,openstack,1,zero_shot,539,False,NORMAL,True,medium,Disk space is low on the server.," Example: {   ""is_anomaly"": true,   ""severity"": ""medium"",   ""root_cause"": ""Disk space is low on the server."",   ""remediation"": ""Clear old logs and temporary files to free up space."" }",79.82,497.36,85711
mistral-small,openstack,1,zero_shot,540,True,ANOMALY,True,medium,Disk space is running low.," Example: {   ""is_anomaly"": true,   ""severity"": ""medium"",   ""root_cause"": ""Disk space is running low."",   ""remediation"": ""Clear old logs and free up disk space."" }",79.82,497.36,85711
mistral-small,openstack,1,zero_shot,541,False,NORMAL,True,medium,Disk space is running low.," Example: {   ""is_anomaly"": true,   ""severity"": ""medium"",   ""root_cause"": ""Disk space is running low."",   ""remediation"": ""Clear old logs and temporary files."" }",79.82,497.36,85711
mistral-small,openstack,1,zero_shot,542,False,NORMAL,True,medium,High CPU usage caused by a misconfigured cron job.," Example: {   ""is_anomaly"": true,   ""severity"": ""medium"",   ""root_cause"": ""High CPU usage caused by a misconfigured cron job."",   ""remediation"": ""Adjust the cron job schedule to reduce load."" }",79.82,497.36,85711
mistral-small,openstack,1,zero_shot,543,True,ANOMALY,True,medium,Disk space is low.," Example: {   ""is_anomaly"": true,   ""severity"": ""medium"",   ""root_cause"": ""Disk space is low."",   ""remediation"": ""Clear old logs to free up space."" }",79.82,497.36,85711
mistral-small,openstack,1,zero_shot,544,False,NORMAL,True,medium,Disk space is low on the server.," Example: {   ""is_anomaly"": true,   ""severity"": ""medium"",   ""root_cause"": ""Disk space is low on the server."",   ""remediation"": ""Clear old logs and temporary files to free up space."" }",79.82,497.36,85711
mistral-small,openstack,1,zero_shot,545,False,NORMAL,True,medium,Disk space is low on the server.," Example: {   ""is_anomaly"": true,   ""severity"": ""medium"",   ""root_cause"": ""Disk space is low on the server."",   ""remediation"": ""Clear old logs and temporary files to free up space."" }",79.82,497.36,85711
mistral-small,openstack,1,zero_shot,546,False,NORMAL,True,medium,High CPU usage caused by a resource-intensive process.," Example: {   ""is_anomaly"": true,   ""severity"": ""medium"",   ""root_cause"": ""High CPU usage caused by a resource-intensive process."",   ""remediation"": ""Terminate the resource-intensive process to reduce CPU usage."" }",79.82,497.36,85711
mistral-small,openstack,1,zero_shot,547,True,ANOMALY,True,medium,Disk space is running low.," Example: {   ""is_anomaly"": true,   ""severity"": ""medium"",   ""root_cause"": ""Disk space is running low."",   ""remediation"": ""Increase disk space or clean up unnecessary files."" }",79.82,497.36,85711
mistral-small,openstack,1,zero_shot,548,False,NORMAL,True,medium,High CPU usage detected.," Example: {   ""is_anomaly"": true,   ""severity"": ""medium"",   ""root_cause"": ""High CPU usage detected."",   ""remediation"": ""Scale up the instance."" }",79.82,497.36,85711
mistral-small,openstack,1,zero_shot,549,True,ANOMALY,True,medium,Disk space is low on the server.," Example: {   ""is_anomaly"": true,   ""severity"": ""medium"",   ""root_cause"": ""Disk space is low on the server."",   ""remediation"": ""Clear old logs and temporary files to free up space."" }",79.82,497.36,85711
mistral-small,openstack,1,zero_shot,550,False,NORMAL,True,medium,Disk space is running low.," Example: {   ""is_anomaly"": true,   ""severity"": ""medium"",   ""root_cause"": ""Disk space is running low."",   ""remediation"": ""Increase disk space or clean up unnecessary files."" }",79.82,497.36,85711
mistral-small,openstack,1,zero_shot,551,False,NORMAL,True,medium,High CPU usage caused by a misconfigured cron job.," Example: {   ""is_anomaly"": true,   ""severity"": ""medium"",   ""root_cause"": ""High CPU usage caused by a misconfigured cron job."",   ""remediation"": ""Adjust the cron job schedule to reduce CPU load."" }",79.82,497.36,85711
mistral-small,openstack,1,zero_shot,552,True,ANOMALY,True,medium,Disk space is low on the server.," Example: {   ""is_anomaly"": true,   ""severity"": ""medium"",   ""root_cause"": ""Disk space is low on the server."",   ""remediation"": ""Clear old logs and temporary files to free up space."" }",79.82,497.36,85711
mistral-small,openstack,1,zero_shot,553,True,ANOMALY,True,medium,Disk space is running low.," Example: {   ""is_anomaly"": true,   ""severity"": ""medium"",   ""root_cause"": ""Disk space is running low."",   ""remediation"": ""Clear old logs and temporary files."" }",79.82,497.36,85711
mistral-small,openstack,1,zero_shot,554,True,ANOMALY,True,medium,High CPU usage caused by a misconfigured cron job.," Example: {   ""is_anomaly"": true,   ""severity"": ""medium"",   ""root_cause"": ""High CPU usage caused by a misconfigured cron job."",   ""remediation"": ""Adjust the cron job schedule to reduce load."" }",79.82,497.36,85711
mistral-small,openstack,1,zero_shot,555,True,ANOMALY,True,medium,High CPU usage detected.," Example: {   ""is_anomaly"": true,   ""severity"": ""medium"",   ""root_cause"": ""High CPU usage detected."",   ""remediation"": ""Investigate and optimize the application code."" }",79.82,497.36,85711
mistral-small,openstack,1,zero_shot,556,False,NORMAL,True,medium,High CPU usage due to a misconfigured cron job.," Example: {   ""is_anomaly"": true,   ""severity"": ""medium"",   ""root_cause"": ""High CPU usage due to a misconfigured cron job."",   ""remediation"": ""Adjust the cron job schedule to reduce load."" }",79.82,497.36,85711
mistral-small,openstack,1,zero_shot,557,False,NORMAL,True,medium,Disk space is low on the server.," Example: {   ""is_anomaly"": true,   ""severity"": ""medium"",   ""root_cause"": ""Disk space is low on the server."",   ""remediation"": ""Clear old logs and temporary files to free up space."" }",79.82,497.36,85711
mistral-small,openstack,1,zero_shot,558,True,ANOMALY,True,medium,High CPU usage caused by a resource-intensive process.," Example: {   ""is_anomaly"": true,   ""severity"": ""medium"",   ""root_cause"": ""High CPU usage caused by a resource-intensive process."",   ""remediation"": ""Terminate the resource-intensive process to reduce CPU usage."" }",79.82,497.36,85711
mistral-small,openstack,1,zero_shot,559,False,NORMAL,True,medium,Disk space is low on the server.," Example: {   ""is_anomaly"": true,   ""severity"": ""medium"",   ""root_cause"": ""Disk space is low on the server."",   ""remediation"": ""Clear old logs and temporary files."" }",79.82,497.36,85711
mistral-small,openstack,1,zero_shot,560,True,ANOMALY,True,medium,High CPU usage caused by a misconfigured cron job.," Example: {   ""is_anomaly"": true,   ""severity"": ""medium"",   ""root_cause"": ""High CPU usage caused by a misconfigured cron job."",   ""remediation"": ""Adjust the cron job schedule to reduce load."" }",79.82,497.36,85711
mistral-small,openstack,1,zero_shot,561,False,NORMAL,True,medium,Disk space is running low.," Example: {   ""is_anomaly"": true,   ""severity"": ""medium"",   ""root_cause"": ""Disk space is running low."",   ""remediation"": ""Clear old logs and temporary files."" }",79.82,497.36,85711
mistral-small,openstack,1,zero_shot,562,True,ANOMALY,True,medium,Disk space is low on the server.," Example: {   ""is_anomaly"": true,   ""severity"": ""medium"",   ""root_cause"": ""Disk space is low on the server."",   ""remediation"": ""Clear old logs and temporary files to free up space."" }",79.82,497.36,85711
mistral-small,openstack,1,zero_shot,563,False,NORMAL,True,medium,Disk space is low on the server.," Example: {   ""is_anomaly"": true,   ""severity"": ""medium"",   ""root_cause"": ""Disk space is low on the server."",   ""remediation"": ""Clear old logs and temporary files to free up space."" }",79.82,497.36,85711
mistral-small,openstack,1,zero_shot,564,True,ANOMALY,True,medium,Disk space is low on the server.," Example: {   ""is_anomaly"": true,   ""severity"": ""medium"",   ""root_cause"": ""Disk space is low on the server."",   ""remediation"": ""Clear old logs and temporary files to free up space."" }",79.82,497.36,85711
mistral-small,openstack,1,zero_shot,565,False,NORMAL,True,medium,Disk space is low on the server.," Example: {   ""is_anomaly"": true,   ""severity"": ""medium"",   ""root_cause"": ""Disk space is low on the server."",   ""remediation"": ""Increase disk space or clean up unnecessary files."" }",79.82,497.36,85711
mistral-small,openstack,1,zero_shot,566,False,NORMAL,True,medium,Disk space is running low.," Example: {   ""is_anomaly"": true,   ""severity"": ""medium"",   ""root_cause"": ""Disk space is running low."",   ""remediation"": ""Clear old logs and temporary files."" }",79.82,497.36,85711
mistral-small,openstack,1,zero_shot,567,True,ANOMALY,True,medium,Disk space is low on the server.," Example: {   ""is_anomaly"": true,   ""severity"": ""medium"",   ""root_cause"": ""Disk space is low on the server."",   ""remediation"": ""Clear old logs and temporary files to free up space."" }",79.82,497.36,85711
mistral-small,openstack,1,zero_shot,568,True,ANOMALY,True,medium,High CPU usage caused by a misconfigured cron job.," Example: {   ""is_anomaly"": true,   ""severity"": ""medium"",   ""root_cause"": ""High CPU usage caused by a misconfigured cron job."",   ""remediation"": ""Adjust the cron job schedule to reduce load."" }",79.82,497.36,85711
mistral-small,openstack,1,zero_shot,569,False,NORMAL,True,medium,High CPU usage caused by a resource-intensive process.," Example: {   ""is_anomaly"": true,   ""severity"": ""medium"",   ""root_cause"": ""High CPU usage caused by a resource-intensive process."",   ""remediation"": ""Terminate the process to free up CPU resources."" }",79.82,497.36,85711
mistral-small,openstack,1,zero_shot,570,False,NORMAL,True,medium,Disk usage is high.," Example: {   ""is_anomaly"": true,   ""severity"": ""medium"",   ""root_cause"": ""Disk usage is high."",   ""remediation"": ""Investigate and clear unnecessary files."" }",79.82,497.36,85711
mistral-small,openstack,1,zero_shot,571,True,ANOMALY,True,medium,Disk space is low on the server.," Example: {   ""is_anomaly"": true,   ""severity"": ""medium"",   ""root_cause"": ""Disk space is low on the server."",   ""remediation"": ""Clear old logs and temporary files to free up space."" }",79.82,497.36,85711
mistral-small,openstack,1,zero_shot,572,True,ANOMALY,True,medium,High CPU usage caused by a misconfigured cron job.," Example: {   ""is_anomaly"": true,   ""severity"": ""medium"",   ""root_cause"": ""High CPU usage caused by a misconfigured cron job."",   ""remediation"": ""Adjust the cron job schedule to reduce load."" }",79.82,497.36,85711
mistral-small,openstack,1,zero_shot,573,False,NORMAL,True,medium,Disk space is running low.," Example: {   ""is_anomaly"": true,   ""severity"": ""medium"",   ""root_cause"": ""Disk space is running low."",   ""remediation"": ""Clear old logs and temporary files."" }",79.82,497.36,85711
mistral-small,openstack,1,zero_shot,574,False,NORMAL,True,medium,High CPU usage caused by a misconfigured cron job.," Example: {   ""is_anomaly"": true,   ""severity"": ""medium"",   ""root_cause"": ""High CPU usage caused by a misconfigured cron job."",   ""remediation"": ""Adjust the cron job schedule to reduce load."" }",79.82,497.36,85711
mistral-small,openstack,1,zero_shot,575,False,NORMAL,True,medium,High CPU usage detected.," Example: {   ""is_anomaly"": true,   ""severity"": ""medium"",   ""root_cause"": ""High CPU usage detected."",   ""remediation"": ""Scale up the instance."" }",79.82,497.36,85711
mistral-small,openstack,1,zero_shot,576,False,NORMAL,True,medium,Disk space is running low.," Example: {   ""is_anomaly"": true,   ""severity"": ""medium"",   ""root_cause"": ""Disk space is running low."",   ""remediation"": ""Clear old logs and temporary files."" }",79.82,497.36,85711
mistral-small,openstack,1,zero_shot,577,False,NORMAL,True,medium,Disk space is running low.," Example: {   ""is_anomaly"": true,   ""severity"": ""medium"",   ""root_cause"": ""Disk space is running low."",   ""remediation"": ""Clear old logs to free up space."" }",79.82,497.36,85711
mistral-small,openstack,1,zero_shot,578,False,NORMAL,True,medium,High CPU usage detected on server XYZ.," Example: {   ""is_anomaly"": true,   ""severity"": ""medium"",   ""root_cause"": ""High CPU usage detected on server XYZ."",   ""remediation"": ""Investigate and optimize processes on server XYZ."" }",79.82,497.36,85711
mistral-small,openstack,1,zero_shot,579,True,ANOMALY,True,medium,Disk space is low on the server.," Example: {   ""is_anomaly"": true,   ""severity"": ""medium"",   ""root_cause"": ""Disk space is low on the server."",   ""remediation"": ""Clear old logs and temporary files to free up space."" }",79.82,497.36,85711
mistral-small,openstack,1,zero_shot,580,False,NORMAL,True,medium,High CPU usage due to a misconfigured cron job.," Example: {   ""is_anomaly"": true,   ""severity"": ""medium"",   ""root_cause"": ""High CPU usage due to a misconfigured cron job."",   ""remediation"": ""Adjust the cron job schedule to reduce load."" }",79.82,497.36,85711
mistral-small,openstack,1,zero_shot,581,False,NORMAL,True,medium,Disk space is running low.," Example: {   ""is_anomaly"": true,   ""severity"": ""medium"",   ""root_cause"": ""Disk space is running low."",   ""remediation"": ""Clear old logs and temporary files."" }",79.82,497.36,85711
mistral-small,openstack,1,zero_shot,582,False,NORMAL,True,medium,Disk space is running low.," Example: {   ""is_anomaly"": true,   ""severity"": ""medium"",   ""root_cause"": ""Disk space is running low."",   ""remediation"": ""Clear old logs and temporary files."" }",79.82,497.36,85711
mistral-small,openstack,1,zero_shot,583,True,ANOMALY,True,medium,High CPU usage caused by a resource-intensive process.," Example: {   ""is_anomaly"": true,   ""severity"": ""medium"",   ""root_cause"": ""High CPU usage caused by a resource-intensive process."",   ""remediation"": ""Terminate the resource-intensive process to reduce CPU usage."" }",79.82,497.36,85711
mistral-small,openstack,1,zero_shot,584,False,NORMAL,True,medium,Disk space is running low.," Example: {   ""is_anomaly"": true,   ""severity"": ""medium"",   ""root_cause"": ""Disk space is running low."",   ""remediation"": ""Clear old logs and temporary files."" }",79.82,497.36,85711
mistral-small,openstack,1,zero_shot,585,True,ANOMALY,True,medium,Disk space is low on the server.," Example: {   ""is_anomaly"": true,   ""severity"": ""medium"",   ""root_cause"": ""Disk space is low on the server."",   ""remediation"": ""Clear old logs and temporary files to free up space."" }",79.82,497.36,85711
mistral-small,openstack,1,zero_shot,586,True,ANOMALY,True,medium,Disk space is running low.," Example: {   ""is_anomaly"": true,   ""severity"": ""medium"",   ""root_cause"": ""Disk space is running low."",   ""remediation"": ""Clear old logs and temporary files."" }",79.82,497.36,85711
mistral-small,openstack,1,zero_shot,587,False,NORMAL,True,medium,"Disk limit not specified, defaulting to unlimited."," Example: {   ""is_anomaly"": true,   ""severity"": ""medium"",   ""root_cause"": ""Disk limit not specified, defaulting to unlimited."",   ""remediation"": ""Specify a disk limit for the instance."" }",79.82,497.36,85711
mistral-small,openstack,1,zero_shot,588,False,NORMAL,True,medium,Disk space is low on the server.," Example: {   ""is_anomaly"": true,   ""severity"": ""medium"",   ""root_cause"": ""Disk space is low on the server."",   ""remediation"": ""Clear old logs and temporary files to free up space."" }",79.82,497.36,85711
mistral-small,openstack,1,zero_shot,589,True,ANOMALY,True,medium,Disk usage is at 90%," Example: {   ""is_anomaly"": true,   ""severity"": ""medium"",   ""root_cause"": ""Disk usage is at 90%"",   ""remediation"": ""Increase disk capacity or clean up unnecessary files"" }",79.82,497.36,85711
mistral-small,openstack,1,zero_shot,590,False,NORMAL,True,medium,High CPU usage caused by a misconfigured cron job.," Example: {   ""is_anomaly"": true,   ""severity"": ""medium"",   ""root_cause"": ""High CPU usage caused by a misconfigured cron job."",   ""remediation"": ""Adjust the cron job schedule to reduce load."" }",79.82,497.36,85711
mistral-small,openstack,1,zero_shot,591,True,ANOMALY,True,medium,High CPU usage detected on server XYZ.," Example: {   ""is_anomaly"": true,   ""severity"": ""medium"",   ""root_cause"": ""High CPU usage detected on server XYZ."",   ""remediation"": ""Investigate and optimize processes on server XYZ."" }",79.82,497.36,85711
mistral-small,openstack,1,zero_shot,592,False,NORMAL,True,medium,Disk usage is at 90%," Example: {   ""is_anomaly"": true,   ""severity"": ""medium"",   ""root_cause"": ""Disk usage is at 90%"",   ""remediation"": ""Increase disk capacity or clean up unnecessary files"" }",79.82,497.36,85711
mistral-small,openstack,1,zero_shot,593,True,ANOMALY,True,medium,Disk space is running low.," Example: {   ""is_anomaly"": true,   ""severity"": ""medium"",   ""root_cause"": ""Disk space is running low."",   ""remediation"": ""Clear old logs and temporary files."" }",79.82,497.36,85711
mistral-small,openstack,1,zero_shot,594,True,ANOMALY,True,medium,Disk space is low on the server.," Example: {   ""is_anomaly"": true,   ""severity"": ""medium"",   ""root_cause"": ""Disk space is low on the server."",   ""remediation"": ""Clear old logs and temporary files to free up space."" }",79.82,497.36,85711
mistral-small,openstack,1,zero_shot,595,False,NORMAL,True,medium,High CPU usage detected.," Example: {   ""is_anomaly"": true,   ""severity"": ""medium"",   ""root_cause"": ""High CPU usage detected."",   ""remediation"": ""Scale up the instance."" }",79.82,497.36,85711
mistral-small,openstack,1,zero_shot,596,True,ANOMALY,True,medium,High CPU usage due to a resource-intensive process.," Example: {   ""is_anomaly"": true,   ""severity"": ""medium"",   ""root_cause"": ""High CPU usage due to a resource-intensive process."",   ""remediation"": ""Investigate and optimize the process causing high CPU usage."" }",79.82,497.36,85711
mistral-small,openstack,1,zero_shot,597,False,NORMAL,True,medium,Disk space is low on the server.," Example: {   ""is_anomaly"": true,   ""severity"": ""medium"",   ""root_cause"": ""Disk space is low on the server."",   ""remediation"": ""Clear old logs and temporary files."" }",79.82,497.36,85711
mistral-small,openstack,1,zero_shot,598,False,NORMAL,True,medium,Disk space is running low.," Example: {   ""is_anomaly"": true,   ""severity"": ""medium"",   ""root_cause"": ""Disk space is running low."",   ""remediation"": ""Clear old logs and temporary files."" }",79.82,497.36,85711
mistral-small,openstack,1,zero_shot,599,True,ANOMALY,True,medium,Disk space is running low.," Example: {   ""is_anomaly"": true,   ""severity"": ""medium"",   ""root_cause"": ""Disk space is running low."",   ""remediation"": ""Clear old logs and temporary files."" }",79.82,497.36,85711
