model,dataset,seed,prompt_style,incident_id,ground_truth_is_anomaly,ground_truth_category,pred_is_anomaly,pred_severity,pred_root_cause,raw_output,latency_total_s,tokens_per_sec,peak_vram_mb
qwen2.5-14b,bgl,3,few_shot,0,False,NORMAL,True,medium,"Core files are being generated, indicating a potential crash or error in the system.","{   ""is_anomaly"": true,   ""severity"": ""medium"",   ""root_cause"": ""Core files are being generated, indicating a potential crash or error in the system."",   ""remediation"": ""Investigate the core files to determine the cause of the crash and apply necessary fixes."" }",54.29,1082.28,85261
qwen2.5-14b,bgl,3,few_shot,1,True,APPSEV,True,high,"Multiple connections to the same IP have been severed, indicating a potential network issue or server instability.","{   ""is_anomaly"": true,   ""severity"": ""high"",   ""root_cause"": ""Multiple connections to the same IP have been severed, indicating a potential network issue or server instability."",   ""remediation"": ""Check network connectivity and server status for the IP 172.16.96.116."" }",54.29,1082.28,85261
qwen2.5-14b,bgl,3,few_shot,2,True,KERNSTOR,True,high,"Repeated 'data storage interrupt' messages indicate a serious issue with data storage, possibly a hardware failure or severe I/O errors.","{   ""is_anomaly"": true,   ""severity"": ""high"",   ""root_cause"": ""Repeated 'data storage interrupt' messages indicate a serious issue with data storage, possibly a hardware failure or severe I/O errors."",   ""remediation"": ""Check storage hardware health and consider data replication or failover strategies."" }",54.29,1082.28,85261
qwen2.5-14b,bgl,3,few_shot,3,False,NORMAL,True,high,"Repetitive alignment exceptions indicate a persistent issue with the double-hummer component, possibly due to misconfiguration or hardware failure.","{   ""is_anomaly"": true,   ""severity"": ""high"",   ""root_cause"": ""Repetitive alignment exceptions indicate a persistent issue with the double-hummer component, possibly due to misconfiguration or hardware failure."",   ""remediation"": ""Review configuration settings and inspect hardware for the double-hummer component."" }",54.29,1082.28,85261
qwen2.5-14b,bgl,3,few_shot,4,True,KERNDTLB,True,high,Multiple TLB (Translation Lookaside Buffer) error interrupts indicate a potential hardware issue or severe memory corruption.,"{   ""is_anomaly"": true,   ""severity"": ""high"",   ""root_cause"": ""Multiple TLB (Translation Lookaside Buffer) error interrupts indicate a potential hardware issue or severe memory corruption."",   ""remediation"": ""Check system hardware for faults and perform memory diagnostics."" }",54.29,1082.28,85261
qwen2.5-14b,bgl,3,few_shot,5,True,KERNDTLB,True,high,Multiple TLB (Translation Lookaside Buffer) error interrupts indicate a potential hardware issue or severe memory corruption.,"{   ""is_anomaly"": true,   ""severity"": ""high"",   ""root_cause"": ""Multiple TLB (Translation Lookaside Buffer) error interrupts indicate a potential hardware issue or severe memory corruption."",   ""remediation"": ""Check system hardware for faults and perform memory diagnostics."" }",54.29,1082.28,85261
qwen2.5-14b,bgl,3,few_shot,6,False,NORMAL,True,medium,"Multiple core files are being generated, indicating potential crashes or segmentation faults in the application.","{   ""is_anomaly"": true,   ""severity"": ""medium"",   ""root_cause"": ""Multiple core files are being generated, indicating potential crashes or segmentation faults in the application."",   ""remediation"": ""Investigate the application logs and code for potential bugs or memory leaks causing the crashes."" }",54.29,1082.28,85261
qwen2.5-14b,bgl,3,few_shot,7,False,NORMAL,True,high,"Multiple core files are being generated, indicating potential crashes or segmentation faults in the system.","{   ""is_anomaly"": true,   ""severity"": ""high"",   ""root_cause"": ""Multiple core files are being generated, indicating potential crashes or segmentation faults in the system."",   ""remediation"": ""Investigate the application logs and system crash reports to identify and fix the underlying issues causing the crashes."" }",54.29,1082.28,85261
qwen2.5-14b,bgl,3,few_shot,8,True,APPSEV,True,high,"Multiple CioStream socket connections to the same IP have been severed, indicating a potential network issue or server instability.","{   ""is_anomaly"": true,   ""severity"": ""high"",   ""root_cause"": ""Multiple CioStream socket connections to the same IP have been severed, indicating a potential network issue or server instability."",   ""remediation"": ""Check network connectivity and server health for the IP 172.16.96.116."" }",54.29,1082.28,85261
qwen2.5-14b,bgl,3,few_shot,9,True,KERNDTLB,True,high,Multiple TLB (Translation Lookaside Buffer) error interrupts indicate a potential hardware issue or severe memory corruption.,"{   ""is_anomaly"": true,   ""severity"": ""high"",   ""root_cause"": ""Multiple TLB (Translation Lookaside Buffer) error interrupts indicate a potential hardware issue or severe memory corruption."",   ""remediation"": ""Check system hardware for faults and perform memory diagnostics."" }",54.29,1082.28,85261
qwen2.5-14b,bgl,3,few_shot,10,True,KERNDTLB,True,high,"System is generating multiple core files and encountering a data TLB error interrupt, indicating a serious system instability or hardware issue.","{   ""is_anomaly"": true,   ""severity"": ""high"",   ""root_cause"": ""System is generating multiple core files and encountering a data TLB error interrupt, indicating a serious system instability or hardware issue."",   ""remediation"": ""Analyze core files and system logs to identify the root cause, and consider hardware diagnostics or replacement."" }",54.29,1082.28,85261
qwen2.5-14b,bgl,3,few_shot,11,False,NORMAL,True,high,"Multiple core files are being generated, indicating potential crashes or segmentation faults in the system.","{   ""is_anomaly"": true,   ""severity"": ""high"",   ""root_cause"": ""Multiple core files are being generated, indicating potential crashes or segmentation faults in the system."",   ""remediation"": ""Investigate the application logs and system crash reports to identify and fix the root cause of the crashes."" }",54.29,1082.28,85261
qwen2.5-14b,bgl,3,few_shot,12,False,NORMAL,True,medium,"The process is receiving multiple SIGTERM signals, indicating it is being terminated gracefully but unexpectedly.","{   ""is_anomaly"": true,   ""severity"": ""medium"",   ""root_cause"": ""The process is receiving multiple SIGTERM signals, indicating it is being terminated gracefully but unexpectedly."",   ""remediation"": ""Investigate the process management system or script that is sending SIGTERM signals to the ciod process."" }",54.29,1082.28,85261
qwen2.5-14b,bgl,3,few_shot,13,True,KERNRTSP,True,critical,"System panic occurred multiple times, indicating a severe hardware or software issue.","{   ""is_anomaly"": true,   ""severity"": ""critical"",   ""root_cause"": ""System panic occurred multiple times, indicating a severe hardware or software issue."",   ""remediation"": ""Perform a system check and hardware diagnostics to identify and resolve the underlying issue."" }",54.29,1082.28,85261
qwen2.5-14b,bgl,3,few_shot,14,True,KERNSTOR,True,high,"Repeated 'data storage interrupt' messages indicate a serious issue with data storage, possibly a hardware failure or severe I/O errors.","{   ""is_anomaly"": true,   ""severity"": ""high"",   ""root_cause"": ""Repeated 'data storage interrupt' messages indicate a serious issue with data storage, possibly a hardware failure or severe I/O errors."",   ""remediation"": ""Check storage hardware health and consider data replication or failover strategies."" }",54.29,1082.28,85261
qwen2.5-14b,bgl,3,few_shot,15,False,NORMAL,False,low,none,"{   ""is_anomaly"": false,   ""severity"": ""low"",   ""root_cause"": ""none"",   ""remediation"": ""none"" }",54.29,1082.28,85261
qwen2.5-14b,bgl,3,few_shot,16,True,KERNDTLB,True,high,Multiple TLB (Translation Lookaside Buffer) error interrupts indicate a potential hardware issue or severe memory corruption.,"{   ""is_anomaly"": true,   ""severity"": ""high"",   ""root_cause"": ""Multiple TLB (Translation Lookaside Buffer) error interrupts indicate a potential hardware issue or severe memory corruption."",   ""remediation"": ""Check system hardware for faults and perform memory diagnostics."" }",54.29,1082.28,85261
qwen2.5-14b,bgl,3,few_shot,17,True,KERNSTOR,True,high,"Repeated 'data storage interrupt' messages indicate a serious issue with data storage, possibly a hardware failure or severe I/O errors.","{   ""is_anomaly"": true,   ""severity"": ""high"",   ""root_cause"": ""Repeated 'data storage interrupt' messages indicate a serious issue with data storage, possibly a hardware failure or severe I/O errors."",   ""remediation"": ""Check storage hardware health and consider data replication or failover strategies."" }",54.29,1082.28,85261
qwen2.5-14b,bgl,3,few_shot,18,False,NORMAL,True,medium,"The directory /home/germann2/SPaSM_static does not exist, causing login failures.","{   ""is_anomaly"": true,   ""severity"": ""medium"",   ""root_cause"": ""The directory /home/germann2/SPaSM_static does not exist, causing login failures."",   ""remediation"": ""Create the missing directory or adjust the login script to use an existing directory."" }",54.29,1082.28,85261
qwen2.5-14b,bgl,3,few_shot,19,True,KERNSTOR,True,high,"Repeated 'data storage interrupt' messages indicate a serious issue with data storage, possibly a hardware failure or severe I/O errors.","{   ""is_anomaly"": true,   ""severity"": ""high"",   ""root_cause"": ""Repeated 'data storage interrupt' messages indicate a serious issue with data storage, possibly a hardware failure or severe I/O errors."",   ""remediation"": ""Check storage hardware health and consider data replication or failover strategies."" }",54.29,1082.28,85261
qwen2.5-14b,bgl,3,few_shot,20,True,KERNMNTF,True,high,"Multiple Lustre mounts have failed, indicating a potential issue with the Lustre file system or network connectivity.","{   ""is_anomaly"": true,   ""severity"": ""high"",   ""root_cause"": ""Multiple Lustre mounts have failed, indicating a potential issue with the Lustre file system or network connectivity."",   ""remediation"": ""Check Lustre file system status and network connectivity between nodes."" }",54.29,1082.28,85261
qwen2.5-14b,bgl,3,few_shot,21,True,KERNDTLB,True,high,Multiple TLB (Translation Lookaside Buffer) error interrupts indicate a potential hardware issue or severe memory corruption.,"{   ""is_anomaly"": true,   ""severity"": ""high"",   ""root_cause"": ""Multiple TLB (Translation Lookaside Buffer) error interrupts indicate a potential hardware issue or severe memory corruption."",   ""remediation"": ""Check system hardware for faults and perform memory diagnostics."" }",54.29,1082.28,85261
qwen2.5-14b,bgl,3,few_shot,22,False,NORMAL,False,low,none,"{   ""is_anomaly"": false,   ""severity"": ""low"",   ""root_cause"": ""none"",   ""remediation"": ""none"" } Based on the provided log entries, there is no indication of any errors or anomalies. The logs appear to be repeating hexadecimal values which do not provide enough context to determine if there is an issue. Therefore, the analysis concludes that this is not an anomaly and no remediation is required. Ho",54.29,1082.28,85261
qwen2.5-14b,bgl,3,few_shot,23,True,APPOUT,True,medium,"Input/output error when attempting to change directory, indicating a potential issue with the file system or permissions.","{   ""is_anomaly"": true,   ""severity"": ""medium"",   ""root_cause"": ""Input/output error when attempting to change directory, indicating a potential issue with the file system or permissions."",   ""remediation"": ""Check file system health and permissions for the specified directory."" }",54.29,1082.28,85261
qwen2.5-14b,bgl,3,few_shot,24,False,NORMAL,False,low,none,"{   ""is_anomaly"": false,   ""severity"": ""low"",   ""root_cause"": ""none"",   ""remediation"": ""none"" }",54.29,1082.28,85261
qwen2.5-14b,bgl,3,few_shot,25,False,NORMAL,True,medium,"The program image for the specified file is invalid or missing, preventing the system from executing it.","{   ""is_anomaly"": true,   ""severity"": ""medium"",   ""root_cause"": ""The program image for the specified file is invalid or missing, preventing the system from executing it."",   ""remediation"": ""Verify the integrity of the file and ensure it is correctly formatted for the system's architecture."" }",54.29,1082.28,85261
qwen2.5-14b,bgl,3,few_shot,26,True,KERNMNTF,True,high,Multiple Lustre mount failures indicate a potential issue with the Lustre file system or network connectivity.,"{   ""is_anomaly"": true,   ""severity"": ""high"",   ""root_cause"": ""Multiple Lustre mount failures indicate a potential issue with the Lustre file system or network connectivity."",   ""remediation"": ""Check Lustre file system status and network connectivity between nodes."" }",54.29,1082.28,85261
qwen2.5-14b,bgl,3,few_shot,27,True,KERNDTLB,True,high,Multiple TLB (Translation Lookaside Buffer) error interrupts indicate a potential hardware issue or severe memory corruption.,"{   ""is_anomaly"": true,   ""severity"": ""high"",   ""root_cause"": ""Multiple TLB (Translation Lookaside Buffer) error interrupts indicate a potential hardware issue or severe memory corruption."",   ""remediation"": ""Check system hardware for faults and perform memory diagnostics."" }",54.29,1082.28,85261
qwen2.5-14b,bgl,3,few_shot,28,False,NORMAL,True,high,"System is generating multiple core files, indicating potential crashes or severe issues in the application.","{   ""is_anomaly"": true,   ""severity"": ""high"",   ""root_cause"": ""System is generating multiple core files, indicating potential crashes or severe issues in the application."",   ""remediation"": ""Investigate the application logs and system crash reports to identify and fix the underlying issues causing the core dumps."" }",54.29,1082.28,85261
qwen2.5-14b,bgl,3,few_shot,29,True,KERNDTLB,True,high,Multiple TLB (Translation Lookaside Buffer) error interrupts indicate a potential hardware issue or severe memory corruption.,"{   ""is_anomaly"": true,   ""severity"": ""high"",   ""root_cause"": ""Multiple TLB (Translation Lookaside Buffer) error interrupts indicate a potential hardware issue or severe memory corruption."",   ""remediation"": ""Check system hardware for faults and perform memory diagnostics."" }",54.29,1082.28,85261
qwen2.5-14b,bgl,3,few_shot,30,True,KERNDTLB,True,high,Multiple TLB (Translation Lookaside Buffer) error interrupts indicate a potential hardware issue or severe memory corruption.,"{   ""is_anomaly"": true,   ""severity"": ""high"",   ""root_cause"": ""Multiple TLB (Translation Lookaside Buffer) error interrupts indicate a potential hardware issue or severe memory corruption."",   ""remediation"": ""Check system hardware for faults and perform memory diagnostics."" }",54.29,1082.28,85261
qwen2.5-14b,bgl,3,few_shot,31,False,NORMAL,True,high,Repeated 'privileged instruction' interrupts suggest a potential security breach or misconfiguration in the system.,"{   ""is_anomaly"": true,   ""severity"": ""high"",   ""root_cause"": ""Repeated 'privileged instruction' interrupts suggest a potential security breach or misconfiguration in the system."",   ""remediation"": ""Investigate system permissions and security logs for unauthorized access attempts."" }",54.29,1082.28,85261
qwen2.5-14b,bgl,3,few_shot,32,False,NORMAL,False,low,none,"{   ""is_anomaly"": false,   ""severity"": ""low"",   ""root_cause"": ""none"",   ""remediation"": ""none"" } Based on the provided log entries, there is no indication of an anomaly or error. The logs appear to be showing a consistent state of interrupt enable settings, which seems to be normal operation. Therefore, the JSON response indicates no anomaly, low severity, and no root cause or remediation needed. I",54.29,1082.28,85261
qwen2.5-14b,bgl,3,few_shot,33,True,APPSEV,True,high,"Multiple connections to the same host were severed, indicating a potential network issue or server instability.","{   ""is_anomaly"": true,   ""severity"": ""high"",   ""root_cause"": ""Multiple connections to the same host were severed, indicating a potential network issue or server instability."",   ""remediation"": ""Check network connectivity and server health for the affected host."" }",54.29,1082.28,85261
qwen2.5-14b,bgl,3,few_shot,34,True,KERNSTOR,True,high,"Repeated 'data storage interrupt' messages indicate a serious issue with data storage, possibly a hardware failure or severe I/O errors.","{   ""is_anomaly"": true,   ""severity"": ""high"",   ""root_cause"": ""Repeated 'data storage interrupt' messages indicate a serious issue with data storage, possibly a hardware failure or severe I/O errors."",   ""remediation"": ""Check storage hardware health and consider data replication or failover strategies."" }",54.29,1082.28,85261
qwen2.5-14b,bgl,3,few_shot,35,False,NORMAL,True,high,"Multiple core files are being generated, indicating potential crashes or segmentation faults in the system.","{   ""is_anomaly"": true,   ""severity"": ""high"",   ""root_cause"": ""Multiple core files are being generated, indicating potential crashes or segmentation faults in the system."",   ""remediation"": ""Investigate the application logs and system crash reports to identify and fix the underlying issues causing the crashes."" }",54.29,1082.28,85261
qwen2.5-14b,bgl,3,few_shot,36,False,NORMAL,True,high,"Multiple core files are being generated, indicating potential crashes or segmentation faults in the system.","{   ""is_anomaly"": true,   ""severity"": ""high"",   ""root_cause"": ""Multiple core files are being generated, indicating potential crashes or segmentation faults in the system."",   ""remediation"": ""Investigate the application logs and system crash dumps to identify and fix the root cause of the crashes."" }",54.29,1082.28,85261
qwen2.5-14b,bgl,3,few_shot,37,False,NORMAL,True,medium,System encountered multiple consistency errors (CE) indicating potential data corruption or hardware issues.,"{   ""is_anomaly"": true,   ""severity"": ""medium"",   ""root_cause"": ""System encountered multiple consistency errors (CE) indicating potential data corruption or hardware issues."",   ""remediation"": ""Run data integrity checks and inspect hardware for possible failures."" }",54.29,1082.28,85261
qwen2.5-14b,bgl,3,few_shot,38,False,NORMAL,True,high,"Invalid ECIDs found in multiple processor card slots, indicating potential hardware issues or configuration mismatches.","{   ""is_anomaly"": true,   ""severity"": ""high"",   ""root_cause"": ""Invalid ECIDs found in multiple processor card slots, indicating potential hardware issues or configuration mismatches."",   ""remediation"": ""Replace faulty processor cards and verify correct configuration of ECIDs."" }",54.29,1082.28,85261
qwen2.5-14b,bgl,3,few_shot,39,True,APPSEV,True,high,"Multiple CioStream socket connections to the same IP have been severed, indicating a potential network issue or server instability.","{   ""is_anomaly"": true,   ""severity"": ""high"",   ""root_cause"": ""Multiple CioStream socket connections to the same IP have been severed, indicating a potential network issue or server instability."",   ""remediation"": ""Check network connectivity and server status for 172.16.96.116, and consider increasing connection timeout settings."" }",54.29,1082.28,85261
qwen2.5-14b,bgl,3,few_shot,40,True,KERNDTLB,True,high,Multiple TLB (Translation Lookaside Buffer) error interrupts indicate a potential hardware issue or severe memory corruption.,"{   ""is_anomaly"": true,   ""severity"": ""high"",   ""root_cause"": ""Multiple TLB (Translation Lookaside Buffer) error interrupts indicate a potential hardware issue or severe memory corruption."",   ""remediation"": ""Check system hardware for faults and perform memory diagnostics."" }",54.29,1082.28,85261
qwen2.5-14b,bgl,3,few_shot,41,False,NORMAL,False,low,none,"{   ""is_anomaly"": false,   ""severity"": ""low"",   ""root_cause"": ""none"",   ""remediation"": ""none"" } Based on the provided log entries, there is no indication of an error or anomaly. The repeated log entries appear to be normal operational data without any error messages or warnings. Therefore, the analysis concludes that there is no anomaly, and no remediation is required.   Please note that the log e",54.29,1082.28,85261
qwen2.5-14b,bgl,3,few_shot,42,True,KERNSTOR,True,high,"Repeated 'data storage interrupt' messages indicate a serious issue with data storage, possibly a hardware failure or severe I/O errors.","{   ""is_anomaly"": true,   ""severity"": ""high"",   ""root_cause"": ""Repeated 'data storage interrupt' messages indicate a serious issue with data storage, possibly a hardware failure or severe I/O errors."",   ""remediation"": ""Check storage hardware health and consider data replication or failover strategies."" }",54.29,1082.28,85261
qwen2.5-14b,bgl,3,few_shot,43,True,KERNSTOR,True,high,"Repeated 'data storage interrupt' messages indicate a serious issue with data storage, possibly a hardware failure or severe I/O errors.","{   ""is_anomaly"": true,   ""severity"": ""high"",   ""root_cause"": ""Repeated 'data storage interrupt' messages indicate a serious issue with data storage, possibly a hardware failure or severe I/O errors."",   ""remediation"": ""Check storage hardware health and consider data replication or failover strategies."" }",54.29,1082.28,85261
qwen2.5-14b,bgl,3,few_shot,44,True,KERNDTLB,True,high,Multiple TLB (Translation Lookaside Buffer) error interrupts indicate a potential hardware issue or severe memory corruption.,"{   ""is_anomaly"": true,   ""severity"": ""high"",   ""root_cause"": ""Multiple TLB (Translation Lookaside Buffer) error interrupts indicate a potential hardware issue or severe memory corruption."",   ""remediation"": ""Check system hardware for faults and perform memory diagnostics."" }",54.29,1082.28,85261
qwen2.5-14b,bgl,3,few_shot,45,False,NORMAL,True,high,"Multiple core files are being generated, indicating potential crashes or segmentation faults in the system.","{   ""is_anomaly"": true,   ""severity"": ""high"",   ""root_cause"": ""Multiple core files are being generated, indicating potential crashes or segmentation faults in the system."",   ""remediation"": ""Investigate the application logs and system crash dumps to identify and fix the root cause of the crashes."" }",54.29,1082.28,85261
qwen2.5-14b,bgl,3,few_shot,46,True,KERNMNTF,True,high,"Multiple Lustre mounts failed for the same mount point, indicating a potential issue with the Lustre file system or network connectivity.","{   ""is_anomaly"": true,   ""severity"": ""high"",   ""root_cause"": ""Multiple Lustre mounts failed for the same mount point, indicating a potential issue with the Lustre file system or network connectivity."",   ""remediation"": ""Check Lustre file system status and network connectivity between clients and servers."" }",54.29,1082.28,85261
qwen2.5-14b,bgl,3,few_shot,47,True,KERNDTLB,True,high,Multiple TLB (Translation Lookaside Buffer) error interrupts indicate a potential hardware issue or severe memory corruption.,"{   ""is_anomaly"": true,   ""severity"": ""high"",   ""root_cause"": ""Multiple TLB (Translation Lookaside Buffer) error interrupts indicate a potential hardware issue or severe memory corruption."",   ""remediation"": ""Check system hardware for faults and perform memory diagnostics."" }",54.29,1082.28,85261
qwen2.5-14b,bgl,3,few_shot,48,False,NORMAL,True,high,Repeated occurrence of the same exception syndrome register value indicates a persistent hardware or software issue.,"{   ""is_anomaly"": true,   ""severity"": ""high"",   ""root_cause"": ""Repeated occurrence of the same exception syndrome register value indicates a persistent hardware or software issue."",   ""remediation"": ""Investigate and address the underlying hardware or software issue causing the repeated exceptions."" }",54.29,1082.28,85261
qwen2.5-14b,bgl,3,few_shot,49,True,KERNDTLB,True,high,Multiple TLB (Translation Lookaside Buffer) error interrupts indicate a potential hardware issue or severe memory corruption.,"{   ""is_anomaly"": true,   ""severity"": ""high"",   ""root_cause"": ""Multiple TLB (Translation Lookaside Buffer) error interrupts indicate a potential hardware issue or severe memory corruption."",   ""remediation"": ""Check system hardware for faults and perform memory diagnostics."" }",54.29,1082.28,85261
qwen2.5-14b,bgl,3,few_shot,50,True,KERNDTLB,True,high,Multiple TLB (Translation Lookaside Buffer) error interrupts indicate a potential hardware issue or severe memory corruption.,"{   ""is_anomaly"": true,   ""severity"": ""high"",   ""root_cause"": ""Multiple TLB (Translation Lookaside Buffer) error interrupts indicate a potential hardware issue or severe memory corruption."",   ""remediation"": ""Check system hardware for faults and perform memory diagnostics."" }",54.29,1082.28,85261
qwen2.5-14b,bgl,3,few_shot,51,True,KERNDTLB,True,high,Multiple TLB (Translation Lookaside Buffer) error interrupts indicate a potential hardware issue or severe memory corruption.,"{   ""is_anomaly"": true,   ""severity"": ""high"",   ""root_cause"": ""Multiple TLB (Translation Lookaside Buffer) error interrupts indicate a potential hardware issue or severe memory corruption."",   ""remediation"": ""Check system hardware for faults and perform memory diagnostics."" }",54.29,1082.28,85261
qwen2.5-14b,bgl,3,few_shot,52,True,KERNMICRO,True,high,"Microloader Assertion errors indicate a failure in the microloader component, possibly due to a bug or configuration issue.","{   ""is_anomaly"": true,   ""severity"": ""high"",   ""root_cause"": ""Microloader Assertion errors indicate a failure in the microloader component, possibly due to a bug or configuration issue."",   ""remediation"": ""Review microloader configuration and code for errors, and consider rolling back to a previous stable version."" }",54.29,1082.28,85261
qwen2.5-14b,bgl,3,few_shot,53,False,NORMAL,False,low,none,"{   ""is_anomaly"": false,   ""severity"": ""low"",   ""root_cause"": ""none"",   ""remediation"": ""none"" } Based on the provided log entries, there is no clear indication of an anomaly or error. The logs appear to be hexadecimal values or identifiers that do not provide context about any specific system operation or error. Therefore, the logs are considered normal, and no remediation is required. If these lo",54.29,1082.28,85261
qwen2.5-14b,bgl,3,few_shot,54,False,NORMAL,True,high,"Multiple core files are being generated, indicating potential crashes or segmentation faults in the system.","{   ""is_anomaly"": true,   ""severity"": ""high"",   ""root_cause"": ""Multiple core files are being generated, indicating potential crashes or segmentation faults in the system."",   ""remediation"": ""Investigate the application logs and system crash reports to identify and fix the underlying issues causing the crashes."" }",54.29,1082.28,85261
qwen2.5-14b,bgl,3,few_shot,55,False,NORMAL,True,high,"Multiple core files are being generated, indicating potential crashes or segmentation faults in the system.","{   ""is_anomaly"": true,   ""severity"": ""high"",   ""root_cause"": ""Multiple core files are being generated, indicating potential crashes or segmentation faults in the system."",   ""remediation"": ""Investigate the application logs and system crash reports to identify and fix the underlying issues causing the crashes."" }",54.29,1082.28,85261
qwen2.5-14b,bgl,3,few_shot,56,False,NORMAL,True,high,"Multiple core files are being generated, indicating potential crashes or segmentation faults in the system.","{   ""is_anomaly"": true,   ""severity"": ""high"",   ""root_cause"": ""Multiple core files are being generated, indicating potential crashes or segmentation faults in the system."",   ""remediation"": ""Investigate the application logs and system crash reports to identify and fix the underlying issues causing the crashes."" }",54.29,1082.28,85261
qwen2.5-14b,bgl,3,few_shot,57,False,NORMAL,True,high,"The system is generating multiple core files for the same program, indicating potential crashes or segmentation faults.","{   ""is_anomaly"": true,   ""severity"": ""high"",   ""root_cause"": ""The system is generating multiple core files for the same program, indicating potential crashes or segmentation faults."",   ""remediation"": ""Analyze core files to identify and fix the underlying issue causing the crashes."" }",54.29,1082.28,85261
qwen2.5-14b,bgl,3,few_shot,58,False,NORMAL,True,high,Multiple ASSERT failures in the SendPacket function of idotransportmgr indicate a serious issue with the packet sending process.,"{   ""is_anomaly"": true,   ""severity"": ""high"",   ""root_cause"": ""Multiple ASSERT failures in the SendPacket function of idotransportmgr indicate a serious issue with the packet sending process."",   ""remediation"": ""Investigate and fix the underlying issue causing the ASSERT failures, possibly involving code review or environment configuration."" }",54.29,1082.28,85261
qwen2.5-14b,bgl,3,few_shot,59,True,KERNRTSP,True,critical,"System panic occurred multiple times, indicating a severe issue such as hardware failure or critical software bug.","{   ""is_anomaly"": true,   ""severity"": ""critical"",   ""root_cause"": ""System panic occurred multiple times, indicating a severe issue such as hardware failure or critical software bug."",   ""remediation"": ""Perform a system check, including hardware diagnostics and software updates, to identify and resolve the root cause."" }",54.29,1082.28,85261
qwen2.5-14b,bgl,3,few_shot,60,False,NORMAL,False,low,none,"{   ""is_anomaly"": false,   ""severity"": ""low"",   ""root_cause"": ""none"",   ""remediation"": ""none"" }",54.29,1082.28,85261
qwen2.5-14b,bgl,3,few_shot,61,True,KERNMNTF,True,high,"Multiple Lustre mounts failed for the same mount point, indicating a potential issue with the Lustre file system or network connectivity.","{   ""is_anomaly"": true,   ""severity"": ""high"",   ""root_cause"": ""Multiple Lustre mounts failed for the same mount point, indicating a potential issue with the Lustre file system or network connectivity."",   ""remediation"": ""Check Lustre file system status and network connectivity between clients and servers."" }",54.29,1082.28,85261
qwen2.5-14b,bgl,3,few_shot,62,True,KERNSTOR,True,high,"Repeated 'data storage interrupt' messages indicate a serious issue with data storage, possibly a hardware failure or severe I/O errors.","{   ""is_anomaly"": true,   ""severity"": ""high"",   ""root_cause"": ""Repeated 'data storage interrupt' messages indicate a serious issue with data storage, possibly a hardware failure or severe I/O errors."",   ""remediation"": ""Check storage hardware health and consider data replication or failover strategies."" }",54.29,1082.28,85261
qwen2.5-14b,bgl,3,few_shot,63,False,NORMAL,True,high,"Multiple core files are being generated, indicating potential crashes or segmentation faults in the system.","{   ""is_anomaly"": true,   ""severity"": ""high"",   ""root_cause"": ""Multiple core files are being generated, indicating potential crashes or segmentation faults in the system."",   ""remediation"": ""Investigate the application logs and system crash dumps to identify and fix the root cause of the crashes."" }",54.29,1082.28,85261
qwen2.5-14b,bgl,3,few_shot,64,False,NORMAL,True,high,"Multiple core files are being generated, indicating potential crashes or segmentation faults in the system.","{   ""is_anomaly"": true,   ""severity"": ""high"",   ""root_cause"": ""Multiple core files are being generated, indicating potential crashes or segmentation faults in the system."",   ""remediation"": ""Investigate the application logs and system crash reports to identify and fix the underlying issues causing the crashes."" }",54.29,1082.28,85261
qwen2.5-14b,bgl,3,few_shot,65,False,NORMAL,False,low,none,"{   ""is_anomaly"": false,   ""severity"": ""low"",   ""root_cause"": ""none"",   ""remediation"": ""none"" }",54.29,1082.28,85261
qwen2.5-14b,bgl,3,few_shot,66,True,KERNDTLB,True,high,Multiple TLB (Translation Lookaside Buffer) error interrupts indicate a potential hardware issue or severe memory corruption.,"{   ""is_anomaly"": true,   ""severity"": ""high"",   ""root_cause"": ""Multiple TLB (Translation Lookaside Buffer) error interrupts indicate a potential hardware issue or severe memory corruption."",   ""remediation"": ""Check system hardware for faults and perform memory diagnostics."" }",54.29,1082.28,85261
qwen2.5-14b,bgl,3,few_shot,67,False,NORMAL,True,high,"Multiple core files are being generated, indicating potential crashes or segmentation faults in the system.","{   ""is_anomaly"": true,   ""severity"": ""high"",   ""root_cause"": ""Multiple core files are being generated, indicating potential crashes or segmentation faults in the system."",   ""remediation"": ""Investigate the application logs and system crash reports to identify and fix the root cause of the crashes."" }",54.29,1082.28,85261
qwen2.5-14b,bgl,3,few_shot,68,True,KERNSTOR,True,high,"Repeated 'data storage interrupt' messages indicate a serious issue with data storage, possibly a hardware failure or severe I/O errors.","{   ""is_anomaly"": true,   ""severity"": ""high"",   ""root_cause"": ""Repeated 'data storage interrupt' messages indicate a serious issue with data storage, possibly a hardware failure or severe I/O errors."",   ""remediation"": ""Check storage hardware health and consider data replication or failover strategies."" }",54.29,1082.28,85261
qwen2.5-14b,bgl,3,few_shot,69,False,NORMAL,True,medium,Multiple DDR and torus communication errors indicate potential hardware issues or network instability.,"{   ""is_anomaly"": true,   ""severity"": ""medium"",   ""root_cause"": ""Multiple DDR and torus communication errors indicate potential hardware issues or network instability."",   ""remediation"": ""Check hardware components and network connections for any faults or misconfigurations."" }",54.29,1082.28,85261
qwen2.5-14b,bgl,3,few_shot,70,True,KERNDTLB,True,high,Multiple TLB (Translation Lookaside Buffer) error interrupts indicate a potential hardware issue or severe memory corruption.,"{   ""is_anomaly"": true,   ""severity"": ""high"",   ""root_cause"": ""Multiple TLB (Translation Lookaside Buffer) error interrupts indicate a potential hardware issue or severe memory corruption."",   ""remediation"": ""Check system hardware for faults and perform memory diagnostics."" }",54.29,1082.28,85261
qwen2.5-14b,bgl,3,few_shot,71,False,NORMAL,True,high,Multiple ASSERT failures in the SendPacket function of idotransportmgr indicate a serious issue with the packet sending process.,"{   ""is_anomaly"": true,   ""severity"": ""high"",   ""root_cause"": ""Multiple ASSERT failures in the SendPacket function of idotransportmgr indicate a serious issue with the packet sending process."",   ""remediation"": ""Investigate and fix the underlying issue causing the ASSERT failures, possibly involving code review or debugging."" }",54.29,1082.28,85261
qwen2.5-14b,bgl,3,few_shot,72,False,NORMAL,True,medium,Permission denied errors indicate that the user does not have the necessary permissions to access the specified file.,"{   ""is_anomaly"": true,   ""severity"": ""medium"",   ""root_cause"": ""Permission denied errors indicate that the user does not have the necessary permissions to access the specified file."",   ""remediation"": ""Check and adjust file permissions or consult with system administrator to grant appropriate access."" }",54.29,1082.28,85261
qwen2.5-14b,bgl,3,few_shot,73,False,NORMAL,False,low,none,"{   ""is_anomaly"": false,   ""severity"": ""low"",   ""root_cause"": ""none"",   ""remediation"": ""none"" }",54.29,1082.28,85261
qwen2.5-14b,bgl,3,few_shot,74,False,NORMAL,True,medium,"Floating point alignment exceptions are occurring repeatedly, indicating potential issues with data alignment or hardware incompatibility.","{   ""is_anomaly"": true,   ""severity"": ""medium"",   ""root_cause"": ""Floating point alignment exceptions are occurring repeatedly, indicating potential issues with data alignment or hardware incompatibility."",   ""remediation"": ""Review data alignment and ensure compatibility with hardware specifications."" }",54.29,1082.28,85261
qwen2.5-14b,bgl,3,few_shot,75,True,KERNMICRO,True,high,"Microloader Assertion errors indicate a failure in the microloader component, possibly due to a bug or configuration issue.","{   ""is_anomaly"": true,   ""severity"": ""high"",   ""root_cause"": ""Microloader Assertion errors indicate a failure in the microloader component, possibly due to a bug or configuration issue."",   ""remediation"": ""Review microloader configuration and code for errors, and consider rolling back to a previous stable version."" }",54.29,1082.28,85261
qwen2.5-14b,bgl,3,few_shot,76,False,NORMAL,True,high,"Multiple core files are being generated, indicating potential crashes or segmentation faults in the system.","{   ""is_anomaly"": true,   ""severity"": ""high"",   ""root_cause"": ""Multiple core files are being generated, indicating potential crashes or segmentation faults in the system."",   ""remediation"": ""Investigate the application logs and system crash dumps to identify and fix the root cause of the crashes."" }",54.29,1082.28,85261
qwen2.5-14b,bgl,3,few_shot,77,False,NORMAL,True,medium,"Multiple core files are being generated, indicating potential crashes or segmentation faults in the system.","{   ""is_anomaly"": true,   ""severity"": ""medium"",   ""root_cause"": ""Multiple core files are being generated, indicating potential crashes or segmentation faults in the system."",   ""remediation"": ""Investigate the application logs and system crash reports to identify and fix the root cause of the crashes."" }",54.29,1082.28,85261
qwen2.5-14b,bgl,3,few_shot,78,False,NORMAL,True,high,"Multiple core files are being generated, indicating potential crashes or segmentation faults in the system.","{   ""is_anomaly"": true,   ""severity"": ""high"",   ""root_cause"": ""Multiple core files are being generated, indicating potential crashes or segmentation faults in the system."",   ""remediation"": ""Investigate the application logs and system crash reports to identify and fix the root cause of the crashes."" }",54.29,1082.28,85261
qwen2.5-14b,bgl,3,few_shot,79,True,KERNDTLB,True,high,Multiple TLB (Translation Lookaside Buffer) error interrupts indicate a potential hardware issue or severe memory corruption.,"{   ""is_anomaly"": true,   ""severity"": ""high"",   ""root_cause"": ""Multiple TLB (Translation Lookaside Buffer) error interrupts indicate a potential hardware issue or severe memory corruption."",   ""remediation"": ""Check system hardware for faults and perform memory diagnostics."" }",54.29,1082.28,85261
qwen2.5-14b,bgl,3,few_shot,80,False,NORMAL,True,medium,"DDR errors indicate hardware issues with memory modules, possibly due to faulty memory or overheating.","{   ""is_anomaly"": true,   ""severity"": ""medium"",   ""root_cause"": ""DDR errors indicate hardware issues with memory modules, possibly due to faulty memory or overheating."",   ""remediation"": ""Replace the faulty memory module or ensure proper cooling of the system."" }",54.29,1082.28,85261
qwen2.5-14b,bgl,3,few_shot,81,False,NORMAL,True,high,"Multiple core files are being generated, indicating potential crashes or segmentation faults in the system.","{   ""is_anomaly"": true,   ""severity"": ""high"",   ""root_cause"": ""Multiple core files are being generated, indicating potential crashes or segmentation faults in the system."",   ""remediation"": ""Investigate the application logs and system crash reports to identify and fix the underlying issues causing the crashes."" }",54.29,1082.28,85261
qwen2.5-14b,bgl,3,few_shot,82,True,KERNSTOR,True,high,"Repeated 'data storage interrupt' messages indicate a serious issue with data storage, possibly a hardware failure or severe I/O errors.","{   ""is_anomaly"": true,   ""severity"": ""high"",   ""root_cause"": ""Repeated 'data storage interrupt' messages indicate a serious issue with data storage, possibly a hardware failure or severe I/O errors."",   ""remediation"": ""Check storage hardware health and consider data replication or failover strategies."" }",54.29,1082.28,85261
qwen2.5-14b,bgl,3,few_shot,83,True,KERNRTSP,True,high,"System panic due to multiple ddr errors and retransmission errors, indicating potential hardware issues or severe data corruption.","{   ""is_anomaly"": true,   ""severity"": ""high"",   ""root_cause"": ""System panic due to multiple ddr errors and retransmission errors, indicating potential hardware issues or severe data corruption."",   ""remediation"": ""Perform hardware diagnostics and replace faulty components if necessary."" }",54.29,1082.28,85261
qwen2.5-14b,bgl,3,few_shot,84,False,NORMAL,True,high,"Multiple core files are being generated, indicating potential crashes or segmentation faults in the system.","{   ""is_anomaly"": true,   ""severity"": ""high"",   ""root_cause"": ""Multiple core files are being generated, indicating potential crashes or segmentation faults in the system."",   ""remediation"": ""Investigate the application logs and system crash reports to identify and fix the underlying issues causing the crashes."" }",54.29,1082.28,85261
qwen2.5-14b,bgl,3,few_shot,85,False,NORMAL,True,medium,"System is generating multiple core files, indicating potential crashes or unhandled exceptions.","{   ""is_anomaly"": true,   ""severity"": ""medium"",   ""root_cause"": ""System is generating multiple core files, indicating potential crashes or unhandled exceptions."",   ""remediation"": ""Investigate the application logs and system crashes to identify and fix the underlying issues causing core file generation."" }",54.29,1082.28,85261
qwen2.5-14b,bgl,3,few_shot,86,True,KERNSTOR,True,medium,"Data storage interrupt at a specific data address, indicating a potential hardware or software issue affecting data integrity.","{   ""is_anomaly"": true,   ""severity"": ""medium"",   ""root_cause"": ""Data storage interrupt at a specific data address, indicating a potential hardware or software issue affecting data integrity."",   ""remediation"": ""Check hardware health and software stability, and ensure data redundancy and backup."" }",54.29,1082.28,85261
qwen2.5-14b,bgl,3,few_shot,87,True,KERNTERM,True,high,"Kernel termination with reason 1004 indicates a critical system error, possibly a hardware failure or severe software bug.","{   ""is_anomaly"": true,   ""severity"": ""high"",   ""root_cause"": ""Kernel termination with reason 1004 indicates a critical system error, possibly a hardware failure or severe software bug."",   ""remediation"": ""Check system logs for more details, perform hardware diagnostics, and consider software updates or patches."" }",54.29,1082.28,85261
qwen2.5-14b,bgl,3,few_shot,88,True,APPSEV,True,high,"Multiple connections to the same IP have been severed, indicating a potential network issue or server instability.","{   ""is_anomaly"": true,   ""severity"": ""high"",   ""root_cause"": ""Multiple connections to the same IP have been severed, indicating a potential network issue or server instability."",   ""remediation"": ""Check network connectivity and server status for 172.16.96.116, and consider load balancing or failover strategies."" }",54.29,1082.28,85261
qwen2.5-14b,bgl,3,few_shot,89,True,KERNDTLB,True,high,Multiple TLB (Translation Lookaside Buffer) error interrupts indicate a potential hardware issue or severe memory corruption.,"{   ""is_anomaly"": true,   ""severity"": ""high"",   ""root_cause"": ""Multiple TLB (Translation Lookaside Buffer) error interrupts indicate a potential hardware issue or severe memory corruption."",   ""remediation"": ""Check system hardware for faults and perform memory diagnostics."" }",54.29,1082.28,85261
qwen2.5-14b,bgl,3,few_shot,90,True,KERNDTLB,True,high,Multiple TLB (Translation Lookaside Buffer) error interrupts indicate a potential hardware issue or severe memory corruption.,"{   ""is_anomaly"": true,   ""severity"": ""high"",   ""root_cause"": ""Multiple TLB (Translation Lookaside Buffer) error interrupts indicate a potential hardware issue or severe memory corruption."",   ""remediation"": ""Check system hardware for faults and perform memory diagnostics."" }",54.29,1082.28,85261
qwen2.5-14b,bgl,3,few_shot,91,True,APPREAD,True,medium,"Multiple failures to read message prefix on control stream, indicating potential network or service instability.","{   ""is_anomaly"": true,   ""severity"": ""medium"",   ""root_cause"": ""Multiple failures to read message prefix on control stream, indicating potential network or service instability."",   ""remediation"": ""Check network connectivity and service status of the target host 172.16.96.116."" }",54.29,1082.28,85261
qwen2.5-14b,bgl,3,few_shot,92,False,NORMAL,True,high,"Multiple core files are being generated, indicating potential crashes or segmentation faults in the system.","{   ""is_anomaly"": true,   ""severity"": ""high"",   ""root_cause"": ""Multiple core files are being generated, indicating potential crashes or segmentation faults in the system."",   ""remediation"": ""Investigate the application logs and system crash reports to identify and fix the underlying issues causing the crashes."" }",54.29,1082.28,85261
qwen2.5-14b,bgl,3,few_shot,93,False,NORMAL,True,high,"Multiple core files are being generated, indicating potential crashes or segmentation faults in the system.","{   ""is_anomaly"": true,   ""severity"": ""high"",   ""root_cause"": ""Multiple core files are being generated, indicating potential crashes or segmentation faults in the system."",   ""remediation"": ""Investigate the application logs and system crash reports to identify and fix the root cause of the crashes."" }",54.29,1082.28,85261
qwen2.5-14b,bgl,3,few_shot,94,True,KERNDTLB,True,high,Multiple TLB (Translation Lookaside Buffer) error interrupts indicate a potential hardware issue or severe memory corruption.,"{   ""is_anomaly"": true,   ""severity"": ""high"",   ""root_cause"": ""Multiple TLB (Translation Lookaside Buffer) error interrupts indicate a potential hardware issue or severe memory corruption."",   ""remediation"": ""Check system hardware for faults and perform memory diagnostics."" }",54.29,1082.28,85261
qwen2.5-14b,bgl,3,few_shot,95,False,NORMAL,False,low,none,"{   ""is_anomaly"": false,   ""severity"": ""low"",   ""root_cause"": ""none"",   ""remediation"": ""none"" } Based on the provided log entries, there is no clear indication of an anomaly or error. The logs appear to be hexadecimal or binary data and do not contain any error messages or warnings that would suggest a problem. Therefore, the system is operating normally with no detected issues. {""is_anomaly"": fal",54.29,1082.28,85261
qwen2.5-14b,bgl,3,few_shot,96,False,NORMAL,False,low,none,"{   ""is_anomaly"": false,   ""severity"": ""low"",   ""root_cause"": ""none"",   ""remediation"": ""none"" }",54.29,1082.28,85261
qwen2.5-14b,bgl,3,few_shot,97,True,KERNDTLB,True,high,Multiple TLB (Translation Lookaside Buffer) error interrupts indicate a potential hardware issue or severe memory corruption.,"{   ""is_anomaly"": true,   ""severity"": ""high"",   ""root_cause"": ""Multiple TLB (Translation Lookaside Buffer) error interrupts indicate a potential hardware issue or severe memory corruption."",   ""remediation"": ""Check system hardware for faults and perform memory diagnostics."" }",54.29,1082.28,85261
qwen2.5-14b,bgl,3,few_shot,98,False,NORMAL,True,medium,"The system encountered 'byte ordering exception' errors, indicating potential issues with data serialization or deserialization across different systems or platforms.","{   ""is_anomaly"": true,   ""severity"": ""medium"",   ""root_cause"": ""The system encountered 'byte ordering exception' errors, indicating potential issues with data serialization or deserialization across different systems or platforms."",   ""remediation"": ""Review and ensure consistent byte order handling in data processing and serialization/deserialization routines."" }",54.29,1082.28,85261
qwen2.5-14b,bgl,3,few_shot,99,False,NORMAL,True,high,"Multiple core files are being generated, indicating potential crashes or segmentation faults in the system.","{   ""is_anomaly"": true,   ""severity"": ""high"",   ""root_cause"": ""Multiple core files are being generated, indicating potential crashes or segmentation faults in the system."",   ""remediation"": ""Investigate the application logs and system crash reports to identify and fix the underlying issues causing the crashes."" }",54.29,1082.28,85261
qwen2.5-14b,bgl,3,few_shot,100,False,NORMAL,True,high,"Multiple core files are being generated, indicating potential crashes or segmentation faults in the system.","{   ""is_anomaly"": true,   ""severity"": ""high"",   ""root_cause"": ""Multiple core files are being generated, indicating potential crashes or segmentation faults in the system."",   ""remediation"": ""Investigate the application logs and system crash reports to identify and fix the underlying issues causing the crashes."" }",54.29,1082.28,85261
qwen2.5-14b,bgl,3,few_shot,101,True,KERNSTOR,True,high,"Repeated 'data storage interrupt' messages indicate a serious issue with data storage, possibly a hardware failure or severe I/O errors.","{   ""is_anomaly"": true,   ""severity"": ""high"",   ""root_cause"": ""Repeated 'data storage interrupt' messages indicate a serious issue with data storage, possibly a hardware failure or severe I/O errors."",   ""remediation"": ""Check storage hardware health and consider data replication or failover strategies."" }",54.29,1082.28,85261
qwen2.5-14b,bgl,3,few_shot,102,False,NORMAL,False,low,none,"{   ""is_anomaly"": false,   ""severity"": ""low"",   ""root_cause"": ""none"",   ""remediation"": ""none"" }",54.29,1082.28,85261
qwen2.5-14b,bgl,3,few_shot,103,True,KERNDTLB,True,high,Multiple TLB (Translation Lookaside Buffer) error interrupts indicate a potential hardware issue or severe memory corruption.,"{   ""is_anomaly"": true,   ""severity"": ""high"",   ""root_cause"": ""Multiple TLB (Translation Lookaside Buffer) error interrupts indicate a potential hardware issue or severe memory corruption."",   ""remediation"": ""Check system hardware for faults and perform memory diagnostics."" }",54.29,1082.28,85261
qwen2.5-14b,bgl,3,few_shot,104,False,NORMAL,True,high,"Multiple core files are being generated, indicating potential crashes or segmentation faults in the system.","{   ""is_anomaly"": true,   ""severity"": ""high"",   ""root_cause"": ""Multiple core files are being generated, indicating potential crashes or segmentation faults in the system."",   ""remediation"": ""Investigate the application logs and system crash reports to identify and fix the underlying issues causing the crashes."" }",54.29,1082.28,85261
qwen2.5-14b,bgl,3,few_shot,105,False,NORMAL,True,high,"A large number of alignment exceptions are being logged, indicating a potential issue with the double-hummer system.","{   ""is_anomaly"": true,   ""severity"": ""high"",   ""root_cause"": ""A large number of alignment exceptions are being logged, indicating a potential issue with the double-hummer system."",   ""remediation"": ""Investigate the double-hummer system for configuration issues or hardware failures causing alignment exceptions."" }",54.29,1082.28,85261
qwen2.5-14b,bgl,3,few_shot,106,True,KERNDTLB,True,high,Multiple TLB (Translation Lookaside Buffer) error interrupts indicate a potential hardware issue or severe memory corruption.,"{   ""is_anomaly"": true,   ""severity"": ""high"",   ""root_cause"": ""Multiple TLB (Translation Lookaside Buffer) error interrupts indicate a potential hardware issue or severe memory corruption."",   ""remediation"": ""Check system hardware for faults and perform memory diagnostics."" }",54.29,1082.28,85261
qwen2.5-14b,bgl,3,few_shot,107,True,KERNDTLB,True,high,Multiple TLB (Translation Lookaside Buffer) error interrupts indicate a potential hardware issue or severe memory corruption.,"{   ""is_anomaly"": true,   ""severity"": ""high"",   ""root_cause"": ""Multiple TLB (Translation Lookaside Buffer) error interrupts indicate a potential hardware issue or severe memory corruption."",   ""remediation"": ""Check system hardware for faults and perform memory diagnostics."" }",54.29,1082.28,85261
qwen2.5-14b,bgl,3,few_shot,108,True,KERNDTLB,True,high,Multiple TLB (Translation Lookaside Buffer) error interrupts indicate a potential hardware issue or severe memory corruption.,"{   ""is_anomaly"": true,   ""severity"": ""high"",   ""root_cause"": ""Multiple TLB (Translation Lookaside Buffer) error interrupts indicate a potential hardware issue or severe memory corruption."",   ""remediation"": ""Check system hardware for faults and perform memory diagnostics."" }",54.29,1082.28,85261
qwen2.5-14b,bgl,3,few_shot,109,True,APPREAD,True,medium,"Multiple failures to read message prefix on control stream, indicating potential network issues or resource exhaustion on the target host.","{   ""is_anomaly"": true,   ""severity"": ""medium"",   ""root_cause"": ""Multiple failures to read message prefix on control stream, indicating potential network issues or resource exhaustion on the target host."",   ""remediation"": ""Check network connectivity and resource usage on the target host 172.16.96.116."" }",54.29,1082.28,85261
qwen2.5-14b,bgl,3,few_shot,110,False,NORMAL,True,medium,"DDR errors detected and corrected, indicating potential hardware instability or memory issues.","{   ""is_anomaly"": true,   ""severity"": ""medium"",   ""root_cause"": ""DDR errors detected and corrected, indicating potential hardware instability or memory issues."",   ""remediation"": ""Monitor the system for recurring errors and consider hardware diagnostics or replacement."" }",54.29,1082.28,85261
qwen2.5-14b,bgl,3,few_shot,111,False,NORMAL,False,low,none,"{   ""is_anomaly"": false,   ""severity"": ""low"",   ""root_cause"": ""none"",   ""remediation"": ""none"" }",54.29,1082.28,85261
qwen2.5-14b,bgl,3,few_shot,112,True,KERNDTLB,True,high,Multiple TLB (Translation Lookaside Buffer) error interrupts indicate a potential hardware issue or severe memory corruption.,"{   ""is_anomaly"": true,   ""severity"": ""high"",   ""root_cause"": ""Multiple TLB (Translation Lookaside Buffer) error interrupts indicate a potential hardware issue or severe memory corruption."",   ""remediation"": ""Check system hardware for faults and perform memory diagnostics."" }",54.29,1082.28,85261
qwen2.5-14b,bgl,3,few_shot,113,False,NORMAL,True,medium,Repetitive floating point alignment exceptions indicate potential issues with data alignment or hardware incompatibility.,"{   ""is_anomaly"": true,   ""severity"": ""medium"",   ""root_cause"": ""Repetitive floating point alignment exceptions indicate potential issues with data alignment or hardware incompatibility."",   ""remediation"": ""Review data alignment and consider software or hardware updates to resolve alignment issues."" }",54.29,1082.28,85261
qwen2.5-14b,bgl,3,few_shot,114,True,APPSEV,True,high,"Multiple CioStream socket connections to the same IP have been severed, indicating a potential network issue or server instability.","{   ""is_anomaly"": true,   ""severity"": ""high"",   ""root_cause"": ""Multiple CioStream socket connections to the same IP have been severed, indicating a potential network issue or server instability."",   ""remediation"": ""Check network connectivity and server status for the affected IP address."" }",54.29,1082.28,85261
qwen2.5-14b,bgl,3,few_shot,115,False,NORMAL,True,medium,"The program image for ddcMDbglV is missing or invalid, preventing the ciod service from loading it properly.","{   ""is_anomaly"": true,   ""severity"": ""medium"",   ""root_cause"": ""The program image for ddcMDbglV is missing or invalid, preventing the ciod service from loading it properly."",   ""remediation"": ""Check if the file exists and is correctly installed, or reinstall the ddcMDbglV program image."" }",54.29,1082.28,85261
qwen2.5-14b,bgl,3,few_shot,116,True,KERNDTLB,True,high,Multiple TLB (Translation Lookaside Buffer) error interrupts indicate a potential hardware issue or severe memory corruption.,"{   ""is_anomaly"": true,   ""severity"": ""high"",   ""root_cause"": ""Multiple TLB (Translation Lookaside Buffer) error interrupts indicate a potential hardware issue or severe memory corruption."",   ""remediation"": ""Check system hardware for faults and perform memory diagnostics."" }",54.29,1082.28,85261
qwen2.5-14b,bgl,3,few_shot,117,False,NORMAL,True,high,"A large number of alignment exceptions are being reported, indicating a potential issue with the double-hummer system.","{   ""is_anomaly"": true,   ""severity"": ""high"",   ""root_cause"": ""A large number of alignment exceptions are being reported, indicating a potential issue with the double-hummer system."",   ""remediation"": ""Investigate the double-hummer system for configuration issues or hardware failures causing alignment exceptions."" }",54.29,1082.28,85261
qwen2.5-14b,bgl,3,few_shot,118,True,APPBUSY,True,medium,"The file /p/gb2/pakin1/sweep3d-5x5x400-10mk-3mmi-1024pes-sweep/sweep.map is busy, indicating a resource or device conflict.","{   ""is_anomaly"": true,   ""severity"": ""medium"",   ""root_cause"": ""The file /p/gb2/pakin1/sweep3d-5x5x400-10mk-3mmi-1024pes-sweep/sweep.map is busy, indicating a resource or device conflict."",   ""remediation"": ""Check if the file is being used by another process and terminate it if necessary."" }",54.29,1082.28,85261
qwen2.5-14b,bgl,3,few_shot,119,False,NORMAL,True,medium,"The program image for ddcMDbglV is missing or invalid, indicating a file system issue or misconfiguration.","{   ""is_anomaly"": true,   ""severity"": ""medium"",   ""root_cause"": ""The program image for ddcMDbglV is missing or invalid, indicating a file system issue or misconfiguration."",   ""remediation"": ""Check the file system for the correct presence and permissions of the ddcMDbglV binary."" }",54.29,1082.28,85261
qwen2.5-14b,bgl,3,few_shot,120,False,NORMAL,True,medium,Repeated parity errors in the data cache indicate potential data corruption or hardware issues.,"{   ""is_anomaly"": true,   ""severity"": ""medium"",   ""root_cause"": ""Repeated parity errors in the data cache indicate potential data corruption or hardware issues."",   ""remediation"": ""Run data integrity checks and inspect hardware for possible failures."" }",54.29,1082.28,85261
qwen2.5-14b,bgl,3,few_shot,121,True,KERNDTLB,True,high,Multiple TLB (Translation Lookaside Buffer) error interrupts indicate a potential hardware issue or severe memory corruption.,"{   ""is_anomaly"": true,   ""severity"": ""high"",   ""root_cause"": ""Multiple TLB (Translation Lookaside Buffer) error interrupts indicate a potential hardware issue or severe memory corruption."",   ""remediation"": ""Check system hardware for faults and perform memory diagnostics."" }",54.29,1082.28,85261
qwen2.5-14b,bgl,3,few_shot,122,False,NORMAL,True,high,Repeated 'privileged instruction' interrupts suggest a potential security breach or misconfiguration in the system.,"{   ""is_anomaly"": true,   ""severity"": ""high"",   ""root_cause"": ""Repeated 'privileged instruction' interrupts suggest a potential security breach or misconfiguration in the system."",   ""remediation"": ""Investigate system permissions and security logs for unauthorized access attempts."" }",54.29,1082.28,85261
qwen2.5-14b,bgl,3,few_shot,123,True,KERNMNT,True,high,"The system is unable to mount the filesystem, indicating a critical issue with storage or mount configuration.","{   ""is_anomaly"": true,   ""severity"": ""high"",   ""root_cause"": ""The system is unable to mount the filesystem, indicating a critical issue with storage or mount configuration."",   ""remediation"": ""Check the filesystem status and mount configuration, and ensure that the storage is accessible and properly formatted."" }",54.29,1082.28,85261
qwen2.5-14b,bgl,3,few_shot,124,False,NORMAL,True,high,"Multiple core dumps are being generated, indicating potential crashes or severe issues in the system.","{   ""is_anomaly"": true,   ""severity"": ""high"",   ""root_cause"": ""Multiple core dumps are being generated, indicating potential crashes or severe issues in the system."",   ""remediation"": ""Investigate the application logs and system health to identify and address the root cause of the crashes."" }",54.29,1082.28,85261
qwen2.5-14b,bgl,3,few_shot,125,True,KERNDTLB,True,high,Multiple TLB (Translation Lookaside Buffer) error interrupts indicate a potential hardware issue or severe memory corruption.,"{   ""is_anomaly"": true,   ""severity"": ""high"",   ""root_cause"": ""Multiple TLB (Translation Lookaside Buffer) error interrupts indicate a potential hardware issue or severe memory corruption."",   ""remediation"": ""Check system hardware for faults and perform memory diagnostics."" }",54.29,1082.28,85261
qwen2.5-14b,bgl,3,few_shot,126,True,APPSEV,True,medium,"Socket connections to the specified IP address were severed, indicating a possible network issue or server shutdown.","{   ""is_anomaly"": true,   ""severity"": ""medium"",   ""root_cause"": ""Socket connections to the specified IP address were severed, indicating a possible network issue or server shutdown."",   ""remediation"": ""Check network connectivity and server status for the IP address 172.16.96.116."" }",54.29,1082.28,85261
qwen2.5-14b,bgl,3,few_shot,127,True,KERNDTLB,True,high,Multiple TLB (Translation Lookaside Buffer) error interrupts indicate a potential hardware issue or severe memory corruption.,"{   ""is_anomaly"": true,   ""severity"": ""high"",   ""root_cause"": ""Multiple TLB (Translation Lookaside Buffer) error interrupts indicate a potential hardware issue or severe memory corruption."",   ""remediation"": ""Check system hardware for faults and perform memory diagnostics."" }",54.29,1082.28,85261
qwen2.5-14b,bgl,3,few_shot,128,False,NORMAL,False,low,none,"{   ""is_anomaly"": false,   ""severity"": ""low"",   ""root_cause"": ""none"",   ""remediation"": ""none"" }",54.29,1082.28,85261
qwen2.5-14b,bgl,3,few_shot,129,False,NORMAL,True,high,"System is generating multiple core files, indicating potential crashes or severe issues in the application.","{   ""is_anomaly"": true,   ""severity"": ""high"",   ""root_cause"": ""System is generating multiple core files, indicating potential crashes or severe issues in the application."",   ""remediation"": ""Investigate the application logs and system crash reports to identify and fix the underlying issues causing the core dumps."" }",54.29,1082.28,85261
qwen2.5-14b,bgl,3,few_shot,130,True,KERNSTOR,True,high,"Repeated 'data storage interrupt' messages indicate a serious issue with data storage, possibly a hardware failure or severe I/O errors.","{   ""is_anomaly"": true,   ""severity"": ""high"",   ""root_cause"": ""Repeated 'data storage interrupt' messages indicate a serious issue with data storage, possibly a hardware failure or severe I/O errors."",   ""remediation"": ""Check storage hardware health and consider data replication or failover strategies."" }",54.29,1082.28,85261
qwen2.5-14b,bgl,3,few_shot,131,True,KERNDTLB,True,high,Multiple TLB (Translation Lookaside Buffer) error interrupts indicate a potential hardware issue or severe memory corruption.,"{   ""is_anomaly"": true,   ""severity"": ""high"",   ""root_cause"": ""Multiple TLB (Translation Lookaside Buffer) error interrupts indicate a potential hardware issue or severe memory corruption."",   ""remediation"": ""Check system hardware for faults and perform memory diagnostics."" }",54.29,1082.28,85261
qwen2.5-14b,bgl,3,few_shot,132,False,NORMAL,False,low,none,"{   ""is_anomaly"": false,   ""severity"": ""low"",   ""root_cause"": ""none"",   ""remediation"": ""none"" } Based on the provided log entries, there is no indication of any errors or anomalies. The logs appear to be repeating entries of the same format without any error messages or warnings, suggesting normal operation. Therefore, the analysis concludes that there is no anomaly, and no remediation is required",54.29,1082.28,85261
qwen2.5-14b,bgl,3,few_shot,133,False,NORMAL,True,medium,"Instruction cache parity errors indicate hardware issues, possibly memory corruption or failing hardware components.","{   ""is_anomaly"": true,   ""severity"": ""medium"",   ""root_cause"": ""Instruction cache parity errors indicate hardware issues, possibly memory corruption or failing hardware components."",   ""remediation"": ""Run hardware diagnostics and replace faulty memory modules if identified."" }",54.29,1082.28,85261
qwen2.5-14b,bgl,3,few_shot,134,False,NORMAL,True,high,"Multiple core files are being generated, indicating potential crashes or segmentation faults in the system.","{   ""is_anomaly"": true,   ""severity"": ""high"",   ""root_cause"": ""Multiple core files are being generated, indicating potential crashes or segmentation faults in the system."",   ""remediation"": ""Investigate the application logs and system crash reports to identify and fix the underlying issue causing the crashes."" }",54.29,1082.28,85261
qwen2.5-14b,bgl,3,few_shot,135,False,NORMAL,True,high,Multiple 'double-hummer alignment exceptions' indicate a serious issue with the system's alignment or synchronization process.,"{   ""is_anomaly"": true,   ""severity"": ""high"",   ""root_cause"": ""Multiple 'double-hummer alignment exceptions' indicate a serious issue with the system's alignment or synchronization process."",   ""remediation"": ""Review and correct the alignment process, possibly updating or reconfiguring the system's alignment parameters."" }",54.29,1082.28,85261
qwen2.5-14b,bgl,3,few_shot,136,True,APPSEV,True,high,"Multiple CioStream socket errors indicating severed connections, likely due to network instability or server shutdown.","{   ""is_anomaly"": true,   ""severity"": ""high"",   ""root_cause"": ""Multiple CioStream socket errors indicating severed connections, likely due to network instability or server shutdown."",   ""remediation"": ""Check network connectivity and server status, and consider increasing connection timeout settings."" }",54.29,1082.28,85261
qwen2.5-14b,bgl,3,few_shot,137,False,NORMAL,True,high,"Multiple core files are being generated, indicating potential crashes or segmentation faults in the system.","{   ""is_anomaly"": true,   ""severity"": ""high"",   ""root_cause"": ""Multiple core files are being generated, indicating potential crashes or segmentation faults in the system."",   ""remediation"": ""Investigate the application logs and system crash reports to identify and fix the underlying issues causing the crashes."" }",54.29,1082.28,85261
qwen2.5-14b,bgl,3,few_shot,138,True,KERNDTLB,True,high,Multiple TLB (Translation Lookaside Buffer) error interrupts indicate a potential hardware issue or severe memory corruption.,"{   ""is_anomaly"": true,   ""severity"": ""high"",   ""root_cause"": ""Multiple TLB (Translation Lookaside Buffer) error interrupts indicate a potential hardware issue or severe memory corruption."",   ""remediation"": ""Check system hardware for faults and perform memory diagnostics."" }",54.29,1082.28,85261
qwen2.5-14b,bgl,3,few_shot,139,True,KERNDTLB,True,high,Multiple TLB (Translation Lookaside Buffer) error interrupts indicate a potential hardware issue or severe memory corruption.,"{   ""is_anomaly"": true,   ""severity"": ""high"",   ""root_cause"": ""Multiple TLB (Translation Lookaside Buffer) error interrupts indicate a potential hardware issue or severe memory corruption."",   ""remediation"": ""Check system hardware for faults and perform memory diagnostics."" }",54.29,1082.28,85261
qwen2.5-14b,bgl,3,few_shot,140,False,NORMAL,True,medium,"Multiple core files are being generated, indicating potential crashes or segmentation faults in the system.","{   ""is_anomaly"": true,   ""severity"": ""medium"",   ""root_cause"": ""Multiple core files are being generated, indicating potential crashes or segmentation faults in the system."",   ""remediation"": ""Investigate the application logs and system crash reports to identify and fix the root cause of the crashes."" }",54.29,1082.28,85261
qwen2.5-14b,bgl,3,few_shot,141,False,NORMAL,False,low,none,"{""is_anomaly"": false, ""severity"": ""low"", ""root_cause"": ""none"", ""remediation"": ""none""}",54.29,1082.28,85261
qwen2.5-14b,bgl,3,few_shot,142,True,KERNSTOR,True,medium,Data storage interrupt indicates a potential issue with data persistence or storage subsystem.,"{   ""is_anomaly"": true,   ""severity"": ""medium"",   ""root_cause"": ""Data storage interrupt indicates a potential issue with data persistence or storage subsystem."",   ""remediation"": ""Check storage subsystem health and ensure proper error handling and logging for interrupts."" }",54.29,1082.28,85261
qwen2.5-14b,bgl,3,few_shot,143,False,NORMAL,True,high,"Multiple core files are being generated, indicating potential crashes or segmentation faults in the system.","{   ""is_anomaly"": true,   ""severity"": ""high"",   ""root_cause"": ""Multiple core files are being generated, indicating potential crashes or segmentation faults in the system."",   ""remediation"": ""Investigate the application logs and system crash dumps to identify and fix the root cause of the crashes."" }",54.29,1082.28,85261
qwen2.5-14b,bgl,3,few_shot,144,True,APPSEV,True,high,"Multiple connections to the same IP have been severed, indicating a potential network issue or server instability.","{   ""is_anomaly"": true,   ""severity"": ""high"",   ""root_cause"": ""Multiple connections to the same IP have been severed, indicating a potential network issue or server instability."",   ""remediation"": ""Check network connectivity and server status for 172.16.96.116, and consider load balancing or failover strategies."" }",54.29,1082.28,85261
qwen2.5-14b,bgl,3,few_shot,145,False,NORMAL,True,medium,"The system is encountering 'illegal instruction' errors, indicating a possible issue with the program code or a mismatch between the code and the CPU architecture.","{   ""is_anomaly"": true,   ""severity"": ""medium"",   ""root_cause"": ""The system is encountering 'illegal instruction' errors, indicating a possible issue with the program code or a mismatch between the code and the CPU architecture."",   ""remediation"": ""Review and update the program code to ensure it is compatible with the CPU architecture, or update the CPU microcode if necessary."" }",54.29,1082.28,85261
qwen2.5-14b,bgl,3,few_shot,146,True,KERNDTLB,True,high,Multiple TLB (Translation Lookaside Buffer) error interrupts indicate a potential hardware issue or severe memory corruption.,"{   ""is_anomaly"": true,   ""severity"": ""high"",   ""root_cause"": ""Multiple TLB (Translation Lookaside Buffer) error interrupts indicate a potential hardware issue or severe memory corruption."",   ""remediation"": ""Check system hardware for faults and perform memory diagnostics."" }",54.29,1082.28,85261
qwen2.5-14b,bgl,3,few_shot,147,True,KERNDTLB,True,high,Multiple TLB (Translation Lookaside Buffer) error interrupts indicate a potential hardware issue or severe memory corruption.,"{   ""is_anomaly"": true,   ""severity"": ""high"",   ""root_cause"": ""Multiple TLB (Translation Lookaside Buffer) error interrupts indicate a potential hardware issue or severe memory corruption."",   ""remediation"": ""Check system hardware for faults and perform memory diagnostics."" }",54.29,1082.28,85261
qwen2.5-14b,bgl,3,few_shot,148,False,NORMAL,True,medium,"Multiple core files are being generated, indicating potential crashes or segmentation faults in the system.","{   ""is_anomaly"": true,   ""severity"": ""medium"",   ""root_cause"": ""Multiple core files are being generated, indicating potential crashes or segmentation faults in the system."",   ""remediation"": ""Investigate the applications generating core files and address any bugs or memory issues."" }",54.29,1082.28,85261
qwen2.5-14b,bgl,3,few_shot,149,True,KERNMNTF,True,high,"Multiple Lustre mounts failed for the same mount point, indicating a potential issue with the Lustre file system or network connectivity.","{   ""is_anomaly"": true,   ""severity"": ""high"",   ""root_cause"": ""Multiple Lustre mounts failed for the same mount point, indicating a potential issue with the Lustre file system or network connectivity."",   ""remediation"": ""Check Lustre file system status and network connectivity between the clients and the Lustre servers."" }",54.29,1082.28,85261
qwen2.5-14b,hdfs,3,few_shot,150,True,Anomaly,False,low,none,"{   ""is_anomaly"": false,   ""severity"": ""low"",   ""root_cause"": ""none"",   ""remediation"": ""none"" } Based on the provided log entries, there are multiple instances of blocks being received by different DataNodes, which is a normal operation in a distributed file system like Hadoop HDFS. There are no errors or warnings indicating any issues, so this log window does not indicate an anomaly. Therefore, t",54.29,1082.28,85261
qwen2.5-14b,hdfs,3,few_shot,151,True,Anomaly,False,low,none,"{   ""is_anomaly"": false,   ""severity"": ""low"",   ""root_cause"": ""none"",   ""remediation"": ""none"" }",54.29,1082.28,85261
qwen2.5-14b,hdfs,3,few_shot,152,True,Anomaly,True,medium,"DataNode encountered an IOException while writing a block, indicating a potential issue with data corruption or network instability.","{   ""is_anomaly"": true,   ""severity"": ""medium"",   ""root_cause"": ""DataNode encountered an IOException while writing a block, indicating a potential issue with data corruption or network instability."",   ""remediation"": ""Check the integrity of the data being written and monitor network conditions between nodes."" }",54.29,1082.28,85261
qwen2.5-14b,hdfs,3,few_shot,153,True,Anomaly,False,low,none,"{   ""is_anomaly"": false,   ""severity"": ""low"",   ""root_cause"": ""none"",   ""remediation"": ""none"" }",54.29,1082.28,85261
qwen2.5-14b,hdfs,3,few_shot,154,True,Anomaly,False,low,none,"{   ""is_anomaly"": false,   ""severity"": ""low"",   ""root_cause"": ""none"",   ""remediation"": ""none"" }",54.29,1082.28,85261
qwen2.5-14b,hdfs,3,few_shot,155,False,NORMAL,False,low,none,"{   ""is_anomaly"": false,   ""severity"": ""low"",   ""root_cause"": ""none"",   ""remediation"": ""none"" } Based on the provided log entries, there are no indications of errors or anomalies. The logs show normal operations of the DataNode receiving and processing blocks, with no exceptions or warnings. Therefore, the system is operating as expected without any issues that require attention.   If you need a m",54.29,1082.28,85261
qwen2.5-14b,hdfs,3,few_shot,156,False,NORMAL,False,low,none,"{   ""is_anomaly"": false,   ""severity"": ""low"",   ""root_cause"": ""none"",   ""remediation"": ""none"" }",54.29,1082.28,85261
qwen2.5-14b,hdfs,3,few_shot,157,True,Anomaly,False,low,none,"{   ""is_anomaly"": false,   ""severity"": ""low"",   ""root_cause"": ""none"",   ""remediation"": ""none"" } Based on the provided log entries, there are no indications of errors or anomalies. The logs show that the DataNode is receiving blocks from different nodes, and some PacketResponders are terminating, which is a normal operation. Therefore, the system is functioning as expected without any issues that r",54.29,1082.28,85261
qwen2.5-14b,hdfs,3,few_shot,158,True,Anomaly,False,low,none,"{   ""is_anomaly"": false,   ""severity"": ""low"",   ""root_cause"": ""none"",   ""remediation"": ""none"" } Based on the provided log entries, there is no indication of an anomaly. The logs show normal operations of a DataNode receiving a block and deleting other blocks, which is typical behavior in a Hadoop Distributed File System (HDFS) environment. Therefore, the system is functioning as expected without a",54.29,1082.28,85261
qwen2.5-14b,hdfs,3,few_shot,159,False,NORMAL,False,low,none,"{   ""is_anomaly"": false,   ""severity"": ""low"",   ""root_cause"": ""none"",   ""remediation"": ""none"" }",54.29,1082.28,85261
qwen2.5-14b,hdfs,3,few_shot,160,False,NORMAL,False,low,none,"{   ""is_anomaly"": false,   ""severity"": ""low"",   ""root_cause"": ""none"",   ""remediation"": ""none"" }",54.29,1082.28,85261
qwen2.5-14b,hdfs,3,few_shot,161,False,NORMAL,False,low,none,"{   ""is_anomaly"": false,   ""severity"": ""low"",   ""root_cause"": ""none"",   ""remediation"": ""none"" }",54.29,1082.28,85261
qwen2.5-14b,hdfs,3,few_shot,162,True,Anomaly,False,low,none,"{   ""is_anomaly"": false,   ""severity"": ""low"",   ""root_cause"": ""none"",   ""remediation"": ""none"" } Based on the provided log entries, there are no errors or warnings indicating any issues. The logs show normal operations of the DataNode receiving and transmitting blocks, and the termination of PacketResponder instances, which is expected behavior. Therefore, there is no anomaly detected.   However, i",54.29,1082.28,85261
qwen2.5-14b,hdfs,3,few_shot,163,False,NORMAL,True,medium,"Exceptions occurred while serving blocks to clients, indicating potential transient network issues or client-side problems.","{   ""is_anomaly"": true,   ""severity"": ""medium"",   ""root_cause"": ""Exceptions occurred while serving blocks to clients, indicating potential transient network issues or client-side problems."",   ""remediation"": ""Monitor network conditions and client requests, and consider increasing retry limits for block transfers."" }",54.29,1082.28,85261
qwen2.5-14b,hdfs,3,few_shot,164,False,NORMAL,False,low,none,"{   ""is_anomaly"": false,   ""severity"": ""low"",   ""root_cause"": ""none"",   ""remediation"": ""none"" }",54.29,1082.28,85261
qwen2.5-14b,hdfs,3,few_shot,165,False,NORMAL,False,low,none,"{   ""is_anomaly"": false,   ""severity"": ""low"",   ""root_cause"": ""none"",   ""remediation"": ""none"" }",54.29,1082.28,85261
qwen2.5-14b,hdfs,3,few_shot,166,False,NORMAL,True,medium,"Blocks are being marked as invalid on multiple DataNodes, indicating potential data corruption or node failure.","{   ""is_anomaly"": true,   ""severity"": ""medium"",   ""root_cause"": ""Blocks are being marked as invalid on multiple DataNodes, indicating potential data corruption or node failure."",   ""remediation"": ""Check the health of the DataNodes and the integrity of the blocks. Consider running a data integrity check and repairing any corrupted blocks."" }",54.29,1082.28,85261
qwen2.5-14b,hdfs,3,few_shot,167,True,Anomaly,False,low,none,"{   ""is_anomaly"": false,   ""severity"": ""low"",   ""root_cause"": ""none"",   ""remediation"": ""none"" }",54.29,1082.28,85261
qwen2.5-14b,hdfs,3,few_shot,168,False,NORMAL,False,low,none,"{   ""is_anomaly"": false,   ""severity"": ""low"",   ""root_cause"": ""none"",   ""remediation"": ""none"" }",54.29,1082.28,85261
qwen2.5-14b,hdfs,3,few_shot,169,False,NORMAL,False,low,none,"{   ""is_anomaly"": false,   ""severity"": ""low"",   ""root_cause"": ""none"",   ""remediation"": ""none"" }",54.29,1082.28,85261
qwen2.5-14b,hdfs,3,few_shot,170,False,NORMAL,False,low,none,"{   ""is_anomaly"": false,   ""severity"": ""low"",   ""root_cause"": ""none"",   ""remediation"": ""none"" }",54.29,1082.28,85261
qwen2.5-14b,hdfs,3,few_shot,171,False,NORMAL,False,low,none,"{   ""is_anomaly"": false,   ""severity"": ""low"",   ""root_cause"": ""none"",   ""remediation"": ""none"" } Based on the provided log entries, there are no indications of errors or anomalies. The logs show normal operations of the DataNode receiving and processing blocks, with no exceptions or warnings. Therefore, the system is operating as expected without any issues that require attention.   If you need fur",54.29,1082.28,85261
qwen2.5-14b,hdfs,3,few_shot,172,True,Anomaly,False,low,none,"{   ""is_anomaly"": false,   ""severity"": ""low"",   ""root_cause"": ""none"",   ""remediation"": ""none"" }",54.29,1082.28,85261
qwen2.5-14b,hdfs,3,few_shot,173,True,Anomaly,False,low,none,"{   ""is_anomaly"": false,   ""severity"": ""low"",   ""root_cause"": ""none"",   ""remediation"": ""none"" }",54.29,1082.28,85261
qwen2.5-14b,hdfs,3,few_shot,174,False,NORMAL,False,low,none,"{   ""is_anomaly"": false,   ""severity"": ""low"",   ""root_cause"": ""none"",   ""remediation"": ""none"" }",54.29,1082.28,85261
qwen2.5-14b,hdfs,3,few_shot,175,False,NORMAL,False,low,none,"{   ""is_anomaly"": false,   ""severity"": ""low"",   ""root_cause"": ""none"",   ""remediation"": ""none"" } Based on the provided log entries, the system is simply marking certain blocks as invalid and adding them to the invalid set of specific DataNodes. This is a normal operation and does not indicate an anomaly or issue. Therefore, the JSON response reflects that there is no anomaly, low severity, no root ",54.29,1082.28,85261
qwen2.5-14b,hdfs,3,few_shot,176,True,Anomaly,False,low,none,"{   ""is_anomaly"": false,   ""severity"": ""low"",   ""root_cause"": ""none"",   ""remediation"": ""none"" }",54.29,1082.28,85261
qwen2.5-14b,hdfs,3,few_shot,177,True,Anomaly,False,low,none,"{   ""is_anomaly"": false,   ""severity"": ""low"",   ""root_cause"": ""none"",   ""remediation"": ""none"" } Based on the provided log entries, there are no indications of errors or anomalies. The logs show normal operations of the DataNode receiving and processing blocks, with no exceptions or warnings. Therefore, the system is operating as expected without any issues that require attention.   Please note tha",54.29,1082.28,85261
qwen2.5-14b,hdfs,3,few_shot,178,False,NORMAL,False,low,none,"{   ""is_anomaly"": false,   ""severity"": ""low"",   ""root_cause"": ""none"",   ""remediation"": ""none"" } Based on the provided log entries, there are no errors or warnings indicating any issues. The logs show normal operations of the DataNode receiving and serving blocks, which is expected behavior. Therefore, there is no anomaly detected.   If you need further analysis or have additional logs to review, p",54.29,1082.28,85261
qwen2.5-14b,hdfs,3,few_shot,179,False,NORMAL,False,low,none,"{   ""is_anomaly"": false,   ""severity"": ""low"",   ""root_cause"": ""none"",   ""remediation"": ""none"" }",54.29,1082.28,85261
qwen2.5-14b,hdfs,3,few_shot,180,True,Anomaly,False,low,none,"{   ""is_anomaly"": false,   ""severity"": ""low"",   ""root_cause"": ""none"",   ""remediation"": ""none"" }",54.29,1082.28,85261
qwen2.5-14b,hdfs,3,few_shot,181,False,NORMAL,False,low,none,"{   ""is_anomaly"": false,   ""severity"": ""low"",   ""root_cause"": ""none"",   ""remediation"": ""none"" }",54.29,1082.28,85261
qwen2.5-14b,hdfs,3,few_shot,182,True,Anomaly,True,medium,"Receiving an empty packet for a block, indicating potential corruption or premature end of data transfer.","{   ""is_anomaly"": true,   ""severity"": ""medium"",   ""root_cause"": ""Receiving an empty packet for a block, indicating potential corruption or premature end of data transfer."",   ""remediation"": ""Verify the integrity of the block data and consider restarting the DataNode service."" }",54.29,1082.28,85261
qwen2.5-14b,hdfs,3,few_shot,183,True,Anomaly,False,low,none,"{   ""is_anomaly"": false,   ""severity"": ""low"",   ""root_cause"": ""none"",   ""remediation"": ""none"" }",54.29,1082.28,85261
qwen2.5-14b,hdfs,3,few_shot,184,True,Anomaly,True,medium,"Exception occurred while serving a block to a client, indicating a potential issue with block serving or client connectivity.","{   ""is_anomaly"": true,   ""severity"": ""medium"",   ""root_cause"": ""Exception occurred while serving a block to a client, indicating a potential issue with block serving or client connectivity."",   ""remediation"": ""Check the logs for more details on the exception and ensure client connectivity and block availability."" }",54.29,1082.28,85261
qwen2.5-14b,hdfs,3,few_shot,185,False,NORMAL,False,low,none,"{   ""is_anomaly"": false,   ""severity"": ""low"",   ""root_cause"": ""none"",   ""remediation"": ""none"" }",54.29,1082.28,85261
qwen2.5-14b,hdfs,3,few_shot,186,True,Anomaly,False,low,none,"{   ""is_anomaly"": false,   ""severity"": ""low"",   ""root_cause"": ""none"",   ""remediation"": ""none"" }",54.29,1082.28,85261
qwen2.5-14b,hdfs,3,few_shot,187,False,NORMAL,False,low,none,"{   ""is_anomaly"": false,   ""severity"": ""low"",   ""root_cause"": ""none"",   ""remediation"": ""none"" }",54.29,1082.28,85261
qwen2.5-14b,hdfs,3,few_shot,188,True,Anomaly,False,low,none,"{   ""is_anomaly"": false,   ""severity"": ""low"",   ""root_cause"": ""none"",   ""remediation"": ""none"" }",54.29,1082.28,85261
qwen2.5-14b,hdfs,3,few_shot,189,False,NORMAL,False,low,none,"{   ""is_anomaly"": false,   ""severity"": ""low"",   ""root_cause"": ""none"",   ""remediation"": ""none"" }",54.29,1082.28,85261
qwen2.5-14b,hdfs,3,few_shot,190,True,Anomaly,False,low,none,"{   ""is_anomaly"": false,   ""severity"": ""low"",   ""root_cause"": ""none"",   ""remediation"": ""none"" } Based on the provided log entries, there are no errors or warnings indicating any issues. The logs show normal operations of the DataNode receiving and serving blocks, which is expected behavior. Therefore, there is no anomaly detected.   If you need further analysis or have additional logs to review, p",54.29,1082.28,85261
qwen2.5-14b,hdfs,3,few_shot,191,True,Anomaly,False,low,none,"{   ""is_anomaly"": false,   ""severity"": ""low"",   ""root_cause"": ""none"",   ""remediation"": ""none"" }",54.29,1082.28,85261
qwen2.5-14b,hdfs,3,few_shot,192,False,NORMAL,False,low,none,"{   ""is_anomaly"": false,   ""severity"": ""low"",   ""root_cause"": ""none"",   ""remediation"": ""none"" }",54.29,1082.28,85261
qwen2.5-14b,hdfs,3,few_shot,193,True,Anomaly,False,low,none,"{   ""is_anomaly"": false,   ""severity"": ""low"",   ""root_cause"": ""none"",   ""remediation"": ""none"" } Based on the provided log entries, there are no indications of errors or anomalies. The logs show normal operations of DataNode receiving and responding to block transfers, which is expected behavior in a healthy Hadoop Distributed File System (HDFS) environment. Therefore, no anomaly is detected.   If ",54.29,1082.28,85261
qwen2.5-14b,hdfs,3,few_shot,194,True,Anomaly,False,low,none,"{   ""is_anomaly"": false,   ""severity"": ""low"",   ""root_cause"": ""none"",   ""remediation"": ""none"" }",54.29,1082.28,85261
qwen2.5-14b,hdfs,3,few_shot,195,False,NORMAL,False,low,none,"{   ""is_anomaly"": false,   ""severity"": ""low"",   ""root_cause"": ""none"",   ""remediation"": ""none"" }",54.29,1082.28,85261
qwen2.5-14b,hdfs,3,few_shot,196,False,NORMAL,False,low,none,"{   ""is_anomaly"": false,   ""severity"": ""low"",   ""root_cause"": ""none"",   ""remediation"": ""none"" }",54.29,1082.28,85261
qwen2.5-14b,hdfs,3,few_shot,197,True,Anomaly,False,low,none,"{   ""is_anomaly"": false,   ""severity"": ""low"",   ""root_cause"": ""none"",   ""remediation"": ""none"" }",54.29,1082.28,85261
qwen2.5-14b,hdfs,3,few_shot,198,True,Anomaly,False,low,none,"{   ""is_anomaly"": false,   ""severity"": ""low"",   ""root_cause"": ""none"",   ""remediation"": ""none"" }",54.29,1082.28,85261
qwen2.5-14b,hdfs,3,few_shot,199,True,Anomaly,False,low,none,"{   ""is_anomaly"": false,   ""severity"": ""low"",   ""root_cause"": ""none"",   ""remediation"": ""none"" }",54.29,1082.28,85261
qwen2.5-14b,hdfs,3,few_shot,200,False,NORMAL,False,low,none,"{   ""is_anomaly"": false,   ""severity"": ""low"",   ""root_cause"": ""none"",   ""remediation"": ""none"" }",54.29,1082.28,85261
qwen2.5-14b,hdfs,3,few_shot,201,True,Anomaly,True,medium,"Exceptions occurred while serving blocks to clients, indicating potential issues with block transfers.","{   ""is_anomaly"": true,   ""severity"": ""medium"",   ""root_cause"": ""Exceptions occurred while serving blocks to clients, indicating potential issues with block transfers."",   ""remediation"": ""Review and increase retry logic for block transfers and monitor client connectivity issues."" }",54.29,1082.28,85261
qwen2.5-14b,hdfs,3,few_shot,202,True,Anomaly,False,low,none,"{   ""is_anomaly"": false,   ""severity"": ""low"",   ""root_cause"": ""none"",   ""remediation"": ""none"" }",54.29,1082.28,85261
qwen2.5-14b,hdfs,3,few_shot,203,False,NORMAL,False,low,none,"{   ""is_anomaly"": false,   ""severity"": ""low"",   ""root_cause"": ""none"",   ""remediation"": ""none"" } Based on the provided log entries, the system is performing normal operations of allocating and adding blocks to the block map, which is expected behavior in a distributed file system like Hadoop HDFS. There are no error messages or indications of failures or anomalies in the logs provided. Therefore, t",54.29,1082.28,85261
qwen2.5-14b,hdfs,3,few_shot,204,True,Anomaly,False,low,none,"{   ""is_anomaly"": false,   ""severity"": ""low"",   ""root_cause"": ""none"",   ""remediation"": ""none"" }",54.29,1082.28,85261
qwen2.5-14b,hdfs,3,few_shot,205,False,NORMAL,False,low,none,"{   ""is_anomaly"": false,   ""severity"": ""low"",   ""root_cause"": ""none"",   ""remediation"": ""none"" }",54.29,1082.28,85261
qwen2.5-14b,hdfs,3,few_shot,206,False,NORMAL,False,low,none,"{   ""is_anomaly"": false,   ""severity"": ""low"",   ""root_cause"": ""none"",   ""remediation"": ""none"" }",54.29,1082.28,85261
qwen2.5-14b,hdfs,3,few_shot,207,False,NORMAL,False,low,none,"{   ""is_anomaly"": false,   ""severity"": ""low"",   ""root_cause"": ""none"",   ""remediation"": ""none"" }",54.29,1082.28,85261
qwen2.5-14b,hdfs,3,few_shot,208,False,NORMAL,False,low,none,"{   ""is_anomaly"": false,   ""severity"": ""low"",   ""root_cause"": ""none"",   ""remediation"": ""none"" }",54.29,1082.28,85261
qwen2.5-14b,hdfs,3,few_shot,209,True,Anomaly,False,low,none,"{   ""is_anomaly"": false,   ""severity"": ""low"",   ""root_cause"": ""none"",   ""remediation"": ""none"" } Based on the provided log entries, there are multiple instances of blocks being received and processed by the DataNode, which appears to be normal operation without any errors or warnings indicating a problem. Therefore, no anomaly is detected.   However, the log does show a termination of a PacketRespo",54.29,1082.28,85261
qwen2.5-14b,hdfs,3,few_shot,210,False,NORMAL,False,low,none,"{   ""is_anomaly"": false,   ""severity"": ""low"",   ""root_cause"": ""none"",   ""remediation"": ""none"" } Based on the provided log entries, the system is marking certain blocks as invalid and adding them to the invalid set of specific DataNodes. This is a normal operation in Hadoop Distributed File System (HDFS) where the NameNode is managing the state of blocks, possibly due to a cleanup or corruption det",54.29,1082.28,85261
qwen2.5-14b,hdfs,3,few_shot,211,True,Anomaly,False,low,none,"{   ""is_anomaly"": false,   ""severity"": ""low"",   ""root_cause"": ""none"",   ""remediation"": ""none"" } Based on the provided log entries, there are no indications of errors or anomalies. The logs show normal operations of the DataNode receiving and processing blocks, with no exceptions or warnings. Therefore, the system is operating as expected without any issues that require attention.   If you need fur",54.29,1082.28,85261
qwen2.5-14b,hdfs,3,few_shot,212,False,NORMAL,False,low,none,"{   ""is_anomaly"": false,   ""severity"": ""low"",   ""root_cause"": ""none"",   ""remediation"": ""none"" }",54.29,1082.28,85261
qwen2.5-14b,hdfs,3,few_shot,213,True,Anomaly,False,low,none,"{   ""is_anomaly"": false,   ""severity"": ""low"",   ""root_cause"": ""none"",   ""remediation"": ""none"" }",54.29,1082.28,85261
qwen2.5-14b,hdfs,3,few_shot,214,True,Anomaly,False,low,none,"{   ""is_anomaly"": false,   ""severity"": ""low"",   ""root_cause"": ""none"",   ""remediation"": ""none"" }",54.29,1082.28,85261
qwen2.5-14b,hdfs,3,few_shot,215,True,Anomaly,False,low,none,"{   ""is_anomaly"": false,   ""severity"": ""low"",   ""root_cause"": ""none"",   ""remediation"": ""none"" }",54.29,1082.28,85261
qwen2.5-14b,hdfs,3,few_shot,216,False,NORMAL,False,low,none,"{   ""is_anomaly"": false,   ""severity"": ""low"",   ""root_cause"": ""none"",   ""remediation"": ""none"" }",54.29,1082.28,85261
qwen2.5-14b,hdfs,3,few_shot,217,False,NORMAL,False,low,none,"{   ""is_anomaly"": false,   ""severity"": ""low"",   ""root_cause"": ""none"",   ""remediation"": ""none"" }",54.29,1082.28,85261
qwen2.5-14b,hdfs,3,few_shot,218,True,Anomaly,False,low,none,"{   ""is_anomaly"": false,   ""severity"": ""low"",   ""root_cause"": ""none"",   ""remediation"": ""none"" } Based on the provided log entries, the system is merely marking certain blocks as invalid in the NameNode's state, which is a normal operation in Hadoop Distributed File System (HDFS) to manage and clean up corrupted or invalid blocks. There is no indication of an anomaly or error in these logs. Therefo",54.29,1082.28,85261
qwen2.5-14b,hdfs,3,few_shot,219,False,NORMAL,False,low,none,"{   ""is_anomaly"": false,   ""severity"": ""low"",   ""root_cause"": ""none"",   ""remediation"": ""none"" }",54.29,1082.28,85261
qwen2.5-14b,hdfs,3,few_shot,220,False,NORMAL,False,low,none,"{   ""is_anomaly"": false,   ""severity"": ""low"",   ""root_cause"": ""none"",   ""remediation"": ""none"" } Based on the provided log entries, there are no indications of errors or anomalies. The logs show normal operations of the DataNode receiving and processing blocks, with one instance of a packet responder terminating, which is also a normal operation. Therefore, no anomaly is detected.   If you need fur",54.29,1082.28,85261
qwen2.5-14b,hdfs,3,few_shot,221,False,NORMAL,False,low,none,"{   ""is_anomaly"": false,   ""severity"": ""low"",   ""root_cause"": ""none"",   ""remediation"": ""none"" } Based on the provided log entries, the system is simply marking certain blocks as invalid and adding them to the invalid set for specific DataNodes. This is a normal operation and does not indicate an anomaly or issue. Therefore, the JSON response reflects that there is no anomaly, the severity is low, ",54.29,1082.28,85261
qwen2.5-14b,hdfs,3,few_shot,222,True,Anomaly,False,low,none,"{   ""is_anomaly"": false,   ""severity"": ""low"",   ""root_cause"": ""none"",   ""remediation"": ""none"" }",54.29,1082.28,85261
qwen2.5-14b,hdfs,3,few_shot,223,True,Anomaly,False,low,none,"{   ""is_anomaly"": false,   ""severity"": ""low"",   ""root_cause"": ""none"",   ""remediation"": ""none"" }",54.29,1082.28,85261
qwen2.5-14b,hdfs,3,few_shot,224,False,NORMAL,False,low,none,"{   ""is_anomaly"": false,   ""severity"": ""low"",   ""root_cause"": ""none"",   ""remediation"": ""none"" }",54.29,1082.28,85261
qwen2.5-14b,hdfs,3,few_shot,225,False,NORMAL,False,low,none,"{   ""is_anomaly"": false,   ""severity"": ""low"",   ""root_cause"": ""none"",   ""remediation"": ""none"" }",54.29,1082.28,85261
qwen2.5-14b,hdfs,3,few_shot,226,True,Anomaly,True,medium,"Blocks are being marked as invalid, indicating potential data corruption or node failure.","{   ""is_anomaly"": true,   ""severity"": ""medium"",   ""root_cause"": ""Blocks are being marked as invalid, indicating potential data corruption or node failure."",   ""remediation"": ""Check the health of the DataNodes and the integrity of the blocks marked as invalid."" }",54.29,1082.28,85261
qwen2.5-14b,hdfs,3,few_shot,227,True,Anomaly,False,low,none,"{   ""is_anomaly"": false,   ""severity"": ""low"",   ""root_cause"": ""none"",   ""remediation"": ""none"" }",54.29,1082.28,85261
qwen2.5-14b,hdfs,3,few_shot,228,True,Anomaly,False,low,none,"{   ""is_anomaly"": false,   ""severity"": ""low"",   ""root_cause"": ""none"",   ""remediation"": ""none"" } Based on the provided log entries, there are no errors or warnings indicating any issues. The logs show normal operations of the DataNode receiving and responding to block transfers, which is expected behavior in a healthy Hadoop Distributed File System (HDFS) environment. Therefore, no anomaly is detec",54.29,1082.28,85261
qwen2.5-14b,hdfs,3,few_shot,229,False,NORMAL,False,low,none,"{   ""is_anomaly"": false,   ""severity"": ""low"",   ""root_cause"": ""none"",   ""remediation"": ""none"" }",54.29,1082.28,85261
qwen2.5-14b,hdfs,3,few_shot,230,False,NORMAL,False,low,none,"{   ""is_anomaly"": false,   ""severity"": ""low"",   ""root_cause"": ""none"",   ""remediation"": ""none"" } Based on the provided log entries, there are no indications of errors or anomalies. The logs show normal operations of the DataNode receiving and serving blocks, which is expected behavior in a healthy Hadoop Distributed File System (HDFS) environment. Therefore, no anomaly is detected, and no remediati",54.29,1082.28,85261
qwen2.5-14b,hdfs,3,few_shot,231,False,NORMAL,False,low,none,"{   ""is_anomaly"": false,   ""severity"": ""low"",   ""root_cause"": ""none"",   ""remediation"": ""none"" }",54.29,1082.28,85261
qwen2.5-14b,hdfs,3,few_shot,232,True,Anomaly,False,low,none,"{   ""is_anomaly"": false,   ""severity"": ""low"",   ""root_cause"": ""none"",   ""remediation"": ""none"" }",54.29,1082.28,85261
qwen2.5-14b,hdfs,3,few_shot,233,False,NORMAL,False,low,none,"{   ""is_anomaly"": false,   ""severity"": ""low"",   ""root_cause"": ""none"",   ""remediation"": ""none"" }",54.29,1082.28,85261
qwen2.5-14b,hdfs,3,few_shot,234,False,NORMAL,False,low,none,"{   ""is_anomaly"": false,   ""severity"": ""low"",   ""root_cause"": ""none"",   ""remediation"": ""none"" } Based on the provided log entries, the system is simply marking certain blocks as invalid and adding them to the invalid set for specific DataNodes. This is a normal operation and does not indicate an anomaly or issue. Therefore, the JSON response reflects that there is no anomaly, the severity is low, ",54.29,1082.28,85261
qwen2.5-14b,hdfs,3,few_shot,235,True,Anomaly,False,low,none,"{   ""is_anomaly"": false,   ""severity"": ""low"",   ""root_cause"": ""none"",   ""remediation"": ""none"" }",54.29,1082.28,85261
qwen2.5-14b,hdfs,3,few_shot,236,True,Anomaly,False,low,none,"{   ""is_anomaly"": false,   ""severity"": ""low"",   ""root_cause"": ""none"",   ""remediation"": ""none"" }",54.29,1082.28,85261
qwen2.5-14b,hdfs,3,few_shot,237,False,NORMAL,False,low,none,"{   ""is_anomaly"": false,   ""severity"": ""low"",   ""root_cause"": ""none"",   ""remediation"": ""none"" }",54.29,1082.28,85261
qwen2.5-14b,hdfs,3,few_shot,238,True,Anomaly,False,low,none,"{   ""is_anomaly"": false,   ""severity"": ""low"",   ""root_cause"": ""none"",   ""remediation"": ""none"" }",54.29,1082.28,85261
qwen2.5-14b,hdfs,3,few_shot,239,True,Anomaly,False,low,none,"{   ""is_anomaly"": false,   ""severity"": ""low"",   ""root_cause"": ""none"",   ""remediation"": ""none"" } Based on the provided log entries, the system is performing routine block deletions, which is a normal operation in Hadoop Distributed File System (HDFS) to manage storage space and maintain data integrity. There are no errors or warnings indicating any issues, so this log window does not represent an a",54.29,1082.28,85261
qwen2.5-14b,hdfs,3,few_shot,240,False,NORMAL,False,low,none,"{   ""is_anomaly"": false,   ""severity"": ""low"",   ""root_cause"": ""none"",   ""remediation"": ""none"" }",54.29,1082.28,85261
qwen2.5-14b,hdfs,3,few_shot,241,True,Anomaly,False,low,none,"{   ""is_anomaly"": false,   ""severity"": ""low"",   ""root_cause"": ""none"",   ""remediation"": ""none"" }",54.29,1082.28,85261
qwen2.5-14b,hdfs,3,few_shot,242,True,Anomaly,True,medium,"Blocks are being marked as invalid on multiple DataNodes, indicating potential data corruption or misconfiguration.","{   ""is_anomaly"": true,   ""severity"": ""medium"",   ""root_cause"": ""Blocks are being marked as invalid on multiple DataNodes, indicating potential data corruption or misconfiguration."",   ""remediation"": ""Check the health of the DataNodes and the integrity of the blocks, and consider running a data integrity check."" }",54.29,1082.28,85261
qwen2.5-14b,hdfs,3,few_shot,243,False,NORMAL,False,low,none,"{   ""is_anomaly"": false,   ""severity"": ""low"",   ""root_cause"": ""none"",   ""remediation"": ""none"" }",54.29,1082.28,85261
qwen2.5-14b,hdfs,3,few_shot,244,True,Anomaly,False,low,none,"{   ""is_anomaly"": false,   ""severity"": ""low"",   ""root_cause"": ""none"",   ""remediation"": ""none"" }",54.29,1082.28,85261
qwen2.5-14b,hdfs,3,few_shot,245,True,Anomaly,False,low,none,"{   ""is_anomaly"": false,   ""severity"": ""low"",   ""root_cause"": ""none"",   ""remediation"": ""none"" }",54.29,1082.28,85261
qwen2.5-14b,hdfs,3,few_shot,246,False,NORMAL,False,low,none,"{   ""is_anomaly"": false,   ""severity"": ""low"",   ""root_cause"": ""none"",   ""remediation"": ""none"" } Based on the provided log entries, there are no indications of errors or anomalies. The logs show normal operations of the DataNode receiving and processing blocks, with no exceptions or warnings. Therefore, the system is operating as expected without any issues that require attention.   If you need fur",54.29,1082.28,85261
qwen2.5-14b,hdfs,3,few_shot,247,False,NORMAL,False,low,none,"{   ""is_anomaly"": false,   ""severity"": ""low"",   ""root_cause"": ""none"",   ""remediation"": ""none"" }",54.29,1082.28,85261
qwen2.5-14b,hdfs,3,few_shot,248,True,Anomaly,True,medium,"Blocks are being marked as invalid, indicating potential data corruption or node failure.","{   ""is_anomaly"": true,   ""severity"": ""medium"",   ""root_cause"": ""Blocks are being marked as invalid, indicating potential data corruption or node failure."",   ""remediation"": ""Check the health of the DataNodes and the integrity of the blocks marked as invalid."" }",54.29,1082.28,85261
qwen2.5-14b,hdfs,3,few_shot,249,False,NORMAL,False,low,none,"{   ""is_anomaly"": false,   ""severity"": ""low"",   ""root_cause"": ""none"",   ""remediation"": ""none"" }",54.29,1082.28,85261
qwen2.5-14b,hdfs,3,few_shot,250,True,Anomaly,False,low,none,"{   ""is_anomaly"": false,   ""severity"": ""low"",   ""root_cause"": ""none"",   ""remediation"": ""none"" }",54.29,1082.28,85261
qwen2.5-14b,hdfs,3,few_shot,251,False,NORMAL,False,low,none,"{   ""is_anomaly"": false,   ""severity"": ""low"",   ""root_cause"": ""none"",   ""remediation"": ""none"" }",54.29,1082.28,85261
qwen2.5-14b,hdfs,3,few_shot,252,False,NORMAL,False,low,none,"{   ""is_anomaly"": false,   ""severity"": ""low"",   ""root_cause"": ""none"",   ""remediation"": ""none"" }",54.29,1082.28,85261
qwen2.5-14b,hdfs,3,few_shot,253,True,Anomaly,False,low,none,"{   ""is_anomaly"": false,   ""severity"": ""low"",   ""root_cause"": ""none"",   ""remediation"": ""none"" } Based on the provided log entries, there are no indications of errors or anomalies. The logs show normal operations of the DataNode receiving and processing blocks, which is expected behavior in a healthy Hadoop Distributed File System (HDFS) environment. Therefore, no anomaly is detected, and no remedi",54.29,1082.28,85261
qwen2.5-14b,hdfs,3,few_shot,254,True,Anomaly,False,low,none,"{   ""is_anomaly"": false,   ""severity"": ""low"",   ""root_cause"": ""none"",   ""remediation"": ""none"" }",54.29,1082.28,85261
qwen2.5-14b,hdfs,3,few_shot,255,True,Anomaly,False,low,none,"{   ""is_anomaly"": false,   ""severity"": ""low"",   ""root_cause"": ""none"",   ""remediation"": ""none"" }",54.29,1082.28,85261
qwen2.5-14b,hdfs,3,few_shot,256,False,NORMAL,False,low,none,"{   ""is_anomaly"": false,   ""severity"": ""low"",   ""root_cause"": ""none"",   ""remediation"": ""none"" }",54.29,1082.28,85261
qwen2.5-14b,hdfs,3,few_shot,257,False,NORMAL,False,low,none,"{   ""is_anomaly"": false,   ""severity"": ""low"",   ""root_cause"": ""none"",   ""remediation"": ""none"" } Based on the provided log entries, there are no indications of errors or anomalies. The logs show normal operations of the DataNode receiving and processing blocks, with no exceptions or warnings. Therefore, the system is operating as expected without any issues that require attention.   If you need fur",54.29,1082.28,85261
qwen2.5-14b,hdfs,3,few_shot,258,False,NORMAL,False,low,none,"{   ""is_anomaly"": false,   ""severity"": ""low"",   ""root_cause"": ""none"",   ""remediation"": ""none"" } Based on the provided log entries, the system is performing routine block deletions, which is a normal operation in Hadoop Distributed File System (HDFS) maintenance. There are no errors or warnings indicating any issues, so this log window does not represent an anomaly. Therefore, the JSON response ind",54.29,1082.28,85261
qwen2.5-14b,hdfs,3,few_shot,259,False,NORMAL,False,low,none,"{   ""is_anomaly"": false,   ""severity"": ""low"",   ""root_cause"": ""none"",   ""remediation"": ""none"" }",54.29,1082.28,85261
qwen2.5-14b,hdfs,3,few_shot,260,True,Anomaly,False,low,none,"{   ""is_anomaly"": false,   ""severity"": ""low"",   ""root_cause"": ""none"",   ""remediation"": ""none"" }",54.29,1082.28,85261
qwen2.5-14b,hdfs,3,few_shot,261,False,NORMAL,False,low,none,"{   ""is_anomaly"": false,   ""severity"": ""low"",   ""root_cause"": ""none"",   ""remediation"": ""none"" }",54.29,1082.28,85261
qwen2.5-14b,hdfs,3,few_shot,262,False,NORMAL,False,low,none,"{   ""is_anomaly"": false,   ""severity"": ""low"",   ""root_cause"": ""none"",   ""remediation"": ""none"" } Based on the provided log entries, there are no indications of errors or anomalies. The logs show normal operations of block allocation and data node operations, which are typical activities in a distributed file system like Hadoop HDFS. Therefore, the system is functioning as expected without any issue",54.29,1082.28,85261
qwen2.5-14b,hdfs,3,few_shot,263,True,Anomaly,True,medium,"DataNode encountered an IOException while writing a block, indicating a potential issue with data corruption or network instability.","{   ""is_anomaly"": true,   ""severity"": ""medium"",   ""root_cause"": ""DataNode encountered an IOException while writing a block, indicating a potential issue with data corruption or network instability."",   ""remediation"": ""Check for data corruption and verify network connectivity between DataNodes."" }",54.29,1082.28,85261
qwen2.5-14b,hdfs,3,few_shot,264,False,NORMAL,False,low,none,"{   ""is_anomaly"": false,   ""severity"": ""low"",   ""root_cause"": ""none"",   ""remediation"": ""none"" }",54.29,1082.28,85261
qwen2.5-14b,hdfs,3,few_shot,265,True,Anomaly,False,low,none,"{   ""is_anomaly"": false,   ""severity"": ""low"",   ""root_cause"": ""none"",   ""remediation"": ""none"" }",54.29,1082.28,85261
qwen2.5-14b,hdfs,3,few_shot,266,False,NORMAL,False,low,none,"{   ""is_anomaly"": false,   ""severity"": ""low"",   ""root_cause"": ""none"",   ""remediation"": ""none"" }",54.29,1082.28,85261
qwen2.5-14b,hdfs,3,few_shot,267,False,NORMAL,False,low,none,"{   ""is_anomaly"": false,   ""severity"": ""low"",   ""root_cause"": ""none"",   ""remediation"": ""none"" }",54.29,1082.28,85261
qwen2.5-14b,hdfs,3,few_shot,268,True,Anomaly,False,low,none,"{   ""is_anomaly"": false,   ""severity"": ""low"",   ""root_cause"": ""none"",   ""remediation"": ""none"" }",54.29,1082.28,85261
qwen2.5-14b,hdfs,3,few_shot,269,False,NORMAL,False,low,none,"{   ""is_anomaly"": false,   ""severity"": ""low"",   ""root_cause"": ""none"",   ""remediation"": ""none"" }",54.29,1082.28,85261
qwen2.5-14b,hdfs,3,few_shot,270,False,NORMAL,False,low,none,"{   ""is_anomaly"": false,   ""severity"": ""low"",   ""root_cause"": ""none"",   ""remediation"": ""none"" }",54.29,1082.28,85261
qwen2.5-14b,hdfs,3,few_shot,271,False,NORMAL,False,low,none,"{   ""is_anomaly"": false,   ""severity"": ""low"",   ""root_cause"": ""none"",   ""remediation"": ""none"" }",54.29,1082.28,85261
qwen2.5-14b,hdfs,3,few_shot,272,True,Anomaly,False,low,none,"{   ""is_anomaly"": false,   ""severity"": ""low"",   ""root_cause"": ""none"",   ""remediation"": ""none"" }",54.29,1082.28,85261
qwen2.5-14b,hdfs,3,few_shot,273,True,Anomaly,False,low,none,"{   ""is_anomaly"": false,   ""severity"": ""low"",   ""root_cause"": ""none"",   ""remediation"": ""none"" }",54.29,1082.28,85261
qwen2.5-14b,hdfs,3,few_shot,274,True,Anomaly,False,low,none,"{   ""is_anomaly"": false,   ""severity"": ""low"",   ""root_cause"": ""none"",   ""remediation"": ""none"" }",54.29,1082.28,85261
qwen2.5-14b,hdfs,3,few_shot,275,True,Anomaly,False,low,none,"{   ""is_anomaly"": false,   ""severity"": ""low"",   ""root_cause"": ""none"",   ""remediation"": ""none"" }",54.29,1082.28,85261
qwen2.5-14b,hdfs,3,few_shot,276,True,Anomaly,True,medium,"Exceptions occurred while serving blocks to clients, indicating potential issues with block transfers.","{   ""is_anomaly"": true,   ""severity"": ""medium"",   ""root_cause"": ""Exceptions occurred while serving blocks to clients, indicating potential issues with block transfers."",   ""remediation"": ""Review logs for detailed error messages and check network connectivity between DataNodes and clients."" }",54.29,1082.28,85261
qwen2.5-14b,hdfs,3,few_shot,277,False,NORMAL,True,medium,"Exception occurred while serving a block to a client, indicating a potential issue with the DataNode or the client connection.","{   ""is_anomaly"": true,   ""severity"": ""medium"",   ""root_cause"": ""Exception occurred while serving a block to a client, indicating a potential issue with the DataNode or the client connection."",   ""remediation"": ""Check the logs for more details on the exception and ensure client and DataNode configurations are correct."" }",54.29,1082.28,85261
qwen2.5-14b,hdfs,3,few_shot,278,False,NORMAL,True,medium,"Two blocks failed to be served due to exceptions, indicating potential transient issues or network instability.","{   ""is_anomaly"": true,   ""severity"": ""medium"",   ""root_cause"": ""Two blocks failed to be served due to exceptions, indicating potential transient issues or network instability."",   ""remediation"": ""Monitor the network and retry block transfers after a short interval."" }",54.29,1082.28,85261
qwen2.5-14b,hdfs,3,few_shot,279,True,Anomaly,False,low,none,"{   ""is_anomaly"": false,   ""severity"": ""low"",   ""root_cause"": ""none"",   ""remediation"": ""none"" }",54.29,1082.28,85261
qwen2.5-14b,hdfs,3,few_shot,280,True,Anomaly,False,low,none,"{   ""is_anomaly"": false,   ""severity"": ""low"",   ""root_cause"": ""none"",   ""remediation"": ""none"" }",54.29,1082.28,85261
qwen2.5-14b,hdfs,3,few_shot,281,True,Anomaly,False,low,none,"{   ""is_anomaly"": false,   ""severity"": ""low"",   ""root_cause"": ""none"",   ""remediation"": ""none"" }",54.29,1082.28,85261
qwen2.5-14b,hdfs,3,few_shot,282,True,Anomaly,False,low,none,"{   ""is_anomaly"": false,   ""severity"": ""low"",   ""root_cause"": ""none"",   ""remediation"": ""none"" }",54.29,1082.28,85261
qwen2.5-14b,hdfs,3,few_shot,283,False,NORMAL,False,low,none,"{   ""is_anomaly"": false,   ""severity"": ""low"",   ""root_cause"": ""none"",   ""remediation"": ""none"" }",54.29,1082.28,85261
qwen2.5-14b,hdfs,3,few_shot,284,False,NORMAL,False,low,none,"{   ""is_anomaly"": false,   ""severity"": ""low"",   ""root_cause"": ""none"",   ""remediation"": ""none"" }",54.29,1082.28,85261
qwen2.5-14b,hdfs,3,few_shot,285,False,NORMAL,True,medium,"Blocks are being marked as invalid on multiple DataNodes, indicating potential data corruption or misconfiguration.","{   ""is_anomaly"": true,   ""severity"": ""medium"",   ""root_cause"": ""Blocks are being marked as invalid on multiple DataNodes, indicating potential data corruption or misconfiguration."",   ""remediation"": ""Check the health of the DataNodes and the integrity of the blocks, and consider running a data integrity check or block recovery process."" }",54.29,1082.28,85261
qwen2.5-14b,hdfs,3,few_shot,286,True,Anomaly,False,low,none,"{   ""is_anomaly"": false,   ""severity"": ""low"",   ""root_cause"": ""none"",   ""remediation"": ""none"" }",54.29,1082.28,85261
qwen2.5-14b,hdfs,3,few_shot,287,False,NORMAL,False,low,none,"{   ""is_anomaly"": false,   ""severity"": ""low"",   ""root_cause"": ""none"",   ""remediation"": ""none"" }",54.29,1082.28,85261
qwen2.5-14b,hdfs,3,few_shot,288,True,Anomaly,True,medium,"Exceptions occurred while serving blocks to clients, indicating potential issues with block transfers or client connections.","{   ""is_anomaly"": true,   ""severity"": ""medium"",   ""root_cause"": ""Exceptions occurred while serving blocks to clients, indicating potential issues with block transfers or client connections."",   ""remediation"": ""Review logs for detailed error messages and check network connectivity between DataNodes and clients."" }",54.29,1082.28,85261
qwen2.5-14b,hdfs,3,few_shot,289,True,Anomaly,False,low,none,"{   ""is_anomaly"": false,   ""severity"": ""low"",   ""root_cause"": ""none"",   ""remediation"": ""none"" }",54.29,1082.28,85261
qwen2.5-14b,hdfs,3,few_shot,290,True,Anomaly,False,low,none,"{   ""is_anomaly"": false,   ""severity"": ""low"",   ""root_cause"": ""none"",   ""remediation"": ""none"" } Based on the provided log entries, the system is performing routine block deletions, which is a normal operation in Hadoop Distributed File System (HDFS) for garbage collection or to free up space. There are no errors or warnings indicating any issues, so this log window does not represent an anomaly.  ",54.29,1082.28,85261
qwen2.5-14b,hdfs,3,few_shot,291,True,Anomaly,False,low,none,"{   ""is_anomaly"": false,   ""severity"": ""low"",   ""root_cause"": ""none"",   ""remediation"": ""none"" }",54.29,1082.28,85261
qwen2.5-14b,hdfs,3,few_shot,292,True,Anomaly,False,low,none,"{   ""is_anomaly"": false,   ""severity"": ""low"",   ""root_cause"": ""none"",   ""remediation"": ""none"" }",54.29,1082.28,85261
qwen2.5-14b,hdfs,3,few_shot,293,False,NORMAL,False,low,none,"{   ""is_anomaly"": false,   ""severity"": ""low"",   ""root_cause"": ""none"",   ""remediation"": ""none"" }",54.29,1082.28,85261
qwen2.5-14b,hdfs,3,few_shot,294,False,NORMAL,False,low,none,"{   ""is_anomaly"": false,   ""severity"": ""low"",   ""root_cause"": ""none"",   ""remediation"": ""none"" }",54.29,1082.28,85261
qwen2.5-14b,hdfs,3,few_shot,295,True,Anomaly,True,medium,"A block write operation failed with an IOException, indicating a potential issue with data corruption or network instability.","{   ""is_anomaly"": true,   ""severity"": ""medium"",   ""root_cause"": ""A block write operation failed with an IOException, indicating a potential issue with data corruption or network instability."",   ""remediation"": ""Check the health of the DataNode and network connectivity, and verify the integrity of the data being written."" }",54.29,1082.28,85261
qwen2.5-14b,hdfs,3,few_shot,296,True,Anomaly,True,medium,"Exceptions occurred while serving blocks to clients, indicating potential transient issues or client-side problems.","{   ""is_anomaly"": true,   ""severity"": ""medium"",   ""root_cause"": ""Exceptions occurred while serving blocks to clients, indicating potential transient issues or client-side problems."",   ""remediation"": ""Review client logs and network conditions for the affected blocks, and consider increasing retry limits on the DataNode."" }",54.29,1082.28,85261
qwen2.5-14b,hdfs,3,few_shot,297,False,NORMAL,False,low,none,"{   ""is_anomaly"": false,   ""severity"": ""low"",   ""root_cause"": ""none"",   ""remediation"": ""none"" }",54.29,1082.28,85261
qwen2.5-14b,hdfs,3,few_shot,298,False,NORMAL,True,medium,"Blocks are being marked as invalid on multiple DataNodes, indicating potential data corruption or misconfiguration.","{   ""is_anomaly"": true,   ""severity"": ""medium"",   ""root_cause"": ""Blocks are being marked as invalid on multiple DataNodes, indicating potential data corruption or misconfiguration."",   ""remediation"": ""Check the health of the DataNodes and the integrity of the blocks, and consider running a data integrity check."" }",54.29,1082.28,85261
qwen2.5-14b,hdfs,3,few_shot,299,False,NORMAL,False,low,none,"{   ""is_anomaly"": false,   ""severity"": ""low"",   ""root_cause"": ""none"",   ""remediation"": ""none"" }",54.29,1082.28,85261
qwen2.5-14b,thunderbird,3,few_shot,300,True,VAPI,True,critical,"Device in FATAL state, indicating a severe hardware or driver issue.","{   ""is_anomaly"": true,   ""severity"": ""critical"",   ""root_cause"": ""Device in FATAL state, indicating a severe hardware or driver issue."",   ""remediation"": ""Restart the affected InfiniHost device and check for hardware failures."" }",54.29,1082.28,85261
qwen2.5-14b,thunderbird,3,few_shot,301,True,VAPI,True,high,Device in FATAL state and mad_process failures indicate a critical issue with the InfiniHost0 device.,"{   ""is_anomaly"": true,   ""severity"": ""high"",   ""root_cause"": ""Device in FATAL state and mad_process failures indicate a critical issue with the InfiniHost0 device."",   ""remediation"": ""Restart the InfiniHost0 device and check for hardware or driver issues."" }",54.29,1082.28,85261
qwen2.5-14b,thunderbird,3,few_shot,302,True,VAPI,True,high,"Device in FATAL state and mad_process failure indicate a critical issue with the InfiniHost0 device, possibly due to hardware failure or severe configuration error.","{   ""is_anomaly"": true,   ""severity"": ""high"",   ""root_cause"": ""Device in FATAL state and mad_process failure indicate a critical issue with the InfiniHost0 device, possibly due to hardware failure or severe configuration error."",   ""remediation"": ""Check hardware status and configuration of InfiniHost0, and consider replacing faulty hardware or restoring correct configuration."" }",54.29,1082.28,85261
qwen2.5-14b,thunderbird,3,few_shot,303,False,NORMAL,True,medium,"DHCP server received requests for unknown leases, indicating potential misconfiguration or rogue DHCP requests.","{   ""is_anomaly"": true,   ""severity"": ""medium"",   ""root_cause"": ""DHCP server received requests for unknown leases, indicating potential misconfiguration or rogue DHCP requests."",   ""remediation"": ""Review DHCP configuration and check for unauthorized DHCP servers on the network."" }",54.29,1082.28,85261
qwen2.5-14b,thunderbird,3,few_shot,304,True,VAPI,True,high,"InfiniBand kernel module encountered a fatal local error, indicating a serious issue with the InfiniBand subsystem.","{   ""is_anomaly"": true,   ""severity"": ""high"",   ""root_cause"": ""InfiniBand kernel module encountered a fatal local error, indicating a serious issue with the InfiniBand subsystem."",   ""remediation"": ""Restart the InfiniBand service and check hardware status for any faults."" }",54.29,1082.28,85261
qwen2.5-14b,thunderbird,3,few_shot,305,True,VAPI,True,critical,"InfiniHost0 device is in a FATAL state, indicating a severe hardware or driver issue.","{   ""is_anomaly"": true,   ""severity"": ""critical"",   ""root_cause"": ""InfiniHost0 device is in a FATAL state, indicating a severe hardware or driver issue."",   ""remediation"": ""Check hardware status and restart the InfiniHost0 device or relevant services."" }",54.29,1082.28,85261
qwen2.5-14b,thunderbird,3,few_shot,306,False,NORMAL,True,medium,"The system has reached the maximum limit of open files, indicating a potential resource exhaustion issue.","{   ""is_anomaly"": true,   ""severity"": ""medium"",   ""root_cause"": ""The system has reached the maximum limit of open files, indicating a potential resource exhaustion issue."",   ""remediation"": ""Increase the file-max limit in the system configuration and investigate processes that may be opening too many files."" }",54.29,1082.28,85261
qwen2.5-14b,thunderbird,3,few_shot,307,True,VAPI,True,high,"Device in FATAL state and mad_process failure indicate a critical issue with the InfiniHost0 device, possibly due to hardware failure or severe configuration error.","{   ""is_anomaly"": true,   ""severity"": ""high"",   ""root_cause"": ""Device in FATAL state and mad_process failure indicate a critical issue with the InfiniHost0 device, possibly due to hardware failure or severe configuration error."",   ""remediation"": ""Check hardware status and configuration of InfiniHost0, and consider replacing faulty hardware or restoring correct configuration."" }",54.29,1082.28,85261
qwen2.5-14b,thunderbird,3,few_shot,308,True,VAPI,True,high,"InfiniBand MAD processing failed with a fatal error, indicating a serious issue with the InfiniHost0 port.","{   ""is_anomaly"": true,   ""severity"": ""high"",   ""root_cause"": ""InfiniBand MAD processing failed with a fatal error, indicating a serious issue with the InfiniHost0 port."",   ""remediation"": ""Check InfiniBand hardware and configuration, and restart the InfiniBand service if necessary."" }",54.29,1082.28,85261
qwen2.5-14b,thunderbird,3,few_shot,309,True,VAPI,True,high,"InfiniBand kernel module encountered a fatal error, and data threads failed to receive responses from datasources.","{   ""is_anomaly"": true,   ""severity"": ""high"",   ""root_cause"": ""InfiniBand kernel module encountered a fatal error, and data threads failed to receive responses from datasources."",   ""remediation"": ""Restart the InfiniBand service and check for hardware issues or corrupted kernel modules."" }",54.29,1082.28,85261
qwen2.5-14b,thunderbird,3,few_shot,310,False,NORMAL,False,low,none,"{   ""is_anomaly"": false,   ""severity"": ""low"",   ""root_cause"": ""none"",   ""remediation"": ""none"" }",54.29,1082.28,85261
qwen2.5-14b,thunderbird,3,few_shot,311,False,NORMAL,True,medium,"Data sources Thunderbird_B1 and Thunderbird_B5 did not respond, indicating potential connectivity or service issues.","{   ""is_anomaly"": true,   ""severity"": ""medium"",   ""root_cause"": ""Data sources Thunderbird_B1 and Thunderbird_B5 did not respond, indicating potential connectivity or service issues."",   ""remediation"": ""Check the status and connectivity of Thunderbird_B1 and Thunderbird_B5 data sources."" }",54.29,1082.28,85261
qwen2.5-14b,thunderbird,3,few_shot,312,True,VAPI,True,high,"Device entered a FATAL state, indicating a severe issue with the InfiniHost0 port 1, possibly due to hardware failure or critical software error.","{   ""is_anomaly"": true,   ""severity"": ""high"",   ""root_cause"": ""Device entered a FATAL state, indicating a severe issue with the InfiniHost0 port 1, possibly due to hardware failure or critical software error."",   ""remediation"": ""Check hardware status and logs for InfiniHost0 port 1, and consider restarting the relevant services or replacing faulty hardware."" }",54.29,1082.28,85261
qwen2.5-14b,thunderbird,3,few_shot,313,False,NORMAL,True,high,"InfiniBand device is in FATAL state and MAD processing failed, indicating a serious issue with the InfiniBand subsystem.","{   ""is_anomaly"": true,   ""severity"": ""high"",   ""root_cause"": ""InfiniBand device is in FATAL state and MAD processing failed, indicating a serious issue with the InfiniBand subsystem."",   ""remediation"": ""Restart the InfiniBand service and check for hardware issues."" }",54.29,1082.28,85261
qwen2.5-14b,thunderbird,3,few_shot,314,True,VAPI,True,high,InfiniBand MAD processing failed with a fatal error indicating a local catastrophic issue on InfiniHost0 port 1.,"{   ""is_anomaly"": true,   ""severity"": ""high"",   ""root_cause"": ""InfiniBand MAD processing failed with a fatal error indicating a local catastrophic issue on InfiniHost0 port 1."",   ""remediation"": ""Restart the InfiniBand service and check hardware status for InfiniHost0 port 1."" }",54.29,1082.28,85261
qwen2.5-14b,thunderbird,3,few_shot,315,False,NORMAL,True,medium,"Data sources [Thunderbird_C8], [Thunderbird_D6], and [Thunderbird_C1] did not respond, indicating potential connectivity or datasource availability issues.","{   ""is_anomaly"": true,   ""severity"": ""medium"",   ""root_cause"": ""Data sources [Thunderbird_C8], [Thunderbird_D6], and [Thunderbird_C1] did not respond, indicating potential connectivity or datasource availability issues."",   ""remediation"": ""Check the status and connectivity of the data sources and ensure they are operational."" }",54.29,1082.28,85261
qwen2.5-14b,thunderbird,3,few_shot,316,False,NORMAL,False,low,none,"{   ""is_anomaly"": false,   ""severity"": ""low"",   ""root_cause"": ""none"",   ""remediation"": ""none"" }",54.29,1082.28,85261
qwen2.5-14b,thunderbird,3,few_shot,317,False,NORMAL,False,low,none,"{   ""is_anomaly"": false,   ""severity"": ""low"",   ""root_cause"": ""none"",   ""remediation"": ""none"" }",54.29,1082.28,85261
qwen2.5-14b,thunderbird,3,few_shot,318,False,NORMAL,True,high,"Out of memory errors are occurring during initialization of bindcache and pan_ips, indicating insufficient system memory.","{   ""is_anomaly"": true,   ""severity"": ""high"",   ""root_cause"": ""Out of memory errors are occurring during initialization of bindcache and pan_ips, indicating insufficient system memory."",   ""remediation"": ""Increase the system's memory allocation or optimize the initialization process to reduce memory usage."" }",54.29,1082.28,85261
qwen2.5-14b,thunderbird,3,few_shot,319,False,NORMAL,True,medium,gmond and haldaemon shutdown failures indicate potential issues with monitoring and system services.,"{   ""is_anomaly"": true,   ""severity"": ""medium"",   ""root_cause"": ""gmond and haldaemon shutdown failures indicate potential issues with monitoring and system services."",   ""remediation"": ""Check gmond and haldaemon configurations and restart the services if necessary."" }",54.29,1082.28,85261
qwen2.5-14b,thunderbird,3,few_shot,320,False,NORMAL,False,low,none,"{   ""is_anomaly"": false,   ""severity"": ""low"",   ""root_cause"": ""none"",   ""remediation"": ""none"" }",54.29,1082.28,85261
qwen2.5-14b,thunderbird,3,few_shot,321,True,VAPI,True,critical,"Device entered FATAL state, indicating a severe hardware or driver issue.","{   ""is_anomaly"": true,   ""severity"": ""critical"",   ""root_cause"": ""Device entered FATAL state, indicating a severe hardware or driver issue."",   ""remediation"": ""Restart the affected InfiniHost device and check for hardware failures."" }",54.29,1082.28,85261
qwen2.5-14b,thunderbird,3,few_shot,322,False,NORMAL,False,low,none,"{   ""is_anomaly"": false,   ""severity"": ""low"",   ""root_cause"": ""none"",   ""remediation"": ""none"" }",54.29,1082.28,85261
qwen2.5-14b,thunderbird,3,few_shot,323,True,VAPI,True,high,"InfiniHost0 port 1 experienced a local catastrophic error, likely due to hardware failure or severe configuration issue.","{   ""is_anomaly"": true,   ""severity"": ""high"",   ""root_cause"": ""InfiniHost0 port 1 experienced a local catastrophic error, likely due to hardware failure or severe configuration issue."",   ""remediation"": ""Check InfiniHost0 port 1 for hardware issues and review recent configuration changes."" }",54.29,1082.28,85261
qwen2.5-14b,thunderbird,3,few_shot,324,False,NORMAL,False,low,none,"{   ""is_anomaly"": false,   ""severity"": ""low"",   ""root_cause"": ""none"",   ""remediation"": ""none"" }",54.29,1082.28,85261
qwen2.5-14b,thunderbird,3,few_shot,325,True,VAPI,True,high,"InfiniBand MAD processing failed with a fatal error, indicating a serious issue with the InfiniHost0 port.","{   ""is_anomaly"": true,   ""severity"": ""high"",   ""root_cause"": ""InfiniBand MAD processing failed with a fatal error, indicating a serious issue with the InfiniHost0 port."",   ""remediation"": ""Check InfiniBand hardware and configuration, and restart the InfiniBand service if necessary."" }",54.29,1082.28,85261
qwen2.5-14b,thunderbird,3,few_shot,326,True,VAPI,True,critical,"Device in FATAL state, indicating a severe hardware or driver issue with the InfiniHost0.","{   ""is_anomaly"": true,   ""severity"": ""critical"",   ""root_cause"": ""Device in FATAL state, indicating a severe hardware or driver issue with the InfiniHost0."",   ""remediation"": ""Restart the InfiniHost0 device and check for hardware failures or driver issues."" }",54.29,1082.28,85261
qwen2.5-14b,thunderbird,3,few_shot,327,False,NORMAL,True,medium,"Data threads are not receiving responses from certain datasources, indicating potential connectivity or datasource availability issues.","{   ""is_anomaly"": true,   ""severity"": ""medium"",   ""root_cause"": ""Data threads are not receiving responses from certain datasources, indicating potential connectivity or datasource availability issues."",   ""remediation"": ""Check network connectivity and datasource availability for Thunderbird_A2, Thunderbird_B8, and Thunderbird_D8."" }",54.29,1082.28,85261
qwen2.5-14b,thunderbird,3,few_shot,328,False,NORMAL,True,medium,"The system encountered 'Too many open files' errors while trying to update RRD files, indicating a resource limit issue.","{   ""is_anomaly"": true,   ""severity"": ""medium"",   ""root_cause"": ""The system encountered 'Too many open files' errors while trying to update RRD files, indicating a resource limit issue."",   ""remediation"": ""Increase the system's file descriptor limit and monitor for similar issues."" }",54.29,1082.28,85261
qwen2.5-14b,thunderbird,3,few_shot,329,False,NORMAL,True,medium,"The system has reached its maximum limit of open files, preventing normal operation.","{   ""is_anomaly"": true,   ""severity"": ""medium"",   ""root_cause"": ""The system has reached its maximum limit of open files, preventing normal operation."",   ""remediation"": ""Increase the file-max limit in the system configuration and check for processes that may be opening too many files."" }",54.29,1082.28,85261
qwen2.5-14b,thunderbird,3,few_shot,330,True,VAPI,True,high,"Device in FATAL state and mad_process failure indicate a critical issue with the InfiniHost0 device, possibly due to hardware failure or severe configuration error.","{   ""is_anomaly"": true,   ""severity"": ""high"",   ""root_cause"": ""Device in FATAL state and mad_process failure indicate a critical issue with the InfiniHost0 device, possibly due to hardware failure or severe configuration error."",   ""remediation"": ""Check hardware status and configuration of InfiniHost0, and consider replacing faulty hardware or restoring correct configuration."" }",54.29,1082.28,85261
qwen2.5-14b,thunderbird,3,few_shot,331,False,NORMAL,True,medium,"The system has reached the maximum limit of open files, indicating a potential resource exhaustion issue.","{   ""is_anomaly"": true,   ""severity"": ""medium"",   ""root_cause"": ""The system has reached the maximum limit of open files, indicating a potential resource exhaustion issue."",   ""remediation"": ""Increase the file-max limit in the system configuration and investigate processes that may be opening too many files."" }",54.29,1082.28,85261
qwen2.5-14b,thunderbird,3,few_shot,332,True,VAPI,True,critical,"InfiniHost0 port 1 is in a FATAL state, indicating a severe issue with the InfiniBand device or its configuration.","{   ""is_anomaly"": true,   ""severity"": ""critical"",   ""root_cause"": ""InfiniHost0 port 1 is in a FATAL state, indicating a severe issue with the InfiniBand device or its configuration."",   ""remediation"": ""Restart the InfiniBand device and check the hardware and configuration for any faults."" }",54.29,1082.28,85261
qwen2.5-14b,thunderbird,3,few_shot,333,False,NORMAL,True,medium,"The system reached the maximum file limit, preventing data_thread from receiving an answer from the Thunderbird_C4 datasource.","{   ""is_anomaly"": true,   ""severity"": ""medium"",   ""root_cause"": ""The system reached the maximum file limit, preventing data_thread from receiving an answer from the Thunderbird_C4 datasource."",   ""remediation"": ""Increase the file-max limit and investigate why the limit was reached."" }",54.29,1082.28,85261
qwen2.5-14b,thunderbird,3,few_shot,334,True,VAPI,True,high,"InfiniBand adapter experienced a local catastrophic error, and data threads failed to receive responses from multiple datasources.","{   ""is_anomaly"": true,   ""severity"": ""high"",   ""root_cause"": ""InfiniBand adapter experienced a local catastrophic error, and data threads failed to receive responses from multiple datasources."",   ""remediation"": ""Restart the InfiniBand adapter and check the datasources for connectivity issues."" }",54.29,1082.28,85261
qwen2.5-14b,thunderbird,3,few_shot,335,False,NORMAL,True,medium,"crond shutdown failed, indicating a potential issue with cron jobs or system services.","{   ""is_anomaly"": true,   ""severity"": ""medium"",   ""root_cause"": ""crond shutdown failed, indicating a potential issue with cron jobs or system services."",   ""remediation"": ""Check crond logs and system services for any errors or misconfigurations."" }",54.29,1082.28,85261
qwen2.5-14b,thunderbird,3,few_shot,336,False,NORMAL,False,low,none,"{   ""is_anomaly"": false,   ""severity"": ""low"",   ""root_cause"": ""none"",   ""remediation"": ""none"" }",54.29,1082.28,85261
qwen2.5-14b,thunderbird,3,few_shot,337,True,VAPI,True,high,"InfiniBand network discovery and communication failure, indicating potential hardware or configuration issues.","{   ""is_anomaly"": true,   ""severity"": ""high"",   ""root_cause"": ""InfiniBand network discovery and communication failure, indicating potential hardware or configuration issues."",   ""remediation"": ""Check InfiniBand switch and cable connections, and verify network configuration settings."" }",54.29,1082.28,85261
qwen2.5-14b,thunderbird,3,few_shot,338,False,NORMAL,True,medium,"data_thread failed to receive a response from any of the specified datasources, indicating potential connectivity or datasource availability issues.","{   ""is_anomaly"": true,   ""severity"": ""medium"",   ""root_cause"": ""data_thread failed to receive a response from any of the specified datasources, indicating potential connectivity or datasource availability issues."",   ""remediation"": ""Check network connectivity and datasource availability for the specified IP addresses."" }",54.29,1082.28,85261
qwen2.5-14b,thunderbird,3,few_shot,339,True,VAPI,True,high,Device in FATAL state and mad_process failures indicate a serious issue with the InfiniHost0 InfiniBand device.,"{   ""is_anomaly"": true,   ""severity"": ""high"",   ""root_cause"": ""Device in FATAL state and mad_process failures indicate a serious issue with the InfiniHost0 InfiniBand device."",   ""remediation"": ""Restart the InfiniBand device or the associated service to resolve the FATAL state."" }",54.29,1082.28,85261
qwen2.5-14b,thunderbird,3,few_shot,340,False,NORMAL,False,low,none,"{   ""is_anomaly"": false,   ""severity"": ""low"",   ""root_cause"": ""none"",   ""remediation"": ""none"" }",54.29,1082.28,85261
qwen2.5-14b,thunderbird,3,few_shot,341,False,NORMAL,False,low,none,"{   ""is_anomaly"": false,   ""severity"": ""low"",   ""root_cause"": ""none"",   ""remediation"": ""none"" }",54.29,1082.28,85261
qwen2.5-14b,thunderbird,3,few_shot,342,True,VAPI,True,high,"InfiniHost0 port 1 is in a FATAL state, indicating a severe issue with the InfiniBand device.","{   ""is_anomaly"": true,   ""severity"": ""high"",   ""root_cause"": ""InfiniHost0 port 1 is in a FATAL state, indicating a severe issue with the InfiniBand device."",   ""remediation"": ""Restart the InfiniBand device or check for hardware issues on InfiniHost0 port 1."" }",54.29,1082.28,85261
qwen2.5-14b,thunderbird,3,few_shot,343,True,VAPI,True,critical,"Device in FATAL state, indicating a severe hardware or driver issue.","{   ""is_anomaly"": true,   ""severity"": ""critical"",   ""root_cause"": ""Device in FATAL state, indicating a severe hardware or driver issue."",   ""remediation"": ""Restart the affected InfiniHost device and check for hardware failures."" }",54.29,1082.28,85261
qwen2.5-14b,thunderbird,3,few_shot,344,True,VAPI,True,high,"InfiniBand MAD processing failed with a fatal error, indicating a serious issue with the InfiniHost0 port.","{   ""is_anomaly"": true,   ""severity"": ""high"",   ""root_cause"": ""InfiniBand MAD processing failed with a fatal error, indicating a serious issue with the InfiniHost0 port."",   ""remediation"": ""Check InfiniBand hardware and configuration, and restart the InfiniBand service if necessary."" }",54.29,1082.28,85261
qwen2.5-14b,thunderbird,3,few_shot,345,True,VAPI,True,critical,"Device entered FATAL state, indicating a severe hardware or driver issue.","{   ""is_anomaly"": true,   ""severity"": ""critical"",   ""root_cause"": ""Device entered FATAL state, indicating a severe hardware or driver issue."",   ""remediation"": ""Restart the affected InfiniHost device and check for hardware failures."" }",54.29,1082.28,85261
qwen2.5-14b,thunderbird,3,few_shot,346,True,VAPI,True,high,"InfiniBand discovery and communication failure, indicating potential hardware or configuration issues.","{   ""is_anomaly"": true,   ""severity"": ""high"",   ""root_cause"": ""InfiniBand discovery and communication failure, indicating potential hardware or configuration issues."",   ""remediation"": ""Check InfiniBand hardware connections and configuration, and restart InfiniBand services if necessary."" }",54.29,1082.28,85261
qwen2.5-14b,thunderbird,3,few_shot,347,False,NORMAL,False,low,none,"{   ""is_anomaly"": false,   ""severity"": ""low"",   ""root_cause"": ""none"",   ""remediation"": ""none"" }",54.29,1082.28,85261
qwen2.5-14b,thunderbird,3,few_shot,348,True,VAPI,True,high,"InfiniBand MAD processing failed with a fatal error, indicating a serious issue with the InfiniHost0 port.","{   ""is_anomaly"": true,   ""severity"": ""high"",   ""root_cause"": ""InfiniBand MAD processing failed with a fatal error, indicating a serious issue with the InfiniHost0 port."",   ""remediation"": ""Check InfiniBand hardware and configuration, and restart the InfiniBand service if necessary."" }",54.29,1082.28,85261
qwen2.5-14b,thunderbird,3,few_shot,349,True,VAPI,True,high,"InfiniHost0 port 1 is in a FATAL state, indicating a severe hardware or driver issue.","{   ""is_anomaly"": true,   ""severity"": ""high"",   ""root_cause"": ""InfiniHost0 port 1 is in a FATAL state, indicating a severe hardware or driver issue."",   ""remediation"": ""Check hardware status and restart the InfiniHost0 device or relevant services."" }",54.29,1082.28,85261
qwen2.5-14b,thunderbird,3,few_shot,350,True,VAPI,True,critical,"InfiniHost0 device is in a FATAL state, indicating a severe hardware or driver issue.","{   ""is_anomaly"": true,   ""severity"": ""critical"",   ""root_cause"": ""InfiniHost0 device is in a FATAL state, indicating a severe hardware or driver issue."",   ""remediation"": ""Restart the InfiniHost0 device and check for hardware failures or driver issues."" }",54.29,1082.28,85261
qwen2.5-14b,thunderbird,3,few_shot,351,False,NORMAL,False,low,none,"{   ""is_anomaly"": false,   ""severity"": ""low"",   ""root_cause"": ""none"",   ""remediation"": ""none"" }",54.29,1082.28,85261
qwen2.5-14b,thunderbird,3,few_shot,352,True,VAPI,True,high,Device in FATAL state and mad_process failures indicate a serious issue with the InfiniHost0 InfiniBand device.,"{   ""is_anomaly"": true,   ""severity"": ""high"",   ""root_cause"": ""Device in FATAL state and mad_process failures indicate a serious issue with the InfiniHost0 InfiniBand device."",   ""remediation"": ""Restart the InfiniBand device or the associated service to resolve the FATAL state."" }",54.29,1082.28,85261
qwen2.5-14b,thunderbird,3,few_shot,353,False,NORMAL,False,low,none,"{   ""is_anomaly"": false,   ""severity"": ""low"",   ""root_cause"": ""none"",   ""remediation"": ""none"" }",54.29,1082.28,85261
qwen2.5-14b,thunderbird,3,few_shot,354,False,NORMAL,True,medium,"Data sources [Thunderbird_A4], [Thunderbird_B7], and [Thunderbird_B1] did not respond, indicating potential connectivity or datasource availability issues.","{   ""is_anomaly"": true,   ""severity"": ""medium"",   ""root_cause"": ""Data sources [Thunderbird_A4], [Thunderbird_B7], and [Thunderbird_B1] did not respond, indicating potential connectivity or datasource availability issues."",   ""remediation"": ""Check network connectivity and datasource availability for [Thunderbird_A4], [Thunderbird_B7], and [Thunderbird_B1]."" }",54.29,1082.28,85261
qwen2.5-14b,thunderbird,3,few_shot,355,False,NORMAL,False,low,none,"{   ""is_anomaly"": false,   ""severity"": ""low"",   ""root_cause"": ""none"",   ""remediation"": ""none"" }",54.29,1082.28,85261
qwen2.5-14b,thunderbird,3,few_shot,356,True,VAPI,True,high,"InfiniBand subsystem experienced fatal errors and failed to discover nodes properly, indicating a serious issue with the InfiniBand fabric or hardware.","{   ""is_anomaly"": true,   ""severity"": ""high"",   ""root_cause"": ""InfiniBand subsystem experienced fatal errors and failed to discover nodes properly, indicating a serious issue with the InfiniBand fabric or hardware."",   ""remediation"": ""Check InfiniBand hardware and configuration, restart InfiniBand services, and monitor for further issues."" }",54.29,1082.28,85261
qwen2.5-14b,thunderbird,3,few_shot,357,False,NORMAL,True,medium,"Thunderbird_C8 datasource failed to respond to data_thread, indicating a potential issue with the datasource or network connectivity.","{   ""is_anomaly"": true,   ""severity"": ""medium"",   ""root_cause"": ""Thunderbird_C8 datasource failed to respond to data_thread, indicating a potential issue with the datasource or network connectivity."",   ""remediation"": ""Check the status of Thunderbird_C8 datasource and network connectivity between the systems."" }",54.29,1082.28,85261
qwen2.5-14b,thunderbird,3,few_shot,358,False,NORMAL,True,high,"System encountered out of memory errors and network issues, indicating potential resource exhaustion or misconfiguration.","{   ""is_anomaly"": true,   ""severity"": ""high"",   ""root_cause"": ""System encountered out of memory errors and network issues, indicating potential resource exhaustion or misconfiguration."",   ""remediation"": ""Increase system memory, check for memory leaks, and ensure network connectivity is stable."" }",54.29,1082.28,85261
qwen2.5-14b,thunderbird,3,few_shot,359,True,VAPI,True,high,"InfiniBand MAD processing failed with a fatal error, indicating a serious issue with the InfiniHost0 port.","{   ""is_anomaly"": true,   ""severity"": ""high"",   ""root_cause"": ""InfiniBand MAD processing failed with a fatal error, indicating a serious issue with the InfiniHost0 port."",   ""remediation"": ""Check InfiniBand hardware and configuration, and restart the relevant services."" }",54.29,1082.28,85261
qwen2.5-14b,thunderbird,3,few_shot,360,True,VAPI,True,high,"InfiniBand subsystem experienced fatal errors and failed to discover nodes properly, indicating a serious issue with the InfiniBand fabric or hardware.","{   ""is_anomaly"": true,   ""severity"": ""high"",   ""root_cause"": ""InfiniBand subsystem experienced fatal errors and failed to discover nodes properly, indicating a serious issue with the InfiniBand fabric or hardware."",   ""remediation"": ""Check InfiniBand hardware and configuration, restart InfiniBand services, and monitor for further issues."" }",54.29,1082.28,85261
qwen2.5-14b,thunderbird,3,few_shot,361,False,NORMAL,False,low,none,"{   ""is_anomaly"": false,   ""severity"": ""low"",   ""root_cause"": ""none"",   ""remediation"": ""none"" }",54.29,1082.28,85261
qwen2.5-14b,thunderbird,3,few_shot,362,True,VAPI,True,high,"Fatal error (Local Catastrophic Error) occurred in InfiniHost0, indicating a severe issue with the InfiniBand host.","{   ""is_anomaly"": true,   ""severity"": ""high"",   ""root_cause"": ""Fatal error (Local Catastrophic Error) occurred in InfiniHost0, indicating a severe issue with the InfiniBand host."",   ""remediation"": ""Restart the InfiniHost0 service and check hardware for any physical issues."" }",54.29,1082.28,85261
qwen2.5-14b,thunderbird,3,few_shot,363,False,NORMAL,True,medium,"The system has reached the maximum number of open files, preventing Ganglia from updating RRD files.","{   ""is_anomaly"": true,   ""severity"": ""medium"",   ""root_cause"": ""The system has reached the maximum number of open files, preventing Ganglia from updating RRD files."",   ""remediation"": ""Increase the system's maximum number of open files and monitor file descriptor usage."" }",54.29,1082.28,85261
qwen2.5-14b,thunderbird,3,few_shot,364,True,VAPI,True,high,"InfiniBand discovery and configuration failed due to fatal errors and lack of response from nodes, indicating potential hardware or network issues.","{   ""is_anomaly"": true,   ""severity"": ""high"",   ""root_cause"": ""InfiniBand discovery and configuration failed due to fatal errors and lack of response from nodes, indicating potential hardware or network issues."",   ""remediation"": ""Check InfiniBand hardware connections and network configuration, and restart InfiniBand services."" }",54.29,1082.28,85261
qwen2.5-14b,thunderbird,3,few_shot,365,True,VAPI,True,high,"InfiniBand MAD processing failed with a fatal error, indicating a serious issue with the InfiniBand fabric or hardware.","{   ""is_anomaly"": true,   ""severity"": ""high"",   ""root_cause"": ""InfiniBand MAD processing failed with a fatal error, indicating a serious issue with the InfiniBand fabric or hardware."",   ""remediation"": ""Check InfiniBand hardware and configuration, restart InfiniBand services, and monitor for further errors."" }",54.29,1082.28,85261
qwen2.5-14b,thunderbird,3,few_shot,366,True,VAPI,True,critical,Device in FATAL state with multiple MAD processing failures indicating a local catastrophic error on InfiniHost0.,"{   ""is_anomaly"": true,   ""severity"": ""critical"",   ""root_cause"": ""Device in FATAL state with multiple MAD processing failures indicating a local catastrophic error on InfiniHost0."",   ""remediation"": ""Restart the InfiniHost0 device and check for hardware issues."" }",54.29,1082.28,85261
qwen2.5-14b,thunderbird,3,few_shot,367,True,VAPI,True,high,Device in FATAL state and mad_process failures indicate a critical issue with the InfiniHost0 device.,"{   ""is_anomaly"": true,   ""severity"": ""high"",   ""root_cause"": ""Device in FATAL state and mad_process failures indicate a critical issue with the InfiniHost0 device."",   ""remediation"": ""Restart the InfiniHost0 device and check for hardware or driver issues."" }",54.29,1082.28,85261
qwen2.5-14b,thunderbird,3,few_shot,368,True,VAPI,True,high,Device in FATAL state and mad_process failures indicate a critical issue with the InfiniHost0 device.,"{   ""is_anomaly"": true,   ""severity"": ""high"",   ""root_cause"": ""Device in FATAL state and mad_process failures indicate a critical issue with the InfiniHost0 device."",   ""remediation"": ""Restart the InfiniHost0 device and check for hardware or driver issues."" }",54.29,1082.28,85261
qwen2.5-14b,thunderbird,3,few_shot,369,False,NORMAL,True,medium,"The system has reached the maximum limit of open files, indicating a potential resource exhaustion issue.","{   ""is_anomaly"": true,   ""severity"": ""medium"",   ""root_cause"": ""The system has reached the maximum limit of open files, indicating a potential resource exhaustion issue."",   ""remediation"": ""Increase the file-max limit in the system configuration and investigate processes that may be opening too many files."" }",54.29,1082.28,85261
qwen2.5-14b,thunderbird,3,few_shot,370,True,VAPI,True,critical,Device in FATAL state with multiple MAD processing failures indicating a local catastrophic error on InfiniHost0.,"{   ""is_anomaly"": true,   ""severity"": ""critical"",   ""root_cause"": ""Device in FATAL state with multiple MAD processing failures indicating a local catastrophic error on InfiniHost0."",   ""remediation"": ""Restart the InfiniHost0 device and check for hardware issues."" }",54.29,1082.28,85261
qwen2.5-14b,thunderbird,3,few_shot,371,False,NORMAL,True,medium,"Temperature sensor in the main system chassis detected a warning value, indicating potential overheating.","{   ""is_anomaly"": true,   ""severity"": ""medium"",   ""root_cause"": ""Temperature sensor in the main system chassis detected a warning value, indicating potential overheating."",   ""remediation"": ""Check the cooling system and ensure proper airflow to prevent overheating."" }",54.29,1082.28,85261
qwen2.5-14b,thunderbird,3,few_shot,372,False,NORMAL,True,medium,"Data sources [Thunderbird_B2], [Thunderbird_B3], [Thunderbird_C1], and [Thunderbird_C8] did not respond to data_thread requests, indicating potential connectivity or service issues.","{   ""is_anomaly"": true,   ""severity"": ""medium"",   ""root_cause"": ""Data sources [Thunderbird_B2], [Thunderbird_B3], [Thunderbird_C1], and [Thunderbird_C8] did not respond to data_thread requests, indicating potential connectivity or service issues."",   ""remediation"": ""Check the status and connectivity of the specified data sources and ensure they are operational."" }",54.29,1082.28,85261
qwen2.5-14b,thunderbird,3,few_shot,373,False,NORMAL,False,low,none,"{   ""is_anomaly"": false,   ""severity"": ""low"",   ""root_cause"": ""none"",   ""remediation"": ""none"" }",54.29,1082.28,85261
qwen2.5-14b,thunderbird,3,few_shot,374,True,VAPI,True,high,"InfiniBand subsystem experienced fatal errors and failed to discover nodes properly, indicating a serious issue with the InfiniBand fabric or hardware.","{   ""is_anomaly"": true,   ""severity"": ""high"",   ""root_cause"": ""InfiniBand subsystem experienced fatal errors and failed to discover nodes properly, indicating a serious issue with the InfiniBand fabric or hardware."",   ""remediation"": ""Check InfiniBand hardware and configuration, restart InfiniBand services, and monitor for further issues."" }",54.29,1082.28,85261
qwen2.5-14b,thunderbird,3,few_shot,375,True,VAPI,True,high,"InfiniBand MAD processing failed with a fatal error, indicating a serious issue with the InfiniHost0 port or its configuration.","{   ""is_anomaly"": true,   ""severity"": ""high"",   ""root_cause"": ""InfiniBand MAD processing failed with a fatal error, indicating a serious issue with the InfiniHost0 port or its configuration."",   ""remediation"": ""Check InfiniBand configuration and hardware status, and restart the InfiniBand service if necessary."" }",54.29,1082.28,85261
qwen2.5-14b,thunderbird,3,few_shot,376,False,NORMAL,,,,"{   ""is_anomaly"": true,   ""severity"": ""medium"",   ""root_cause"": ""The kernel module panfs.o is being loaded on a CPU architecture (GenuineIntel) different from the one it was compiled for (AuthenticAMD), which may cause instability or crashes."",   ""remediation"": ""Ensure that the panfs.o kernel module is compiled for the correct CPU architecture or obtain a version compatible with the current CPU."" ",54.29,1082.28,85261
qwen2.5-14b,thunderbird,3,few_shot,377,False,NORMAL,True,medium,"Data sources Thunderbird_B1 and Thunderbird_B2 did not respond, indicating potential connectivity or service issues.","{   ""is_anomaly"": true,   ""severity"": ""medium"",   ""root_cause"": ""Data sources Thunderbird_B1 and Thunderbird_B2 did not respond, indicating potential connectivity or service issues."",   ""remediation"": ""Check connectivity and health of Thunderbird_B1 and Thunderbird_B2 data sources."" }",54.29,1082.28,85261
qwen2.5-14b,thunderbird,3,few_shot,378,True,VAPI,True,high,"InfiniBand MAD processing failed with a fatal error, indicating a serious issue with the InfiniHost0 port.","{   ""is_anomaly"": true,   ""severity"": ""high"",   ""root_cause"": ""InfiniBand MAD processing failed with a fatal error, indicating a serious issue with the InfiniHost0 port."",   ""remediation"": ""Restart the InfiniBand service and check for hardware issues on InfiniHost0 port 1."" }",54.29,1082.28,85261
qwen2.5-14b,thunderbird,3,few_shot,379,True,VAPI,True,high,Device in FATAL state and mad_process failures indicate a critical issue with the InfiniHost0 device.,"{   ""is_anomaly"": true,   ""severity"": ""high"",   ""root_cause"": ""Device in FATAL state and mad_process failures indicate a critical issue with the InfiniHost0 device."",   ""remediation"": ""Restart the InfiniHost0 device and check for hardware or driver issues."" }",54.29,1082.28,85261
qwen2.5-14b,thunderbird,3,few_shot,380,True,VAPI,True,critical,"InfiniHost0 experienced a fatal local catastrophic error, and data threads failed to receive responses from multiple datasources.","{   ""is_anomaly"": true,   ""severity"": ""critical"",   ""root_cause"": ""InfiniHost0 experienced a fatal local catastrophic error, and data threads failed to receive responses from multiple datasources."",   ""remediation"": ""Restart the InfiniHost0 service and check the datasources for connectivity issues."" }",54.29,1082.28,85261
qwen2.5-14b,thunderbird,3,few_shot,381,False,NORMAL,True,medium,"Security framework initialization failed, indicating a potential issue with security settings or existing framework conflicts.","{   ""is_anomaly"": true,   ""severity"": ""medium"",   ""root_cause"": ""Security framework initialization failed, indicating a potential issue with security settings or existing framework conflicts."",   ""remediation"": ""Check and correct security framework configuration to ensure compatibility and successful registration."" }",54.29,1082.28,85261
qwen2.5-14b,thunderbird,3,few_shot,382,False,NORMAL,True,medium,"Data sources are not responding, possibly due to network issues or datasource unavailability.","{   ""is_anomaly"": true,   ""severity"": ""medium"",   ""root_cause"": ""Data sources are not responding, possibly due to network issues or datasource unavailability."",   ""remediation"": ""Check network connectivity and datasource availability, restart datasource services if necessary."" }",54.29,1082.28,85261
qwen2.5-14b,thunderbird,3,few_shot,383,False,NORMAL,True,medium,"Multiple services (gmond, haldaemon) failed to shutdown, indicating potential issues with service management or system stability.","{   ""is_anomaly"": true,   ""severity"": ""medium"",   ""root_cause"": ""Multiple services (gmond, haldaemon) failed to shutdown, indicating potential issues with service management or system stability."",   ""remediation"": ""Check service configurations and system logs for errors, restart services if necessary."" }",54.29,1082.28,85261
qwen2.5-14b,thunderbird,3,few_shot,384,True,VAPI,True,high,"InfiniBand adapter experienced a local catastrophic error, and data threads failed to receive responses from datasources.","{   ""is_anomaly"": true,   ""severity"": ""high"",   ""root_cause"": ""InfiniBand adapter experienced a local catastrophic error, and data threads failed to receive responses from datasources."",   ""remediation"": ""Restart the InfiniBand adapter and check datasources for connectivity issues."" }",54.29,1082.28,85261
qwen2.5-14b,thunderbird,3,few_shot,385,False,NORMAL,False,low,none,"{   ""is_anomaly"": false,   ""severity"": ""low"",   ""root_cause"": ""none"",   ""remediation"": ""none"" }",54.29,1082.28,85261
qwen2.5-14b,thunderbird,3,few_shot,386,False,NORMAL,False,low,none,"{   ""is_anomaly"": false,   ""severity"": ""low"",   ""root_cause"": ""none"",   ""remediation"": ""none"" }",54.29,1082.28,85261
qwen2.5-14b,thunderbird,3,few_shot,387,True,VAPI,True,critical,"Device in FATAL state and mad_process failure indicate a severe issue with the InfiniHost0 port 1, possibly hardware failure or critical software error.","{   ""is_anomaly"": true,   ""severity"": ""critical"",   ""root_cause"": ""Device in FATAL state and mad_process failure indicate a severe issue with the InfiniHost0 port 1, possibly hardware failure or critical software error."",   ""remediation"": ""Check hardware status and logs for further details, and consider replacing the faulty hardware or restarting the affected service."" }",54.29,1082.28,85261
qwen2.5-14b,thunderbird,3,few_shot,388,True,VAPI,True,high,"InfiniBand MAD processing failed with a fatal error, indicating a serious issue with the InfiniHost0 port.","{   ""is_anomaly"": true,   ""severity"": ""high"",   ""root_cause"": ""InfiniBand MAD processing failed with a fatal error, indicating a serious issue with the InfiniHost0 port."",   ""remediation"": ""Restart the InfiniBand service and check for hardware issues on InfiniHost0 port 1."" }",54.29,1082.28,85261
qwen2.5-14b,thunderbird,3,few_shot,389,False,NORMAL,False,low,none,"{   ""is_anomaly"": false,   ""severity"": ""low"",   ""root_cause"": ""none"",   ""remediation"": ""none"" }",54.29,1082.28,85261
qwen2.5-14b,thunderbird,3,few_shot,390,True,VAPI,True,high,"InfiniHost0 port 1 experienced a local catastrophic error, likely due to hardware failure or severe configuration issue.","{   ""is_anomaly"": true,   ""severity"": ""high"",   ""root_cause"": ""InfiniHost0 port 1 experienced a local catastrophic error, likely due to hardware failure or severe configuration issue."",   ""remediation"": ""Check InfiniHost0 hardware status and configuration, and restart the affected InfiniBand port."" }",54.29,1082.28,85261
qwen2.5-14b,thunderbird,3,few_shot,391,True,VAPI,True,high,"InfiniHost0 port 1 experienced a local catastrophic error, likely due to hardware failure or severe configuration issue.","{   ""is_anomaly"": true,   ""severity"": ""high"",   ""root_cause"": ""InfiniHost0 port 1 experienced a local catastrophic error, likely due to hardware failure or severe configuration issue."",   ""remediation"": ""Check InfiniHost0 hardware status and configuration, and restart the affected services if necessary."" }",54.29,1082.28,85261
qwen2.5-14b,thunderbird,3,few_shot,392,False,NORMAL,False,low,none,"{   ""is_anomaly"": false,   ""severity"": ""low"",   ""root_cause"": ""none"",   ""remediation"": ""none"" }",54.29,1082.28,85261
qwen2.5-14b,thunderbird,3,few_shot,393,True,VAPI,True,critical,Device in FATAL state with multiple MAD processing failures indicating a local catastrophic error on InfiniHost0.,"{   ""is_anomaly"": true,   ""severity"": ""critical"",   ""root_cause"": ""Device in FATAL state with multiple MAD processing failures indicating a local catastrophic error on InfiniHost0."",   ""remediation"": ""Restart the InfiniHost0 device and check for hardware issues."" }",54.29,1082.28,85261
qwen2.5-14b,thunderbird,3,few_shot,394,True,VAPI,True,critical,"InfiniBand subsystem experienced fatal errors, indicating a severe issue with the InfiniHost0 device.","{   ""is_anomaly"": true,   ""severity"": ""critical"",   ""root_cause"": ""InfiniBand subsystem experienced fatal errors, indicating a severe issue with the InfiniHost0 device."",   ""remediation"": ""Restart the InfiniBand subsystem and check hardware for any faults."" }",54.29,1082.28,85261
qwen2.5-14b,thunderbird,3,few_shot,395,False,NORMAL,True,medium,"The crond service failed to shut down, possibly due to a process still running or a configuration issue.","{   ""is_anomaly"": true,   ""severity"": ""medium"",   ""root_cause"": ""The crond service failed to shut down, possibly due to a process still running or a configuration issue."",   ""remediation"": ""Check crond logs for more details and ensure all scheduled tasks have completed or are properly configured."" }",54.29,1082.28,85261
qwen2.5-14b,thunderbird,3,few_shot,396,True,VAPI,True,high,InfiniBand MAD processing failed with a fatal error indicating a local catastrophic issue on InfiniHost0 port 1.,"{   ""is_anomaly"": true,   ""severity"": ""high"",   ""root_cause"": ""InfiniBand MAD processing failed with a fatal error indicating a local catastrophic issue on InfiniHost0 port 1."",   ""remediation"": ""Restart the InfiniBand service and check hardware status for InfiniHost0 port 1."" }",54.29,1082.28,85261
qwen2.5-14b,thunderbird,3,few_shot,397,True,VAPI,True,high,"InfiniBand MAD processing failed with a fatal error, indicating a serious issue with the InfiniBand subsystem.","{   ""is_anomaly"": true,   ""severity"": ""high"",   ""root_cause"": ""InfiniBand MAD processing failed with a fatal error, indicating a serious issue with the InfiniBand subsystem."",   ""remediation"": ""Restart the InfiniBand service and check the hardware for any issues."" }",54.29,1082.28,85261
qwen2.5-14b,thunderbird,3,few_shot,398,False,NORMAL,False,low,none,"{   ""is_anomaly"": false,   ""severity"": ""low"",   ""root_cause"": ""none"",   ""remediation"": ""none"" }",54.29,1082.28,85261
qwen2.5-14b,thunderbird,3,few_shot,399,False,NORMAL,False,low,none,"{   ""is_anomaly"": false,   ""severity"": ""low"",   ""root_cause"": ""none"",   ""remediation"": ""none"" }",54.29,1082.28,85261
qwen2.5-14b,thunderbird,3,few_shot,400,True,VAPI,True,high,Device in FATAL state and mad_process failures indicate a critical issue with the InfiniHost0 device.,"{   ""is_anomaly"": true,   ""severity"": ""high"",   ""root_cause"": ""Device in FATAL state and mad_process failures indicate a critical issue with the InfiniHost0 device."",   ""remediation"": ""Restart the InfiniHost0 device and check for hardware or driver issues."" }",54.29,1082.28,85261
qwen2.5-14b,thunderbird,3,few_shot,401,False,NORMAL,False,low,none,"{   ""is_anomaly"": false,   ""severity"": ""low"",   ""root_cause"": ""none"",   ""remediation"": ""none"" }",54.29,1082.28,85261
qwen2.5-14b,thunderbird,3,few_shot,402,True,VAPI,True,high,"Fatal error (Local Catastrophic Error) occurred in InfiniHost0, and data_thread failed to get answers from Thunderbird_D4 and Thunderbird_C7 datasources.","{   ""is_anomaly"": true,   ""severity"": ""high"",   ""root_cause"": ""Fatal error (Local Catastrophic Error) occurred in InfiniHost0, and data_thread failed to get answers from Thunderbird_D4 and Thunderbird_C7 datasources."",   ""remediation"": ""Check InfiniHost0 for hardware or software issues and ensure Thunderbird_D4 and Thunderbird_C7 datasources are operational and reachable."" }",54.29,1082.28,85261
qwen2.5-14b,thunderbird,3,few_shot,403,True,VAPI,True,high,"InfiniBand communication failure and data source unavailability, indicating potential network or hardware issues.","{   ""is_anomaly"": true,   ""severity"": ""high"",   ""root_cause"": ""InfiniBand communication failure and data source unavailability, indicating potential network or hardware issues."",   ""remediation"": ""Check InfiniBand network connectivity and health of the data sources."" }",54.29,1082.28,85261
qwen2.5-14b,thunderbird,3,few_shot,404,False,NORMAL,True,medium,"Data sources [Thunderbird_B2], [Thunderbird_C2], and [Thunderbird_D7] did not respond, indicating potential connectivity or service issues.","{   ""is_anomaly"": true,   ""severity"": ""medium"",   ""root_cause"": ""Data sources [Thunderbird_B2], [Thunderbird_C2], and [Thunderbird_D7] did not respond, indicating potential connectivity or service issues."",   ""remediation"": ""Check the status and connectivity of the data sources and ensure they are operational."" }",54.29,1082.28,85261
qwen2.5-14b,thunderbird,3,few_shot,405,True,VAPI,True,critical,Device in FATAL state with multiple MAD processing failures indicating a local catastrophic error on InfiniHost0.,"{   ""is_anomaly"": true,   ""severity"": ""critical"",   ""root_cause"": ""Device in FATAL state with multiple MAD processing failures indicating a local catastrophic error on InfiniHost0."",   ""remediation"": ""Restart the InfiniHost0 device and check for hardware issues."" }",54.29,1082.28,85261
qwen2.5-14b,thunderbird,3,few_shot,406,True,VAPI,True,critical,"Device in FATAL state, indicating a severe hardware or driver issue.","{   ""is_anomaly"": true,   ""severity"": ""critical"",   ""root_cause"": ""Device in FATAL state, indicating a severe hardware or driver issue."",   ""remediation"": ""Restart the affected device or system and check for hardware failures."" }",54.29,1082.28,85261
qwen2.5-14b,thunderbird,3,few_shot,407,True,VAPI,True,critical,InfiniBand device entered a FATAL state due to a local catastrophic error.,"{   ""is_anomaly"": true,   ""severity"": ""critical"",   ""root_cause"": ""InfiniBand device entered a FATAL state due to a local catastrophic error."",   ""remediation"": ""Restart the InfiniBand service and check hardware for any issues."" }",54.29,1082.28,85261
qwen2.5-14b,thunderbird,3,few_shot,408,False,NORMAL,False,low,none,"{   ""is_anomaly"": false,   ""severity"": ""low"",   ""root_cause"": ""none"",   ""remediation"": ""none"" }",54.29,1082.28,85261
qwen2.5-14b,thunderbird,3,few_shot,409,False,NORMAL,False,low,none,"{   ""is_anomaly"": false,   ""severity"": ""low"",   ""root_cause"": ""none"",   ""remediation"": ""none"" }",54.29,1082.28,85261
qwen2.5-14b,thunderbird,3,few_shot,410,False,NORMAL,True,medium,"data_thread() failed to receive an answer from a datasource, indicating a potential communication issue with the Thunderbird_A6 component.","{   ""is_anomaly"": true,   ""severity"": ""medium"",   ""root_cause"": ""data_thread() failed to receive an answer from a datasource, indicating a potential communication issue with the Thunderbird_A6 component."",   ""remediation"": ""Check the connectivity and status of the Thunderbird_A6 datasource and review the logs for further details."" }",54.29,1082.28,85261
qwen2.5-14b,thunderbird,3,few_shot,411,False,NORMAL,False,low,none,"{   ""is_anomaly"": false,   ""severity"": ""low"",   ""root_cause"": ""none"",   ""remediation"": ""none"" }",54.29,1082.28,85261
qwen2.5-14b,thunderbird,3,few_shot,412,True,VAPI,True,high,"InfiniBand network interface experienced a catastrophic error, leading to gmond and crond shutdowns.","{   ""is_anomaly"": true,   ""severity"": ""high"",   ""root_cause"": ""InfiniBand network interface experienced a catastrophic error, leading to gmond and crond shutdowns."",   ""remediation"": ""Check InfiniBand hardware and configuration, restart affected services."" }",54.29,1082.28,85261
qwen2.5-14b,thunderbird,3,few_shot,413,False,NORMAL,True,medium,"Data sources [Thunderbird_D7], [Thunderbird_C2], and [Thunderbird_C4] did not respond, indicating potential connectivity or service issues.","{   ""is_anomaly"": true,   ""severity"": ""medium"",   ""root_cause"": ""Data sources [Thunderbird_D7], [Thunderbird_C2], and [Thunderbird_C4] did not respond, indicating potential connectivity or service issues."",   ""remediation"": ""Check the status and connectivity of the data sources and ensure they are operational."" }",54.29,1082.28,85261
qwen2.5-14b,thunderbird,3,few_shot,414,False,NORMAL,False,low,none,"{   ""is_anomaly"": false,   ""severity"": ""low"",   ""root_cause"": ""none"",   ""remediation"": ""none"" }",54.29,1082.28,85261
qwen2.5-14b,thunderbird,3,few_shot,415,True,VAPI,True,critical,"InfiniHost0 is in a FATAL state, indicating a severe local catastrophic error.","{   ""is_anomaly"": true,   ""severity"": ""critical"",   ""root_cause"": ""InfiniHost0 is in a FATAL state, indicating a severe local catastrophic error."",   ""remediation"": ""Restart the InfiniHost0 device and check for hardware or configuration issues."" }",54.29,1082.28,85261
qwen2.5-14b,thunderbird,3,few_shot,416,False,NORMAL,False,low,none,"{   ""is_anomaly"": false,   ""severity"": ""low"",   ""root_cause"": ""none"",   ""remediation"": ""none"" }",54.29,1082.28,85261
qwen2.5-14b,thunderbird,3,few_shot,417,True,VAPI,True,high,"InfiniHost0 port 1 experienced a local catastrophic error during MAD processing, indicating a severe issue with the InfiniBand fabric or hardware.","{   ""is_anomaly"": true,   ""severity"": ""high"",   ""root_cause"": ""InfiniHost0 port 1 experienced a local catastrophic error during MAD processing, indicating a severe issue with the InfiniBand fabric or hardware."",   ""remediation"": ""Check InfiniBand hardware and configuration, and restart the InfiniBand service if necessary."" }",54.29,1082.28,85261
qwen2.5-14b,thunderbird,3,few_shot,418,False,NORMAL,False,low,none,"{   ""is_anomaly"": false,   ""severity"": ""low"",   ""root_cause"": ""none"",   ""remediation"": ""none"" } Based on the provided log window, it appears to be configuration settings for the Linux kernel and network parameters, not indicative of an incident or anomaly. Therefore, there is no anomaly detected, and no remediation is needed. The log entries are normal system configurations. {""is_anomaly"": false, ",54.29,1082.28,85261
qwen2.5-14b,thunderbird,3,few_shot,419,False,NORMAL,False,low,none,"{   ""is_anomaly"": false,   ""severity"": ""low"",   ""root_cause"": ""none"",   ""remediation"": ""none"" }",54.29,1082.28,85261
qwen2.5-14b,thunderbird,3,few_shot,420,True,VAPI,True,high,"InfiniBand MAD processing failed with a fatal error, indicating a serious issue with the InfiniBand subsystem.","{   ""is_anomaly"": true,   ""severity"": ""high"",   ""root_cause"": ""InfiniBand MAD processing failed with a fatal error, indicating a serious issue with the InfiniBand subsystem."",   ""remediation"": ""Check InfiniBand hardware and configuration, and restart the InfiniBand service if necessary."" }",54.29,1082.28,85261
qwen2.5-14b,thunderbird,3,few_shot,421,False,NORMAL,False,low,none,"{   ""is_anomaly"": false,   ""severity"": ""low"",   ""root_cause"": ""none"",   ""remediation"": ""none"" }",54.29,1082.28,85261
qwen2.5-14b,thunderbird,3,few_shot,422,False,NORMAL,True,medium,"crond shutdown is failing repeatedly, indicating a potential issue with the cron daemon.","{   ""is_anomaly"": true,   ""severity"": ""medium"",   ""root_cause"": ""crond shutdown is failing repeatedly, indicating a potential issue with the cron daemon."",   ""remediation"": ""Check crond logs and system status for errors and restart crond if necessary."" }",54.29,1082.28,85261
qwen2.5-14b,thunderbird,3,few_shot,423,False,NORMAL,True,medium,"Recovery was required on a read-only filesystem, indicating unexpected write attempts or system crashes.","{   ""is_anomaly"": true,   ""severity"": ""medium"",   ""root_cause"": ""Recovery was required on a read-only filesystem, indicating unexpected write attempts or system crashes."",   ""remediation"": ""Check system logs for prior write attempts and ensure filesystem is not mounted as read-only unintentionally."" }",54.29,1082.28,85261
qwen2.5-14b,thunderbird,3,few_shot,424,False,NORMAL,False,low,none,"{   ""is_anomaly"": false,   ""severity"": ""low"",   ""root_cause"": ""none"",   ""remediation"": ""none"" }",54.29,1082.28,85261
qwen2.5-14b,thunderbird,3,few_shot,425,True,VAPI,True,high,"Device in FATAL state, indicating a severe issue with the InfiniHost0 port 1, possibly due to hardware failure or critical configuration error.","{   ""is_anomaly"": true,   ""severity"": ""high"",   ""root_cause"": ""Device in FATAL state, indicating a severe issue with the InfiniHost0 port 1, possibly due to hardware failure or critical configuration error."",   ""remediation"": ""Check hardware status and configuration of InfiniHost0 port 1, and consider replacing faulty hardware or restoring correct configuration."" }",54.29,1082.28,85261
qwen2.5-14b,thunderbird,3,few_shot,426,True,VAPI,True,critical,"InfiniBand device InfiniHost0 is in a FATAL state due to local catastrophic errors, preventing communication with data sources.","{   ""is_anomaly"": true,   ""severity"": ""critical"",   ""root_cause"": ""InfiniBand device InfiniHost0 is in a FATAL state due to local catastrophic errors, preventing communication with data sources."",   ""remediation"": ""Restart the InfiniBand device and check for hardware issues or firmware updates."" }",54.29,1082.28,85261
qwen2.5-14b,thunderbird,3,few_shot,427,False,NORMAL,False,low,none,"{   ""is_anomaly"": false,   ""severity"": ""low"",   ""root_cause"": ""none"",   ""remediation"": ""none"" }",54.29,1082.28,85261
qwen2.5-14b,thunderbird,3,few_shot,428,False,NORMAL,False,low,none,"{   ""is_anomaly"": false,   ""severity"": ""low"",   ""root_cause"": ""none"",   ""remediation"": ""none"" }",54.29,1082.28,85261
qwen2.5-14b,thunderbird,3,few_shot,429,False,NORMAL,True,medium,"The system has reached its maximum limit for open files, and a data thread failed to receive an answer from a datasource.","{   ""is_anomaly"": true,   ""severity"": ""medium"",   ""root_cause"": ""The system has reached its maximum limit for open files, and a data thread failed to receive an answer from a datasource."",   ""remediation"": ""Increase the file-max limit and investigate why the data thread is not receiving responses from the datasource."" }",54.29,1082.28,85261
qwen2.5-14b,thunderbird,3,few_shot,430,False,NORMAL,True,high,"Device in FATAL state, indicating a severe issue with the InfiniBand node or its configuration.","{   ""is_anomaly"": true,   ""severity"": ""high"",   ""root_cause"": ""Device in FATAL state, indicating a severe issue with the InfiniBand node or its configuration."",   ""remediation"": ""Check and restart the InfiniBand device or the relevant network services."" }",54.29,1082.28,85261
qwen2.5-14b,thunderbird,3,few_shot,431,False,NORMAL,False,low,none,"{   ""is_anomaly"": false,   ""severity"": ""low"",   ""root_cause"": ""none"",   ""remediation"": ""none"" }",54.29,1082.28,85261
qwen2.5-14b,thunderbird,3,few_shot,432,True,VAPI,True,high,"InfiniHost0 port 1 experienced a local catastrophic error, likely due to hardware failure or severe configuration issue.","{   ""is_anomaly"": true,   ""severity"": ""high"",   ""root_cause"": ""InfiniHost0 port 1 experienced a local catastrophic error, likely due to hardware failure or severe configuration issue."",   ""remediation"": ""Check InfiniHost0 port 1 for hardware issues and review recent configuration changes."" }",54.29,1082.28,85261
qwen2.5-14b,thunderbird,3,few_shot,433,True,VAPI,True,high,"InfiniBand MAD processing failed with a fatal error, indicating a serious issue with the InfiniHost0 port or its configuration.","{   ""is_anomaly"": true,   ""severity"": ""high"",   ""root_cause"": ""InfiniBand MAD processing failed with a fatal error, indicating a serious issue with the InfiniHost0 port or its configuration."",   ""remediation"": ""Check InfiniBand configuration and hardware status, and restart the InfiniBand service if necessary."" }",54.29,1082.28,85261
qwen2.5-14b,thunderbird,3,few_shot,434,True,VAPI,True,critical,Device in FATAL state with multiple MAD processing failures indicating a local catastrophic error on InfiniHost0.,"{   ""is_anomaly"": true,   ""severity"": ""critical"",   ""root_cause"": ""Device in FATAL state with multiple MAD processing failures indicating a local catastrophic error on InfiniHost0."",   ""remediation"": ""Restart the InfiniHost0 device and check for hardware issues."" }",54.29,1082.28,85261
qwen2.5-14b,thunderbird,3,few_shot,435,True,VAPI,True,high,Device in FATAL state and mad_process failures indicate a serious issue with the InfiniHost0 InfiniBand device.,"{   ""is_anomaly"": true,   ""severity"": ""high"",   ""root_cause"": ""Device in FATAL state and mad_process failures indicate a serious issue with the InfiniHost0 InfiniBand device."",   ""remediation"": ""Restart the InfiniBand device or the system to recover from the FATAL state."" }",54.29,1082.28,85261
qwen2.5-14b,thunderbird,3,few_shot,436,False,NORMAL,False,low,none,"{   ""is_anomaly"": false,   ""severity"": ""low"",   ""root_cause"": ""none"",   ""remediation"": ""none"" }",54.29,1082.28,85261
qwen2.5-14b,thunderbird,3,few_shot,437,False,NORMAL,False,low,none,"{   ""is_anomaly"": false,   ""severity"": ""low"",   ""root_cause"": ""none"",   ""remediation"": ""none"" }",54.29,1082.28,85261
qwen2.5-14b,thunderbird,3,few_shot,438,False,NORMAL,False,low,none,"{   ""is_anomaly"": false,   ""severity"": ""low"",   ""root_cause"": ""none"",   ""remediation"": ""none"" }",54.29,1082.28,85261
qwen2.5-14b,thunderbird,3,few_shot,439,False,NORMAL,False,low,none,"{   ""is_anomaly"": false,   ""severity"": ""low"",   ""root_cause"": ""none"",   ""remediation"": ""none"" }",54.29,1082.28,85261
qwen2.5-14b,thunderbird,3,few_shot,440,True,VAPI,True,high,"Fatal error (Local Catastrophic Error) occurred in InfiniHost0, and data_thread failed to receive responses from multiple datasources.","{   ""is_anomaly"": true,   ""severity"": ""high"",   ""root_cause"": ""Fatal error (Local Catastrophic Error) occurred in InfiniHost0, and data_thread failed to receive responses from multiple datasources."",   ""remediation"": ""Check InfiniHost0 for hardware or software issues and ensure network connectivity to the datasources."" }",54.29,1082.28,85261
qwen2.5-14b,thunderbird,3,few_shot,441,False,NORMAL,False,low,none,"{   ""is_anomaly"": false,   ""severity"": ""low"",   ""root_cause"": ""none"",   ""remediation"": ""none"" }",54.29,1082.28,85261
qwen2.5-14b,thunderbird,3,few_shot,442,True,VAPI,True,high,"InfiniBand subsystem experienced fatal errors and failed to discover nodes properly, indicating a serious issue with the InfiniBand fabric or hardware.","{   ""is_anomaly"": true,   ""severity"": ""high"",   ""root_cause"": ""InfiniBand subsystem experienced fatal errors and failed to discover nodes properly, indicating a serious issue with the InfiniBand fabric or hardware."",   ""remediation"": ""Check InfiniBand hardware and configuration, restart InfiniBand services, and monitor for further issues."" }",54.29,1082.28,85261
qwen2.5-14b,thunderbird,3,few_shot,443,True,VAPI,True,critical,"InfiniHost0 device is in a FATAL state, indicating a severe hardware or driver issue.","{   ""is_anomaly"": true,   ""severity"": ""critical"",   ""root_cause"": ""InfiniHost0 device is in a FATAL state, indicating a severe hardware or driver issue."",   ""remediation"": ""Restart the InfiniHost0 device and check for hardware failures or driver issues."" }",54.29,1082.28,85261
qwen2.5-14b,thunderbird,3,few_shot,444,True,VAPI,True,critical,"InfiniHost0 port 1 is in a FATAL state, indicating a severe issue with the InfiniBand device.","{   ""is_anomaly"": true,   ""severity"": ""critical"",   ""root_cause"": ""InfiniHost0 port 1 is in a FATAL state, indicating a severe issue with the InfiniBand device."",   ""remediation"": ""Restart the InfiniBand device or check for hardware issues."" }",54.29,1082.28,85261
qwen2.5-14b,thunderbird,3,few_shot,445,True,VAPI,True,critical,"Fatal error (Local Catastrophic Error) occurred in InfiniHost0, and data threads failed to receive responses from multiple datasources.","{   ""is_anomaly"": true,   ""severity"": ""critical"",   ""root_cause"": ""Fatal error (Local Catastrophic Error) occurred in InfiniHost0, and data threads failed to receive responses from multiple datasources."",   ""remediation"": ""Restart the affected services and check for hardware issues or configuration errors."" }",54.29,1082.28,85261
qwen2.5-14b,thunderbird,3,few_shot,446,True,VAPI,True,high,"InfiniBand adapter experienced a local catastrophic error, and data sources did not respond.","{   ""is_anomaly"": true,   ""severity"": ""high"",   ""root_cause"": ""InfiniBand adapter experienced a local catastrophic error, and data sources did not respond."",   ""remediation"": ""Check InfiniBand adapter health and restart data source services."" }",54.29,1082.28,85261
qwen2.5-14b,thunderbird,3,few_shot,447,False,NORMAL,False,low,none,"{   ""is_anomaly"": false,   ""severity"": ""low"",   ""root_cause"": ""none"",   ""remediation"": ""none"" }",54.29,1082.28,85261
qwen2.5-14b,thunderbird,3,few_shot,448,False,NORMAL,False,low,none,"{   ""is_anomaly"": false,   ""severity"": ""low"",   ""root_cause"": ""none"",   ""remediation"": ""none"" }",54.29,1082.28,85261
qwen2.5-14b,thunderbird,3,few_shot,449,True,VAPI,True,high,"Fatal error (Local Catastrophic Error) occurred in InfiniHost0, and data threads failed to receive responses from datasources.","{   ""is_anomaly"": true,   ""severity"": ""high"",   ""root_cause"": ""Fatal error (Local Catastrophic Error) occurred in InfiniHost0, and data threads failed to receive responses from datasources."",   ""remediation"": ""Check InfiniHost0 for hardware or software issues and ensure datasources are operational."" }",54.29,1082.28,85261
qwen2.5-14b,openstack,3,few_shot,450,True,ANOMALY,False,low,none,"{   ""is_anomaly"": false,   ""severity"": ""low"",   ""root_cause"": ""none"",   ""remediation"": ""none"" } Based on the provided log entries, all requests are successful (status 200) and there are no errors or warnings. The slight variations in response times do not indicate any significant issues. Therefore, this log window does not indicate an anomaly.   If you need further analysis or have additional logs",54.29,1082.28,85261
qwen2.5-14b,openstack,3,few_shot,451,True,ANOMALY,False,low,none,"{   ""is_anomaly"": false,   ""severity"": ""low"",   ""root_cause"": ""none"",   ""remediation"": ""none"" } Based on the provided log entries, there are no indications of errors or anomalies. The logs show successful claims, API requests returning status 200, and an image creation process, all of which are normal operations in a Nova environment. Therefore, the system is functioning as expected without any is",54.29,1082.28,85261
qwen2.5-14b,openstack,3,few_shot,452,False,NORMAL,False,low,none,"{   ""is_anomaly"": false,   ""severity"": ""low"",   ""root_cause"": ""none"",   ""remediation"": ""none"" } Based on the provided log entries, there are no indications of errors or anomalies. The logs show normal operations such as a successful claim for a vcpu limit, API requests returning successfully, and the creation of an image. Therefore, the system is operating as expected without any issues.   If you ",54.29,1082.28,85261
qwen2.5-14b,openstack,3,few_shot,453,True,ANOMALY,False,low,none,"{   ""is_anomaly"": false,   ""severity"": ""low"",   ""root_cause"": ""none"",   ""remediation"": ""none"" } Based on the provided log entries, there are no indications of errors or anomalies. The logs show normal operations such as image cache checks, instance network deallocation, and API requests. Therefore, the system is operating as expected without any issues that require attention.   If you need a more ",54.29,1082.28,85261
qwen2.5-14b,openstack,3,few_shot,454,False,NORMAL,False,low,none,"{   ""is_anomaly"": false,   ""severity"": ""low"",   ""root_cause"": ""none"",   ""remediation"": ""none"" } Based on the provided logs, there are no indications of errors or anomalies. The logs show normal operations such as a server detail request being served successfully, a VM being started and paused, and an image being checked. These are typical activities in a Nova environment and do not suggest any iss",54.29,1082.28,85261
qwen2.5-14b,openstack,3,few_shot,455,False,NORMAL,False,low,none,"{   ""is_anomaly"": false,   ""severity"": ""low"",   ""root_cause"": ""none"",   ""remediation"": ""none"" } Based on the provided log entries, the system is handling GET requests for server details successfully with HTTP status 200, indicating that the requests were processed without errors. There are no indications of anomalies, errors, or performance issues in the logs. Therefore, the system is operating no",54.29,1082.28,85261
qwen2.5-14b,openstack,3,few_shot,456,False,NORMAL,False,low,none,"{   ""is_anomaly"": false,   ""severity"": ""low"",   ""root_cause"": ""none"",   ""remediation"": ""none"" } Based on the provided log entries, the system is performing routine operations such as instance deletion and network deallocation, with no errors or warnings indicating any issues. Therefore, there is no anomaly detected. The logs show successful completion of instance deletion and network deallocation ",54.29,1082.28,85261
qwen2.5-14b,openstack,3,few_shot,457,False,NORMAL,False,low,none,"{   ""is_anomaly"": false,   ""severity"": ""low"",   ""root_cause"": ""none"",   ""remediation"": ""none"" } Based on the provided log entries, there is no indication of an anomaly. The logs show normal HTTP GET requests to the metadata service with varying status codes, including a 404 for a specific resource, which is not necessarily indicative of a system issue but rather a request for a non-existent resour",54.29,1082.28,85261
qwen2.5-14b,openstack,3,few_shot,458,False,NORMAL,False,low,none,"{   ""is_anomaly"": false,   ""severity"": ""low"",   ""root_cause"": ""none"",   ""remediation"": ""none"" } Based on the provided log entries, there are no errors or anomalies detected. The logs show successful HTTP GET requests to the metadata service with status codes of 200, indicating that the requests were handled successfully. Therefore, the system is operating normally without any issues.   If you need",54.29,1082.28,85261
qwen2.5-14b,openstack,3,few_shot,459,True,ANOMALY,False,low,none,"{   ""is_anomaly"": false,   ""severity"": ""low"",   ""root_cause"": ""none"",   ""remediation"": ""none"" } Based on the provided log entries, there are no indications of errors or anomalies. The logs show successful API requests and a routine operation of creating an image, which is a normal operation in a cloud environment. Therefore, the system is functioning as expected without any issues that would requi",54.29,1082.28,85261
qwen2.5-14b,openstack,3,few_shot,460,True,ANOMALY,False,low,none,"{   ""is_anomaly"": false,   ""severity"": ""low"",   ""root_cause"": ""none"",   ""remediation"": ""none"" } Based on the provided log entries, there are no indications of errors or anomalies. The logs show normal operations such as resource auditing, API requests, and instance claims. Therefore, the system is functioning as expected without any issues that require attention.   If you need further analysis or ",54.29,1082.28,85261
qwen2.5-14b,openstack,3,few_shot,461,False,NORMAL,False,low,none,"{   ""is_anomaly"": false,   ""severity"": ""low"",   ""root_cause"": ""none"",   ""remediation"": ""none"" } Based on the provided log entries, there are multiple successful GET requests to the Nova API and a notification of a VM stopping, all with status 200 and no errors reported. This indicates normal operation without any anomalies. Therefore, the JSON response reflects that there is no anomaly detected.  ",54.29,1082.28,85261
qwen2.5-14b,openstack,3,few_shot,462,True,ANOMALY,False,low,none,"{   ""is_anomaly"": false,   ""severity"": ""low"",   ""root_cause"": ""none"",   ""remediation"": ""none"" } Based on the provided log entries, there are no indications of any anomalies or errors. The logs show normal operations such as instance claims and API requests returning successful responses. Therefore, the system is operating as expected without any issues.   If you need further analysis or have addit",54.29,1082.28,85261
qwen2.5-14b,openstack,3,few_shot,463,True,ANOMALY,False,low,none,"{   ""is_anomaly"": false,   ""severity"": ""low"",   ""root_cause"": ""none"",   ""remediation"": ""none"" } Based on the provided log entries, there are no errors or warnings indicating any issues. The logs are informational and describe the current state of resources (memory, disk, vcpu) for a specific instance. The instance has a high memory limit and a large number of vCPUs, but no resources are currently ",54.29,1082.28,85261
qwen2.5-14b,openstack,3,few_shot,464,True,ANOMALY,False,low,none,"{   ""is_anomaly"": false,   ""severity"": ""low"",   ""root_cause"": ""none"",   ""remediation"": ""none"" } Based on the provided log entries, the system is handling GET requests for server details successfully with HTTP status 200 and consistent response times. There are no errors or warnings indicating any issues, so this log window does not indicate an anomaly. Therefore, the JSON response reflects that th",54.29,1082.28,85261
qwen2.5-14b,openstack,3,few_shot,465,False,NORMAL,False,low,none,"{   ""is_anomaly"": false,   ""severity"": ""low"",   ""root_cause"": ""none"",   ""remediation"": ""none"" } Based on the provided log entries, there are no indications of errors or anomalies. The logs show normal operations such as a GET request to retrieve server details, a POST request to create an external event, and the successful spawning and resuming of a VM instance. Therefore, the system is operating ",54.29,1082.28,85261
qwen2.5-14b,openstack,3,few_shot,466,True,ANOMALY,False,low,none,"{   ""is_anomaly"": false,   ""severity"": ""low"",   ""root_cause"": ""none"",   ""remediation"": ""none"" } Based on the provided log entries, there are no errors or warnings indicating any issues. The logs are informational and detail the current state of resources (memory, disk, vcpu) for a specific instance, showing that the system is operating within expected parameters. Therefore, no anomaly is detected.",54.29,1082.28,85261
qwen2.5-14b,openstack,3,few_shot,467,True,ANOMALY,False,low,none,"{   ""is_anomaly"": false,   ""severity"": ""low"",   ""root_cause"": ""none"",   ""remediation"": ""none"" } Based on the provided log entries, the system is handling GET requests for server details with a consistent status code of 200 (OK) and response times that are relatively stable and within expected ranges. There are no errors or warnings indicating any issues, so this log window does not indicate an ano",54.29,1082.28,85261
qwen2.5-14b,openstack,3,few_shot,468,True,ANOMALY,False,low,none,"{   ""is_anomaly"": false,   ""severity"": ""low"",   ""root_cause"": ""none"",   ""remediation"": ""none"" } Based on the provided log entries, the operations described are routine actions of deleting instance files, destroying an instance on the hypervisor, and deallocating network resources for an instance. There are no errors or warnings indicating any issues, so this log window does not represent an anomal",54.29,1082.28,85261
qwen2.5-14b,openstack,3,few_shot,469,True,ANOMALY,False,low,none,"{   ""is_anomaly"": false,   ""severity"": ""low"",   ""root_cause"": ""none"",   ""remediation"": ""none"" }",54.29,1082.28,85261
qwen2.5-14b,openstack,3,few_shot,470,False,NORMAL,False,low,none,"{   ""is_anomaly"": false,   ""severity"": ""low"",   ""root_cause"": ""none"",   ""remediation"": ""none"" } Based on the provided log entries, the system is handling GET requests for server details successfully with HTTP status 200 and consistent response times. There are no errors or warnings indicating any issues, so this log window does not represent an anomaly. Therefore, the JSON response indicates no an",54.29,1082.28,85261
qwen2.5-14b,openstack,3,few_shot,471,True,ANOMALY,False,low,none,"{   ""is_anomaly"": false,   ""severity"": ""low"",   ""root_cause"": ""none"",   ""remediation"": ""none"" } Based on the provided log entries, there are no indications of errors or anomalies. The logs show normal operations of the OpenStack Nova service, including a successful API request and a claim check for instance resources, with sufficient available resources. Therefore, the system is operating as expec",54.29,1082.28,85261
qwen2.5-14b,openstack,3,few_shot,472,False,NORMAL,False,low,none,"{   ""is_anomaly"": false,   ""severity"": ""low"",   ""root_cause"": ""none"",   ""remediation"": ""none"" } Based on the provided log entries, there are no indications of errors or anomalies. The logs show successful HTTP GET and DELETE requests with status codes 200 and 204, which are normal responses indicating that the requests were processed successfully. Therefore, there is no anomaly detected in this lo",54.29,1082.28,85261
qwen2.5-14b,openstack,3,few_shot,473,True,ANOMALY,True,medium,"Unknown base file encountered during instance cleanup, indicating a potential issue with image caching or instance deletion.","{   ""is_anomaly"": true,   ""severity"": ""medium"",   ""root_cause"": ""Unknown base file encountered during instance cleanup, indicating a potential issue with image caching or instance deletion."",   ""remediation"": ""Check and clean up the image cache, verify the integrity of the instance's base image, and ensure proper cleanup procedures are in place."" }",54.29,1082.28,85261
qwen2.5-14b,openstack,3,few_shot,474,False,NORMAL,False,low,none,"{   ""is_anomaly"": false,   ""severity"": ""low"",   ""root_cause"": ""none"",   ""remediation"": ""none"" } Based on the provided log entries, there are no indications of errors or anomalies. The logs show normal operations of the Nova API and Compute services, with the API responding to GET requests successfully and the Compute service checking and managing image cache files. Therefore, the system is operati",54.29,1082.28,85261
qwen2.5-14b,openstack,3,few_shot,475,True,ANOMALY,False,low,none,"{   ""is_anomaly"": false,   ""severity"": ""low"",   ""root_cause"": ""none"",   ""remediation"": ""none"" } Based on the provided log entries, there are no indications of errors or anomalies. The logs show normal operations of the nova-compute service, including auditing of available resources, updating the compute service record, and checking an image in the image cache. Therefore, the system is operating as",54.29,1082.28,85261
qwen2.5-14b,openstack,3,few_shot,476,True,ANOMALY,False,low,none,"{   ""is_anomaly"": false,   ""severity"": ""low"",   ""root_cause"": ""none"",   ""remediation"": ""none"" } Based on the provided log entries, there are no indications of errors or anomalies. The logs show normal operations such as API requests being served successfully and a VM stopping, which could be expected behavior. Therefore, the system is operating as expected without any issues.   If you need a more ",54.29,1082.28,85261
qwen2.5-14b,openstack,3,few_shot,477,False,NORMAL,False,low,none,"{   ""is_anomaly"": false,   ""severity"": ""low"",   ""root_cause"": ""none"",   ""remediation"": ""none"" } Based on the provided log entries, there are no indications of errors or anomalies. The logs show normal operations such as image usage tracking and metadata requests, which are typical for a running OpenStack environment. Therefore, the system is operating as expected without any issues that require at",54.29,1082.28,85261
qwen2.5-14b,openstack,3,few_shot,478,False,NORMAL,False,low,none,"{   ""is_anomaly"": false,   ""severity"": ""low"",   ""root_cause"": ""none"",   ""remediation"": ""none"" } Based on the provided log entries, there are no errors or warnings indicating any issues. The logs show successful API requests and a service update, which are normal operations. Therefore, there is no anomaly detected.   If you need further analysis or have additional logs to review, please provide the",54.29,1082.28,85261
qwen2.5-14b,openstack,3,few_shot,479,True,ANOMALY,False,low,none,"{   ""is_anomaly"": false,   ""severity"": ""low"",   ""root_cause"": ""none"",   ""remediation"": ""none"" } Based on the provided log entries, the system is performing a normal instance spawning operation. The logs indicate that the instance was successfully spawned and resumed, with the process taking approximately 20 seconds, which is within expected parameters for such operations. There are no error messag",54.29,1082.28,85261
qwen2.5-14b,openstack,3,few_shot,480,True,ANOMALY,False,low,none,"{   ""is_anomaly"": false,   ""severity"": ""low"",   ""root_cause"": ""none"",   ""remediation"": ""none"" } Based on the provided log entries, there are no indications of errors or anomalies. The logs show successful GET requests to the Nova API and normal operations related to image caching in the Nova Compute service. Therefore, the system is operating normally without any detected issues.   If you need fur",54.29,1082.28,85261
qwen2.5-14b,openstack,3,few_shot,481,True,ANOMALY,False,low,none,"{   ""is_anomaly"": false,   ""severity"": ""low"",   ""root_cause"": ""none"",   ""remediation"": ""none"" } Based on the provided log entries, there are no indications of errors or anomalies. The logs show normal operations of the Nova API and Compute services, including successful HTTP GET requests and image cache checks. Therefore, the system is operating as expected without any issues that require attentio",54.29,1082.28,85261
qwen2.5-14b,openstack,3,few_shot,482,True,ANOMALY,False,low,none,"{   ""is_anomaly"": false,   ""severity"": ""low"",   ""root_cause"": ""none"",   ""remediation"": ""none"" } Based on the provided log entries, there are no indications of errors or anomalies. The logs show normal operations such as API requests and server event creation, which are typical activities in a Nova environment. Therefore, the system is functioning as expected without any issues that would require r",54.29,1082.28,85261
qwen2.5-14b,openstack,3,few_shot,483,True,ANOMALY,False,low,none,"{   ""is_anomaly"": false,   ""severity"": ""low"",   ""root_cause"": ""none"",   ""remediation"": ""none"" } Based on the provided log entries, there are no indications of errors or anomalies. The logs show normal operations of the OpenStack Nova API and Compute services, including a successful API request and a routine memory claim check for an instance. Therefore, the system is operating as expected without ",54.29,1082.28,85261
qwen2.5-14b,openstack,3,few_shot,484,True,ANOMALY,False,low,none,"{   ""is_anomaly"": false,   ""severity"": ""low"",   ""root_cause"": ""none"",   ""remediation"": ""none"" } Based on the provided log entries, there are no indications of errors or anomalies. The logs show normal operations such as a GET request to retrieve server details, a POST request to create an external event, and the successful spawning and resuming of a VM instance. Therefore, the system is operating ",54.29,1082.28,85261
qwen2.5-14b,openstack,3,few_shot,485,False,NORMAL,False,low,none,"{   ""is_anomaly"": false,   ""severity"": ""low"",   ""root_cause"": ""none"",   ""remediation"": ""none"" } Based on the provided log entries, there are no errors or warnings indicating an anomaly. The logs show normal operations such as a successful claim for a vCPU limit, API requests returning successfully, and an image creation process starting. Therefore, the system is operating as expected without any i",54.29,1082.28,85261
qwen2.5-14b,openstack,3,few_shot,486,False,NORMAL,False,low,none,"{   ""is_anomaly"": false,   ""severity"": ""low"",   ""root_cause"": ""none"",   ""remediation"": ""none"" } Based on the provided log entries, there are no indications of errors or anomalies. The logs show normal operations such as instance building, API requests, and image cache checks. Therefore, the system is operating as expected without any issues.   If you need a more detailed analysis or have additiona",54.29,1082.28,85261
qwen2.5-14b,openstack,3,few_shot,487,False,NORMAL,False,low,none,"{   ""is_anomaly"": false,   ""severity"": ""low"",   ""root_cause"": ""none"",   ""remediation"": ""none"" } Based on the provided log entries, the instance was spawned successfully with a moderate time of 18.90 seconds, and there are no error messages or indications of any issues. The subsequent logs indicate that the instance resumed its lifecycle event and the build process took 19.67 seconds, which is also",54.29,1082.28,85261
qwen2.5-14b,openstack,3,few_shot,488,False,NORMAL,False,low,none,"{   ""is_anomaly"": false,   ""severity"": ""low"",   ""root_cause"": ""none"",   ""remediation"": ""none"" } Based on the provided log entries, there are no indications of errors or anomalies. The logs show normal operations of the Nova Compute and API services, including image cache management and API requests for server details. Therefore, the system is operating as expected without any issues.   If you need",54.29,1082.28,85261
qwen2.5-14b,openstack,3,few_shot,489,True,ANOMALY,False,low,none,"{   ""is_anomaly"": false,   ""severity"": ""low"",   ""root_cause"": ""none"",   ""remediation"": ""none"" } Based on the provided log entries, there are no indications of errors or anomalies. The logs show normal operations of the Nova API and Compute services, including successful HTTP GET requests and image cache checks. Therefore, the system is operating as expected without any issues.   If you need furthe",54.29,1082.28,85261
qwen2.5-14b,openstack,3,few_shot,490,False,NORMAL,False,low,none,"{   ""is_anomaly"": false,   ""severity"": ""low"",   ""root_cause"": ""none"",   ""remediation"": ""none"" } Based on the provided log entries, there are no indications of errors or anomalies. The logs show normal operations such as API requests being served successfully and a VM being stopped, which are typical activities in a cloud environment. Therefore, the system is functioning as expected without any iss",54.29,1082.28,85261
qwen2.5-14b,openstack,3,few_shot,491,True,ANOMALY,False,low,none,"{   ""is_anomaly"": false,   ""severity"": ""low"",   ""root_cause"": ""none"",   ""remediation"": ""none"" } Based on the provided log entries, the system is handling GET requests for server details successfully with HTTP status 200, indicating that the requests were processed without errors. Additionally, there is a log entry for creating an event related to a network interface being plugged in, which is a no",54.29,1082.28,85261
qwen2.5-14b,openstack,3,few_shot,492,True,ANOMALY,False,low,none,"{   ""is_anomaly"": false,   ""severity"": ""low"",   ""root_cause"": ""none"",   ""remediation"": ""none"" } Based on the provided log entries, the system is handling GET requests for server details successfully with HTTP status 200, indicating that the requests were processed without errors. There are no indications of failures or performance issues, so this log window does not represent an anomaly. Therefore",54.29,1082.28,85261
qwen2.5-14b,openstack,3,few_shot,493,True,ANOMALY,False,low,none,"{   ""is_anomaly"": false,   ""severity"": ""low"",   ""root_cause"": ""none"",   ""remediation"": ""none"" } Based on the provided log entries, there are no indications of errors or anomalies. The logs show normal operations such as image checking, event creation, and VM resuming, all of which are typical activities in a Nova environment. Therefore, the system is functioning as expected without any issues that",54.29,1082.28,85261
qwen2.5-14b,openstack,3,few_shot,494,False,NORMAL,False,low,none,"{   ""is_anomaly"": false,   ""severity"": ""low"",   ""root_cause"": ""none"",   ""remediation"": ""none"" } Based on the provided log entries, there are no indications of errors or anomalies. The logs show successful API requests and a routine audit of compute resources, which are normal operations for a Nova service. Therefore, no anomaly is detected.   If you need a more detailed analysis or have additional",54.29,1082.28,85261
qwen2.5-14b,openstack,3,few_shot,495,False,NORMAL,False,low,none,"{   ""is_anomaly"": false,   ""severity"": ""low"",   ""root_cause"": ""none"",   ""remediation"": ""none"" } Based on the provided log entries, the system is handling GET and POST requests successfully with HTTP status 200, indicating that the requests were processed without errors. There are no error messages or indications of failures in the logs provided. Therefore, this log window does not indicate any ano",54.29,1082.28,85261
qwen2.5-14b,openstack,3,few_shot,496,False,NORMAL,False,low,none,"{   ""is_anomaly"": false,   ""severity"": ""low"",   ""root_cause"": ""none"",   ""remediation"": ""none"" } Based on the provided log entries, the system is handling GET requests for server details successfully with HTTP status 200 and consistent response times. There are no errors or warnings indicating any issues, so this log window does not represent an anomaly.   Therefore, the JSON response is as follows",54.29,1082.28,85261
qwen2.5-14b,openstack,3,few_shot,497,True,ANOMALY,False,low,none,"{   ""is_anomaly"": false,   ""severity"": ""low"",   ""root_cause"": ""none"",   ""remediation"": ""none"" } Based on the provided log entries, there are no indications of errors or anomalies. The logs show normal operations such as listing server details via API and lifecycle events for a VM (start and pause). Therefore, the system is operating as expected without any issues.   If you need a more detailed ana",54.29,1082.28,85261
qwen2.5-14b,openstack,3,few_shot,498,True,ANOMALY,False,low,none,"{   ""is_anomaly"": false,   ""severity"": ""low"",   ""root_cause"": ""none"",   ""remediation"": ""none"" }",54.29,1082.28,85261
qwen2.5-14b,openstack,3,few_shot,499,True,ANOMALY,False,low,none,"{   ""is_anomaly"": false,   ""severity"": ""low"",   ""root_cause"": ""none"",   ""remediation"": ""none"" } Based on the provided logs, there is no indication of an anomaly. The logs show a warning about an unknown base file, followed by the system attempting to remove it, which is a normal operation. The API logs show successful POST and GET requests, indicating that the system is functioning as expected. Th",54.29,1082.28,85261
qwen2.5-14b,openstack,3,few_shot,500,True,ANOMALY,False,low,none,"{   ""is_anomaly"": false,   ""severity"": ""low"",   ""root_cause"": ""none"",   ""remediation"": ""none"" } Based on the provided log entries, there are no errors or warnings indicating any issues. The logs show successful HTTP GET and DELETE requests with status codes 200 and 204, which are normal responses indicating that the requests were processed successfully. Therefore, there is no anomaly detected in t",54.29,1082.28,85261
qwen2.5-14b,openstack,3,few_shot,501,False,NORMAL,False,low,none,"{   ""is_anomaly"": false,   ""severity"": ""low"",   ""root_cause"": ""none"",   ""remediation"": ""none"" } Based on the provided log entries, the system is reporting normal resource usage and allocation for a specific instance. There are no error messages or indications of issues, just informational messages about the current state of the instance's resources. Therefore, this log window does not indicate an ",54.29,1082.28,85261
qwen2.5-14b,openstack,3,few_shot,502,False,NORMAL,False,low,none,"{   ""is_anomaly"": false,   ""severity"": ""low"",   ""root_cause"": ""none"",   ""remediation"": ""none"" } Based on the provided log entries, the system is handling GET requests for server details successfully with HTTP status 200, indicating that the requests were processed without errors. There are no signs of anomalies, errors, or warnings in the logs provided. Therefore, the system is operating normally,",54.29,1082.28,85261
qwen2.5-14b,openstack,3,few_shot,503,True,ANOMALY,False,low,none,"{   ""is_anomaly"": false,   ""severity"": ""low"",   ""root_cause"": ""none"",   ""remediation"": ""none"" } Based on the provided logs, the system is performing a normal instance termination process. There are no errors or warnings indicating any issues. The logs show an instance being deleted, followed by the instance being successfully destroyed. The metadata requests are also normal, with one returning a 4",54.29,1082.28,85261
qwen2.5-14b,openstack,3,few_shot,504,True,ANOMALY,False,low,none,"{   ""is_anomaly"": false,   ""severity"": ""low"",   ""root_cause"": ""none"",   ""remediation"": ""none"" } Based on the provided log entries, there are no indications of errors or anomalies. The logs show normal operations such as image cache management, API requests for server creation and details, and resource claim attempts. Therefore, the system is operating as expected without any issues.   If you need ",54.29,1082.28,85261
qwen2.5-14b,openstack,3,few_shot,505,True,ANOMALY,False,low,none,"{   ""is_anomaly"": false,   ""severity"": ""low"",   ""root_cause"": ""none"",   ""remediation"": ""none"" } Based on the provided log entries, the system is performing normal operations without any errors or warnings. The logs indicate that an instance was successfully spawned, and the VM was resumed, which are typical operations in a Nova Compute environment. There are no indications of any anomalies or issu",54.29,1082.28,85261
qwen2.5-14b,openstack,3,few_shot,506,False,NORMAL,False,low,none,"{   ""is_anomaly"": false,   ""severity"": ""low"",   ""root_cause"": ""none"",   ""remediation"": ""none"" } Based on the provided log entries, there are no indications of errors or anomalies. The logs describe normal operations of a Nova Compute service, including resuming a VM, building an instance, and managing image cache states. Therefore, the system is operating as expected without any issues that requir",54.29,1082.28,85261
qwen2.5-14b,openstack,3,few_shot,507,True,ANOMALY,False,low,none,"{   ""is_anomaly"": false,   ""severity"": ""low"",   ""root_cause"": ""none"",   ""remediation"": ""none"" } Based on the provided log entries, the system is performing normal operations. The logs indicate that a VM was started and then paused, and the image cache is being checked and used as expected. There are no errors or warnings, and the message about skipping the sync_power_state due to a pending task (s",54.29,1082.28,85261
qwen2.5-14b,openstack,3,few_shot,508,False,NORMAL,False,low,none,"{   ""is_anomaly"": false,   ""severity"": ""low"",   ""root_cause"": ""none"",   ""remediation"": ""none"" } Based on the provided log entries, there are no errors or warnings indicating any issues. The logs show normal operations of the Nova Compute service, specifically related to the image cache and base files. Therefore, this log window does not indicate any anomalies.   If you need further analysis or hav",54.29,1082.28,85261
qwen2.5-14b,openstack,3,few_shot,509,True,ANOMALY,False,low,none,"{   ""is_anomaly"": false,   ""severity"": ""low"",   ""root_cause"": ""none"",   ""remediation"": ""none"" } Based on the provided log entries, there are no indications of errors or anomalies. The logs show normal operations such as a VM being paused, an image cache check, and a successful API request to list servers. Therefore, the system is operating as expected without any issues that require attention.   I",54.29,1082.28,85261
qwen2.5-14b,openstack,3,few_shot,510,True,ANOMALY,False,low,none,"{   ""is_anomaly"": false,   ""severity"": ""low"",   ""root_cause"": ""none"",   ""remediation"": ""none"" } Based on the provided log entries, the system is handling GET requests for server details successfully with HTTP status 200, indicating that the requests were processed without errors. There are no indications of failures or performance issues in the logs provided. Therefore, this log window does not in",54.29,1082.28,85261
qwen2.5-14b,openstack,3,few_shot,511,False,NORMAL,False,low,none,"{   ""is_anomaly"": false,   ""severity"": ""low"",   ""root_cause"": ""none"",   ""remediation"": ""none"" } Based on the provided log entries, all requests are successful (status 200) and the response times are relatively consistent and low, indicating normal operation. There is no indication of an anomaly or issue in these logs. Therefore, the analysis concludes that there is no anomaly, and no remediation i",54.29,1082.28,85261
qwen2.5-14b,openstack,3,few_shot,512,False,NORMAL,False,low,none,"{   ""is_anomaly"": false,   ""severity"": ""low"",   ""root_cause"": ""none"",   ""remediation"": ""none"" } Based on the provided log entries, there are no errors or warnings, only informational messages about the status of base image files and their usage. Therefore, this log window does not indicate any anomaly. The logs show that the system is checking and confirming the status of an image file, which is a",54.29,1082.28,85261
qwen2.5-14b,openstack,3,few_shot,513,True,ANOMALY,False,low,none,"{   ""is_anomaly"": false,   ""severity"": ""low"",   ""root_cause"": ""none"",   ""remediation"": ""none"" } Based on the provided log entries, there are no indications of errors or anomalies. The logs show normal operations such as an instance being resumed and successfully spawned, along with an external event being created and processed. Therefore, the system is operating as expected without any issues.   I",54.29,1082.28,85261
qwen2.5-14b,openstack,3,few_shot,514,False,NORMAL,False,low,none,"{   ""is_anomaly"": false,   ""severity"": ""low"",   ""root_cause"": ""none"",   ""remediation"": ""none"" } Based on the provided log entries, there are no indications of errors or anomalies. The logs show normal operations of the Nova API and Compute services, with successful HTTP GET requests to metadata services and listing of active base files. Therefore, the system is operating as expected without any is",54.29,1082.28,85261
qwen2.5-14b,openstack,3,few_shot,515,True,ANOMALY,False,low,none,"{   ""is_anomaly"": false,   ""severity"": ""low"",   ""root_cause"": ""none"",   ""remediation"": ""none"" } Based on the provided log entries, there are no indications of errors or anomalies. The logs show normal operations such as updating service records, handling API requests, and checking image cache status. Therefore, the system is operating as expected without any issues.   If you need further analysis ",54.29,1082.28,85261
qwen2.5-14b,openstack,3,few_shot,516,False,NORMAL,False,low,none,"{   ""is_anomaly"": false,   ""severity"": ""low"",   ""root_cause"": ""none"",   ""remediation"": ""none"" } Based on the provided log entries, the system is handling GET requests for server details successfully with HTTP status 200, indicating that the requests were processed without errors. There are no signs of anomalies, errors, or warnings in the logs provided. Therefore, the system is operating normally,",54.29,1082.28,85261
qwen2.5-14b,openstack,3,few_shot,517,True,ANOMALY,False,low,none,"{   ""is_anomaly"": false,   ""severity"": ""low"",   ""root_cause"": ""none"",   ""remediation"": ""none"" } Based on the provided log entries, there are no errors or warnings indicating any issues. The logs are informational and describe the current state of resources (memory, disk, vcpu) for a specific instance, with some noting that the limits were not specified and defaulted to unlimited. This is normal op",54.29,1082.28,85261
qwen2.5-14b,openstack,3,few_shot,518,False,NORMAL,True,medium,"HTTP 404 error occurred when attempting to post server external events, indicating a resource not found issue.","{   ""is_anomaly"": true,   ""severity"": ""medium"",   ""root_cause"": ""HTTP 404 error occurred when attempting to post server external events, indicating a resource not found issue."",   ""remediation"": ""Verify that the requested server or resource exists and that the API endpoint is correctly configured."" }",54.29,1082.28,85261
qwen2.5-14b,openstack,3,few_shot,519,False,NORMAL,False,low,none,"{   ""is_anomaly"": false,   ""severity"": ""low"",   ""root_cause"": ""none"",   ""remediation"": ""none"" } Based on the provided log entries, there are no errors or warnings indicating any issues. The logs show normal operations of the Nova Compute service checking and managing image cache states. Therefore, there is no anomaly detected.   If you need further analysis or have additional logs to review, pleas",54.29,1082.28,85261
qwen2.5-14b,openstack,3,few_shot,520,False,NORMAL,False,low,none,"{   ""is_anomaly"": false,   ""severity"": ""low"",   ""root_cause"": ""none"",   ""remediation"": ""none"" } Based on the provided log entries, there are no errors or anomalies detected. The logs indicate normal operations such as API requests being served successfully and a VM lifecycle event. Therefore, the system is functioning as expected without any issues that require immediate attention.   If you need f",54.29,1082.28,85261
qwen2.5-14b,openstack,3,few_shot,521,False,NORMAL,False,low,none,"{   ""is_anomaly"": false,   ""severity"": ""low"",   ""root_cause"": ""none"",   ""remediation"": ""none"" } Based on the provided log entries, there are no indications of errors or anomalies. The logs show normal operations such as instance spawning, power state synchronization, and API requests returning successfully. Therefore, the system is operating as expected without any issues that require immediate at",54.29,1082.28,85261
qwen2.5-14b,openstack,3,few_shot,522,True,ANOMALY,False,low,none,"{   ""is_anomaly"": false,   ""severity"": ""low"",   ""root_cause"": ""none"",   ""remediation"": ""none"" } Based on the provided log entries, the system is performing routine operations such as deleting instance files, destroying an instance on the hypervisor, and deallocating network resources for an instance. There are no error messages or indications of any issues. The logs show successful completion of t",54.29,1082.28,85261
qwen2.5-14b,openstack,3,few_shot,523,False,NORMAL,False,low,none,"{   ""is_anomaly"": false,   ""severity"": ""low"",   ""root_cause"": ""none"",   ""remediation"": ""none"" } Based on the provided log entries, there are no indications of errors or anomalies. The logs show normal operations of the Nova API and Compute services, with the API responding to GET requests successfully and the Compute service checking and managing image cache files. Therefore, the system is operati",54.29,1082.28,85261
qwen2.5-14b,openstack,3,few_shot,524,False,NORMAL,False,low,none,"{   ""is_anomaly"": false,   ""severity"": ""low"",   ""root_cause"": ""none"",   ""remediation"": ""none"" } Based on the provided log entries, there are no errors or warnings indicating any issues. The logs show that the system is successfully claiming resources for an instance with default settings for disk and vCPU limits. Therefore, this log window does not indicate any anomalies.   If you need further ana",54.29,1082.28,85261
qwen2.5-14b,openstack,3,few_shot,525,True,ANOMALY,False,low,none,"{   ""is_anomaly"": false,   ""severity"": ""low"",   ""root_cause"": ""none"",   ""remediation"": ""none"" }",54.29,1082.28,85261
qwen2.5-14b,openstack,3,few_shot,526,False,NORMAL,False,low,none,"{   ""is_anomaly"": false,   ""severity"": ""low"",   ""root_cause"": ""none"",   ""remediation"": ""none"" } Based on the provided log entries, there are no indications of errors or anomalies. The logs show normal operations such as instance spawning, syncing power state, and API requests. Therefore, the system is operating as expected without any issues that require immediate attention.   If you need a more d",54.29,1082.28,85261
qwen2.5-14b,openstack,3,few_shot,527,False,NORMAL,True,medium,HTTP 404 error and unknown base file indicate issues with instance management and image cache in Nova.,"{   ""is_anomaly"": true,   ""severity"": ""medium"",   ""root_cause"": ""HTTP 404 error and unknown base file indicate issues with instance management and image cache in Nova."",   ""remediation"": ""Check Nova configuration and image cache for missing or corrupted base files."" }",54.29,1082.28,85261
qwen2.5-14b,openstack,3,few_shot,528,True,ANOMALY,True,medium,"A 404 error occurred for a GET request to /openstack/2013-10-17/user_data, indicating the requested resource was not found.","{   ""is_anomaly"": true,   ""severity"": ""medium"",   ""root_cause"": ""A 404 error occurred for a GET request to /openstack/2013-10-17/user_data, indicating the requested resource was not found."",   ""remediation"": ""Check the user_data file path and ensure it is correctly specified in the metadata service."" }",54.29,1082.28,85261
qwen2.5-14b,openstack,3,few_shot,529,True,ANOMALY,False,low,none,"{   ""is_anomaly"": false,   ""severity"": ""low"",   ""root_cause"": ""none"",   ""remediation"": ""none"" }",54.29,1082.28,85261
qwen2.5-14b,openstack,3,few_shot,530,False,NORMAL,False,low,none,"{   ""is_anomaly"": false,   ""severity"": ""low"",   ""root_cause"": ""none"",   ""remediation"": ""none"" } Based on the provided log entries, the system appears to be functioning normally. The logs indicate that an instance was successfully spawned, and there are no error messages or indications of any issues. The ""During sync_power_state the instance has a pending task (spawning). Skip."" message is a normal",54.29,1082.28,85261
qwen2.5-14b,openstack,3,few_shot,531,False,NORMAL,False,low,none,"{   ""is_anomaly"": false,   ""severity"": ""low"",   ""root_cause"": ""none"",   ""remediation"": ""none"" } Based on the provided log entries, there are no indications of errors or anomalies. The logs show successful API requests and a normal instance state check, which is expected behavior for a running OpenStack environment. Therefore, the system is operating as expected without any issues that require imme",54.29,1082.28,85261
qwen2.5-14b,openstack,3,few_shot,532,True,ANOMALY,False,low,none,"{   ""is_anomaly"": false,   ""severity"": ""low"",   ""root_cause"": ""none"",   ""remediation"": ""none"" }",54.29,1082.28,85261
qwen2.5-14b,openstack,3,few_shot,533,True,ANOMALY,False,low,none,"{   ""is_anomaly"": false,   ""severity"": ""low"",   ""root_cause"": ""none"",   ""remediation"": ""none"" } Based on the provided log entries, there are no indications of errors or anomalies. The logs show normal operations such as API requests being served successfully and image cache checks, which are typical activities in a Nova environment. Therefore, the system is operating as expected without any issues",54.29,1082.28,85261
qwen2.5-14b,openstack,3,few_shot,534,True,ANOMALY,False,low,none,"{   ""is_anomaly"": false,   ""severity"": ""low"",   ""root_cause"": ""none"",   ""remediation"": ""none"" } Based on the provided log entries, there are no indications of errors or anomalies. The logs show successful operations such as a POST request to the API, a VM being resumed, and an instance being spawned successfully. Therefore, the system is operating normally without any issues.   If you need further",54.29,1082.28,85261
qwen2.5-14b,openstack,3,few_shot,535,True,ANOMALY,False,low,none,"{   ""is_anomaly"": false,   ""severity"": ""low"",   ""root_cause"": ""none"",   ""remediation"": ""none"" } Based on the provided log entries, there are no indications of errors or anomalies. The logs show successful HTTP GET and DELETE requests to the metadata and compute services, along with a normal termination of an instance. Therefore, the system is operating as expected without any issues.   If you need",54.29,1082.28,85261
qwen2.5-14b,openstack,3,few_shot,536,True,ANOMALY,False,low,none,"{   ""is_anomaly"": false,   ""severity"": ""low"",   ""root_cause"": ""none"",   ""remediation"": ""none"" } Based on the provided log entries, there are no indications of errors or anomalies. The logs show normal operations of the OpenStack Nova service, including a successful API request and a claim attempt for a new instance with sufficient available resources. Therefore, the system is operating as expected",54.29,1082.28,85261
qwen2.5-14b,openstack,3,few_shot,537,True,ANOMALY,False,low,none,"{   ""is_anomaly"": false,   ""severity"": ""low"",   ""root_cause"": ""none"",   ""remediation"": ""none"" } Based on the provided log entries, there are no indications of errors or anomalies. The logs show normal operations such as image usage tracking, event creation, and VM state changes, all of which are typical activities in a Nova environment. Therefore, the system is functioning as expected without any ",54.29,1082.28,85261
qwen2.5-14b,openstack,3,few_shot,538,False,NORMAL,False,low,none,"{   ""is_anomaly"": false,   ""severity"": ""low"",   ""root_cause"": ""none"",   ""remediation"": ""none"" } Based on the provided log entries, there are no indications of errors or anomalies. The logs show normal operations such as syncing power states, resuming VMs, and API requests returning successfully. Therefore, the system is operating as expected without any issues that require attention.   If you need",54.29,1082.28,85261
qwen2.5-14b,openstack,3,few_shot,539,False,NORMAL,False,low,none,"{   ""is_anomaly"": false,   ""severity"": ""low"",   ""root_cause"": ""none"",   ""remediation"": ""none"" } Based on the provided log entries, there are no indications of errors or anomalies. The logs show normal operations such as instance spawning, syncing power state, and API requests. The time taken to spawn and build the instance is noted but does not exceed typical thresholds for concern. Therefore, no ",54.29,1082.28,85261
qwen2.5-14b,openstack,3,few_shot,540,True,ANOMALY,False,low,none,"{   ""is_anomaly"": false,   ""severity"": ""low"",   ""root_cause"": ""none"",   ""remediation"": ""none"" } Based on the provided log entries, the system is performing routine operations such as destroying an instance and cleaning up associated files. There are no error messages or indications of any issues, so this log window does not indicate an anomaly. The instance was destroyed successfully, and the file",54.29,1082.28,85261
qwen2.5-14b,openstack,3,few_shot,541,False,NORMAL,False,low,none,"{   ""is_anomaly"": false,   ""severity"": ""low"",   ""root_cause"": ""none"",   ""remediation"": ""none"" } Based on the provided log entries, there are no errors or warnings, and the logs indicate normal operations of checking and confirming the status of an image file in the Nova Compute service. Therefore, there is no anomaly detected. The logs show that the image is being checked and is in use on the node",54.29,1082.28,85261
qwen2.5-14b,openstack,3,few_shot,542,False,NORMAL,False,low,none,"{   ""is_anomaly"": false,   ""severity"": ""low"",   ""root_cause"": ""none"",   ""remediation"": ""none"" } Based on the provided log entries, there are multiple successful GET requests to the Nova API with status 200, indicating that the requests were handled successfully without any errors. The log from nova-compute is also a normal operation of checking an image in the cache. Therefore, there is no anomaly",54.29,1082.28,85261
qwen2.5-14b,openstack,3,few_shot,543,True,ANOMALY,False,low,none,"{   ""is_anomaly"": false,   ""severity"": ""low"",   ""root_cause"": ""none"",   ""remediation"": ""none"" } Based on the provided log entries, there are no indications of errors or anomalies. The logs show normal operations such as syncing power states, resuming VMs, and API requests returning successfully. Therefore, the system is operating as expected without any issues that require attention.   If you need",54.29,1082.28,85261
qwen2.5-14b,openstack,3,few_shot,544,False,NORMAL,False,low,none,"{   ""is_anomaly"": false,   ""severity"": ""low"",   ""root_cause"": ""none"",   ""remediation"": ""none"" } Based on the provided log entries, there are no indications of errors or anomalies. The logs show normal operations such as auditing compute resources, creating events for network interfaces, and successfully spawning an instance. Therefore, the system is operating as expected without any issues.   If y",54.29,1082.28,85261
qwen2.5-14b,openstack,3,few_shot,545,False,NORMAL,False,low,"The system encountered an unknown base file but determined it was too young to remove, which is a normal part of the image cache management process.","{   ""is_anomaly"": false,   ""severity"": ""low"",   ""root_cause"": ""The system encountered an unknown base file but determined it was too young to remove, which is a normal part of the image cache management process."",   ""remediation"": ""none"" }",54.29,1082.28,85261
qwen2.5-14b,openstack,3,few_shot,546,False,NORMAL,False,low,none,"{   ""is_anomaly"": false,   ""severity"": ""low"",   ""root_cause"": ""none"",   ""remediation"": ""none"" } Based on the provided log entries, the system is handling GET requests for server details successfully with HTTP status 200, indicating that the requests were processed without errors. There are no signs of anomalies, errors, or warnings in the logs provided. Therefore, the system is operating normally,",54.29,1082.28,85261
qwen2.5-14b,openstack,3,few_shot,547,True,ANOMALY,False,low,none,"{   ""is_anomaly"": false,   ""severity"": ""low"",   ""root_cause"": ""none"",   ""remediation"": ""none"" } Based on the provided log entries, there are no indications of errors or anomalies. The logs show normal operations of the Nova Compute and API services, including successful claims for a compute instance and API requests to retrieve server details. Therefore, the system is operating as expected without",54.29,1082.28,85261
qwen2.5-14b,openstack,3,few_shot,548,False,NORMAL,False,low,none,"{   ""is_anomaly"": false,   ""severity"": ""low"",   ""root_cause"": ""none"",   ""remediation"": ""none"" } Based on the provided log entries, the system is performing normal operations. The logs indicate a server deletion request was made, the instance was terminated, and the metadata was accessed successfully. There are no errors or warnings that suggest any anomalies or issues. Therefore, the system is ope",54.29,1082.28,85261
qwen2.5-14b,openstack,3,few_shot,549,True,ANOMALY,False,low,none,"{   ""is_anomaly"": false,   ""severity"": ""low"",   ""root_cause"": ""none"",   ""remediation"": ""none"" } Based on the provided log entries, there are no errors or warnings indicating any issues. The logs show normal operations of the Nova Compute and API services, with the Compute service checking and managing images, and the API service responding to GET requests for server details. Therefore, there is no",54.29,1082.28,85261
qwen2.5-14b,openstack,3,few_shot,550,False,NORMAL,False,low,none,"{   ""is_anomaly"": false,   ""severity"": ""low"",   ""root_cause"": ""none"",   ""remediation"": ""none"" } Based on the provided log entries, there are no indications of errors or anomalies. The logs show normal operations of the Nova Compute and API services, including successful claims for a compute instance and API requests to retrieve server details. Therefore, the system is operating as expected without",54.29,1082.28,85261
qwen2.5-14b,openstack,3,few_shot,551,False,NORMAL,False,low,none,"{   ""is_anomaly"": false,   ""severity"": ""low"",   ""root_cause"": ""none"",   ""remediation"": ""none"" } Based on the provided logs, there are multiple successful GET requests to the Nova API and a log indicating a VM has started. These are normal operations and do not indicate any anomalies or issues. Therefore, the system is functioning as expected with no detected incidents.   If you need a more detaile",54.29,1082.28,85261
qwen2.5-14b,openstack,3,few_shot,552,True,ANOMALY,False,low,none,"{   ""is_anomaly"": false,   ""severity"": ""low"",   ""root_cause"": ""none"",   ""remediation"": ""none"" }",54.29,1082.28,85261
qwen2.5-14b,openstack,3,few_shot,553,True,ANOMALY,False,low,none,"{   ""is_anomaly"": false,   ""severity"": ""low"",   ""root_cause"": ""none"",   ""remediation"": ""none"" } Based on the provided log entries, there are no indications of errors or anomalies. The logs show normal operations of the nova-api and nova-compute services, including successful API requests and image cache checks. Therefore, the system is operating as expected without any issues.   If you need furthe",54.29,1082.28,85261
qwen2.5-14b,openstack,3,few_shot,554,True,ANOMALY,False,low,none,"{   ""is_anomaly"": false,   ""severity"": ""low"",   ""root_cause"": ""none"",   ""remediation"": ""none"" } Based on the provided log entries, all requests are successful (status 200) and there are no errors or warnings. The logs show multiple GET requests to the Nova API for server details, all returning successfully with varying response times. This indicates normal operation without any anomalies. Therefor",54.29,1082.28,85261
qwen2.5-14b,openstack,3,few_shot,555,True,ANOMALY,False,low,none,"{   ""is_anomaly"": false,   ""severity"": ""low"",   ""root_cause"": ""none"",   ""remediation"": ""none"" } Based on the provided log entries, there are no indications of errors or anomalies. The logs show successful HTTP GET and DELETE requests, as well as a normal instance termination process. Therefore, the system is operating as expected without any issues.   If you need a more detailed analysis or have a",54.29,1082.28,85261
qwen2.5-14b,openstack,3,few_shot,556,False,NORMAL,True,low,"A 404 error occurred for a GET request to /openstack/2013-10-17/user_data, indicating the requested resource was not found.","{   ""is_anomaly"": true,   ""severity"": ""low"",   ""root_cause"": ""A 404 error occurred for a GET request to /openstack/2013-10-17/user_data, indicating the requested resource was not found."",   ""remediation"": ""Verify the existence and correct path of the user_data resource."" }",54.29,1082.28,85261
qwen2.5-14b,openstack,3,few_shot,557,False,NORMAL,False,low,none,"{   ""is_anomaly"": false,   ""severity"": ""low"",   ""root_cause"": ""none"",   ""remediation"": ""none"" } Based on the provided log entries, there are no indications of errors or anomalies. The logs show normal operations such as instance destruction, network deallocation, and image cache management. Therefore, the system is operating as expected without any issues that require immediate attention.   If you",54.29,1082.28,85261
qwen2.5-14b,openstack,3,few_shot,558,True,ANOMALY,False,low,none,"{   ""is_anomaly"": false,   ""severity"": ""low"",   ""root_cause"": ""none"",   ""remediation"": ""none"" } Based on the provided log entries, the system is handling GET requests for server details successfully with HTTP status 200, indicating that the requests were processed without errors. There are no indications of failures, retries, or other anomalies in the logs. Therefore, the system is operating norma",54.29,1082.28,85261
qwen2.5-14b,openstack,3,few_shot,559,False,NORMAL,False,low,none,"{   ""is_anomaly"": false,   ""severity"": ""low"",   ""root_cause"": ""none"",   ""remediation"": ""none"" } Based on the provided log entries, there are no indications of errors or anomalies. The logs show normal operations of the Nova Compute and API services, including image cache checks and metadata requests, which are typical activities in a running OpenStack environment. Therefore, the system is operatin",54.29,1082.28,85261
qwen2.5-14b,openstack,3,few_shot,560,True,ANOMALY,False,low,none,"{   ""is_anomaly"": false,   ""severity"": ""low"",   ""root_cause"": ""none"",   ""remediation"": ""none"" } Based on the provided log entries, there are no indications of errors or anomalies. The logs show successful HTTP GET and DELETE requests with status codes 200 and 204, which are normal responses indicating that the requests were processed successfully. Therefore, there is no anomaly detected in this lo",54.29,1082.28,85261
qwen2.5-14b,openstack,3,few_shot,561,False,NORMAL,False,low,none,"{   ""is_anomaly"": false,   ""severity"": ""low"",   ""root_cause"": ""none"",   ""remediation"": ""none"" } Based on the provided log entries, there are no indications of errors or anomalies. The logs show normal operations such as creating an image, handling GET requests for server details, and stopping a VM. Therefore, the system is operating as expected without any issues.   If you need a more detailed ana",54.29,1082.28,85261
qwen2.5-14b,openstack,3,few_shot,562,True,ANOMALY,False,low,none,"{   ""is_anomaly"": false,   ""severity"": ""low"",   ""root_cause"": ""none"",   ""remediation"": ""none"" } Based on the provided log entries, there are no indications of errors or anomalies. The logs show normal operations such as creating an event for a network interface being plugged, successful API requests, and a VM being resumed and spawned successfully. Therefore, the system is operating as expected wi",54.29,1082.28,85261
qwen2.5-14b,openstack,3,few_shot,563,False,NORMAL,False,low,none,"{   ""is_anomaly"": false,   ""severity"": ""low"",   ""root_cause"": ""none"",   ""remediation"": ""none"" } Based on the provided log entries, there are no indications of errors or anomalies. The logs show normal operations such as instance destruction, network deallocation, and API requests returning successfully. Therefore, the system is operating as expected without any issues that require attention.   If ",54.29,1082.28,85261
qwen2.5-14b,openstack,3,few_shot,564,True,ANOMALY,False,low,none,"{   ""is_anomaly"": false,   ""severity"": ""low"",   ""root_cause"": ""none"",   ""remediation"": ""none"" } Based on the provided log entries, the system is performing normal operations without any errors or anomalies. The logs indicate that an event was created for a network interface being plugged into an instance, followed by the instance being successfully spawned and resumed. There are no error messages ",54.29,1082.28,85261
qwen2.5-14b,openstack,3,few_shot,565,False,NORMAL,False,low,none,"{   ""is_anomaly"": false,   ""severity"": ""low"",   ""root_cause"": ""none"",   ""remediation"": ""none"" } Based on the provided log entries, there are no indications of errors or anomalies. The logs show normal operations such as an image being used, a server detail request being successfully processed, and lifecycle events for a VM (start and pause). Therefore, the system is operating as expected without a",54.29,1082.28,85261
qwen2.5-14b,openstack,3,few_shot,566,False,NORMAL,False,low,none,"{   ""is_anomaly"": false,   ""severity"": ""low"",   ""root_cause"": ""none"",   ""remediation"": ""none"" } Based on the provided log entries, there are no indications of errors or anomalies. The logs show normal operations such as image usage tracking, metadata requests, and instance termination requests, all of which are typical activities in a Nova-based OpenStack environment. Therefore, the system is oper",54.29,1082.28,85261
qwen2.5-14b,openstack,3,few_shot,567,True,ANOMALY,False,low,none,"{   ""is_anomaly"": false,   ""severity"": ""low"",   ""root_cause"": ""none"",   ""remediation"": ""none"" } Based on the provided log entries, the system is performing normal operations. The logs indicate that an event was created for a network interface being plugged into an instance, the API responded successfully to a POST request, and the compute manager reported that the instance was spawned successfully",54.29,1082.28,85261
qwen2.5-14b,openstack,3,few_shot,568,True,ANOMALY,False,low,none,"{   ""is_anomaly"": false,   ""severity"": ""low"",   ""root_cause"": ""none"",   ""remediation"": ""none"" } Based on the provided log entries, there are no indications of errors or anomalies. The logs show normal operations of a VM being stopped and API requests returning successful responses (HTTP status 200). Therefore, the system is operating as expected without any issues that would require remediation.  ",54.29,1082.28,85261
qwen2.5-14b,openstack,3,few_shot,569,False,NORMAL,False,low,none,"{   ""is_anomaly"": false,   ""severity"": ""low"",   ""root_cause"": ""none"",   ""remediation"": ""none"" } Based on the provided log entries, there are no errors or warnings indicating any issues. The logs show successful HTTP GET requests with status 200, indicating that the requests were processed successfully without any anomalies. Therefore, the system is operating normally, and no remediation is require",54.29,1082.28,85261
qwen2.5-14b,openstack,3,few_shot,570,False,NORMAL,False,low,none,"{   ""is_anomaly"": false,   ""severity"": ""low"",   ""root_cause"": ""none"",   ""remediation"": ""none"" } Based on the provided log entries, there are no indications of errors or anomalies. The logs show normal operations of the nova-compute service, including auditing of available resources and updating the compute service record. Therefore, the system is operating as expected with no issues detected.   If",54.29,1082.28,85261
qwen2.5-14b,openstack,3,few_shot,571,True,ANOMALY,False,low,none,"{   ""is_anomaly"": false,   ""severity"": ""low"",   ""root_cause"": ""none"",   ""remediation"": ""none"" } Based on the provided logs, there are no critical or high-severity issues. The logs indicate that an unknown base file was detected and subsequently removed, which is a normal operation for cleaning up unused or orphaned files in the Nova compute service. The API logs show successful POST and GET reques",54.29,1082.28,85261
qwen2.5-14b,openstack,3,few_shot,572,True,ANOMALY,False,low,none,"{   ""is_anomaly"": false,   ""severity"": ""low"",   ""root_cause"": ""none"",   ""remediation"": ""none"" } Based on the provided log entries, there is no indication of an anomaly. The logs show a VM stopping and several successful API calls to retrieve server details, all with HTTP status 200, indicating normal operation. Therefore, the system is functioning as expected without any issues that would require ",54.29,1082.28,85261
qwen2.5-14b,openstack,3,few_shot,573,False,NORMAL,False,low,none,"{   ""is_anomaly"": false,   ""severity"": ""low"",   ""root_cause"": ""none"",   ""remediation"": ""none"" } Based on the provided log entries, there are no indications of errors or anomalies. The logs show normal operations of VM lifecycle events (start, pause) and API requests returning successfully. Therefore, the system is operating as expected without any issues that require attention.   If you need a mor",54.29,1082.28,85261
qwen2.5-14b,openstack,3,few_shot,574,False,NORMAL,False,low,none,"{   ""is_anomaly"": false,   ""severity"": ""low"",   ""root_cause"": ""none"",   ""remediation"": ""none"" } Based on the provided log entries, there are no indications of errors or anomalies. The logs show successful GET requests to the Nova API and a log of an image creation process, all with status 200 (OK). Therefore, the system is operating normally without any detected issues.   If you need further analy",54.29,1082.28,85261
qwen2.5-14b,openstack,3,few_shot,575,False,NORMAL,False,low,none,"{   ""is_anomaly"": false,   ""severity"": ""low"",   ""root_cause"": ""none"",   ""remediation"": ""none"" } Based on the provided logs, there are no errors or anomalies detected. The logs indicate normal operations such as metadata retrieval and instance termination, which are typical activities in a cloud environment. Therefore, the system is functioning as expected without any issues that would require reme",54.29,1082.28,85261
qwen2.5-14b,openstack,3,few_shot,576,False,NORMAL,False,low,none,"{   ""is_anomaly"": false,   ""severity"": ""low"",   ""root_cause"": ""none"",   ""remediation"": ""none"" } Based on the provided log entries, there are no errors or warnings indicating any issues. The logs show normal operations of the Nova Compute service, including updating service records, checking images, and managing image caches. Therefore, this log window does not indicate any anomalies.   If you need",54.29,1082.28,85261
qwen2.5-14b,openstack,3,few_shot,577,False,NORMAL,False,low,none,"{   ""is_anomaly"": false,   ""severity"": ""low"",   ""root_cause"": ""none"",   ""remediation"": ""none"" } Based on the provided log entries, there are no indications of errors or anomalies. The logs show normal operations such as a VM being paused, API requests being successfully handled, and instances being managed. Therefore, the system appears to be functioning as expected without any issues that would r",54.29,1082.28,85261
qwen2.5-14b,openstack,3,few_shot,578,False,NORMAL,False,low,none,"{   ""is_anomaly"": false,   ""severity"": ""low"",   ""root_cause"": ""none"",   ""remediation"": ""none"" } Based on the provided log entries, there are no indications of errors or anomalies. The logs show normal operations of the Nova Compute and API services, including resource tracking and API requests returning successful responses. Therefore, the system is operating as expected without any issues.   If y",54.29,1082.28,85261
qwen2.5-14b,openstack,3,few_shot,579,True,ANOMALY,False,low,none,"{   ""is_anomaly"": false,   ""severity"": ""low"",   ""root_cause"": ""none"",   ""remediation"": ""none"" } Based on the provided log entries, the operations described are routine actions of deleting an instance and deallocating its network resources. There are no errors or warnings indicating any issues, and the operations completed successfully within expected timeframes. Therefore, this log window does not",54.29,1082.28,85261
qwen2.5-14b,openstack,3,few_shot,580,False,NORMAL,True,medium,"A 404 error occurred when attempting to retrieve user_data, indicating the requested resource was not found.","{   ""is_anomaly"": true,   ""severity"": ""medium"",   ""root_cause"": ""A 404 error occurred when attempting to retrieve user_data, indicating the requested resource was not found."",   ""remediation"": ""Check the user_data configuration and ensure the requested resource exists."" }",54.29,1082.28,85261
qwen2.5-14b,openstack,3,few_shot,581,False,NORMAL,False,low,none,"{   ""is_anomaly"": false,   ""severity"": ""low"",   ""root_cause"": ""none"",   ""remediation"": ""none"" } Based on the provided log entries, the operations described are routine and indicate successful deletion of an instance and normal image cache checks. There are no errors or warnings that suggest an anomaly. Therefore, the log entries are considered normal with no need for remediation.   If you need a m",54.29,1082.28,85261
qwen2.5-14b,openstack,3,few_shot,582,False,NORMAL,False,low,none,"{   ""is_anomaly"": false,   ""severity"": ""low"",   ""root_cause"": ""none"",   ""remediation"": ""none"" } Based on the provided log entries, there are no error messages or indications of any issues. The logs are informational and describe the state of an image in the Nova compute service, indicating that the image is in use and being checked. Therefore, this log window does not indicate an anomaly.   If you",54.29,1082.28,85261
qwen2.5-14b,openstack,3,few_shot,583,True,ANOMALY,False,low,none,"{   ""is_anomaly"": false,   ""severity"": ""low"",   ""root_cause"": ""none"",   ""remediation"": ""none"" } Based on the provided log entries, all requests are successful (status 200) and there are no errors or warnings. The slight variations in response times do not indicate any significant issues. Therefore, this log window does not represent an anomaly.   If you need further analysis or have additional log",54.29,1082.28,85261
qwen2.5-14b,openstack,3,few_shot,584,False,NORMAL,False,low,none,"{   ""is_anomaly"": false,   ""severity"": ""low"",   ""root_cause"": ""none"",   ""remediation"": ""none"" } Based on the provided log entries, there are no indications of errors or anomalies. The logs show normal operations such as API requests being served successfully and a VM stopping, which are typical activities in a cloud environment. Therefore, the system is functioning as expected without any issues t",54.29,1082.28,85261
qwen2.5-14b,openstack,3,few_shot,585,True,ANOMALY,False,low,none,"{   ""is_anomaly"": false,   ""severity"": ""low"",   ""root_cause"": ""none"",   ""remediation"": ""none"" } Based on the provided log entries, the system is performing a normal operation of creating an event for a network interface being plugged into a virtual machine (VM), and then successfully spawning the VM. There are no errors or warnings indicating any issues. Therefore, this log window does not indicat",54.29,1082.28,85261
qwen2.5-14b,openstack,3,few_shot,586,True,ANOMALY,False,low,none,"{   ""is_anomaly"": false,   ""severity"": ""low"",   ""root_cause"": ""none"",   ""remediation"": ""none"" } Based on the provided log entries, the system is performing normal operations. The logs indicate a server deletion request was made, the instance was terminated, and the instance was destroyed successfully. There are no error messages or anomalies present in the logs provided. Therefore, the system is f",54.29,1082.28,85261
qwen2.5-14b,openstack,3,few_shot,587,False,NORMAL,False,low,none,"{   ""is_anomaly"": false,   ""severity"": ""low"",   ""root_cause"": ""none"",   ""remediation"": ""none"" } Based on the provided log entries, there are no errors or warnings indicating any issues. The logs show normal operations of the Nova Compute service, including defaulting to unlimited disk and vCPU limits when not specified, and a successful claim. The API log shows a successful GET request. Therefore,",54.29,1082.28,85261
qwen2.5-14b,openstack,3,few_shot,588,False,NORMAL,False,low,none,"{   ""is_anomaly"": false,   ""severity"": ""low"",   ""root_cause"": ""none"",   ""remediation"": ""none"" } Based on the provided log entries, the system is performing normal operations without any errors or anomalies. The logs indicate that a VM was resumed and spawned successfully, and there are no error messages or indications of issues. Therefore, the system is functioning as expected with no need for rem",54.29,1082.28,85261
qwen2.5-14b,openstack,3,few_shot,589,True,ANOMALY,False,low,none,"{   ""is_anomaly"": false,   ""severity"": ""low"",   ""root_cause"": ""none"",   ""remediation"": ""none"" } Based on the provided log entries, there are no errors or warnings indicating any issues. The logs are informational and describe the current state of resources (memory, disk, vcpu) for a specific instance, showing that the instance has not yet utilized any of its allocated resources. Therefore, there i",54.29,1082.28,85261
qwen2.5-14b,openstack,3,few_shot,590,False,NORMAL,False,low,none,"{   ""is_anomaly"": false,   ""severity"": ""low"",   ""root_cause"": ""none"",   ""remediation"": ""none"" } Based on the provided log entries, there are multiple successful GET requests to the Nova API with status 200, indicating that the requests were processed successfully. There is no indication of any errors or anomalies in the logs provided. Therefore, the system is operating normally without any detecte",54.29,1082.28,85261
qwen2.5-14b,openstack,3,few_shot,591,True,ANOMALY,False,low,none,"{   ""is_anomaly"": false,   ""severity"": ""low"",   ""root_cause"": ""none"",   ""remediation"": ""none"" } Based on the provided log entries, there are no indications of any anomalies or errors. The logs show normal operations such as resource tracking updates, API requests, and image cache checks, all of which are typical activities in a Nova Compute environment. Therefore, the system appears to be function",54.29,1082.28,85261
qwen2.5-14b,openstack,3,few_shot,592,False,NORMAL,False,low,none,"{   ""is_anomaly"": false,   ""severity"": ""low"",   ""root_cause"": ""none"",   ""remediation"": ""none"" } Based on the provided log entries, the system is reporting normal operations with no errors or warnings. The logs indicate that the instance's disk and vCPU limits were not specified, so they defaulted to unlimited, and the claim was successful. There is no indication of any issues or anomalies in these",54.29,1082.28,85261
qwen2.5-14b,openstack,3,few_shot,593,True,ANOMALY,False,low,none,"{   ""is_anomaly"": false,   ""severity"": ""low"",   ""root_cause"": ""none"",   ""remediation"": ""none"" } Based on the provided log entries, there are no indications of errors or anomalies. The logs show normal operations of the Nova Compute and API services, including image cache status and metadata requests, which are typical and expected activities in a running OpenStack environment. Therefore, no anomal",54.29,1082.28,85261
qwen2.5-14b,openstack,3,few_shot,594,True,ANOMALY,False,low,none,"{   ""is_anomaly"": false,   ""severity"": ""low"",   ""root_cause"": ""none"",   ""remediation"": ""none"" }",54.29,1082.28,85261
qwen2.5-14b,openstack,3,few_shot,595,False,NORMAL,False,low,none,"{   ""is_anomaly"": false,   ""severity"": ""low"",   ""root_cause"": ""none"",   ""remediation"": ""none"" } Based on the provided log entries, there are no indications of errors or anomalies. The logs show normal operations such as API requests being served successfully and a VM being resumed, which are typical activities in a Nova environment. Therefore, the system is functioning as expected without any issu",54.29,1082.28,85261
qwen2.5-14b,openstack,3,few_shot,596,True,ANOMALY,False,low,none,"{   ""is_anomaly"": false,   ""severity"": ""low"",   ""root_cause"": ""none"",   ""remediation"": ""none"" } Based on the provided log entries, there are no errors or warnings, only informational messages indicating successful HTTP GET requests to metadata endpoints. Therefore, this log window does not indicate any anomalies. The requests are all returning status 200, which means they were successful, and the ",54.29,1082.28,85261
qwen2.5-14b,openstack,3,few_shot,597,False,NORMAL,False,low,none,"{   ""is_anomaly"": false,   ""severity"": ""low"",   ""root_cause"": ""none"",   ""remediation"": ""none"" } Based on the provided log entries, there are no indications of errors or anomalies. The logs show normal operations of the Nova Compute and API services, including image cache checks and metadata requests, which are typical activities in a running OpenStack environment. Therefore, the system is operatin",54.29,1082.28,85261
qwen2.5-14b,openstack,3,few_shot,598,False,NORMAL,False,low,none,"{   ""is_anomaly"": false,   ""severity"": ""low"",   ""root_cause"": ""none"",   ""remediation"": ""none"" } Based on the provided log entries, there are no error messages or indications of any issues. The logs show normal operations of the Nova Compute service, specifically related to image cache management and checking the status of an image. Therefore, this log window does not indicate any anomalies or inci",54.29,1082.28,85261
qwen2.5-14b,openstack,3,few_shot,599,True,ANOMALY,False,low,none,"{   ""is_anomaly"": false,   ""severity"": ""low"",   ""root_cause"": ""none"",   ""remediation"": ""none"" } Based on the provided log entries, the system is performing normal operations related to instance termination and file deletion. There are no errors or warnings indicating any issues, so this log window does not represent an anomaly. The logs show that an instance was terminated successfully, and its fi",54.29,1082.28,85261
mistral-small,bgl,3,few_shot,0,False,NORMAL,True,high,"Network connection was reset during block transfer, likely due to a transient network fault or overloaded DataNode."," Example: {   ""is_anomaly"": true,   ""severity"": ""high"",   ""root_cause"": ""Network connection was reset during block transfer, likely due to a transient network fault or overloaded DataNode."",   ""remediation"": ""Increase retry timeout and monitor network stability between DataNodes."" }",82.21,474.38,85177
mistral-small,bgl,3,few_shot,1,True,APPSEV,True,high,Multiple connection errors indicate a network issue or server overload.," ```json {   ""is_anomaly"": true,   ""severity"": ""high"",   ""root_cause"": ""Multiple connection errors indicate a network issue or server overload."",   ""remediation"": ""Investigate network stability and server load on 172.16.96.116."" } ```",82.21,474.38,85177
mistral-small,bgl,3,few_shot,2,True,KERNSTOR,True,high,"Network connection was reset during block transfer, likely due to a transient network fault or overloaded DataNode."," Example: {   ""is_anomaly"": true,   ""severity"": ""high"",   ""root_cause"": ""Network connection was reset during block transfer, likely due to a transient network fault or overloaded DataNode."",   ""remediation"": ""Increase retry timeout and monitor network stability between DataNodes."" }",82.21,474.38,85177
mistral-small,bgl,3,few_shot,3,False,NORMAL,True,high,"Network connection was reset during block transfer, likely due to a transient network fault or overloaded DataNode."," Example: {   ""is_anomaly"": true,   ""severity"": ""high"",   ""root_cause"": ""Network connection was reset during block transfer, likely due to a transient network fault or overloaded DataNode."",   ""remediation"": ""Increase retry timeout and monitor network stability between DataNodes."" }",82.21,474.38,85177
mistral-small,bgl,3,few_shot,4,True,KERNDTLB,True,high,"Network connection was reset during block transfer, likely due to a transient network fault or overloaded DataNode."," Example: {   ""is_anomaly"": true,   ""severity"": ""high"",   ""root_cause"": ""Network connection was reset during block transfer, likely due to a transient network fault or overloaded DataNode."",   ""remediation"": ""Increase retry timeout and monitor network stability between DataNodes."" }",82.21,474.38,85177
mistral-small,bgl,3,few_shot,5,True,KERNDTLB,True,high,"Network connection was reset during block transfer, likely due to a transient network fault or overloaded DataNode."," Example: {   ""is_anomaly"": true,   ""severity"": ""high"",   ""root_cause"": ""Network connection was reset during block transfer, likely due to a transient network fault or overloaded DataNode."",   ""remediation"": ""Increase retry timeout and monitor network stability between DataNodes."" }",82.21,474.38,85177
mistral-small,bgl,3,few_shot,6,False,NORMAL,True,high,"Network connection was reset during block transfer, likely due to a transient network fault or overloaded DataNode."," Example: {   ""is_anomaly"": true,   ""severity"": ""high"",   ""root_cause"": ""Network connection was reset during block transfer, likely due to a transient network fault or overloaded DataNode."",   ""remediation"": ""Increase retry timeout and monitor network stability between DataNodes."" }",82.21,474.38,85177
mistral-small,bgl,3,few_shot,7,False,NORMAL,True,high,"Network connection was reset during block transfer, likely due to a transient network fault or overloaded DataNode."," Example: {   ""is_anomaly"": true,   ""severity"": ""high"",   ""root_cause"": ""Network connection was reset during block transfer, likely due to a transient network fault or overloaded DataNode."",   ""remediation"": ""Increase retry timeout and monitor network stability between DataNodes."" }",82.21,474.38,85177
mistral-small,bgl,3,few_shot,8,True,APPSEV,True,high,Multiple connection errors indicate a network issue or server overload.," ```json {   ""is_anomaly"": true,   ""severity"": ""high"",   ""root_cause"": ""Multiple connection errors indicate a network issue or server overload."",   ""remediation"": ""Investigate network stability and server load on 172.16.96.116."" } ```",82.21,474.38,85177
mistral-small,bgl,3,few_shot,9,True,KERNDTLB,True,high,"Network connection was reset during block transfer, likely due to a transient network fault or overloaded DataNode."," Example: {   ""is_anomaly"": true,   ""severity"": ""high"",   ""root_cause"": ""Network connection was reset during block transfer, likely due to a transient network fault or overloaded DataNode."",   ""remediation"": ""Increase retry timeout and monitor network stability between DataNodes."" }",82.21,474.38,85177
mistral-small,bgl,3,few_shot,10,True,KERNDTLB,True,high,"Network connection was reset during block transfer, likely due to a transient network fault or overloaded DataNode."," Example: {   ""is_anomaly"": true,   ""severity"": ""high"",   ""root_cause"": ""Network connection was reset during block transfer, likely due to a transient network fault or overloaded DataNode."",   ""remediation"": ""Increase retry timeout and monitor network stability between DataNodes."" }",82.21,474.38,85177
mistral-small,bgl,3,few_shot,11,False,NORMAL,True,high,"Network connection was reset during block transfer, likely due to a transient network fault or overloaded DataNode."," Example: {   ""is_anomaly"": true,   ""severity"": ""high"",   ""root_cause"": ""Network connection was reset during block transfer, likely due to a transient network fault or overloaded DataNode."",   ""remediation"": ""Increase retry timeout and monitor network stability between DataNodes."" }",82.21,474.38,85177
mistral-small,bgl,3,few_shot,12,False,NORMAL,True,high,"The process received multiple SIGTERM signals, indicating it is being forcefully terminated."," ```json {   ""is_anomaly"": true,   ""severity"": ""high"",   ""root_cause"": ""The process received multiple SIGTERM signals, indicating it is being forcefully terminated."",   ""remediation"": ""Investigate why the process is being terminated and ensure it is not due to an unintended shutdown command."" } ```",82.21,474.38,85177
mistral-small,bgl,3,few_shot,13,True,KERNRTSP,True,high,"Network connection was reset during block transfer, likely due to a transient network fault or overloaded DataNode."," Example: {   ""is_anomaly"": true,   ""severity"": ""high"",   ""root_cause"": ""Network connection was reset during block transfer, likely due to a transient network fault or overloaded DataNode."",   ""remediation"": ""Increase retry timeout and monitor network stability between DataNodes."" }",82.21,474.38,85177
mistral-small,bgl,3,few_shot,14,True,KERNSTOR,True,high,"Network connection was reset during block transfer, likely due to a transient network fault or overloaded DataNode."," Example: {   ""is_anomaly"": true,   ""severity"": ""high"",   ""root_cause"": ""Network connection was reset during block transfer, likely due to a transient network fault or overloaded DataNode."",   ""remediation"": ""Increase retry timeout and monitor network stability between DataNodes."" }",82.21,474.38,85177
mistral-small,bgl,3,few_shot,15,False,NORMAL,False,low,none," Example: {   ""is_anomaly"": false,   ""severity"": ""low"",   ""root_cause"": ""none"",   ""remediation"": ""none"" }",82.21,474.38,85177
mistral-small,bgl,3,few_shot,16,True,KERNDTLB,True,high,"Network connection was reset during block transfer, likely due to a transient network fault or overloaded DataNode."," Example: {   ""is_anomaly"": true,   ""severity"": ""high"",   ""root_cause"": ""Network connection was reset during block transfer, likely due to a transient network fault or overloaded DataNode."",   ""remediation"": ""Increase retry timeout and monitor network stability between DataNodes."" }",82.21,474.38,85177
mistral-small,bgl,3,few_shot,17,True,KERNSTOR,True,high,"Network connection was reset during block transfer, likely due to a transient network fault or overloaded DataNode."," Example: {   ""is_anomaly"": true,   ""severity"": ""high"",   ""root_cause"": ""Network connection was reset during block transfer, likely due to a transient network fault or overloaded DataNode."",   ""remediation"": ""Increase retry timeout and monitor network stability between DataNodes."" }",82.21,474.38,85177
mistral-small,bgl,3,few_shot,18,False,NORMAL,True,high,"Network connection was reset during block transfer, likely due to a transient network fault or overloaded DataNode."," Example: {   ""is_anomaly"": true,   ""severity"": ""high"",   ""root_cause"": ""Network connection was reset during block transfer, likely due to a transient network fault or overloaded DataNode."",   ""remediation"": ""Increase retry timeout and monitor network stability between DataNodes."" }",82.21,474.38,85177
mistral-small,bgl,3,few_shot,19,True,KERNSTOR,True,high,"Network connection was reset during block transfer, likely due to a transient network fault or overloaded DataNode."," Example: {   ""is_anomaly"": true,   ""severity"": ""high"",   ""root_cause"": ""Network connection was reset during block transfer, likely due to a transient network fault or overloaded DataNode."",   ""remediation"": ""Increase retry timeout and monitor network stability between DataNodes."" }",82.21,474.38,85177
mistral-small,bgl,3,few_shot,20,True,KERNMNTF,True,high,"Network connection was reset during block transfer, likely due to a transient network fault or overloaded DataNode."," Example: {   ""is_anomaly"": true,   ""severity"": ""high"",   ""root_cause"": ""Network connection was reset during block transfer, likely due to a transient network fault or overloaded DataNode."",   ""remediation"": ""Increase retry timeout and monitor network stability between DataNodes."" }",82.21,474.38,85177
mistral-small,bgl,3,few_shot,21,True,KERNDTLB,True,high,"Network connection was reset during block transfer, likely due to a transient network fault or overloaded DataNode."," Example: {   ""is_anomaly"": true,   ""severity"": ""high"",   ""root_cause"": ""Network connection was reset during block transfer, likely due to a transient network fault or overloaded DataNode."",   ""remediation"": ""Increase retry timeout and monitor network stability between DataNodes."" }",82.21,474.38,85177
mistral-small,bgl,3,few_shot,22,False,NORMAL,False,low,none," Example: {   ""is_anomaly"": false,   ""severity"": ""low"",   ""root_cause"": ""none"",   ""remediation"": ""none"" }",82.21,474.38,85177
mistral-small,bgl,3,few_shot,23,True,APPOUT,True,high,"Repeated failures to change directory due to input/output errors, likely indicating a filesystem or storage issue."," ```json {   ""is_anomaly"": true,   ""severity"": ""high"",   ""root_cause"": ""Repeated failures to change directory due to input/output errors, likely indicating a filesystem or storage issue."",   ""remediation"": ""Check filesystem health and storage connectivity, and consider increasing retries or implementing a fallback mechanism."" } ```",82.21,474.38,85177
mistral-small,bgl,3,few_shot,24,False,NORMAL,False,low,none," ```json {   ""is_anomaly"": false,   ""severity"": ""low"",   ""root_cause"": ""none"",   ""remediation"": ""none"" } ```",82.21,474.38,85177
mistral-small,bgl,3,few_shot,25,False,NORMAL,True,medium,"The program image is invalid or missing, likely due to a corrupted file or incorrect file format."," ```json {   ""is_anomaly"": true,   ""severity"": ""medium"",   ""root_cause"": ""The program image is invalid or missing, likely due to a corrupted file or incorrect file format."",   ""remediation"": ""Verify the integrity of the file and ensure it is in the correct format."" } ```",82.21,474.38,85177
mistral-small,bgl,3,few_shot,26,True,KERNMNTF,True,high,"Network connection was reset during block transfer, likely due to a transient network fault or overloaded DataNode."," Example: {   ""is_anomaly"": true,   ""severity"": ""high"",   ""root_cause"": ""Network connection was reset during block transfer, likely due to a transient network fault or overloaded DataNode."",   ""remediation"": ""Increase retry timeout and monitor network stability between DataNodes."" }",82.21,474.38,85177
mistral-small,bgl,3,few_shot,27,True,KERNDTLB,True,high,"Network connection was reset during block transfer, likely due to a transient network fault or overloaded DataNode."," Example: {   ""is_anomaly"": true,   ""severity"": ""high"",   ""root_cause"": ""Network connection was reset during block transfer, likely due to a transient network fault or overloaded DataNode."",   ""remediation"": ""Increase retry timeout and monitor network stability between DataNodes."" }",82.21,474.38,85177
mistral-small,bgl,3,few_shot,28,False,NORMAL,True,high,"Network connection was reset during block transfer, likely due to a transient network fault or overloaded DataNode."," Example: {   ""is_anomaly"": true,   ""severity"": ""high"",   ""root_cause"": ""Network connection was reset during block transfer, likely due to a transient network fault or overloaded DataNode."",   ""remediation"": ""Increase retry timeout and monitor network stability between DataNodes."" }",82.21,474.38,85177
mistral-small,bgl,3,few_shot,29,True,KERNDTLB,True,high,"Network connection was reset during block transfer, likely due to a transient network fault or overloaded DataNode."," Example: {   ""is_anomaly"": true,   ""severity"": ""high"",   ""root_cause"": ""Network connection was reset during block transfer, likely due to a transient network fault or overloaded DataNode."",   ""remediation"": ""Increase retry timeout and monitor network stability between DataNodes."" }",82.21,474.38,85177
mistral-small,bgl,3,few_shot,30,True,KERNDTLB,True,high,"Network connection was reset during block transfer, likely due to a transient network fault or overloaded DataNode."," Example: {   ""is_anomaly"": true,   ""severity"": ""high"",   ""root_cause"": ""Network connection was reset during block transfer, likely due to a transient network fault or overloaded DataNode."",   ""remediation"": ""Increase retry timeout and monitor network stability between DataNodes."" }",82.21,474.38,85177
mistral-small,bgl,3,few_shot,31,False,NORMAL,True,high,"Network connection was reset during block transfer, likely due to a transient network fault or overloaded DataNode."," Example: {   ""is_anomaly"": true,   ""severity"": ""high"",   ""root_cause"": ""Network connection was reset during block transfer, likely due to a transient network fault or overloaded DataNode."",   ""remediation"": ""Increase retry timeout and monitor network stability between DataNodes."" }",82.21,474.38,85177
mistral-small,bgl,3,few_shot,32,False,NORMAL,True,high,"Network connection was reset during block transfer, likely due to a transient network fault or overloaded DataNode."," Example: {   ""is_anomaly"": true,   ""severity"": ""high"",   ""root_cause"": ""Network connection was reset during block transfer, likely due to a transient network fault or overloaded DataNode."",   ""remediation"": ""Increase retry timeout and monitor network stability between DataNodes."" }",82.21,474.38,85177
mistral-small,bgl,3,few_shot,33,True,APPSEV,True,high,Multiple connection errors indicate a network issue or server misconfiguration.," ```json {   ""is_anomaly"": true,   ""severity"": ""high"",   ""root_cause"": ""Multiple connection errors indicate a network issue or server misconfiguration."",   ""remediation"": ""Investigate network stability and check server configuration for potential misconfigurations."" } ```",82.21,474.38,85177
mistral-small,bgl,3,few_shot,34,True,KERNSTOR,True,high,"Network connection was reset during block transfer, likely due to a transient network fault or overloaded DataNode."," Example: {   ""is_anomaly"": true,   ""severity"": ""high"",   ""root_cause"": ""Network connection was reset during block transfer, likely due to a transient network fault or overloaded DataNode."",   ""remediation"": ""Increase retry timeout and monitor network stability between DataNodes."" }",82.21,474.38,85177
mistral-small,bgl,3,few_shot,35,False,NORMAL,True,high,"Network connection was reset during block transfer, likely due to a transient network fault or overloaded DataNode."," Example: {   ""is_anomaly"": true,   ""severity"": ""high"",   ""root_cause"": ""Network connection was reset during block transfer, likely due to a transient network fault or overloaded DataNode."",   ""remediation"": ""Increase retry timeout and monitor network stability between DataNodes."" }",82.21,474.38,85177
mistral-small,bgl,3,few_shot,36,False,NORMAL,True,high,"Network connection was reset during block transfer, likely due to a transient network fault or overloaded DataNode."," Example: {   ""is_anomaly"": true,   ""severity"": ""high"",   ""root_cause"": ""Network connection was reset during block transfer, likely due to a transient network fault or overloaded DataNode."",   ""remediation"": ""Increase retry timeout and monitor network stability between DataNodes."" }",82.21,474.38,85177
mistral-small,bgl,3,few_shot,37,False,NORMAL,True,high,"Network connection was reset during block transfer, likely due to a transient network fault or overloaded DataNode."," Example: {   ""is_anomaly"": true,   ""severity"": ""high"",   ""root_cause"": ""Network connection was reset during block transfer, likely due to a transient network fault or overloaded DataNode."",   ""remediation"": ""Increase retry timeout and monitor network stability between DataNodes."" }",82.21,474.38,85177
mistral-small,bgl,3,few_shot,38,False,NORMAL,True,critical,"Multiple processor card slots have invalid or mismatched ECIDs, indicating potential hardware issues or misconfiguration."," ```json {   ""is_anomaly"": true,   ""severity"": ""critical"",   ""root_cause"": ""Multiple processor card slots have invalid or mismatched ECIDs, indicating potential hardware issues or misconfiguration."",   ""remediation"": ""Investigate and replace the faulty processor cards, and ensure proper configuration of the remaining cards."" } ```",82.21,474.38,85177
mistral-small,bgl,3,few_shot,39,True,APPSEV,True,high,Multiple connection errors indicate a network issue or server overload.," ```json {   ""is_anomaly"": true,   ""severity"": ""high"",   ""root_cause"": ""Multiple connection errors indicate a network issue or server overload."",   ""remediation"": ""Investigate network stability and server load on 172.16.96.116."" } ```",82.21,474.38,85177
mistral-small,bgl,3,few_shot,40,True,KERNDTLB,True,high,"Network connection was reset during block transfer, likely due to a transient network fault or overloaded DataNode."," Example: {   ""is_anomaly"": true,   ""severity"": ""high"",   ""root_cause"": ""Network connection was reset during block transfer, likely due to a transient network fault or overloaded DataNode."",   ""remediation"": ""Increase retry timeout and monitor network stability between DataNodes."" }",82.21,474.38,85177
mistral-small,bgl,3,few_shot,41,False,NORMAL,True,critical,"The system is stuck in an infinite loop, repeatedly executing the same operation."," ```json {   ""is_anomaly"": true,   ""severity"": ""critical"",   ""root_cause"": ""The system is stuck in an infinite loop, repeatedly executing the same operation."",   ""remediation"": ""Investigate and fix the root cause of the infinite loop to prevent system hang."" } ```",82.21,474.38,85177
mistral-small,bgl,3,few_shot,42,True,KERNSTOR,True,high,"Network connection was reset during block transfer, likely due to a transient network fault or overloaded DataNode."," Example: {   ""is_anomaly"": true,   ""severity"": ""high"",   ""root_cause"": ""Network connection was reset during block transfer, likely due to a transient network fault or overloaded DataNode."",   ""remediation"": ""Increase retry timeout and monitor network stability between DataNodes."" }",82.21,474.38,85177
mistral-small,bgl,3,few_shot,43,True,KERNSTOR,True,high,"Network connection was reset during block transfer, likely due to a transient network fault or overloaded DataNode."," Example: {   ""is_anomaly"": true,   ""severity"": ""high"",   ""root_cause"": ""Network connection was reset during block transfer, likely due to a transient network fault or overloaded DataNode."",   ""remediation"": ""Increase retry timeout and monitor network stability between DataNodes."" }",82.21,474.38,85177
mistral-small,bgl,3,few_shot,44,True,KERNDTLB,True,high,"Network connection was reset during block transfer, likely due to a transient network fault or overloaded DataNode."," Example: {   ""is_anomaly"": true,   ""severity"": ""high"",   ""root_cause"": ""Network connection was reset during block transfer, likely due to a transient network fault or overloaded DataNode."",   ""remediation"": ""Increase retry timeout and monitor network stability between DataNodes."" }",82.21,474.38,85177
mistral-small,bgl,3,few_shot,45,False,NORMAL,True,high,"Network connection was reset during block transfer, likely due to a transient network fault or overloaded DataNode."," Example: {   ""is_anomaly"": true,   ""severity"": ""high"",   ""root_cause"": ""Network connection was reset during block transfer, likely due to a transient network fault or overloaded DataNode."",   ""remediation"": ""Increase retry timeout and monitor network stability between DataNodes."" }",82.21,474.38,85177
mistral-small,bgl,3,few_shot,46,True,KERNMNTF,True,high,"Network connection was reset during block transfer, likely due to a transient network fault or overloaded DataNode."," Example: {   ""is_anomaly"": true,   ""severity"": ""high"",   ""root_cause"": ""Network connection was reset during block transfer, likely due to a transient network fault or overloaded DataNode."",   ""remediation"": ""Increase retry timeout and monitor network stability between DataNodes."" }",82.21,474.38,85177
mistral-small,bgl,3,few_shot,47,True,KERNDTLB,True,high,"Network connection was reset during block transfer, likely due to a transient network fault or overloaded DataNode."," Example: {   ""is_anomaly"": true,   ""severity"": ""high"",   ""root_cause"": ""Network connection was reset during block transfer, likely due to a transient network fault or overloaded DataNode."",   ""remediation"": ""Increase retry timeout and monitor network stability between DataNodes."" }",82.21,474.38,85177
mistral-small,bgl,3,few_shot,48,False,NORMAL,True,high,"Network connection was reset during block transfer, likely due to a transient network fault or overloaded DataNode."," Example: {   ""is_anomaly"": true,   ""severity"": ""high"",   ""root_cause"": ""Network connection was reset during block transfer, likely due to a transient network fault or overloaded DataNode."",   ""remediation"": ""Increase retry timeout and monitor network stability between DataNodes."" }",82.21,474.38,85177
mistral-small,bgl,3,few_shot,49,True,KERNDTLB,True,high,"Network connection was reset during block transfer, likely due to a transient network fault or overloaded DataNode."," Example: {   ""is_anomaly"": true,   ""severity"": ""high"",   ""root_cause"": ""Network connection was reset during block transfer, likely due to a transient network fault or overloaded DataNode."",   ""remediation"": ""Increase retry timeout and monitor network stability between DataNodes."" }",82.21,474.38,85177
mistral-small,bgl,3,few_shot,50,True,KERNDTLB,True,high,"Network connection was reset during block transfer, likely due to a transient network fault or overloaded DataNode."," Example: {   ""is_anomaly"": true,   ""severity"": ""high"",   ""root_cause"": ""Network connection was reset during block transfer, likely due to a transient network fault or overloaded DataNode."",   ""remediation"": ""Increase retry timeout and monitor network stability between DataNodes."" }",82.21,474.38,85177
mistral-small,bgl,3,few_shot,51,True,KERNDTLB,True,high,"Network connection was reset during block transfer, likely due to a transient network fault or overloaded DataNode."," Example: {   ""is_anomaly"": true,   ""severity"": ""high"",   ""root_cause"": ""Network connection was reset during block transfer, likely due to a transient network fault or overloaded DataNode."",   ""remediation"": ""Increase retry timeout and monitor network stability between DataNodes."" }",82.21,474.38,85177
mistral-small,bgl,3,few_shot,52,True,KERNMICRO,True,high,"Network connection was reset during block transfer, likely due to a transient network fault or overloaded DataNode."," Example: {   ""is_anomaly"": true,   ""severity"": ""high"",   ""root_cause"": ""Network connection was reset during block transfer, likely due to a transient network fault or overloaded DataNode."",   ""remediation"": ""Increase retry timeout and monitor network stability between DataNodes."" }",82.21,474.38,85177
mistral-small,bgl,3,few_shot,53,False,NORMAL,False,low,none," Example: {   ""is_anomaly"": false,   ""severity"": ""low"",   ""root_cause"": ""none"",   ""remediation"": ""none"" }",82.21,474.38,85177
mistral-small,bgl,3,few_shot,54,False,NORMAL,True,high,"Network connection was reset during block transfer, likely due to a transient network fault or overloaded DataNode."," Example: {   ""is_anomaly"": true,   ""severity"": ""high"",   ""root_cause"": ""Network connection was reset during block transfer, likely due to a transient network fault or overloaded DataNode."",   ""remediation"": ""Increase retry timeout and monitor network stability between DataNodes."" }",82.21,474.38,85177
mistral-small,bgl,3,few_shot,55,False,NORMAL,True,high,"Network connection was reset during block transfer, likely due to a transient network fault or overloaded DataNode."," Example: {   ""is_anomaly"": true,   ""severity"": ""high"",   ""root_cause"": ""Network connection was reset during block transfer, likely due to a transient network fault or overloaded DataNode."",   ""remediation"": ""Increase retry timeout and monitor network stability between DataNodes."" }",82.21,474.38,85177
mistral-small,bgl,3,few_shot,56,False,NORMAL,True,high,"Network connection was reset during block transfer, likely due to a transient network fault or overloaded DataNode."," Example: {   ""is_anomaly"": true,   ""severity"": ""high"",   ""root_cause"": ""Network connection was reset during block transfer, likely due to a transient network fault or overloaded DataNode."",   ""remediation"": ""Increase retry timeout and monitor network stability between DataNodes."" }",82.21,474.38,85177
mistral-small,bgl,3,few_shot,57,False,NORMAL,True,critical,"The program /home/germann2/BGL-demo/SPaSM_mpi is repeatedly crashing and generating core files, indicating a severe issue."," ```json {   ""is_anomaly"": true,   ""severity"": ""critical"",   ""root_cause"": ""The program /home/germann2/BGL-demo/SPaSM_mpi is repeatedly crashing and generating core files, indicating a severe issue."",   ""remediation"": ""Investigate the root cause of the crashes by analyzing the core files and reviewing the program's code and configuration."" } ```",82.21,474.38,85177
mistral-small,bgl,3,few_shot,58,False,NORMAL,True,critical,"The application hit an assertion failure multiple times, indicating a critical error in the SendPacket function."," ```json {   ""is_anomaly"": true,   ""severity"": ""critical"",   ""root_cause"": ""The application hit an assertion failure multiple times, indicating a critical error in the SendPacket function."",   ""remediation"": ""Investigate the assertion failure in the SendPacket function and address the underlying issue."" } ```",82.21,474.38,85177
mistral-small,bgl,3,few_shot,59,True,KERNRTSP,True,high,"Network connection was reset during block transfer, likely due to a transient network fault or overloaded DataNode."," Example: {   ""is_anomaly"": true,   ""severity"": ""high"",   ""root_cause"": ""Network connection was reset during block transfer, likely due to a transient network fault or overloaded DataNode."",   ""remediation"": ""Increase retry timeout and monitor network stability between DataNodes."" }",82.21,474.38,85177
mistral-small,bgl,3,few_shot,60,False,NORMAL,True,high,"Network connection was reset during block transfer, likely due to a transient network fault or overloaded DataNode."," Example: {   ""is_anomaly"": true,   ""severity"": ""high"",   ""root_cause"": ""Network connection was reset during block transfer, likely due to a transient network fault or overloaded DataNode."",   ""remediation"": ""Increase retry timeout and monitor network stability between DataNodes."" }",82.21,474.38,85177
mistral-small,bgl,3,few_shot,61,True,KERNMNTF,True,high,"Network connection was reset during block transfer, likely due to a transient network fault or overloaded DataNode."," Example: {   ""is_anomaly"": true,   ""severity"": ""high"",   ""root_cause"": ""Network connection was reset during block transfer, likely due to a transient network fault or overloaded DataNode."",   ""remediation"": ""Increase retry timeout and monitor network stability between DataNodes."" }",82.21,474.38,85177
mistral-small,bgl,3,few_shot,62,True,KERNSTOR,True,high,"Network connection was reset during block transfer, likely due to a transient network fault or overloaded DataNode."," Example: {   ""is_anomaly"": true,   ""severity"": ""high"",   ""root_cause"": ""Network connection was reset during block transfer, likely due to a transient network fault or overloaded DataNode."",   ""remediation"": ""Increase retry timeout and monitor network stability between DataNodes."" }",82.21,474.38,85177
mistral-small,bgl,3,few_shot,63,False,NORMAL,True,high,"Network connection was reset during block transfer, likely due to a transient network fault or overloaded DataNode."," Example: {   ""is_anomaly"": true,   ""severity"": ""high"",   ""root_cause"": ""Network connection was reset during block transfer, likely due to a transient network fault or overloaded DataNode."",   ""remediation"": ""Increase retry timeout and monitor network stability between DataNodes."" }",82.21,474.38,85177
mistral-small,bgl,3,few_shot,64,False,NORMAL,True,high,"Network connection was reset during block transfer, likely due to a transient network fault or overloaded DataNode."," Example: {   ""is_anomaly"": true,   ""severity"": ""high"",   ""root_cause"": ""Network connection was reset during block transfer, likely due to a transient network fault or overloaded DataNode."",   ""remediation"": ""Increase retry timeout and monitor network stability between DataNodes."" }",82.21,474.38,85177
mistral-small,bgl,3,few_shot,65,False,NORMAL,False,low,none," ```json {   ""is_anomaly"": false,   ""severity"": ""low"",   ""root_cause"": ""none"",   ""remediation"": ""none"" } ```",82.21,474.38,85177
mistral-small,bgl,3,few_shot,66,True,KERNDTLB,True,high,"Network connection was reset during block transfer, likely due to a transient network fault or overloaded DataNode."," Example: {   ""is_anomaly"": true,   ""severity"": ""high"",   ""root_cause"": ""Network connection was reset during block transfer, likely due to a transient network fault or overloaded DataNode."",   ""remediation"": ""Increase retry timeout and monitor network stability between DataNodes."" }",82.21,474.38,85177
mistral-small,bgl,3,few_shot,67,False,NORMAL,True,high,"Network connection was reset during block transfer, likely due to a transient network fault or overloaded DataNode."," Example: {   ""is_anomaly"": true,   ""severity"": ""high"",   ""root_cause"": ""Network connection was reset during block transfer, likely due to a transient network fault or overloaded DataNode."",   ""remediation"": ""Increase retry timeout and monitor network stability between DataNodes."" }",82.21,474.38,85177
mistral-small,bgl,3,few_shot,68,True,KERNSTOR,True,high,"Network connection was reset during block transfer, likely due to a transient network fault or overloaded DataNode."," Example: {   ""is_anomaly"": true,   ""severity"": ""high"",   ""root_cause"": ""Network connection was reset during block transfer, likely due to a transient network fault or overloaded DataNode."",   ""remediation"": ""Increase retry timeout and monitor network stability between DataNodes."" }",82.21,474.38,85177
mistral-small,bgl,3,few_shot,69,False,NORMAL,True,medium,DDR errors and torus retransmission/input pipe errors indicate potential hardware issues or network congestion.," ```json {   ""is_anomaly"": true,   ""severity"": ""medium"",   ""root_cause"": ""DDR errors and torus retransmission/input pipe errors indicate potential hardware issues or network congestion."",   ""remediation"": ""Investigate hardware health and network stability to address the underlying issues."" } ```",82.21,474.38,85177
mistral-small,bgl,3,few_shot,70,True,KERNDTLB,True,high,"Network connection was reset during block transfer, likely due to a transient network fault or overloaded DataNode."," Example: {   ""is_anomaly"": true,   ""severity"": ""high"",   ""root_cause"": ""Network connection was reset during block transfer, likely due to a transient network fault or overloaded DataNode."",   ""remediation"": ""Increase retry timeout and monitor network stability between DataNodes."" }",82.21,474.38,85177
mistral-small,bgl,3,few_shot,71,False,NORMAL,True,critical,"The application hit an assertion failure multiple times, indicating a critical error in the SendPacket function."," ```json {   ""is_anomaly"": true,   ""severity"": ""critical"",   ""root_cause"": ""The application hit an assertion failure multiple times, indicating a critical error in the SendPacket function."",   ""remediation"": ""Investigate the assertion failure in the SendPacket function and address the underlying issue."" } ```",82.21,474.38,85177
mistral-small,bgl,3,few_shot,72,False,NORMAL,True,medium,The program image is missing or the user does not have the necessary permissions to access it.," ```json {   ""is_anomaly"": true,   ""severity"": ""medium"",   ""root_cause"": ""The program image is missing or the user does not have the necessary permissions to access it."",   ""remediation"": ""Check the file existence and permissions, and ensure the user has the appropriate access rights."" } ```",82.21,474.38,85177
mistral-small,bgl,3,few_shot,73,False,NORMAL,False,low,none," ```json {   ""is_anomaly"": false,   ""severity"": ""low"",   ""root_cause"": ""none"",   ""remediation"": ""none"" } ```",82.21,474.38,85177
mistral-small,bgl,3,few_shot,74,False,NORMAL,True,high,"Network connection was reset during block transfer, likely due to a transient network fault or overloaded DataNode."," Example: {   ""is_anomaly"": true,   ""severity"": ""high"",   ""root_cause"": ""Network connection was reset during block transfer, likely due to a transient network fault or overloaded DataNode."",   ""remediation"": ""Increase retry timeout and monitor network stability between DataNodes."" }",82.21,474.38,85177
mistral-small,bgl,3,few_shot,75,True,KERNMICRO,True,high,"Network connection was reset during block transfer, likely due to a transient network fault or overloaded DataNode."," Example: {   ""is_anomaly"": true,   ""severity"": ""high"",   ""root_cause"": ""Network connection was reset during block transfer, likely due to a transient network fault or overloaded DataNode."",   ""remediation"": ""Increase retry timeout and monitor network stability between DataNodes."" }",82.21,474.38,85177
mistral-small,bgl,3,few_shot,76,False,NORMAL,True,high,"Network connection was reset during block transfer, likely due to a transient network fault or overloaded DataNode."," Example: {   ""is_anomaly"": true,   ""severity"": ""high"",   ""root_cause"": ""Network connection was reset during block transfer, likely due to a transient network fault or overloaded DataNode."",   ""remediation"": ""Increase retry timeout and monitor network stability between DataNodes."" }",82.21,474.38,85177
mistral-small,bgl,3,few_shot,77,False,NORMAL,True,high,"Network connection was reset during block transfer, likely due to a transient network fault or overloaded DataNode."," Example: {   ""is_anomaly"": true,   ""severity"": ""high"",   ""root_cause"": ""Network connection was reset during block transfer, likely due to a transient network fault or overloaded DataNode."",   ""remediation"": ""Increase retry timeout and monitor network stability between DataNodes."" }",82.21,474.38,85177
mistral-small,bgl,3,few_shot,78,False,NORMAL,True,high,"Network connection was reset during block transfer, likely due to a transient network fault or overloaded DataNode."," Example: {   ""is_anomaly"": true,   ""severity"": ""high"",   ""root_cause"": ""Network connection was reset during block transfer, likely due to a transient network fault or overloaded DataNode."",   ""remediation"": ""Increase retry timeout and monitor network stability between DataNodes."" }",82.21,474.38,85177
mistral-small,bgl,3,few_shot,79,True,KERNDTLB,True,high,"Network connection was reset during block transfer, likely due to a transient network fault or overloaded DataNode."," Example: {   ""is_anomaly"": true,   ""severity"": ""high"",   ""root_cause"": ""Network connection was reset during block transfer, likely due to a transient network fault or overloaded DataNode."",   ""remediation"": ""Increase retry timeout and monitor network stability between DataNodes."" }",82.21,474.38,85177
mistral-small,bgl,3,few_shot,80,False,NORMAL,True,medium,"Memory errors detected and corrected, indicating potential hardware issues."," ```json {   ""is_anomaly"": true,   ""severity"": ""medium"",   ""root_cause"": ""Memory errors detected and corrected, indicating potential hardware issues."",   ""remediation"": ""Investigate hardware health and consider replacing faulty components."" } ```",82.21,474.38,85177
mistral-small,bgl,3,few_shot,81,False,NORMAL,True,high,"Network connection was reset during block transfer, likely due to a transient network fault or overloaded DataNode."," Example: {   ""is_anomaly"": true,   ""severity"": ""high"",   ""root_cause"": ""Network connection was reset during block transfer, likely due to a transient network fault or overloaded DataNode."",   ""remediation"": ""Increase retry timeout and monitor network stability between DataNodes."" }",82.21,474.38,85177
mistral-small,bgl,3,few_shot,82,True,KERNSTOR,True,high,"Network connection was reset during block transfer, likely due to a transient network fault or overloaded DataNode."," Example: {   ""is_anomaly"": true,   ""severity"": ""high"",   ""root_cause"": ""Network connection was reset during block transfer, likely due to a transient network fault or overloaded DataNode."",   ""remediation"": ""Increase retry timeout and monitor network stability between DataNodes."" }",82.21,474.38,85177
mistral-small,bgl,3,few_shot,83,True,KERNRTSP,True,high,"Network connection was reset during block transfer, likely due to a transient network fault or overloaded DataNode."," Example: {   ""is_anomaly"": true,   ""severity"": ""high"",   ""root_cause"": ""Network connection was reset during block transfer, likely due to a transient network fault or overloaded DataNode."",   ""remediation"": ""Increase retry timeout and monitor network stability between DataNodes."" }",82.21,474.38,85177
mistral-small,bgl,3,few_shot,84,False,NORMAL,True,high,"The system is generating multiple core dumps, indicating a critical failure."," Example: {   ""is_anomaly"": true,   ""severity"": ""high"",   ""root_cause"": ""The system is generating multiple core dumps, indicating a critical failure."",   ""remediation"": ""Investigate the core dumps to identify the root cause of the failure."" }",82.21,474.38,85177
mistral-small,bgl,3,few_shot,85,False,NORMAL,True,high,"Network connection was reset during block transfer, likely due to a transient network fault or overloaded DataNode."," Example: {   ""is_anomaly"": true,   ""severity"": ""high"",   ""root_cause"": ""Network connection was reset during block transfer, likely due to a transient network fault or overloaded DataNode."",   ""remediation"": ""Increase retry timeout and monitor network stability between DataNodes."" }",82.21,474.38,85177
mistral-small,bgl,3,few_shot,86,True,KERNSTOR,True,high,"Network connection was reset during block transfer, likely due to a transient network fault or overloaded DataNode."," Example: {   ""is_anomaly"": true,   ""severity"": ""high"",   ""root_cause"": ""Network connection was reset during block transfer, likely due to a transient network fault or overloaded DataNode."",   ""remediation"": ""Increase retry timeout and monitor network stability between DataNodes."" }",82.21,474.38,85177
mistral-small,bgl,3,few_shot,87,True,KERNTERM,True,high,"Network connection was reset during block transfer, likely due to a transient network fault or overloaded DataNode."," Example: {   ""is_anomaly"": true,   ""severity"": ""high"",   ""root_cause"": ""Network connection was reset during block transfer, likely due to a transient network fault or overloaded DataNode."",   ""remediation"": ""Increase retry timeout and monitor network stability between DataNodes."" }",82.21,474.38,85177
mistral-small,bgl,3,few_shot,88,True,APPSEV,True,high,Multiple connection errors indicate a network issue or server overload at 172.16.96.116.," ```json {   ""is_anomaly"": true,   ""severity"": ""high"",   ""root_cause"": ""Multiple connection errors indicate a network issue or server overload at 172.16.96.116."",   ""remediation"": ""Investigate network stability and server load at 172.16.96.116."" } ```",82.21,474.38,85177
mistral-small,bgl,3,few_shot,89,True,KERNDTLB,True,high,"Network connection was reset during block transfer, likely due to a transient network fault or overloaded DataNode."," Example: {   ""is_anomaly"": true,   ""severity"": ""high"",   ""root_cause"": ""Network connection was reset during block transfer, likely due to a transient network fault or overloaded DataNode."",   ""remediation"": ""Increase retry timeout and monitor network stability between DataNodes."" }",82.21,474.38,85177
mistral-small,bgl,3,few_shot,90,True,KERNDTLB,True,high,"Network connection was reset during block transfer, likely due to a transient network fault or overloaded DataNode."," Example: {   ""is_anomaly"": true,   ""severity"": ""high"",   ""root_cause"": ""Network connection was reset during block transfer, likely due to a transient network fault or overloaded DataNode."",   ""remediation"": ""Increase retry timeout and monitor network stability between DataNodes."" }",82.21,474.38,85177
mistral-small,bgl,3,few_shot,91,True,APPREAD,True,high,"Multiple failed attempts to read message prefix on control stream, indicating potential network issues or service disruptions."," ```json {   ""is_anomaly"": true,   ""severity"": ""high"",   ""root_cause"": ""Multiple failed attempts to read message prefix on control stream, indicating potential network issues or service disruptions."",   ""remediation"": ""Investigate network stability and ensure proper configuration of control stream endpoints."" } ```",82.21,474.38,85177
mistral-small,bgl,3,few_shot,92,False,NORMAL,True,high,"Network connection was reset during block transfer, likely due to a transient network fault or overloaded DataNode."," Example: {   ""is_anomaly"": true,   ""severity"": ""high"",   ""root_cause"": ""Network connection was reset during block transfer, likely due to a transient network fault or overloaded DataNode."",   ""remediation"": ""Increase retry timeout and monitor network stability between DataNodes."" }",82.21,474.38,85177
mistral-small,bgl,3,few_shot,93,False,NORMAL,True,high,"Network connection was reset during block transfer, likely due to a transient network fault or overloaded DataNode."," Example: {   ""is_anomaly"": true,   ""severity"": ""high"",   ""root_cause"": ""Network connection was reset during block transfer, likely due to a transient network fault or overloaded DataNode."",   ""remediation"": ""Increase retry timeout and monitor network stability between DataNodes."" }",82.21,474.38,85177
mistral-small,bgl,3,few_shot,94,True,KERNDTLB,True,high,"Network connection was reset during block transfer, likely due to a transient network fault or overloaded DataNode."," Example: {   ""is_anomaly"": true,   ""severity"": ""high"",   ""root_cause"": ""Network connection was reset during block transfer, likely due to a transient network fault or overloaded DataNode."",   ""remediation"": ""Increase retry timeout and monitor network stability between DataNodes."" }",82.21,474.38,85177
mistral-small,bgl,3,few_shot,95,False,NORMAL,True,high,"Network connection was reset during block transfer, likely due to a transient network fault or overloaded DataNode."," Example: {   ""is_anomaly"": true,   ""severity"": ""high"",   ""root_cause"": ""Network connection was reset during block transfer, likely due to a transient network fault or overloaded DataNode."",   ""remediation"": ""Increase retry timeout and monitor network stability between DataNodes."" }",82.21,474.38,85177
mistral-small,bgl,3,few_shot,96,False,NORMAL,False,low,none," Example: {   ""is_anomaly"": false,   ""severity"": ""low"",   ""root_cause"": ""none"",   ""remediation"": ""none"" }",82.21,474.38,85177
mistral-small,bgl,3,few_shot,97,True,KERNDTLB,True,high,"Network connection was reset during block transfer, likely due to a transient network fault or overloaded DataNode."," Example: {   ""is_anomaly"": true,   ""severity"": ""high"",   ""root_cause"": ""Network connection was reset during block transfer, likely due to a transient network fault or overloaded DataNode."",   ""remediation"": ""Increase retry timeout and monitor network stability between DataNodes."" }",82.21,474.38,85177
mistral-small,bgl,3,few_shot,98,False,NORMAL,True,high,"Network connection was reset during block transfer, likely due to a transient network fault or overloaded DataNode."," Example: {   ""is_anomaly"": true,   ""severity"": ""high"",   ""root_cause"": ""Network connection was reset during block transfer, likely due to a transient network fault or overloaded DataNode."",   ""remediation"": ""Increase retry timeout and monitor network stability between DataNodes."" }",82.21,474.38,85177
mistral-small,bgl,3,few_shot,99,False,NORMAL,True,high,"Network connection was reset during block transfer, likely due to a transient network fault or overloaded DataNode."," Example: {   ""is_anomaly"": true,   ""severity"": ""high"",   ""root_cause"": ""Network connection was reset during block transfer, likely due to a transient network fault or overloaded DataNode."",   ""remediation"": ""Increase retry timeout and monitor network stability between DataNodes."" }",82.21,474.38,85177
mistral-small,bgl,3,few_shot,100,False,NORMAL,True,high,"Network connection was reset during block transfer, likely due to a transient network fault or overloaded DataNode."," Example: {   ""is_anomaly"": true,   ""severity"": ""high"",   ""root_cause"": ""Network connection was reset during block transfer, likely due to a transient network fault or overloaded DataNode."",   ""remediation"": ""Increase retry timeout and monitor network stability between DataNodes."" }",82.21,474.38,85177
mistral-small,bgl,3,few_shot,101,True,KERNSTOR,True,high,"Network connection was reset during block transfer, likely due to a transient network fault or overloaded DataNode."," Example: {   ""is_anomaly"": true,   ""severity"": ""high"",   ""root_cause"": ""Network connection was reset during block transfer, likely due to a transient network fault or overloaded DataNode."",   ""remediation"": ""Increase retry timeout and monitor network stability between DataNodes."" }",82.21,474.38,85177
mistral-small,bgl,3,few_shot,102,False,NORMAL,False,low,none," ```json {   ""is_anomaly"": false,   ""severity"": ""low"",   ""root_cause"": ""none"",   ""remediation"": ""none"" } ```",82.21,474.38,85177
mistral-small,bgl,3,few_shot,103,True,KERNDTLB,True,high,"Network connection was reset during block transfer, likely due to a transient network fault or overloaded DataNode."," Example: {   ""is_anomaly"": true,   ""severity"": ""high"",   ""root_cause"": ""Network connection was reset during block transfer, likely due to a transient network fault or overloaded DataNode."",   ""remediation"": ""Increase retry timeout and monitor network stability between DataNodes."" }",82.21,474.38,85177
mistral-small,bgl,3,few_shot,104,False,NORMAL,True,high,"Network connection was reset during block transfer, likely due to a transient network fault or overloaded DataNode."," Example: {   ""is_anomaly"": true,   ""severity"": ""high"",   ""root_cause"": ""Network connection was reset during block transfer, likely due to a transient network fault or overloaded DataNode."",   ""remediation"": ""Increase retry timeout and monitor network stability between DataNodes."" }",82.21,474.38,85177
mistral-small,bgl,3,few_shot,105,False,NORMAL,True,high,"Network connection was reset during block transfer, likely due to a transient network fault or overloaded DataNode."," Example: {   ""is_anomaly"": true,   ""severity"": ""high"",   ""root_cause"": ""Network connection was reset during block transfer, likely due to a transient network fault or overloaded DataNode."",   ""remediation"": ""Increase retry timeout and monitor network stability between DataNodes."" }",82.21,474.38,85177
mistral-small,bgl,3,few_shot,106,True,KERNDTLB,True,high,"Network connection was reset during block transfer, likely due to a transient network fault or overloaded DataNode."," Example: {   ""is_anomaly"": true,   ""severity"": ""high"",   ""root_cause"": ""Network connection was reset during block transfer, likely due to a transient network fault or overloaded DataNode."",   ""remediation"": ""Increase retry timeout and monitor network stability between DataNodes."" }",82.21,474.38,85177
mistral-small,bgl,3,few_shot,107,True,KERNDTLB,True,high,"Network connection was reset during block transfer, likely due to a transient network fault or overloaded DataNode."," Example: {   ""is_anomaly"": true,   ""severity"": ""high"",   ""root_cause"": ""Network connection was reset during block transfer, likely due to a transient network fault or overloaded DataNode."",   ""remediation"": ""Increase retry timeout and monitor network stability between DataNodes."" }",82.21,474.38,85177
mistral-small,bgl,3,few_shot,108,True,KERNDTLB,True,high,"Network connection was reset during block transfer, likely due to a transient network fault or overloaded DataNode."," Example: {   ""is_anomaly"": true,   ""severity"": ""high"",   ""root_cause"": ""Network connection was reset during block transfer, likely due to a transient network fault or overloaded DataNode."",   ""remediation"": ""Increase retry timeout and monitor network stability between DataNodes."" }",82.21,474.38,85177
mistral-small,bgl,3,few_shot,109,True,APPREAD,True,high,"Multiple failed attempts to read message prefix on control stream, indicating potential network issues or service disruptions."," ```json {   ""is_anomaly"": true,   ""severity"": ""high"",   ""root_cause"": ""Multiple failed attempts to read message prefix on control stream, indicating potential network issues or service disruptions."",   ""remediation"": ""Investigate network stability and ensure proper configuration of control stream endpoints."" } ```",82.21,474.38,85177
mistral-small,bgl,3,few_shot,110,False,NORMAL,True,medium,"DDR errors detected and corrected, indicating potential memory issues."," ```json {   ""is_anomaly"": true,   ""severity"": ""medium"",   ""root_cause"": ""DDR errors detected and corrected, indicating potential memory issues."",   ""remediation"": ""Investigate the cause of DDR errors and consider replacing faulty memory modules if necessary."" } ```",82.21,474.38,85177
mistral-small,bgl,3,few_shot,111,False,NORMAL,False,low,none," ```json {   ""is_anomaly"": false,   ""severity"": ""low"",   ""root_cause"": ""none"",   ""remediation"": ""none"" } ```",82.21,474.38,85177
mistral-small,bgl,3,few_shot,112,True,KERNDTLB,True,high,"Network connection was reset during block transfer, likely due to a transient network fault or overloaded DataNode."," Example: {   ""is_anomaly"": true,   ""severity"": ""high"",   ""root_cause"": ""Network connection was reset during block transfer, likely due to a transient network fault or overloaded DataNode."",   ""remediation"": ""Increase retry timeout and monitor network stability between DataNodes."" }",82.21,474.38,85177
mistral-small,bgl,3,few_shot,113,False,NORMAL,True,high,"Network connection was reset during block transfer, likely due to a transient network fault or overloaded DataNode."," Example: {   ""is_anomaly"": true,   ""severity"": ""high"",   ""root_cause"": ""Network connection was reset during block transfer, likely due to a transient network fault or overloaded DataNode."",   ""remediation"": ""Increase retry timeout and monitor network stability between DataNodes."" }",82.21,474.38,85177
mistral-small,bgl,3,few_shot,114,True,APPSEV,True,high,Multiple connection errors indicate a network issue or server overload.," ```json {   ""is_anomaly"": true,   ""severity"": ""high"",   ""root_cause"": ""Multiple connection errors indicate a network issue or server overload."",   ""remediation"": ""Investigate network stability and server load on 172.16.96.116."" } ```",82.21,474.38,85177
mistral-small,bgl,3,few_shot,115,False,NORMAL,True,high,The specified file /home/glosli/src/ddcMD/ddcMD1.1.18a/bin/ddcMDbglV does not exist or is not executable.," ```json {   ""is_anomaly"": true,   ""severity"": ""high"",   ""root_cause"": ""The specified file /home/glosli/src/ddcMD/ddcMD1.1.18a/bin/ddcMDbglV does not exist or is not executable."",   ""remediation"": ""Check the file path and permissions, or ensure the file exists and is executable."" } ```",82.21,474.38,85177
mistral-small,bgl,3,few_shot,116,True,KERNDTLB,True,high,"Network connection was reset during block transfer, likely due to a transient network fault or overloaded DataNode."," Example: {   ""is_anomaly"": true,   ""severity"": ""high"",   ""root_cause"": ""Network connection was reset during block transfer, likely due to a transient network fault or overloaded DataNode."",   ""remediation"": ""Increase retry timeout and monitor network stability between DataNodes."" }",82.21,474.38,85177
mistral-small,bgl,3,few_shot,117,False,NORMAL,True,high,"Network connection was reset during block transfer, likely due to a transient network fault or overloaded DataNode."," Example: {   ""is_anomaly"": true,   ""severity"": ""high"",   ""root_cause"": ""Network connection was reset during block transfer, likely due to a transient network fault or overloaded DataNode."",   ""remediation"": ""Increase retry timeout and monitor network stability between DataNodes."" }",82.21,474.38,85177
mistral-small,bgl,3,few_shot,118,True,APPBUSY,True,high,"Network connection was reset during block transfer, likely due to a transient network fault or overloaded DataNode."," Example: {   ""is_anomaly"": true,   ""severity"": ""high"",   ""root_cause"": ""Network connection was reset during block transfer, likely due to a transient network fault or overloaded DataNode."",   ""remediation"": ""Increase retry timeout and monitor network stability between DataNodes."" }",82.21,474.38,85177
mistral-small,bgl,3,few_shot,119,False,NORMAL,True,high,The specified file /home/glosli/src/ddcMD/ddcMD1.1.13/bin/ddcMDbglV does not exist or is not executable.," ```json {   ""is_anomaly"": true,   ""severity"": ""high"",   ""root_cause"": ""The specified file /home/glosli/src/ddcMD/ddcMD1.1.13/bin/ddcMDbglV does not exist or is not executable."",   ""remediation"": ""Check the file path and permissions, or ensure the file exists and is executable."" } ```",82.21,474.38,85177
mistral-small,bgl,3,few_shot,120,False,NORMAL,True,high,"Network connection was reset during block transfer, likely due to a transient network fault or overloaded DataNode."," Example: {   ""is_anomaly"": true,   ""severity"": ""high"",   ""root_cause"": ""Network connection was reset during block transfer, likely due to a transient network fault or overloaded DataNode."",   ""remediation"": ""Increase retry timeout and monitor network stability between DataNodes."" }",82.21,474.38,85177
mistral-small,bgl,3,few_shot,121,True,KERNDTLB,True,high,"Network connection was reset during block transfer, likely due to a transient network fault or overloaded DataNode."," Example: {   ""is_anomaly"": true,   ""severity"": ""high"",   ""root_cause"": ""Network connection was reset during block transfer, likely due to a transient network fault or overloaded DataNode."",   ""remediation"": ""Increase retry timeout and monitor network stability between DataNodes."" }",82.21,474.38,85177
mistral-small,bgl,3,few_shot,122,False,NORMAL,True,high,"Network connection was reset during block transfer, likely due to a transient network fault or overloaded DataNode."," Example: {   ""is_anomaly"": true,   ""severity"": ""high"",   ""root_cause"": ""Network connection was reset during block transfer, likely due to a transient network fault or overloaded DataNode."",   ""remediation"": ""Increase retry timeout and monitor network stability between DataNodes."" }",82.21,474.38,85177
mistral-small,bgl,3,few_shot,123,True,KERNMNT,True,high,"Network connection was reset during block transfer, likely due to a transient network fault or overloaded DataNode."," Example: {   ""is_anomaly"": true,   ""severity"": ""high"",   ""root_cause"": ""Network connection was reset during block transfer, likely due to a transient network fault or overloaded DataNode."",   ""remediation"": ""Increase retry timeout and monitor network stability between DataNodes."" }",82.21,474.38,85177
mistral-small,bgl,3,few_shot,124,False,NORMAL,True,high,"Network connection was reset during block transfer, likely due to a transient network fault or overloaded DataNode."," Example: {   ""is_anomaly"": true,   ""severity"": ""high"",   ""root_cause"": ""Network connection was reset during block transfer, likely due to a transient network fault or overloaded DataNode."",   ""remediation"": ""Increase retry timeout and monitor network stability between DataNodes."" }",82.21,474.38,85177
mistral-small,bgl,3,few_shot,125,True,KERNDTLB,True,high,"Network connection was reset during block transfer, likely due to a transient network fault or overloaded DataNode."," Example: {   ""is_anomaly"": true,   ""severity"": ""high"",   ""root_cause"": ""Network connection was reset during block transfer, likely due to a transient network fault or overloaded DataNode."",   ""remediation"": ""Increase retry timeout and monitor network stability between DataNodes."" }",82.21,474.38,85177
mistral-small,bgl,3,few_shot,126,True,APPSEV,True,high,"Multiple socket connections to the same IP address were severed, indicating a potential network issue or service disruption."," ```json {   ""is_anomaly"": true,   ""severity"": ""high"",   ""root_cause"": ""Multiple socket connections to the same IP address were severed, indicating a potential network issue or service disruption."",   ""remediation"": ""Investigate network stability and check the status of the service at IP address 172.16.96.116."" } ```",82.21,474.38,85177
mistral-small,bgl,3,few_shot,127,True,KERNDTLB,True,high,"Network connection was reset during block transfer, likely due to a transient network fault or overloaded DataNode."," Example: {   ""is_anomaly"": true,   ""severity"": ""high"",   ""root_cause"": ""Network connection was reset during block transfer, likely due to a transient network fault or overloaded DataNode."",   ""remediation"": ""Increase retry timeout and monitor network stability between DataNodes."" }",82.21,474.38,85177
mistral-small,bgl,3,few_shot,128,False,NORMAL,False,low,none," ```json {   ""is_anomaly"": false,   ""severity"": ""low"",   ""root_cause"": ""none"",   ""remediation"": ""none"" } ```",82.21,474.38,85177
mistral-small,bgl,3,few_shot,129,False,NORMAL,True,high,"Network connection was reset during block transfer, likely due to a transient network fault or overloaded DataNode."," Example: {   ""is_anomaly"": true,   ""severity"": ""high"",   ""root_cause"": ""Network connection was reset during block transfer, likely due to a transient network fault or overloaded DataNode."",   ""remediation"": ""Increase retry timeout and monitor network stability between DataNodes."" }",82.21,474.38,85177
mistral-small,bgl,3,few_shot,130,True,KERNSTOR,True,high,"Network connection was reset during block transfer, likely due to a transient network fault or overloaded DataNode."," Example: {   ""is_anomaly"": true,   ""severity"": ""high"",   ""root_cause"": ""Network connection was reset during block transfer, likely due to a transient network fault or overloaded DataNode."",   ""remediation"": ""Increase retry timeout and monitor network stability between DataNodes."" }",82.21,474.38,85177
mistral-small,bgl,3,few_shot,131,True,KERNDTLB,True,high,"Network connection was reset during block transfer, likely due to a transient network fault or overloaded DataNode."," Example: {   ""is_anomaly"": true,   ""severity"": ""high"",   ""root_cause"": ""Network connection was reset during block transfer, likely due to a transient network fault or overloaded DataNode."",   ""remediation"": ""Increase retry timeout and monitor network stability between DataNodes."" }",82.21,474.38,85177
mistral-small,bgl,3,few_shot,132,False,NORMAL,False,low,none," Example: {   ""is_anomaly"": false,   ""severity"": ""low"",   ""root_cause"": ""none"",   ""remediation"": ""none"" }",82.21,474.38,85177
mistral-small,bgl,3,few_shot,133,False,NORMAL,True,high,"Network connection was reset during block transfer, likely due to a transient network fault or overloaded DataNode."," Example: {   ""is_anomaly"": true,   ""severity"": ""high"",   ""root_cause"": ""Network connection was reset during block transfer, likely due to a transient network fault or overloaded DataNode."",   ""remediation"": ""Increase retry timeout and monitor network stability between DataNodes."" }",82.21,474.38,85177
mistral-small,bgl,3,few_shot,134,False,NORMAL,True,high,"Network connection was reset during block transfer, likely due to a transient network fault or overloaded DataNode."," Example: {   ""is_anomaly"": true,   ""severity"": ""high"",   ""root_cause"": ""Network connection was reset during block transfer, likely due to a transient network fault or overloaded DataNode."",   ""remediation"": ""Increase retry timeout and monitor network stability between DataNodes."" }",82.21,474.38,85177
mistral-small,bgl,3,few_shot,135,False,NORMAL,True,high,"Network connection was reset during block transfer, likely due to a transient network fault or overloaded DataNode."," Example: {   ""is_anomaly"": true,   ""severity"": ""high"",   ""root_cause"": ""Network connection was reset during block transfer, likely due to a transient network fault or overloaded DataNode."",   ""remediation"": ""Increase retry timeout and monitor network stability between DataNodes."" }",82.21,474.38,85177
mistral-small,bgl,3,few_shot,136,True,APPSEV,True,high,Multiple connection errors and a received signal 15 indicate a critical failure in communication between services.," ```json {   ""is_anomaly"": true,   ""severity"": ""high"",   ""root_cause"": ""Multiple connection errors and a received signal 15 indicate a critical failure in communication between services."",   ""remediation"": ""Investigate network issues and check for service crashes or restarts."" } ```",82.21,474.38,85177
mistral-small,bgl,3,few_shot,137,False,NORMAL,True,high,"Network connection was reset during block transfer, likely due to a transient network fault or overloaded DataNode."," Example: {   ""is_anomaly"": true,   ""severity"": ""high"",   ""root_cause"": ""Network connection was reset during block transfer, likely due to a transient network fault or overloaded DataNode."",   ""remediation"": ""Increase retry timeout and monitor network stability between DataNodes."" }",82.21,474.38,85177
mistral-small,bgl,3,few_shot,138,True,KERNDTLB,True,high,"Network connection was reset during block transfer, likely due to a transient network fault or overloaded DataNode."," Example: {   ""is_anomaly"": true,   ""severity"": ""high"",   ""root_cause"": ""Network connection was reset during block transfer, likely due to a transient network fault or overloaded DataNode."",   ""remediation"": ""Increase retry timeout and monitor network stability between DataNodes."" }",82.21,474.38,85177
mistral-small,bgl,3,few_shot,139,True,KERNDTLB,True,high,"Network connection was reset during block transfer, likely due to a transient network fault or overloaded DataNode."," Example: {   ""is_anomaly"": true,   ""severity"": ""high"",   ""root_cause"": ""Network connection was reset during block transfer, likely due to a transient network fault or overloaded DataNode."",   ""remediation"": ""Increase retry timeout and monitor network stability between DataNodes."" }",82.21,474.38,85177
mistral-small,bgl,3,few_shot,140,False,NORMAL,True,high,"Network connection was reset during block transfer, likely due to a transient network fault or overloaded DataNode."," Example: {   ""is_anomaly"": true,   ""severity"": ""high"",   ""root_cause"": ""Network connection was reset during block transfer, likely due to a transient network fault or overloaded DataNode."",   ""remediation"": ""Increase retry timeout and monitor network stability between DataNodes."" }",82.21,474.38,85177
mistral-small,bgl,3,few_shot,141,False,NORMAL,False,low,none," Example: {   ""is_anomaly"": false,   ""severity"": ""low"",   ""root_cause"": ""none"",   ""remediation"": ""none"" }",82.21,474.38,85177
mistral-small,bgl,3,few_shot,142,True,KERNSTOR,True,high,"Network connection was reset during block transfer, likely due to a transient network fault or overloaded DataNode."," Example: {   ""is_anomaly"": true,   ""severity"": ""high"",   ""root_cause"": ""Network connection was reset during block transfer, likely due to a transient network fault or overloaded DataNode."",   ""remediation"": ""Increase retry timeout and monitor network stability between DataNodes."" }",82.21,474.38,85177
mistral-small,bgl,3,few_shot,143,False,NORMAL,True,high,"Network connection was reset during block transfer, likely due to a transient network fault or overloaded DataNode."," Example: {   ""is_anomaly"": true,   ""severity"": ""high"",   ""root_cause"": ""Network connection was reset during block transfer, likely due to a transient network fault or overloaded DataNode."",   ""remediation"": ""Increase retry timeout and monitor network stability between DataNodes."" }",82.21,474.38,85177
mistral-small,bgl,3,few_shot,144,True,APPSEV,True,high,Multiple connection errors indicate a network issue or server overload.," ```json {   ""is_anomaly"": true,   ""severity"": ""high"",   ""root_cause"": ""Multiple connection errors indicate a network issue or server overload."",   ""remediation"": ""Investigate network stability and server load on 172.16.96.116."" } ```",82.21,474.38,85177
mistral-small,bgl,3,few_shot,145,False,NORMAL,True,high,"Network connection was reset during block transfer, likely due to a transient network fault or overloaded DataNode."," Example: {   ""is_anomaly"": true,   ""severity"": ""high"",   ""root_cause"": ""Network connection was reset during block transfer, likely due to a transient network fault or overloaded DataNode."",   ""remediation"": ""Increase retry timeout and monitor network stability between DataNodes."" }",82.21,474.38,85177
mistral-small,bgl,3,few_shot,146,True,KERNDTLB,True,high,"Network connection was reset during block transfer, likely due to a transient network fault or overloaded DataNode."," Example: {   ""is_anomaly"": true,   ""severity"": ""high"",   ""root_cause"": ""Network connection was reset during block transfer, likely due to a transient network fault or overloaded DataNode."",   ""remediation"": ""Increase retry timeout and monitor network stability between DataNodes."" }",82.21,474.38,85177
mistral-small,bgl,3,few_shot,147,True,KERNDTLB,True,high,"Network connection was reset during block transfer, likely due to a transient network fault or overloaded DataNode."," Example: {   ""is_anomaly"": true,   ""severity"": ""high"",   ""root_cause"": ""Network connection was reset during block transfer, likely due to a transient network fault or overloaded DataNode."",   ""remediation"": ""Increase retry timeout and monitor network stability between DataNodes."" }",82.21,474.38,85177
mistral-small,bgl,3,few_shot,148,False,NORMAL,True,high,"Network connection was reset during block transfer, likely due to a transient network fault or overloaded DataNode."," Example: {   ""is_anomaly"": true,   ""severity"": ""high"",   ""root_cause"": ""Network connection was reset during block transfer, likely due to a transient network fault or overloaded DataNode."",   ""remediation"": ""Increase retry timeout and monitor network stability between DataNodes."" }",82.21,474.38,85177
mistral-small,bgl,3,few_shot,149,True,KERNMNTF,True,high,"Network connection was reset during block transfer, likely due to a transient network fault or overloaded DataNode."," Example: {   ""is_anomaly"": true,   ""severity"": ""high"",   ""root_cause"": ""Network connection was reset during block transfer, likely due to a transient network fault or overloaded DataNode."",   ""remediation"": ""Increase retry timeout and monitor network stability between DataNodes."" }",82.21,474.38,85177
mistral-small,hdfs,3,few_shot,150,True,Anomaly,False,low,none," Example: {   ""is_anomaly"": false,   ""severity"": ""low"",   ""root_cause"": ""none"",   ""remediation"": ""none"" }",82.21,474.38,85177
mistral-small,hdfs,3,few_shot,151,True,Anomaly,False,low,none," Example: {   ""is_anomaly"": false,   ""severity"": ""low"",   ""root_cause"": ""none"",   ""remediation"": ""none"" }",82.21,474.38,85177
mistral-small,hdfs,3,few_shot,152,True,Anomaly,True,high,"Network connection was reset during block transfer, likely due to a transient network fault or overloaded DataNode."," Example: {   ""is_anomaly"": true,   ""severity"": ""high"",   ""root_cause"": ""Network connection was reset during block transfer, likely due to a transient network fault or overloaded DataNode."",   ""remediation"": ""Increase retry timeout and monitor network stability between DataNodes."" }",82.21,474.38,85177
mistral-small,hdfs,3,few_shot,153,True,Anomaly,False,low,none," Example: {   ""is_anomaly"": false,   ""severity"": ""low"",   ""root_cause"": ""none"",   ""remediation"": ""none"" }",82.21,474.38,85177
mistral-small,hdfs,3,few_shot,154,True,Anomaly,False,low,none," Example: {   ""is_anomaly"": false,   ""severity"": ""low"",   ""root_cause"": ""none"",   ""remediation"": ""none"" }",82.21,474.38,85177
mistral-small,hdfs,3,few_shot,155,False,NORMAL,True,high,"Network connection was reset during block transfer, likely due to a transient network fault or overloaded DataNode."," Example: {   ""is_anomaly"": true,   ""severity"": ""high"",   ""root_cause"": ""Network connection was reset during block transfer, likely due to a transient network fault or overloaded DataNode."",   ""remediation"": ""Increase retry timeout and monitor network stability between DataNodes."" }",82.21,474.38,85177
mistral-small,hdfs,3,few_shot,156,False,NORMAL,False,low,none," ```json {   ""is_anomaly"": false,   ""severity"": ""low"",   ""root_cause"": ""none"",   ""remediation"": ""none"" } ```",82.21,474.38,85177
mistral-small,hdfs,3,few_shot,157,True,Anomaly,False,low,none," Example: {   ""is_anomaly"": false,   ""severity"": ""low"",   ""root_cause"": ""none"",   ""remediation"": ""none"" }",82.21,474.38,85177
mistral-small,hdfs,3,few_shot,158,True,Anomaly,False,low,none," Example: {   ""is_anomaly"": false,   ""severity"": ""low"",   ""root_cause"": ""none"",   ""remediation"": ""none"" }",82.21,474.38,85177
mistral-small,hdfs,3,few_shot,159,False,NORMAL,False,low,none," Example: {   ""is_anomaly"": false,   ""severity"": ""low"",   ""root_cause"": ""none"",   ""remediation"": ""none"" }",82.21,474.38,85177
mistral-small,hdfs,3,few_shot,160,False,NORMAL,False,low,none," Example: {   ""is_anomaly"": false,   ""severity"": ""low"",   ""root_cause"": ""none"",   ""remediation"": ""none"" }",82.21,474.38,85177
mistral-small,hdfs,3,few_shot,161,False,NORMAL,False,low,none," Example: {   ""is_anomaly"": false,   ""severity"": ""low"",   ""root_cause"": ""none"",   ""remediation"": ""none"" }",82.21,474.38,85177
mistral-small,hdfs,3,few_shot,162,True,Anomaly,False,low,none," Example: {   ""is_anomaly"": false,   ""severity"": ""low"",   ""root_cause"": ""none"",   ""remediation"": ""none"" }",82.21,474.38,85177
mistral-small,hdfs,3,few_shot,163,False,NORMAL,True,medium,"Multiple exceptions occurred while serving blocks to different clients, indicating potential issues with DataNode or network stability."," ```json {   ""is_anomaly"": true,   ""severity"": ""medium"",   ""root_cause"": ""Multiple exceptions occurred while serving blocks to different clients, indicating potential issues with DataNode or network stability."",   ""remediation"": ""Investigate the exceptions and check the health of the DataNode and network connectivity."" } ```",82.21,474.38,85177
mistral-small,hdfs,3,few_shot,164,False,NORMAL,True,high,"Network connection was reset during block transfer, likely due to a transient network fault or overloaded DataNode."," Example: {   ""is_anomaly"": true,   ""severity"": ""high"",   ""root_cause"": ""Network connection was reset during block transfer, likely due to a transient network fault or overloaded DataNode."",   ""remediation"": ""Increase retry timeout and monitor network stability between DataNodes."" }",82.21,474.38,85177
mistral-small,hdfs,3,few_shot,165,False,NORMAL,False,low,none," Example: {   ""is_anomaly"": false,   ""severity"": ""low"",   ""root_cause"": ""none"",   ""remediation"": ""none"" }",82.21,474.38,85177
mistral-small,hdfs,3,few_shot,166,False,NORMAL,True,high,"Network connection was reset during block transfer, likely due to a transient network fault or overloaded DataNode."," Example: {   ""is_anomaly"": true,   ""severity"": ""high"",   ""root_cause"": ""Network connection was reset during block transfer, likely due to a transient network fault or overloaded DataNode."",   ""remediation"": ""Increase retry timeout and monitor network stability between DataNodes."" }",82.21,474.38,85177
mistral-small,hdfs,3,few_shot,167,True,Anomaly,False,low,none," Example: {   ""is_anomaly"": false,   ""severity"": ""low"",   ""root_cause"": ""none"",   ""remediation"": ""none"" }",82.21,474.38,85177
mistral-small,hdfs,3,few_shot,168,False,NORMAL,False,low,none," ```json {   ""is_anomaly"": false,   ""severity"": ""low"",   ""root_cause"": ""none"",   ""remediation"": ""none"" } ```",82.21,474.38,85177
mistral-small,hdfs,3,few_shot,169,False,NORMAL,False,low,none," Example: {   ""is_anomaly"": false,   ""severity"": ""low"",   ""root_cause"": ""none"",   ""remediation"": ""none"" }",82.21,474.38,85177
mistral-small,hdfs,3,few_shot,170,False,NORMAL,False,low,none," Example: {   ""is_anomaly"": false,   ""severity"": ""low"",   ""root_cause"": ""none"",   ""remediation"": ""none"" }",82.21,474.38,85177
mistral-small,hdfs,3,few_shot,171,False,NORMAL,False,low,none," Example: {   ""is_anomaly"": false,   ""severity"": ""low"",   ""root_cause"": ""none"",   ""remediation"": ""none"" }",82.21,474.38,85177
mistral-small,hdfs,3,few_shot,172,True,Anomaly,False,low,none," ```json {   ""is_anomaly"": false,   ""severity"": ""low"",   ""root_cause"": ""none"",   ""remediation"": ""none"" } ```",82.21,474.38,85177
mistral-small,hdfs,3,few_shot,173,True,Anomaly,False,low,none," Example: {   ""is_anomaly"": false,   ""severity"": ""low"",   ""root_cause"": ""none"",   ""remediation"": ""none"" }",82.21,474.38,85177
mistral-small,hdfs,3,few_shot,174,False,NORMAL,False,low,none," Example: {   ""is_anomaly"": false,   ""severity"": ""low"",   ""root_cause"": ""none"",   ""remediation"": ""none"" }",82.21,474.38,85177
mistral-small,hdfs,3,few_shot,175,False,NORMAL,True,high,"Network connection was reset during block transfer, likely due to a transient network fault or overloaded DataNode."," Example: {   ""is_anomaly"": true,   ""severity"": ""high"",   ""root_cause"": ""Network connection was reset during block transfer, likely due to a transient network fault or overloaded DataNode."",   ""remediation"": ""Increase retry timeout and monitor network stability between DataNodes."" }",82.21,474.38,85177
mistral-small,hdfs,3,few_shot,176,True,Anomaly,False,low,none," Example: {   ""is_anomaly"": false,   ""severity"": ""low"",   ""root_cause"": ""none"",   ""remediation"": ""none"" }",82.21,474.38,85177
mistral-small,hdfs,3,few_shot,177,True,Anomaly,False,low,none," Example: {   ""is_anomaly"": false,   ""severity"": ""low"",   ""root_cause"": ""none"",   ""remediation"": ""none"" }",82.21,474.38,85177
mistral-small,hdfs,3,few_shot,178,False,NORMAL,False,low,none," Example: {   ""is_anomaly"": false,   ""severity"": ""low"",   ""root_cause"": ""none"",   ""remediation"": ""none"" }",82.21,474.38,85177
mistral-small,hdfs,3,few_shot,179,False,NORMAL,False,low,none," Example: {   ""is_anomaly"": false,   ""severity"": ""low"",   ""root_cause"": ""none"",   ""remediation"": ""none"" }",82.21,474.38,85177
mistral-small,hdfs,3,few_shot,180,True,Anomaly,False,low,none," ```json {   ""is_anomaly"": false,   ""severity"": ""low"",   ""root_cause"": ""none"",   ""remediation"": ""none"" } ```",82.21,474.38,85177
mistral-small,hdfs,3,few_shot,181,False,NORMAL,False,low,none," Example: {   ""is_anomaly"": false,   ""severity"": ""low"",   ""root_cause"": ""none"",   ""remediation"": ""none"" }",82.21,474.38,85177
mistral-small,hdfs,3,few_shot,182,True,Anomaly,True,high,"Network connection was reset during block transfer, likely due to a transient network fault or overloaded DataNode."," Example: {   ""is_anomaly"": true,   ""severity"": ""high"",   ""root_cause"": ""Network connection was reset during block transfer, likely due to a transient network fault or overloaded DataNode."",   ""remediation"": ""Increase retry timeout and monitor network stability between DataNodes."" }",82.21,474.38,85177
mistral-small,hdfs,3,few_shot,183,True,Anomaly,False,low,none," Example: {   ""is_anomaly"": false,   ""severity"": ""low"",   ""root_cause"": ""none"",   ""remediation"": ""none"" }",82.21,474.38,85177
mistral-small,hdfs,3,few_shot,184,True,Anomaly,True,medium,DataNode encountered an exception while serving a block.," Example: {   ""is_anomaly"": true,   ""severity"": ""medium"",   ""root_cause"": ""DataNode encountered an exception while serving a block."",   ""remediation"": ""Investigate the specific exception and ensure DataNode is not overloaded."" }",82.21,474.38,85177
mistral-small,hdfs,3,few_shot,185,False,NORMAL,False,low,none," ```json {   ""is_anomaly"": false,   ""severity"": ""low"",   ""root_cause"": ""none"",   ""remediation"": ""none"" } ```",82.21,474.38,85177
mistral-small,hdfs,3,few_shot,186,True,Anomaly,False,low,none," Example: {   ""is_anomaly"": false,   ""severity"": ""low"",   ""root_cause"": ""none"",   ""remediation"": ""none"" }",82.21,474.38,85177
mistral-small,hdfs,3,few_shot,187,False,NORMAL,False,low,none," Example: {   ""is_anomaly"": false,   ""severity"": ""low"",   ""root_cause"": ""none"",   ""remediation"": ""none"" }",82.21,474.38,85177
mistral-small,hdfs,3,few_shot,188,True,Anomaly,False,low,none," Example: {   ""is_anomaly"": false,   ""severity"": ""low"",   ""root_cause"": ""none"",   ""remediation"": ""none"" }",82.21,474.38,85177
mistral-small,hdfs,3,few_shot,189,False,NORMAL,False,low,none," ```json {   ""is_anomaly"": false,   ""severity"": ""low"",   ""root_cause"": ""none"",   ""remediation"": ""none"" } ```",82.21,474.38,85177
mistral-small,hdfs,3,few_shot,190,True,Anomaly,False,low,none," Example: {   ""is_anomaly"": false,   ""severity"": ""low"",   ""root_cause"": ""none"",   ""remediation"": ""none"" }",82.21,474.38,85177
mistral-small,hdfs,3,few_shot,191,True,Anomaly,False,low,none," Example: {   ""is_anomaly"": false,   ""severity"": ""low"",   ""root_cause"": ""none"",   ""remediation"": ""none"" }",82.21,474.38,85177
mistral-small,hdfs,3,few_shot,192,False,NORMAL,False,low,none," Example: {   ""is_anomaly"": false,   ""severity"": ""low"",   ""root_cause"": ""none"",   ""remediation"": ""none"" }",82.21,474.38,85177
mistral-small,hdfs,3,few_shot,193,True,Anomaly,False,low,none," Example: {   ""is_anomaly"": false,   ""severity"": ""low"",   ""root_cause"": ""none"",   ""remediation"": ""none"" }",82.21,474.38,85177
mistral-small,hdfs,3,few_shot,194,True,Anomaly,False,low,none," ```json {   ""is_anomaly"": false,   ""severity"": ""low"",   ""root_cause"": ""none"",   ""remediation"": ""none"" } ```",82.21,474.38,85177
mistral-small,hdfs,3,few_shot,195,False,NORMAL,False,low,none," Example: {   ""is_anomaly"": false,   ""severity"": ""low"",   ""root_cause"": ""none"",   ""remediation"": ""none"" }",82.21,474.38,85177
mistral-small,hdfs,3,few_shot,196,False,NORMAL,False,low,none," ```json {   ""is_anomaly"": false,   ""severity"": ""low"",   ""root_cause"": ""none"",   ""remediation"": ""none"" } ```",82.21,474.38,85177
mistral-small,hdfs,3,few_shot,197,True,Anomaly,False,low,none," Example: {   ""is_anomaly"": false,   ""severity"": ""low"",   ""root_cause"": ""none"",   ""remediation"": ""none"" }",82.21,474.38,85177
mistral-small,hdfs,3,few_shot,198,True,Anomaly,False,low,none," Example: {   ""is_anomaly"": false,   ""severity"": ""low"",   ""root_cause"": ""none"",   ""remediation"": ""none"" }",82.21,474.38,85177
mistral-small,hdfs,3,few_shot,199,True,Anomaly,False,low,none," Example: {   ""is_anomaly"": false,   ""severity"": ""low"",   ""root_cause"": ""none"",   ""remediation"": ""none"" }",82.21,474.38,85177
mistral-small,hdfs,3,few_shot,200,False,NORMAL,False,low,none," Example: {   ""is_anomaly"": false,   ""severity"": ""low"",   ""root_cause"": ""none"",   ""remediation"": ""none"" }",82.21,474.38,85177
mistral-small,hdfs,3,few_shot,201,True,Anomaly,True,high,"Network connection was reset during block transfer, likely due to a transient network fault or overloaded DataNode."," Example: {   ""is_anomaly"": true,   ""severity"": ""high"",   ""root_cause"": ""Network connection was reset during block transfer, likely due to a transient network fault or overloaded DataNode."",   ""remediation"": ""Increase retry timeout and monitor network stability between DataNodes."" }",82.21,474.38,85177
mistral-small,hdfs,3,few_shot,202,True,Anomaly,False,low,none," Example: {   ""is_anomaly"": false,   ""severity"": ""low"",   ""root_cause"": ""none"",   ""remediation"": ""none"" }",82.21,474.38,85177
mistral-small,hdfs,3,few_shot,203,False,NORMAL,False,low,none," Example: {   ""is_anomaly"": false,   ""severity"": ""low"",   ""root_cause"": ""none"",   ""remediation"": ""none"" }",82.21,474.38,85177
mistral-small,hdfs,3,few_shot,204,True,Anomaly,False,low,none," Example: {   ""is_anomaly"": false,   ""severity"": ""low"",   ""root_cause"": ""none"",   ""remediation"": ""none"" }",82.21,474.38,85177
mistral-small,hdfs,3,few_shot,205,False,NORMAL,False,low,none," Example: {   ""is_anomaly"": false,   ""severity"": ""low"",   ""root_cause"": ""none"",   ""remediation"": ""none"" }",82.21,474.38,85177
mistral-small,hdfs,3,few_shot,206,False,NORMAL,False,low,none," Example: {   ""is_anomaly"": false,   ""severity"": ""low"",   ""root_cause"": ""none"",   ""remediation"": ""none"" }",82.21,474.38,85177
mistral-small,hdfs,3,few_shot,207,False,NORMAL,False,low,none," Example: {   ""is_anomaly"": false,   ""severity"": ""low"",   ""root_cause"": ""none"",   ""remediation"": ""none"" }",82.21,474.38,85177
mistral-small,hdfs,3,few_shot,208,False,NORMAL,False,low,none," Example: {   ""is_anomaly"": false,   ""severity"": ""low"",   ""root_cause"": ""none"",   ""remediation"": ""none"" }",82.21,474.38,85177
mistral-small,hdfs,3,few_shot,209,True,Anomaly,False,low,none," Example: {   ""is_anomaly"": false,   ""severity"": ""low"",   ""root_cause"": ""none"",   ""remediation"": ""none"" }",82.21,474.38,85177
mistral-small,hdfs,3,few_shot,210,False,NORMAL,True,high,"Network connection was reset during block transfer, likely due to a transient network fault or overloaded DataNode."," Example: {   ""is_anomaly"": true,   ""severity"": ""high"",   ""root_cause"": ""Network connection was reset during block transfer, likely due to a transient network fault or overloaded DataNode."",   ""remediation"": ""Increase retry timeout and monitor network stability between DataNodes."" }",82.21,474.38,85177
mistral-small,hdfs,3,few_shot,211,True,Anomaly,False,low,none," Example: {   ""is_anomaly"": false,   ""severity"": ""low"",   ""root_cause"": ""none"",   ""remediation"": ""none"" }",82.21,474.38,85177
mistral-small,hdfs,3,few_shot,212,False,NORMAL,False,low,none," Example: {   ""is_anomaly"": false,   ""severity"": ""low"",   ""root_cause"": ""none"",   ""remediation"": ""none"" }",82.21,474.38,85177
mistral-small,hdfs,3,few_shot,213,True,Anomaly,False,low,none," Example: {   ""is_anomaly"": false,   ""severity"": ""low"",   ""root_cause"": ""none"",   ""remediation"": ""none"" }",82.21,474.38,85177
mistral-small,hdfs,3,few_shot,214,True,Anomaly,False,low,none," Example: {   ""is_anomaly"": false,   ""severity"": ""low"",   ""root_cause"": ""none"",   ""remediation"": ""none"" }",82.21,474.38,85177
mistral-small,hdfs,3,few_shot,215,True,Anomaly,False,low,none," Example: {   ""is_anomaly"": false,   ""severity"": ""low"",   ""root_cause"": ""none"",   ""remediation"": ""none"" }",82.21,474.38,85177
mistral-small,hdfs,3,few_shot,216,False,NORMAL,False,low,none," Example: {   ""is_anomaly"": false,   ""severity"": ""low"",   ""root_cause"": ""none"",   ""remediation"": ""none"" }",82.21,474.38,85177
mistral-small,hdfs,3,few_shot,217,False,NORMAL,False,low,none," Example: {   ""is_anomaly"": false,   ""severity"": ""low"",   ""root_cause"": ""none"",   ""remediation"": ""none"" }",82.21,474.38,85177
mistral-small,hdfs,3,few_shot,218,True,Anomaly,True,high,"Network connection was reset during block transfer, likely due to a transient network fault or overloaded DataNode."," Example: {   ""is_anomaly"": true,   ""severity"": ""high"",   ""root_cause"": ""Network connection was reset during block transfer, likely due to a transient network fault or overloaded DataNode."",   ""remediation"": ""Increase retry timeout and monitor network stability between DataNodes."" }",82.21,474.38,85177
mistral-small,hdfs,3,few_shot,219,False,NORMAL,False,low,none," Example: {   ""is_anomaly"": false,   ""severity"": ""low"",   ""root_cause"": ""none"",   ""remediation"": ""none"" }",82.21,474.38,85177
mistral-small,hdfs,3,few_shot,220,False,NORMAL,False,low,none," Example: {   ""is_anomaly"": false,   ""severity"": ""low"",   ""root_cause"": ""none"",   ""remediation"": ""none"" }",82.21,474.38,85177
mistral-small,hdfs,3,few_shot,221,False,NORMAL,True,high,"Network connection was reset during block transfer, likely due to a transient network fault or overloaded DataNode."," Example: {   ""is_anomaly"": true,   ""severity"": ""high"",   ""root_cause"": ""Network connection was reset during block transfer, likely due to a transient network fault or overloaded DataNode."",   ""remediation"": ""Increase retry timeout and monitor network stability between DataNodes."" }",82.21,474.38,85177
mistral-small,hdfs,3,few_shot,222,True,Anomaly,False,low,none," ```json {   ""is_anomaly"": false,   ""severity"": ""low"",   ""root_cause"": ""none"",   ""remediation"": ""none"" } ```",82.21,474.38,85177
mistral-small,hdfs,3,few_shot,223,True,Anomaly,False,low,none," Example: {   ""is_anomaly"": false,   ""severity"": ""low"",   ""root_cause"": ""none"",   ""remediation"": ""none"" }",82.21,474.38,85177
mistral-small,hdfs,3,few_shot,224,False,NORMAL,False,low,none," Example: {   ""is_anomaly"": false,   ""severity"": ""low"",   ""root_cause"": ""none"",   ""remediation"": ""none"" }",82.21,474.38,85177
mistral-small,hdfs,3,few_shot,225,False,NORMAL,False,low,none," Example: {   ""is_anomaly"": false,   ""severity"": ""low"",   ""root_cause"": ""none"",   ""remediation"": ""none"" }",82.21,474.38,85177
mistral-small,hdfs,3,few_shot,226,True,Anomaly,True,high,"Network connection was reset during block transfer, likely due to a transient network fault or overloaded DataNode."," Example: {   ""is_anomaly"": true,   ""severity"": ""high"",   ""root_cause"": ""Network connection was reset during block transfer, likely due to a transient network fault or overloaded DataNode."",   ""remediation"": ""Increase retry timeout and monitor network stability between DataNodes."" }",82.21,474.38,85177
mistral-small,hdfs,3,few_shot,227,True,Anomaly,False,low,none," Example: {   ""is_anomaly"": false,   ""severity"": ""low"",   ""root_cause"": ""none"",   ""remediation"": ""none"" }",82.21,474.38,85177
mistral-small,hdfs,3,few_shot,228,True,Anomaly,False,low,none," Example: {   ""is_anomaly"": false,   ""severity"": ""low"",   ""root_cause"": ""none"",   ""remediation"": ""none"" }",82.21,474.38,85177
mistral-small,hdfs,3,few_shot,229,False,NORMAL,False,low,none," Example: {   ""is_anomaly"": false,   ""severity"": ""low"",   ""root_cause"": ""none"",   ""remediation"": ""none"" }",82.21,474.38,85177
mistral-small,hdfs,3,few_shot,230,False,NORMAL,False,low,none," Example: {   ""is_anomaly"": false,   ""severity"": ""low"",   ""root_cause"": ""none"",   ""remediation"": ""none"" }",82.21,474.38,85177
mistral-small,hdfs,3,few_shot,231,False,NORMAL,False,low,none," Example: {   ""is_anomaly"": false,   ""severity"": ""low"",   ""root_cause"": ""none"",   ""remediation"": ""none"" }",82.21,474.38,85177
mistral-small,hdfs,3,few_shot,232,True,Anomaly,False,low,none," Example: {   ""is_anomaly"": false,   ""severity"": ""low"",   ""root_cause"": ""none"",   ""remediation"": ""none"" }",82.21,474.38,85177
mistral-small,hdfs,3,few_shot,233,False,NORMAL,False,low,none," Example: {   ""is_anomaly"": false,   ""severity"": ""low"",   ""root_cause"": ""none"",   ""remediation"": ""none"" }",82.21,474.38,85177
mistral-small,hdfs,3,few_shot,234,False,NORMAL,True,high,"Network connection was reset during block transfer, likely due to a transient network fault or overloaded DataNode."," Example: {   ""is_anomaly"": true,   ""severity"": ""high"",   ""root_cause"": ""Network connection was reset during block transfer, likely due to a transient network fault or overloaded DataNode."",   ""remediation"": ""Increase retry timeout and monitor network stability between DataNodes."" }",82.21,474.38,85177
mistral-small,hdfs,3,few_shot,235,True,Anomaly,False,low,none," Example: {   ""is_anomaly"": false,   ""severity"": ""low"",   ""root_cause"": ""none"",   ""remediation"": ""none"" }",82.21,474.38,85177
mistral-small,hdfs,3,few_shot,236,True,Anomaly,False,low,none," Example: {   ""is_anomaly"": false,   ""severity"": ""low"",   ""root_cause"": ""none"",   ""remediation"": ""none"" }",82.21,474.38,85177
mistral-small,hdfs,3,few_shot,237,False,NORMAL,False,low,none," Example: {   ""is_anomaly"": false,   ""severity"": ""low"",   ""root_cause"": ""none"",   ""remediation"": ""none"" }",82.21,474.38,85177
mistral-small,hdfs,3,few_shot,238,True,Anomaly,False,low,none," ```json {   ""is_anomaly"": false,   ""severity"": ""low"",   ""root_cause"": ""none"",   ""remediation"": ""none"" } ```",82.21,474.38,85177
mistral-small,hdfs,3,few_shot,239,True,Anomaly,False,low,none," Example: {   ""is_anomaly"": false,   ""severity"": ""low"",   ""root_cause"": ""none"",   ""remediation"": ""none"" }",82.21,474.38,85177
mistral-small,hdfs,3,few_shot,240,False,NORMAL,False,low,none," Example: {   ""is_anomaly"": false,   ""severity"": ""low"",   ""root_cause"": ""none"",   ""remediation"": ""none"" }",82.21,474.38,85177
mistral-small,hdfs,3,few_shot,241,True,Anomaly,False,low,none," Example: {   ""is_anomaly"": false,   ""severity"": ""low"",   ""root_cause"": ""none"",   ""remediation"": ""none"" }",82.21,474.38,85177
mistral-small,hdfs,3,few_shot,242,True,Anomaly,True,high,"Network connection was reset during block transfer, likely due to a transient network fault or overloaded DataNode."," Example: {   ""is_anomaly"": true,   ""severity"": ""high"",   ""root_cause"": ""Network connection was reset during block transfer, likely due to a transient network fault or overloaded DataNode."",   ""remediation"": ""Increase retry timeout and monitor network stability between DataNodes."" }",82.21,474.38,85177
mistral-small,hdfs,3,few_shot,243,False,NORMAL,False,low,none," Example: {   ""is_anomaly"": false,   ""severity"": ""low"",   ""root_cause"": ""none"",   ""remediation"": ""none"" }",82.21,474.38,85177
mistral-small,hdfs,3,few_shot,244,True,Anomaly,False,low,none," Example: {   ""is_anomaly"": false,   ""severity"": ""low"",   ""root_cause"": ""none"",   ""remediation"": ""none"" }",82.21,474.38,85177
mistral-small,hdfs,3,few_shot,245,True,Anomaly,False,low,none," Example: {   ""is_anomaly"": false,   ""severity"": ""low"",   ""root_cause"": ""none"",   ""remediation"": ""none"" }",82.21,474.38,85177
mistral-small,hdfs,3,few_shot,246,False,NORMAL,False,low,none," Example: {   ""is_anomaly"": false,   ""severity"": ""low"",   ""root_cause"": ""none"",   ""remediation"": ""none"" }",82.21,474.38,85177
mistral-small,hdfs,3,few_shot,247,False,NORMAL,False,low,none," Example: {   ""is_anomaly"": false,   ""severity"": ""low"",   ""root_cause"": ""none"",   ""remediation"": ""none"" }",82.21,474.38,85177
mistral-small,hdfs,3,few_shot,248,True,Anomaly,True,high,"Network connection was reset during block transfer, likely due to a transient network fault or overloaded DataNode."," Example: {   ""is_anomaly"": true,   ""severity"": ""high"",   ""root_cause"": ""Network connection was reset during block transfer, likely due to a transient network fault or overloaded DataNode."",   ""remediation"": ""Increase retry timeout and monitor network stability between DataNodes."" }",82.21,474.38,85177
mistral-small,hdfs,3,few_shot,249,False,NORMAL,False,low,none," Example: {   ""is_anomaly"": false,   ""severity"": ""low"",   ""root_cause"": ""none"",   ""remediation"": ""none"" }",82.21,474.38,85177
mistral-small,hdfs,3,few_shot,250,True,Anomaly,False,low,none," Example: {   ""is_anomaly"": false,   ""severity"": ""low"",   ""root_cause"": ""none"",   ""remediation"": ""none"" }",82.21,474.38,85177
mistral-small,hdfs,3,few_shot,251,False,NORMAL,False,low,none," Example: {   ""is_anomaly"": false,   ""severity"": ""low"",   ""root_cause"": ""none"",   ""remediation"": ""none"" }",82.21,474.38,85177
mistral-small,hdfs,3,few_shot,252,False,NORMAL,False,low,none," Example: {   ""is_anomaly"": false,   ""severity"": ""low"",   ""root_cause"": ""none"",   ""remediation"": ""none"" }",82.21,474.38,85177
mistral-small,hdfs,3,few_shot,253,True,Anomaly,False,low,none," Example: {   ""is_anomaly"": false,   ""severity"": ""low"",   ""root_cause"": ""none"",   ""remediation"": ""none"" }",82.21,474.38,85177
mistral-small,hdfs,3,few_shot,254,True,Anomaly,False,low,none," Example: {   ""is_anomaly"": false,   ""severity"": ""low"",   ""root_cause"": ""none"",   ""remediation"": ""none"" }",82.21,474.38,85177
mistral-small,hdfs,3,few_shot,255,True,Anomaly,False,low,none," Example: {   ""is_anomaly"": false,   ""severity"": ""low"",   ""root_cause"": ""none"",   ""remediation"": ""none"" }",82.21,474.38,85177
mistral-small,hdfs,3,few_shot,256,False,NORMAL,False,low,none," Example: {   ""is_anomaly"": false,   ""severity"": ""low"",   ""root_cause"": ""none"",   ""remediation"": ""none"" }",82.21,474.38,85177
mistral-small,hdfs,3,few_shot,257,False,NORMAL,False,low,none," Example: {   ""is_anomaly"": false,   ""severity"": ""low"",   ""root_cause"": ""none"",   ""remediation"": ""none"" }",82.21,474.38,85177
mistral-small,hdfs,3,few_shot,258,False,NORMAL,False,low,none," Example: {   ""is_anomaly"": false,   ""severity"": ""low"",   ""root_cause"": ""none"",   ""remediation"": ""none"" }",82.21,474.38,85177
mistral-small,hdfs,3,few_shot,259,False,NORMAL,False,low,none," Example: {   ""is_anomaly"": false,   ""severity"": ""low"",   ""root_cause"": ""none"",   ""remediation"": ""none"" }",82.21,474.38,85177
mistral-small,hdfs,3,few_shot,260,True,Anomaly,False,low,none," Example: {   ""is_anomaly"": false,   ""severity"": ""low"",   ""root_cause"": ""none"",   ""remediation"": ""none"" }",82.21,474.38,85177
mistral-small,hdfs,3,few_shot,261,False,NORMAL,False,low,none," Example: {   ""is_anomaly"": false,   ""severity"": ""low"",   ""root_cause"": ""none"",   ""remediation"": ""none"" }",82.21,474.38,85177
mistral-small,hdfs,3,few_shot,262,False,NORMAL,False,low,none," Example: {   ""is_anomaly"": false,   ""severity"": ""low"",   ""root_cause"": ""none"",   ""remediation"": ""none"" }",82.21,474.38,85177
mistral-small,hdfs,3,few_shot,263,True,Anomaly,True,high,"Network connection was reset during block transfer, likely due to a transient network fault or overloaded DataNode."," Example: {   ""is_anomaly"": true,   ""severity"": ""high"",   ""root_cause"": ""Network connection was reset during block transfer, likely due to a transient network fault or overloaded DataNode."",   ""remediation"": ""Increase retry timeout and monitor network stability between DataNodes."" }",82.21,474.38,85177
mistral-small,hdfs,3,few_shot,264,False,NORMAL,False,low,none," Example: {   ""is_anomaly"": false,   ""severity"": ""low"",   ""root_cause"": ""none"",   ""remediation"": ""none"" }",82.21,474.38,85177
mistral-small,hdfs,3,few_shot,265,True,Anomaly,False,low,none," Example: {   ""is_anomaly"": false,   ""severity"": ""low"",   ""root_cause"": ""none"",   ""remediation"": ""none"" }",82.21,474.38,85177
mistral-small,hdfs,3,few_shot,266,False,NORMAL,False,low,none," Example: {   ""is_anomaly"": false,   ""severity"": ""low"",   ""root_cause"": ""none"",   ""remediation"": ""none"" }",82.21,474.38,85177
mistral-small,hdfs,3,few_shot,267,False,NORMAL,False,low,none," Example: {   ""is_anomaly"": false,   ""severity"": ""low"",   ""root_cause"": ""none"",   ""remediation"": ""none"" }",82.21,474.38,85177
mistral-small,hdfs,3,few_shot,268,True,Anomaly,False,low,none," ```json {   ""is_anomaly"": false,   ""severity"": ""low"",   ""root_cause"": ""none"",   ""remediation"": ""none"" } ```",82.21,474.38,85177
mistral-small,hdfs,3,few_shot,269,False,NORMAL,False,low,none," Example: {   ""is_anomaly"": false,   ""severity"": ""low"",   ""root_cause"": ""none"",   ""remediation"": ""none"" }",82.21,474.38,85177
mistral-small,hdfs,3,few_shot,270,False,NORMAL,False,low,none," ```json {   ""is_anomaly"": false,   ""severity"": ""low"",   ""root_cause"": ""none"",   ""remediation"": ""none"" } ```",82.21,474.38,85177
mistral-small,hdfs,3,few_shot,271,False,NORMAL,False,low,none," Example: {   ""is_anomaly"": false,   ""severity"": ""low"",   ""root_cause"": ""none"",   ""remediation"": ""none"" }",82.21,474.38,85177
mistral-small,hdfs,3,few_shot,272,True,Anomaly,False,low,none," Example: {   ""is_anomaly"": false,   ""severity"": ""low"",   ""root_cause"": ""none"",   ""remediation"": ""none"" }",82.21,474.38,85177
mistral-small,hdfs,3,few_shot,273,True,Anomaly,False,low,none," Example: {   ""is_anomaly"": false,   ""severity"": ""low"",   ""root_cause"": ""none"",   ""remediation"": ""none"" }",82.21,474.38,85177
mistral-small,hdfs,3,few_shot,274,True,Anomaly,False,low,none," Example: {   ""is_anomaly"": false,   ""severity"": ""low"",   ""root_cause"": ""none"",   ""remediation"": ""none"" }",82.21,474.38,85177
mistral-small,hdfs,3,few_shot,275,True,Anomaly,False,low,none," Example: {   ""is_anomaly"": false,   ""severity"": ""low"",   ""root_cause"": ""none"",   ""remediation"": ""none"" }",82.21,474.38,85177
mistral-small,hdfs,3,few_shot,276,True,Anomaly,True,medium,DataNode encountered exceptions while serving blocks to two different clients.," ```json {   ""is_anomaly"": true,   ""severity"": ""medium"",   ""root_cause"": ""DataNode encountered exceptions while serving blocks to two different clients."",   ""remediation"": ""Investigate the specific exceptions and ensure DataNode is not overloaded or experiencing network issues."" } ```",82.21,474.38,85177
mistral-small,hdfs,3,few_shot,277,False,NORMAL,True,high,"Network connection was reset during block transfer, likely due to a transient network fault or overloaded DataNode."," Example: {   ""is_anomaly"": true,   ""severity"": ""high"",   ""root_cause"": ""Network connection was reset during block transfer, likely due to a transient network fault or overloaded DataNode."",   ""remediation"": ""Increase retry timeout and monitor network stability between DataNodes."" }",82.21,474.38,85177
mistral-small,hdfs,3,few_shot,278,False,NORMAL,True,high,"Network connection was reset during block transfer, likely due to a transient network fault or overloaded DataNode."," Example: {   ""is_anomaly"": true,   ""severity"": ""high"",   ""root_cause"": ""Network connection was reset during block transfer, likely due to a transient network fault or overloaded DataNode."",   ""remediation"": ""Increase retry timeout and monitor network stability between DataNodes."" }",82.21,474.38,85177
mistral-small,hdfs,3,few_shot,279,True,Anomaly,False,low,none," Example: {   ""is_anomaly"": false,   ""severity"": ""low"",   ""root_cause"": ""none"",   ""remediation"": ""none"" }",82.21,474.38,85177
mistral-small,hdfs,3,few_shot,280,True,Anomaly,False,low,none," Example: {   ""is_anomaly"": false,   ""severity"": ""low"",   ""root_cause"": ""none"",   ""remediation"": ""none"" }",82.21,474.38,85177
mistral-small,hdfs,3,few_shot,281,True,Anomaly,False,low,none," Example: {   ""is_anomaly"": false,   ""severity"": ""low"",   ""root_cause"": ""none"",   ""remediation"": ""none"" }",82.21,474.38,85177
mistral-small,hdfs,3,few_shot,282,True,Anomaly,False,low,none," ```json {   ""is_anomaly"": false,   ""severity"": ""low"",   ""root_cause"": ""none"",   ""remediation"": ""none"" } ```",82.21,474.38,85177
mistral-small,hdfs,3,few_shot,283,False,NORMAL,False,low,none," Example: {   ""is_anomaly"": false,   ""severity"": ""low"",   ""root_cause"": ""none"",   ""remediation"": ""none"" }",82.21,474.38,85177
mistral-small,hdfs,3,few_shot,284,False,NORMAL,False,low,none," Example: {   ""is_anomaly"": false,   ""severity"": ""low"",   ""root_cause"": ""none"",   ""remediation"": ""none"" }",82.21,474.38,85177
mistral-small,hdfs,3,few_shot,285,False,NORMAL,True,high,"Network connection was reset during block transfer, likely due to a transient network fault or overloaded DataNode."," Example: {   ""is_anomaly"": true,   ""severity"": ""high"",   ""root_cause"": ""Network connection was reset during block transfer, likely due to a transient network fault or overloaded DataNode."",   ""remediation"": ""Increase retry timeout and monitor network stability between DataNodes."" }",82.21,474.38,85177
mistral-small,hdfs,3,few_shot,286,True,Anomaly,False,low,none," Example: {   ""is_anomaly"": false,   ""severity"": ""low"",   ""root_cause"": ""none"",   ""remediation"": ""none"" }",82.21,474.38,85177
mistral-small,hdfs,3,few_shot,287,False,NORMAL,False,low,none," Example: {   ""is_anomaly"": false,   ""severity"": ""low"",   ""root_cause"": ""none"",   ""remediation"": ""none"" }",82.21,474.38,85177
mistral-small,hdfs,3,few_shot,288,True,Anomaly,True,medium,DataNode encountered exceptions while serving two blocks to different clients.," ```json {   ""is_anomaly"": true,   ""severity"": ""medium"",   ""root_cause"": ""DataNode encountered exceptions while serving two blocks to different clients."",   ""remediation"": ""Investigate the specific exceptions and ensure DataNode has sufficient resources to handle block requests."" } ```",82.21,474.38,85177
mistral-small,hdfs,3,few_shot,289,True,Anomaly,False,low,none," Example: {   ""is_anomaly"": false,   ""severity"": ""low"",   ""root_cause"": ""none"",   ""remediation"": ""none"" }",82.21,474.38,85177
mistral-small,hdfs,3,few_shot,290,True,Anomaly,False,low,none," Example: {   ""is_anomaly"": false,   ""severity"": ""low"",   ""root_cause"": ""none"",   ""remediation"": ""none"" }",82.21,474.38,85177
mistral-small,hdfs,3,few_shot,291,True,Anomaly,False,low,none," Example: {   ""is_anomaly"": false,   ""severity"": ""low"",   ""root_cause"": ""none"",   ""remediation"": ""none"" }",82.21,474.38,85177
mistral-small,hdfs,3,few_shot,292,True,Anomaly,False,low,none," Example: {   ""is_anomaly"": false,   ""severity"": ""low"",   ""root_cause"": ""none"",   ""remediation"": ""none"" }",82.21,474.38,85177
mistral-small,hdfs,3,few_shot,293,False,NORMAL,False,low,none," Example: {   ""is_anomaly"": false,   ""severity"": ""low"",   ""root_cause"": ""none"",   ""remediation"": ""none"" }",82.21,474.38,85177
mistral-small,hdfs,3,few_shot,294,False,NORMAL,False,low,none," Example: {   ""is_anomaly"": false,   ""severity"": ""low"",   ""root_cause"": ""none"",   ""remediation"": ""none"" }",82.21,474.38,85177
mistral-small,hdfs,3,few_shot,295,True,Anomaly,True,high,"Network connection was reset during block transfer, likely due to a transient network fault or overloaded DataNode."," Example: {   ""is_anomaly"": true,   ""severity"": ""high"",   ""root_cause"": ""Network connection was reset during block transfer, likely due to a transient network fault or overloaded DataNode."",   ""remediation"": ""Increase retry timeout and monitor network stability between DataNodes."" }",82.21,474.38,85177
mistral-small,hdfs,3,few_shot,296,True,Anomaly,True,high,"Network connection was reset during block transfer, likely due to a transient network fault or overloaded DataNode."," Example: {   ""is_anomaly"": true,   ""severity"": ""high"",   ""root_cause"": ""Network connection was reset during block transfer, likely due to a transient network fault or overloaded DataNode."",   ""remediation"": ""Increase retry timeout and monitor network stability between DataNodes."" }",82.21,474.38,85177
mistral-small,hdfs,3,few_shot,297,False,NORMAL,False,low,none," Example: {   ""is_anomaly"": false,   ""severity"": ""low"",   ""root_cause"": ""none"",   ""remediation"": ""none"" }",82.21,474.38,85177
mistral-small,hdfs,3,few_shot,298,False,NORMAL,True,high,"Network connection was reset during block transfer, likely due to a transient network fault or overloaded DataNode."," Example: {   ""is_anomaly"": true,   ""severity"": ""high"",   ""root_cause"": ""Network connection was reset during block transfer, likely due to a transient network fault or overloaded DataNode."",   ""remediation"": ""Increase retry timeout and monitor network stability between DataNodes."" }",82.21,474.38,85177
mistral-small,hdfs,3,few_shot,299,False,NORMAL,False,low,none," Example: {   ""is_anomaly"": false,   ""severity"": ""low"",   ""root_cause"": ""none"",   ""remediation"": ""none"" }",82.21,474.38,85177
mistral-small,thunderbird,3,few_shot,300,True,VAPI,True,high,"Network connection was reset during block transfer, likely due to a transient network fault or overloaded DataNode."," Example: {   ""is_anomaly"": true,   ""severity"": ""high"",   ""root_cause"": ""Network connection was reset during block transfer, likely due to a transient network fault or overloaded DataNode."",   ""remediation"": ""Increase retry timeout and monitor network stability between DataNodes."" }",82.21,474.38,85177
mistral-small,thunderbird,3,few_shot,301,True,VAPI,True,high,"Network connection was reset during block transfer, likely due to a transient network fault or overloaded DataNode."," Example: {   ""is_anomaly"": true,   ""severity"": ""high"",   ""root_cause"": ""Network connection was reset during block transfer, likely due to a transient network fault or overloaded DataNode."",   ""remediation"": ""Increase retry timeout and monitor network stability between DataNodes."" }",82.21,474.38,85177
mistral-small,thunderbird,3,few_shot,302,True,VAPI,True,high,"Network connection was reset during block transfer, likely due to a transient network fault or overloaded DataNode."," Example: {   ""is_anomaly"": true,   ""severity"": ""high"",   ""root_cause"": ""Network connection was reset during block transfer, likely due to a transient network fault or overloaded DataNode."",   ""remediation"": ""Increase retry timeout and monitor network stability between DataNodes."" }",82.21,474.38,85177
mistral-small,thunderbird,3,few_shot,303,False,NORMAL,True,high,"Network connection was reset during block transfer, likely due to a transient network fault or overloaded DataNode."," Example: {   ""is_anomaly"": true,   ""severity"": ""high"",   ""root_cause"": ""Network connection was reset during block transfer, likely due to a transient network fault or overloaded DataNode."",   ""remediation"": ""Increase retry timeout and monitor network stability between DataNodes."" }",82.21,474.38,85177
mistral-small,thunderbird,3,few_shot,304,True,VAPI,True,high,"Network connection was reset during block transfer, likely due to a transient network fault or overloaded DataNode."," Example: {   ""is_anomaly"": true,   ""severity"": ""high"",   ""root_cause"": ""Network connection was reset during block transfer, likely due to a transient network fault or overloaded DataNode."",   ""remediation"": ""Increase retry timeout and monitor network stability between DataNodes."" }",82.21,474.38,85177
mistral-small,thunderbird,3,few_shot,305,True,VAPI,True,high,"Network connection was reset during block transfer, likely due to a transient network fault or overloaded DataNode."," Example: {   ""is_anomaly"": true,   ""severity"": ""high"",   ""root_cause"": ""Network connection was reset during block transfer, likely due to a transient network fault or overloaded DataNode."",   ""remediation"": ""Increase retry timeout and monitor network stability between DataNodes."" }",82.21,474.38,85177
mistral-small,thunderbird,3,few_shot,306,False,NORMAL,True,high,"Network connection was reset during block transfer, likely due to a transient network fault or overloaded DataNode."," Example: {   ""is_anomaly"": true,   ""severity"": ""high"",   ""root_cause"": ""Network connection was reset during block transfer, likely due to a transient network fault or overloaded DataNode."",   ""remediation"": ""Increase retry timeout and monitor network stability between DataNodes."" }",82.21,474.38,85177
mistral-small,thunderbird,3,few_shot,307,True,VAPI,True,high,"Network connection was reset during block transfer, likely due to a transient network fault or overloaded DataNode."," Example: {   ""is_anomaly"": true,   ""severity"": ""high"",   ""root_cause"": ""Network connection was reset during block transfer, likely due to a transient network fault or overloaded DataNode."",   ""remediation"": ""Increase retry timeout and monitor network stability between DataNodes."" }",82.21,474.38,85177
mistral-small,thunderbird,3,few_shot,308,True,VAPI,True,high,"Network connection was reset during block transfer, likely due to a transient network fault or overloaded DataNode."," Example: {   ""is_anomaly"": true,   ""severity"": ""high"",   ""root_cause"": ""Network connection was reset during block transfer, likely due to a transient network fault or overloaded DataNode."",   ""remediation"": ""Increase retry timeout and monitor network stability between DataNodes."" }",82.21,474.38,85177
mistral-small,thunderbird,3,few_shot,309,True,VAPI,True,high,"Network connection was reset during block transfer, likely due to a transient network fault or overloaded DataNode."," Example: {   ""is_anomaly"": true,   ""severity"": ""high"",   ""root_cause"": ""Network connection was reset during block transfer, likely due to a transient network fault or overloaded DataNode."",   ""remediation"": ""Increase retry timeout and monitor network stability between DataNodes."" }",82.21,474.38,85177
mistral-small,thunderbird,3,few_shot,310,False,NORMAL,False,low,none," Example: {   ""is_anomaly"": false,   ""severity"": ""low"",   ""root_cause"": ""none"",   ""remediation"": ""none"" }",82.21,474.38,85177
mistral-small,thunderbird,3,few_shot,311,False,NORMAL,True,medium,Data thread did not receive a response from any datasource.," Example: {   ""is_anomaly"": true,   ""severity"": ""medium"",   ""root_cause"": ""Data thread did not receive a response from any datasource."",   ""remediation"": ""Investigate the datasources Thunderbird_B1 and Thunderbird_B5 for connectivity issues."" }",82.21,474.38,85177
mistral-small,thunderbird,3,few_shot,312,True,VAPI,True,high,"Network connection was reset during block transfer, likely due to a transient network fault or overloaded DataNode."," Example: {   ""is_anomaly"": true,   ""severity"": ""high"",   ""root_cause"": ""Network connection was reset during block transfer, likely due to a transient network fault or overloaded DataNode."",   ""remediation"": ""Increase retry timeout and monitor network stability between DataNodes."" }",82.21,474.38,85177
mistral-small,thunderbird,3,few_shot,313,False,NORMAL,True,high,"Network connection was reset during block transfer, likely due to a transient network fault or overloaded DataNode."," Example: {   ""is_anomaly"": true,   ""severity"": ""high"",   ""root_cause"": ""Network connection was reset during block transfer, likely due to a transient network fault or overloaded DataNode."",   ""remediation"": ""Increase retry timeout and monitor network stability between DataNodes."" }",82.21,474.38,85177
mistral-small,thunderbird,3,few_shot,314,True,VAPI,True,high,"Network connection was reset during block transfer, likely due to a transient network fault or overloaded DataNode."," Example: {   ""is_anomaly"": true,   ""severity"": ""high"",   ""root_cause"": ""Network connection was reset during block transfer, likely due to a transient network fault or overloaded DataNode."",   ""remediation"": ""Increase retry timeout and monitor network stability between DataNodes."" }",82.21,474.38,85177
mistral-small,thunderbird,3,few_shot,315,False,NORMAL,True,high,"Network connection was reset during block transfer, likely due to a transient network fault or overloaded DataNode."," Example: {   ""is_anomaly"": true,   ""severity"": ""high"",   ""root_cause"": ""Network connection was reset during block transfer, likely due to a transient network fault or overloaded DataNode."",   ""remediation"": ""Increase retry timeout and monitor network stability between DataNodes."" }",82.21,474.38,85177
mistral-small,thunderbird,3,few_shot,316,False,NORMAL,False,low,none," Example: {   ""is_anomaly"": false,   ""severity"": ""low"",   ""root_cause"": ""none"",   ""remediation"": ""none"" }",82.21,474.38,85177
mistral-small,thunderbird,3,few_shot,317,False,NORMAL,False,low,none," Example: {   ""is_anomaly"": false,   ""severity"": ""low"",   ""root_cause"": ""none"",   ""remediation"": ""none"" }",82.21,474.38,85177
mistral-small,thunderbird,3,few_shot,318,False,NORMAL,True,high,"Network connection was reset during block transfer, likely due to a transient network fault or overloaded DataNode."," Example: {   ""is_anomaly"": true,   ""severity"": ""high"",   ""root_cause"": ""Network connection was reset during block transfer, likely due to a transient network fault or overloaded DataNode."",   ""remediation"": ""Increase retry timeout and monitor network stability between DataNodes."" }",82.21,474.38,85177
mistral-small,thunderbird,3,few_shot,319,False,NORMAL,True,high,"Network connection was reset during block transfer, likely due to a transient network fault or overloaded DataNode."," Example: {   ""is_anomaly"": true,   ""severity"": ""high"",   ""root_cause"": ""Network connection was reset during block transfer, likely due to a transient network fault or overloaded DataNode."",   ""remediation"": ""Increase retry timeout and monitor network stability between DataNodes."" }",82.21,474.38,85177
mistral-small,thunderbird,3,few_shot,320,False,NORMAL,False,low,none," Example: {   ""is_anomaly"": false,   ""severity"": ""low"",   ""root_cause"": ""none"",   ""remediation"": ""none"" }",82.21,474.38,85177
mistral-small,thunderbird,3,few_shot,321,True,VAPI,True,high,"Network connection was reset during block transfer, likely due to a transient network fault or overloaded DataNode."," Example: {   ""is_anomaly"": true,   ""severity"": ""high"",   ""root_cause"": ""Network connection was reset during block transfer, likely due to a transient network fault or overloaded DataNode."",   ""remediation"": ""Increase retry timeout and monitor network stability between DataNodes."" }",82.21,474.38,85177
mistral-small,thunderbird,3,few_shot,322,False,NORMAL,False,low,none," Example: {   ""is_anomaly"": false,   ""severity"": ""low"",   ""root_cause"": ""none"",   ""remediation"": ""none"" }",82.21,474.38,85177
mistral-small,thunderbird,3,few_shot,323,True,VAPI,True,high,"Network connection was reset during block transfer, likely due to a transient network fault or overloaded DataNode."," Example: {   ""is_anomaly"": true,   ""severity"": ""high"",   ""root_cause"": ""Network connection was reset during block transfer, likely due to a transient network fault or overloaded DataNode."",   ""remediation"": ""Increase retry timeout and monitor network stability between DataNodes."" }",82.21,474.38,85177
mistral-small,thunderbird,3,few_shot,324,False,NORMAL,False,low,none," Example: {   ""is_anomaly"": false,   ""severity"": ""low"",   ""root_cause"": ""none"",   ""remediation"": ""none"" }",82.21,474.38,85177
mistral-small,thunderbird,3,few_shot,325,True,VAPI,True,high,"Network connection was reset during block transfer, likely due to a transient network fault or overloaded DataNode."," Example: {   ""is_anomaly"": true,   ""severity"": ""high"",   ""root_cause"": ""Network connection was reset during block transfer, likely due to a transient network fault or overloaded DataNode."",   ""remediation"": ""Increase retry timeout and monitor network stability between DataNodes."" }",82.21,474.38,85177
mistral-small,thunderbird,3,few_shot,326,True,VAPI,True,high,"Network connection was reset during block transfer, likely due to a transient network fault or overloaded DataNode."," Example: {   ""is_anomaly"": true,   ""severity"": ""high"",   ""root_cause"": ""Network connection was reset during block transfer, likely due to a transient network fault or overloaded DataNode."",   ""remediation"": ""Increase retry timeout and monitor network stability between DataNodes."" }",82.21,474.38,85177
mistral-small,thunderbird,3,few_shot,327,False,NORMAL,True,high,"Network connection was reset during block transfer, likely due to a transient network fault or overloaded DataNode."," Example: {   ""is_anomaly"": true,   ""severity"": ""high"",   ""root_cause"": ""Network connection was reset during block transfer, likely due to a transient network fault or overloaded DataNode."",   ""remediation"": ""Increase retry timeout and monitor network stability between DataNodes."" }",82.21,474.38,85177
mistral-small,thunderbird,3,few_shot,328,False,NORMAL,True,high,"The system has run out of file descriptors, likely due to a large number of open files or a file descriptor leak."," ```json {   ""is_anomaly"": true,   ""severity"": ""high"",   ""root_cause"": ""The system has run out of file descriptors, likely due to a large number of open files or a file descriptor leak."",   ""remediation"": ""Increase the file descriptor limit and investigate the cause of the high number of open files."" } ```",82.21,474.38,85177
mistral-small,thunderbird,3,few_shot,329,False,NORMAL,True,high,"Network connection was reset during block transfer, likely due to a transient network fault or overloaded DataNode."," Example: {   ""is_anomaly"": true,   ""severity"": ""high"",   ""root_cause"": ""Network connection was reset during block transfer, likely due to a transient network fault or overloaded DataNode."",   ""remediation"": ""Increase retry timeout and monitor network stability between DataNodes."" }",82.21,474.38,85177
mistral-small,thunderbird,3,few_shot,330,True,VAPI,True,high,"Network connection was reset during block transfer, likely due to a transient network fault or overloaded DataNode."," Example: {   ""is_anomaly"": true,   ""severity"": ""high"",   ""root_cause"": ""Network connection was reset during block transfer, likely due to a transient network fault or overloaded DataNode."",   ""remediation"": ""Increase retry timeout and monitor network stability between DataNodes."" }",82.21,474.38,85177
mistral-small,thunderbird,3,few_shot,331,False,NORMAL,True,high,"Network connection was reset during block transfer, likely due to a transient network fault or overloaded DataNode."," Example: {   ""is_anomaly"": true,   ""severity"": ""high"",   ""root_cause"": ""Network connection was reset during block transfer, likely due to a transient network fault or overloaded DataNode."",   ""remediation"": ""Increase retry timeout and monitor network stability between DataNodes."" }",82.21,474.38,85177
mistral-small,thunderbird,3,few_shot,332,True,VAPI,True,high,"Network connection was reset during block transfer, likely due to a transient network fault or overloaded DataNode."," Example: {   ""is_anomaly"": true,   ""severity"": ""high"",   ""root_cause"": ""Network connection was reset during block transfer, likely due to a transient network fault or overloaded DataNode."",   ""remediation"": ""Increase retry timeout and monitor network stability between DataNodes."" }",82.21,474.38,85177
mistral-small,thunderbird,3,few_shot,333,False,NORMAL,True,high,"Network connection was reset during block transfer, likely due to a transient network fault or overloaded DataNode."," Example: {   ""is_anomaly"": true,   ""severity"": ""high"",   ""root_cause"": ""Network connection was reset during block transfer, likely due to a transient network fault or overloaded DataNode."",   ""remediation"": ""Increase retry timeout and monitor network stability between DataNodes."" }",82.21,474.38,85177
mistral-small,thunderbird,3,few_shot,334,True,VAPI,True,high,"Network connection was reset during block transfer, likely due to a transient network fault or overloaded DataNode."," Example: {   ""is_anomaly"": true,   ""severity"": ""high"",   ""root_cause"": ""Network connection was reset during block transfer, likely due to a transient network fault or overloaded DataNode."",   ""remediation"": ""Increase retry timeout and monitor network stability between DataNodes."" }",82.21,474.38,85177
mistral-small,thunderbird,3,few_shot,335,False,NORMAL,True,high,"Network connection was reset during block transfer, likely due to a transient network fault or overloaded DataNode."," Example: {   ""is_anomaly"": true,   ""severity"": ""high"",   ""root_cause"": ""Network connection was reset during block transfer, likely due to a transient network fault or overloaded DataNode."",   ""remediation"": ""Increase retry timeout and monitor network stability between DataNodes."" }",82.21,474.38,85177
mistral-small,thunderbird,3,few_shot,336,False,NORMAL,False,low,none," Example: {   ""is_anomaly"": false,   ""severity"": ""low"",   ""root_cause"": ""none"",   ""remediation"": ""none"" }",82.21,474.38,85177
mistral-small,thunderbird,3,few_shot,337,True,VAPI,True,critical,"Fatal error occurred during InfiniBand host process, likely due to hardware or network issues."," ```json {   ""is_anomaly"": true,   ""severity"": ""critical"",   ""root_cause"": ""Fatal error occurred during InfiniBand host process, likely due to hardware or network issues."",   ""remediation"": ""Investigate hardware and network connectivity issues, and consider rebooting the affected node."" } ```",82.21,474.38,85177
mistral-small,thunderbird,3,few_shot,338,False,NORMAL,True,high,"Network connection was reset during block transfer, likely due to a transient network fault or overloaded DataNode."," Example: {   ""is_anomaly"": true,   ""severity"": ""high"",   ""root_cause"": ""Network connection was reset during block transfer, likely due to a transient network fault or overloaded DataNode."",   ""remediation"": ""Increase retry timeout and monitor network stability between DataNodes."" }",82.21,474.38,85177
mistral-small,thunderbird,3,few_shot,339,True,VAPI,True,high,"Network connection was reset during block transfer, likely due to a transient network fault or overloaded DataNode."," Example: {   ""is_anomaly"": true,   ""severity"": ""high"",   ""root_cause"": ""Network connection was reset during block transfer, likely due to a transient network fault or overloaded DataNode."",   ""remediation"": ""Increase retry timeout and monitor network stability between DataNodes."" }",82.21,474.38,85177
mistral-small,thunderbird,3,few_shot,340,False,NORMAL,False,low,none," Example: {   ""is_anomaly"": false,   ""severity"": ""low"",   ""root_cause"": ""none"",   ""remediation"": ""none"" }",82.21,474.38,85177
mistral-small,thunderbird,3,few_shot,341,False,NORMAL,False,low,none," Example: {   ""is_anomaly"": false,   ""severity"": ""low"",   ""root_cause"": ""none"",   ""remediation"": ""none"" }",82.21,474.38,85177
mistral-small,thunderbird,3,few_shot,342,True,VAPI,True,high,"Network connection was reset during block transfer, likely due to a transient network fault or overloaded DataNode."," Example: {   ""is_anomaly"": true,   ""severity"": ""high"",   ""root_cause"": ""Network connection was reset during block transfer, likely due to a transient network fault or overloaded DataNode."",   ""remediation"": ""Increase retry timeout and monitor network stability between DataNodes."" }",82.21,474.38,85177
mistral-small,thunderbird,3,few_shot,343,True,VAPI,True,high,"Network connection was reset during block transfer, likely due to a transient network fault or overloaded DataNode."," Example: {   ""is_anomaly"": true,   ""severity"": ""high"",   ""root_cause"": ""Network connection was reset during block transfer, likely due to a transient network fault or overloaded DataNode."",   ""remediation"": ""Increase retry timeout and monitor network stability between DataNodes."" }",82.21,474.38,85177
mistral-small,thunderbird,3,few_shot,344,True,VAPI,True,high,"Network connection was reset during block transfer, likely due to a transient network fault or overloaded DataNode."," Example: {   ""is_anomaly"": true,   ""severity"": ""high"",   ""root_cause"": ""Network connection was reset during block transfer, likely due to a transient network fault or overloaded DataNode."",   ""remediation"": ""Increase retry timeout and monitor network stability between DataNodes."" }",82.21,474.38,85177
mistral-small,thunderbird,3,few_shot,345,True,VAPI,True,high,"Network connection was reset during block transfer, likely due to a transient network fault or overloaded DataNode."," Example: {   ""is_anomaly"": true,   ""severity"": ""high"",   ""root_cause"": ""Network connection was reset during block transfer, likely due to a transient network fault or overloaded DataNode."",   ""remediation"": ""Increase retry timeout and monitor network stability between DataNodes."" }",82.21,474.38,85177
mistral-small,thunderbird,3,few_shot,346,True,VAPI,True,high,"Network connection was reset during block transfer, likely due to a transient network fault or overloaded DataNode."," Example: {   ""is_anomaly"": true,   ""severity"": ""high"",   ""root_cause"": ""Network connection was reset during block transfer, likely due to a transient network fault or overloaded DataNode."",   ""remediation"": ""Increase retry timeout and monitor network stability between DataNodes."" }",82.21,474.38,85177
mistral-small,thunderbird,3,few_shot,347,False,NORMAL,False,low,none," Example: {   ""is_anomaly"": false,   ""severity"": ""low"",   ""root_cause"": ""none"",   ""remediation"": ""none"" }",82.21,474.38,85177
mistral-small,thunderbird,3,few_shot,348,True,VAPI,True,high,"Network connection was reset during block transfer, likely due to a transient network fault or overloaded DataNode."," Example: {   ""is_anomaly"": true,   ""severity"": ""high"",   ""root_cause"": ""Network connection was reset during block transfer, likely due to a transient network fault or overloaded DataNode."",   ""remediation"": ""Increase retry timeout and monitor network stability between DataNodes."" }",82.21,474.38,85177
mistral-small,thunderbird,3,few_shot,349,True,VAPI,True,high,"Network connection was reset during block transfer, likely due to a transient network fault or overloaded DataNode."," Example: {   ""is_anomaly"": true,   ""severity"": ""high"",   ""root_cause"": ""Network connection was reset during block transfer, likely due to a transient network fault or overloaded DataNode."",   ""remediation"": ""Increase retry timeout and monitor network stability between DataNodes."" }",82.21,474.38,85177
mistral-small,thunderbird,3,few_shot,350,True,VAPI,True,high,"Network connection was reset during block transfer, likely due to a transient network fault or overloaded DataNode."," Example: {   ""is_anomaly"": true,   ""severity"": ""high"",   ""root_cause"": ""Network connection was reset during block transfer, likely due to a transient network fault or overloaded DataNode."",   ""remediation"": ""Increase retry timeout and monitor network stability between DataNodes."" }",82.21,474.38,85177
mistral-small,thunderbird,3,few_shot,351,False,NORMAL,False,low,none," Example: {   ""is_anomaly"": false,   ""severity"": ""low"",   ""root_cause"": ""none"",   ""remediation"": ""none"" }",82.21,474.38,85177
mistral-small,thunderbird,3,few_shot,352,True,VAPI,True,high,"Network connection was reset during block transfer, likely due to a transient network fault or overloaded DataNode."," Example: {   ""is_anomaly"": true,   ""severity"": ""high"",   ""root_cause"": ""Network connection was reset during block transfer, likely due to a transient network fault or overloaded DataNode."",   ""remediation"": ""Increase retry timeout and monitor network stability between DataNodes."" }",82.21,474.38,85177
mistral-small,thunderbird,3,few_shot,353,False,NORMAL,False,low,none," Example: {   ""is_anomaly"": false,   ""severity"": ""low"",   ""root_cause"": ""none"",   ""remediation"": ""none"" }",82.21,474.38,85177
mistral-small,thunderbird,3,few_shot,354,False,NORMAL,True,high,"Network connection was reset during block transfer, likely due to a transient network fault or overloaded DataNode."," Example: {   ""is_anomaly"": true,   ""severity"": ""high"",   ""root_cause"": ""Network connection was reset during block transfer, likely due to a transient network fault or overloaded DataNode."",   ""remediation"": ""Increase retry timeout and monitor network stability between DataNodes."" }",82.21,474.38,85177
mistral-small,thunderbird,3,few_shot,355,False,NORMAL,False,low,none," Example: {   ""is_anomaly"": false,   ""severity"": ""low"",   ""root_cause"": ""none"",   ""remediation"": ""none"" }",82.21,474.38,85177
mistral-small,thunderbird,3,few_shot,356,True,VAPI,True,high,"Network connection was reset during block transfer, likely due to a transient network fault or overloaded DataNode."," Example: {   ""is_anomaly"": true,   ""severity"": ""high"",   ""root_cause"": ""Network connection was reset during block transfer, likely due to a transient network fault or overloaded DataNode."",   ""remediation"": ""Increase retry timeout and monitor network stability between DataNodes."" }",82.21,474.38,85177
mistral-small,thunderbird,3,few_shot,357,False,NORMAL,True,high,"Network connection was reset during block transfer, likely due to a transient network fault or overloaded DataNode."," Example: {   ""is_anomaly"": true,   ""severity"": ""high"",   ""root_cause"": ""Network connection was reset during block transfer, likely due to a transient network fault or overloaded DataNode."",   ""remediation"": ""Increase retry timeout and monitor network stability between DataNodes."" }",82.21,474.38,85177
mistral-small,thunderbird,3,few_shot,358,False,NORMAL,True,high,"Network connection was reset during block transfer, likely due to a transient network fault or overloaded DataNode."," Example: {   ""is_anomaly"": true,   ""severity"": ""high"",   ""root_cause"": ""Network connection was reset during block transfer, likely due to a transient network fault or overloaded DataNode."",   ""remediation"": ""Increase retry timeout and monitor network stability between DataNodes."" }",82.21,474.38,85177
mistral-small,thunderbird,3,few_shot,359,True,VAPI,True,high,"Network connection was reset during block transfer, likely due to a transient network fault or overloaded DataNode."," Example: {   ""is_anomaly"": true,   ""severity"": ""high"",   ""root_cause"": ""Network connection was reset during block transfer, likely due to a transient network fault or overloaded DataNode."",   ""remediation"": ""Increase retry timeout and monitor network stability between DataNodes."" }",82.21,474.38,85177
mistral-small,thunderbird,3,few_shot,360,True,VAPI,True,high,"Network connection was reset during block transfer, likely due to a transient network fault or overloaded DataNode."," Example: {   ""is_anomaly"": true,   ""severity"": ""high"",   ""root_cause"": ""Network connection was reset during block transfer, likely due to a transient network fault or overloaded DataNode."",   ""remediation"": ""Increase retry timeout and monitor network stability between DataNodes."" }",82.21,474.38,85177
mistral-small,thunderbird,3,few_shot,361,False,NORMAL,False,low,none," Example: {   ""is_anomaly"": false,   ""severity"": ""low"",   ""root_cause"": ""none"",   ""remediation"": ""none"" }",82.21,474.38,85177
mistral-small,thunderbird,3,few_shot,362,True,VAPI,True,high,"Network connection was reset during block transfer, likely due to a transient network fault or overloaded DataNode."," Example: {   ""is_anomaly"": true,   ""severity"": ""high"",   ""root_cause"": ""Network connection was reset during block transfer, likely due to a transient network fault or overloaded DataNode."",   ""remediation"": ""Increase retry timeout and monitor network stability between DataNodes."" }",82.21,474.38,85177
mistral-small,thunderbird,3,few_shot,363,False,NORMAL,True,high,"The system has exceeded the maximum number of open file descriptors, likely due to a large number of concurrent processes or file operations."," ```json {   ""is_anomaly"": true,   ""severity"": ""high"",   ""root_cause"": ""The system has exceeded the maximum number of open file descriptors, likely due to a large number of concurrent processes or file operations."",   ""remediation"": ""Increase the system's open file descriptor limit and review the application's file handling practices."" } ```",82.21,474.38,85177
mistral-small,thunderbird,3,few_shot,364,True,VAPI,True,high,"Network connection was reset during block transfer, likely due to a transient network fault or overloaded DataNode."," Example: {   ""is_anomaly"": true,   ""severity"": ""high"",   ""root_cause"": ""Network connection was reset during block transfer, likely due to a transient network fault or overloaded DataNode."",   ""remediation"": ""Increase retry timeout and monitor network stability between DataNodes."" }",82.21,474.38,85177
mistral-small,thunderbird,3,few_shot,365,True,VAPI,True,high,"Network connection was reset during block transfer, likely due to a transient network fault or overloaded DataNode."," Example: {   ""is_anomaly"": true,   ""severity"": ""high"",   ""root_cause"": ""Network connection was reset during block transfer, likely due to a transient network fault or overloaded DataNode."",   ""remediation"": ""Increase retry timeout and monitor network stability between DataNodes."" }",82.21,474.38,85177
mistral-small,thunderbird,3,few_shot,366,True,VAPI,True,high,"Network connection was reset during block transfer, likely due to a transient network fault or overloaded DataNode."," Example: {   ""is_anomaly"": true,   ""severity"": ""high"",   ""root_cause"": ""Network connection was reset during block transfer, likely due to a transient network fault or overloaded DataNode."",   ""remediation"": ""Increase retry timeout and monitor network stability between DataNodes."" }",82.21,474.38,85177
mistral-small,thunderbird,3,few_shot,367,True,VAPI,True,high,"Network connection was reset during block transfer, likely due to a transient network fault or overloaded DataNode."," Example: {   ""is_anomaly"": true,   ""severity"": ""high"",   ""root_cause"": ""Network connection was reset during block transfer, likely due to a transient network fault or overloaded DataNode."",   ""remediation"": ""Increase retry timeout and monitor network stability between DataNodes."" }",82.21,474.38,85177
mistral-small,thunderbird,3,few_shot,368,True,VAPI,True,high,"Network connection was reset during block transfer, likely due to a transient network fault or overloaded DataNode."," Example: {   ""is_anomaly"": true,   ""severity"": ""high"",   ""root_cause"": ""Network connection was reset during block transfer, likely due to a transient network fault or overloaded DataNode."",   ""remediation"": ""Increase retry timeout and monitor network stability between DataNodes."" }",82.21,474.38,85177
mistral-small,thunderbird,3,few_shot,369,False,NORMAL,True,high,"Network connection was reset during block transfer, likely due to a transient network fault or overloaded DataNode."," Example: {   ""is_anomaly"": true,   ""severity"": ""high"",   ""root_cause"": ""Network connection was reset during block transfer, likely due to a transient network fault or overloaded DataNode."",   ""remediation"": ""Increase retry timeout and monitor network stability between DataNodes."" }",82.21,474.38,85177
mistral-small,thunderbird,3,few_shot,370,True,VAPI,True,high,"Network connection was reset during block transfer, likely due to a transient network fault or overloaded DataNode."," Example: {   ""is_anomaly"": true,   ""severity"": ""high"",   ""root_cause"": ""Network connection was reset during block transfer, likely due to a transient network fault or overloaded DataNode."",   ""remediation"": ""Increase retry timeout and monitor network stability between DataNodes."" }",82.21,474.38,85177
mistral-small,thunderbird,3,few_shot,371,False,NORMAL,True,medium,Temperature sensor detected a warning value in the main system chassis.," ```json {   ""is_anomaly"": true,   ""severity"": ""medium"",   ""root_cause"": ""Temperature sensor detected a warning value in the main system chassis."",   ""remediation"": ""Investigate the cause of the high temperature and ensure proper cooling."" } ```",82.21,474.38,85177
mistral-small,thunderbird,3,few_shot,372,False,NORMAL,True,high,"Network connection was reset during block transfer, likely due to a transient network fault or overloaded DataNode."," Example: {   ""is_anomaly"": true,   ""severity"": ""high"",   ""root_cause"": ""Network connection was reset during block transfer, likely due to a transient network fault or overloaded DataNode."",   ""remediation"": ""Increase retry timeout and monitor network stability between DataNodes."" }",82.21,474.38,85177
mistral-small,thunderbird,3,few_shot,373,False,NORMAL,False,low,none," Example: {   ""is_anomaly"": false,   ""severity"": ""low"",   ""root_cause"": ""none"",   ""remediation"": ""none"" }",82.21,474.38,85177
mistral-small,thunderbird,3,few_shot,374,True,VAPI,True,high,"Network connection was reset during block transfer, likely due to a transient network fault or overloaded DataNode."," Example: {   ""is_anomaly"": true,   ""severity"": ""high"",   ""root_cause"": ""Network connection was reset during block transfer, likely due to a transient network fault or overloaded DataNode."",   ""remediation"": ""Increase retry timeout and monitor network stability between DataNodes."" }",82.21,474.38,85177
mistral-small,thunderbird,3,few_shot,375,True,VAPI,True,critical,"Fatal error occurred in InfiniHost0, likely due to a catastrophic failure in the InfiniBand subsystem."," ```json {   ""is_anomaly"": true,   ""severity"": ""critical"",   ""root_cause"": ""Fatal error occurred in InfiniHost0, likely due to a catastrophic failure in the InfiniBand subsystem."",   ""remediation"": ""Investigate and resolve the InfiniBand subsystem failure, possibly involving hardware replacement or firmware updates."" } ```",82.21,474.38,85177
mistral-small,thunderbird,3,few_shot,376,False,NORMAL,False,low,none," Example: {   ""is_anomaly"": false,   ""severity"": ""low"",   ""root_cause"": ""none"",   ""remediation"": ""none"" }",82.21,474.38,85177
mistral-small,thunderbird,3,few_shot,377,False,NORMAL,True,medium,Data thread did not receive a response from any datasource.," Example: {   ""is_anomaly"": true,   ""severity"": ""medium"",   ""root_cause"": ""Data thread did not receive a response from any datasource."",   ""remediation"": ""Investigate why datasources Thunderbird_B1 and Thunderbird_B2 are not responding."" }",82.21,474.38,85177
mistral-small,thunderbird,3,few_shot,378,True,VAPI,True,high,"Network connection was reset during block transfer, likely due to a transient network fault or overloaded DataNode."," Example: {   ""is_anomaly"": true,   ""severity"": ""high"",   ""root_cause"": ""Network connection was reset during block transfer, likely due to a transient network fault or overloaded DataNode."",   ""remediation"": ""Increase retry timeout and monitor network stability between DataNodes."" }",82.21,474.38,85177
mistral-small,thunderbird,3,few_shot,379,True,VAPI,True,high,"Network connection was reset during block transfer, likely due to a transient network fault or overloaded DataNode."," Example: {   ""is_anomaly"": true,   ""severity"": ""high"",   ""root_cause"": ""Network connection was reset during block transfer, likely due to a transient network fault or overloaded DataNode."",   ""remediation"": ""Increase retry timeout and monitor network stability between DataNodes."" }",82.21,474.38,85177
mistral-small,thunderbird,3,few_shot,380,True,VAPI,True,high,"Network connection was reset during block transfer, likely due to a transient network fault or overloaded DataNode."," Example: {   ""is_anomaly"": true,   ""severity"": ""high"",   ""root_cause"": ""Network connection was reset during block transfer, likely due to a transient network fault or overloaded DataNode."",   ""remediation"": ""Increase retry timeout and monitor network stability between DataNodes."" }",82.21,474.38,85177
mistral-small,thunderbird,3,few_shot,381,False,NORMAL,False,low,none," Example: {   ""is_anomaly"": false,   ""severity"": ""low"",   ""root_cause"": ""none"",   ""remediation"": ""none"" }",82.21,474.38,85177
mistral-small,thunderbird,3,few_shot,382,False,NORMAL,True,high,"Network connection was reset during block transfer, likely due to a transient network fault or overloaded DataNode."," Example: {   ""is_anomaly"": true,   ""severity"": ""high"",   ""root_cause"": ""Network connection was reset during block transfer, likely due to a transient network fault or overloaded DataNode."",   ""remediation"": ""Increase retry timeout and monitor network stability between DataNodes."" }",82.21,474.38,85177
mistral-small,thunderbird,3,few_shot,383,False,NORMAL,True,high,"Network connection was reset during block transfer, likely due to a transient network fault or overloaded DataNode."," Example: {   ""is_anomaly"": true,   ""severity"": ""high"",   ""root_cause"": ""Network connection was reset during block transfer, likely due to a transient network fault or overloaded DataNode."",   ""remediation"": ""Increase retry timeout and monitor network stability between DataNodes."" }",82.21,474.38,85177
mistral-small,thunderbird,3,few_shot,384,True,VAPI,,,," ```json {   ""is_anomaly"": true,   ""severity"": ""critical"",   ""root_cause"": ""Fatal error (Local Catastrophic Error) occurred in InfiniHost0, causing data_thread to fail in retrieving data from datasources Thunderbird_A4 and Thunderbird_B2."",   ""remediation"": ""Investigate the cause of the Local Catastrophic Error in InfiniHost0 and ensure data sources Thunderbird_A4 and Thunderbird_B2 are operationa",82.21,474.38,85177
mistral-small,thunderbird,3,few_shot,385,False,NORMAL,True,high,"Network connection was reset during block transfer, likely due to a transient network fault or overloaded DataNode."," Example: {   ""is_anomaly"": true,   ""severity"": ""high"",   ""root_cause"": ""Network connection was reset during block transfer, likely due to a transient network fault or overloaded DataNode."",   ""remediation"": ""Increase retry timeout and monitor network stability between DataNodes."" }",82.21,474.38,85177
mistral-small,thunderbird,3,few_shot,386,False,NORMAL,False,low,none," Example: {   ""is_anomaly"": false,   ""severity"": ""low"",   ""root_cause"": ""none"",   ""remediation"": ""none"" }",82.21,474.38,85177
mistral-small,thunderbird,3,few_shot,387,True,VAPI,True,high,"Network connection was reset during block transfer, likely due to a transient network fault or overloaded DataNode."," Example: {   ""is_anomaly"": true,   ""severity"": ""high"",   ""root_cause"": ""Network connection was reset during block transfer, likely due to a transient network fault or overloaded DataNode."",   ""remediation"": ""Increase retry timeout and monitor network stability between DataNodes."" }",82.21,474.38,85177
mistral-small,thunderbird,3,few_shot,388,True,VAPI,True,high,"Network connection was reset during block transfer, likely due to a transient network fault or overloaded DataNode."," Example: {   ""is_anomaly"": true,   ""severity"": ""high"",   ""root_cause"": ""Network connection was reset during block transfer, likely due to a transient network fault or overloaded DataNode."",   ""remediation"": ""Increase retry timeout and monitor network stability between DataNodes."" }",82.21,474.38,85177
mistral-small,thunderbird,3,few_shot,389,False,NORMAL,False,low,none," Example: {   ""is_anomaly"": false,   ""severity"": ""low"",   ""root_cause"": ""none"",   ""remediation"": ""none"" }",82.21,474.38,85177
mistral-small,thunderbird,3,few_shot,390,True,VAPI,True,high,"Network connection was reset during block transfer, likely due to a transient network fault or overloaded DataNode."," Example: {   ""is_anomaly"": true,   ""severity"": ""high"",   ""root_cause"": ""Network connection was reset during block transfer, likely due to a transient network fault or overloaded DataNode."",   ""remediation"": ""Increase retry timeout and monitor network stability between DataNodes."" }",82.21,474.38,85177
mistral-small,thunderbird,3,few_shot,391,True,VAPI,True,high,"Network connection was reset during block transfer, likely due to a transient network fault or overloaded DataNode."," Example: {   ""is_anomaly"": true,   ""severity"": ""high"",   ""root_cause"": ""Network connection was reset during block transfer, likely due to a transient network fault or overloaded DataNode."",   ""remediation"": ""Increase retry timeout and monitor network stability between DataNodes."" }",82.21,474.38,85177
mistral-small,thunderbird,3,few_shot,392,False,NORMAL,False,low,none," Example: {   ""is_anomaly"": false,   ""severity"": ""low"",   ""root_cause"": ""none"",   ""remediation"": ""none"" }",82.21,474.38,85177
mistral-small,thunderbird,3,few_shot,393,True,VAPI,True,high,"Network connection was reset during block transfer, likely due to a transient network fault or overloaded DataNode."," Example: {   ""is_anomaly"": true,   ""severity"": ""high"",   ""root_cause"": ""Network connection was reset during block transfer, likely due to a transient network fault or overloaded DataNode."",   ""remediation"": ""Increase retry timeout and monitor network stability between DataNodes."" }",82.21,474.38,85177
mistral-small,thunderbird,3,few_shot,394,True,VAPI,True,high,"Network connection was reset during block transfer, likely due to a transient network fault or overloaded DataNode."," Example: {   ""is_anomaly"": true,   ""severity"": ""high"",   ""root_cause"": ""Network connection was reset during block transfer, likely due to a transient network fault or overloaded DataNode."",   ""remediation"": ""Increase retry timeout and monitor network stability between DataNodes."" }",82.21,474.38,85177
mistral-small,thunderbird,3,few_shot,395,False,NORMAL,True,high,"Network connection was reset during block transfer, likely due to a transient network fault or overloaded DataNode."," Example: {   ""is_anomaly"": true,   ""severity"": ""high"",   ""root_cause"": ""Network connection was reset during block transfer, likely due to a transient network fault or overloaded DataNode."",   ""remediation"": ""Increase retry timeout and monitor network stability between DataNodes."" }",82.21,474.38,85177
mistral-small,thunderbird,3,few_shot,396,True,VAPI,True,high,"Network connection was reset during block transfer, likely due to a transient network fault or overloaded DataNode."," Example: {   ""is_anomaly"": true,   ""severity"": ""high"",   ""root_cause"": ""Network connection was reset during block transfer, likely due to a transient network fault or overloaded DataNode."",   ""remediation"": ""Increase retry timeout and monitor network stability between DataNodes."" }",82.21,474.38,85177
mistral-small,thunderbird,3,few_shot,397,True,VAPI,True,high,"Network connection was reset during block transfer, likely due to a transient network fault or overloaded DataNode."," Example: {   ""is_anomaly"": true,   ""severity"": ""high"",   ""root_cause"": ""Network connection was reset during block transfer, likely due to a transient network fault or overloaded DataNode."",   ""remediation"": ""Increase retry timeout and monitor network stability between DataNodes."" }",82.21,474.38,85177
mistral-small,thunderbird,3,few_shot,398,False,NORMAL,False,low,none," Example: {   ""is_anomaly"": false,   ""severity"": ""low"",   ""root_cause"": ""none"",   ""remediation"": ""none"" }",82.21,474.38,85177
mistral-small,thunderbird,3,few_shot,399,False,NORMAL,False,low,none," Example: {   ""is_anomaly"": false,   ""severity"": ""low"",   ""root_cause"": ""none"",   ""remediation"": ""none"" }",82.21,474.38,85177
mistral-small,thunderbird,3,few_shot,400,True,VAPI,True,high,"Network connection was reset during block transfer, likely due to a transient network fault or overloaded DataNode."," Example: {   ""is_anomaly"": true,   ""severity"": ""high"",   ""root_cause"": ""Network connection was reset during block transfer, likely due to a transient network fault or overloaded DataNode."",   ""remediation"": ""Increase retry timeout and monitor network stability between DataNodes."" }",82.21,474.38,85177
mistral-small,thunderbird,3,few_shot,401,False,NORMAL,False,low,none," Example: {   ""is_anomaly"": false,   ""severity"": ""low"",   ""root_cause"": ""none"",   ""remediation"": ""none"" }",82.21,474.38,85177
mistral-small,thunderbird,3,few_shot,402,True,VAPI,True,high,"Network connection was reset during block transfer, likely due to a transient network fault or overloaded DataNode."," Example: {   ""is_anomaly"": true,   ""severity"": ""high"",   ""root_cause"": ""Network connection was reset during block transfer, likely due to a transient network fault or overloaded DataNode."",   ""remediation"": ""Increase retry timeout and monitor network stability between DataNodes."" }",82.21,474.38,85177
mistral-small,thunderbird,3,few_shot,403,True,VAPI,True,high,"Network connection was reset during block transfer, likely due to a transient network fault or overloaded DataNode."," Example: {   ""is_anomaly"": true,   ""severity"": ""high"",   ""root_cause"": ""Network connection was reset during block transfer, likely due to a transient network fault or overloaded DataNode."",   ""remediation"": ""Increase retry timeout and monitor network stability between DataNodes."" }",82.21,474.38,85177
mistral-small,thunderbird,3,few_shot,404,False,NORMAL,True,high,"Network connection was reset during block transfer, likely due to a transient network fault or overloaded DataNode."," Example: {   ""is_anomaly"": true,   ""severity"": ""high"",   ""root_cause"": ""Network connection was reset during block transfer, likely due to a transient network fault or overloaded DataNode."",   ""remediation"": ""Increase retry timeout and monitor network stability between DataNodes."" }",82.21,474.38,85177
mistral-small,thunderbird,3,few_shot,405,True,VAPI,True,high,"Network connection was reset during block transfer, likely due to a transient network fault or overloaded DataNode."," Example: {   ""is_anomaly"": true,   ""severity"": ""high"",   ""root_cause"": ""Network connection was reset during block transfer, likely due to a transient network fault or overloaded DataNode."",   ""remediation"": ""Increase retry timeout and monitor network stability between DataNodes."" }",82.21,474.38,85177
mistral-small,thunderbird,3,few_shot,406,True,VAPI,True,high,"Network connection was reset during block transfer, likely due to a transient network fault or overloaded DataNode."," Example: {   ""is_anomaly"": true,   ""severity"": ""high"",   ""root_cause"": ""Network connection was reset during block transfer, likely due to a transient network fault or overloaded DataNode."",   ""remediation"": ""Increase retry timeout and monitor network stability between DataNodes."" }",82.21,474.38,85177
mistral-small,thunderbird,3,few_shot,407,True,VAPI,True,high,"Network connection was reset during block transfer, likely due to a transient network fault or overloaded DataNode."," Example: {   ""is_anomaly"": true,   ""severity"": ""high"",   ""root_cause"": ""Network connection was reset during block transfer, likely due to a transient network fault or overloaded DataNode."",   ""remediation"": ""Increase retry timeout and monitor network stability between DataNodes."" }",82.21,474.38,85177
mistral-small,thunderbird,3,few_shot,408,False,NORMAL,False,low,none," Example: {   ""is_anomaly"": false,   ""severity"": ""low"",   ""root_cause"": ""none"",   ""remediation"": ""none"" }",82.21,474.38,85177
mistral-small,thunderbird,3,few_shot,409,False,NORMAL,False,low,none," Example: {   ""is_anomaly"": false,   ""severity"": ""low"",   ""root_cause"": ""none"",   ""remediation"": ""none"" }",82.21,474.38,85177
mistral-small,thunderbird,3,few_shot,410,False,NORMAL,True,high,"Network connection was reset during block transfer, likely due to a transient network fault or overloaded DataNode."," Example: {   ""is_anomaly"": true,   ""severity"": ""high"",   ""root_cause"": ""Network connection was reset during block transfer, likely due to a transient network fault or overloaded DataNode."",   ""remediation"": ""Increase retry timeout and monitor network stability between DataNodes."" }",82.21,474.38,85177
mistral-small,thunderbird,3,few_shot,411,False,NORMAL,False,low,none," Example: {   ""is_anomaly"": false,   ""severity"": ""low"",   ""root_cause"": ""none"",   ""remediation"": ""none"" }",82.21,474.38,85177
mistral-small,thunderbird,3,few_shot,412,True,VAPI,True,high,"Network connection was reset during block transfer, likely due to a transient network fault or overloaded DataNode."," Example: {   ""is_anomaly"": true,   ""severity"": ""high"",   ""root_cause"": ""Network connection was reset during block transfer, likely due to a transient network fault or overloaded DataNode."",   ""remediation"": ""Increase retry timeout and monitor network stability between DataNodes."" }",82.21,474.38,85177
mistral-small,thunderbird,3,few_shot,413,False,NORMAL,True,high,"Network connection was reset during block transfer, likely due to a transient network fault or overloaded DataNode."," Example: {   ""is_anomaly"": true,   ""severity"": ""high"",   ""root_cause"": ""Network connection was reset during block transfer, likely due to a transient network fault or overloaded DataNode."",   ""remediation"": ""Increase retry timeout and monitor network stability between DataNodes."" }",82.21,474.38,85177
mistral-small,thunderbird,3,few_shot,414,False,NORMAL,False,low,none," Example: {   ""is_anomaly"": false,   ""severity"": ""low"",   ""root_cause"": ""none"",   ""remediation"": ""none"" }",82.21,474.38,85177
mistral-small,thunderbird,3,few_shot,415,True,VAPI,True,high,"Network connection was reset during block transfer, likely due to a transient network fault or overloaded DataNode."," Example: {   ""is_anomaly"": true,   ""severity"": ""high"",   ""root_cause"": ""Network connection was reset during block transfer, likely due to a transient network fault or overloaded DataNode."",   ""remediation"": ""Increase retry timeout and monitor network stability between DataNodes."" }",82.21,474.38,85177
mistral-small,thunderbird,3,few_shot,416,False,NORMAL,False,low,none," ```json {   ""is_anomaly"": false,   ""severity"": ""low"",   ""root_cause"": ""none"",   ""remediation"": ""none"" } ```",82.21,474.38,85177
mistral-small,thunderbird,3,few_shot,417,True,VAPI,True,high,"Network connection was reset during block transfer, likely due to a transient network fault or overloaded DataNode."," Example: {   ""is_anomaly"": true,   ""severity"": ""high"",   ""root_cause"": ""Network connection was reset during block transfer, likely due to a transient network fault or overloaded DataNode."",   ""remediation"": ""Increase retry timeout and monitor network stability between DataNodes."" }",82.21,474.38,85177
mistral-small,thunderbird,3,few_shot,418,False,NORMAL,False,low,none," Example: {   ""is_anomaly"": false,   ""severity"": ""low"",   ""root_cause"": ""none"",   ""remediation"": ""none"" }",82.21,474.38,85177
mistral-small,thunderbird,3,few_shot,419,False,NORMAL,False,low,none," Example: {   ""is_anomaly"": false,   ""severity"": ""low"",   ""root_cause"": ""none"",   ""remediation"": ""none"" }",82.21,474.38,85177
mistral-small,thunderbird,3,few_shot,420,True,VAPI,True,high,"Network connection was reset during block transfer, likely due to a transient network fault or overloaded DataNode."," Example: {   ""is_anomaly"": true,   ""severity"": ""high"",   ""root_cause"": ""Network connection was reset during block transfer, likely due to a transient network fault or overloaded DataNode."",   ""remediation"": ""Increase retry timeout and monitor network stability between DataNodes."" }",82.21,474.38,85177
mistral-small,thunderbird,3,few_shot,421,False,NORMAL,False,low,none," Example: {   ""is_anomaly"": false,   ""severity"": ""low"",   ""root_cause"": ""none"",   ""remediation"": ""none"" }",82.21,474.38,85177
mistral-small,thunderbird,3,few_shot,422,False,NORMAL,True,high,"Network connection was reset during block transfer, likely due to a transient network fault or overloaded DataNode."," Example: {   ""is_anomaly"": true,   ""severity"": ""high"",   ""root_cause"": ""Network connection was reset during block transfer, likely due to a transient network fault or overloaded DataNode."",   ""remediation"": ""Increase retry timeout and monitor network stability between DataNodes."" }",82.21,474.38,85177
mistral-small,thunderbird,3,few_shot,423,False,NORMAL,True,high,"Network connection was reset during block transfer, likely due to a transient network fault or overloaded DataNode."," Example: {   ""is_anomaly"": true,   ""severity"": ""high"",   ""root_cause"": ""Network connection was reset during block transfer, likely due to a transient network fault or overloaded DataNode."",   ""remediation"": ""Increase retry timeout and monitor network stability between DataNodes."" }",82.21,474.38,85177
mistral-small,thunderbird,3,few_shot,424,False,NORMAL,False,low,none," Example: {   ""is_anomaly"": false,   ""severity"": ""low"",   ""root_cause"": ""none"",   ""remediation"": ""none"" }",82.21,474.38,85177
mistral-small,thunderbird,3,few_shot,425,True,VAPI,True,high,"Network connection was reset during block transfer, likely due to a transient network fault or overloaded DataNode."," Example: {   ""is_anomaly"": true,   ""severity"": ""high"",   ""root_cause"": ""Network connection was reset during block transfer, likely due to a transient network fault or overloaded DataNode."",   ""remediation"": ""Increase retry timeout and monitor network stability between DataNodes."" }",82.21,474.38,85177
mistral-small,thunderbird,3,few_shot,426,True,VAPI,True,high,"Network connection was reset during block transfer, likely due to a transient network fault or overloaded DataNode."," Example: {   ""is_anomaly"": true,   ""severity"": ""high"",   ""root_cause"": ""Network connection was reset during block transfer, likely due to a transient network fault or overloaded DataNode."",   ""remediation"": ""Increase retry timeout and monitor network stability between DataNodes."" }",82.21,474.38,85177
mistral-small,thunderbird,3,few_shot,427,False,NORMAL,False,low,none," Example: {   ""is_anomaly"": false,   ""severity"": ""low"",   ""root_cause"": ""none"",   ""remediation"": ""none"" }",82.21,474.38,85177
mistral-small,thunderbird,3,few_shot,428,False,NORMAL,False,low,none," Example: {   ""is_anomaly"": false,   ""severity"": ""low"",   ""root_cause"": ""none"",   ""remediation"": ""none"" }",82.21,474.38,85177
mistral-small,thunderbird,3,few_shot,429,False,NORMAL,True,high,"Network connection was reset during block transfer, likely due to a transient network fault or overloaded DataNode."," Example: {   ""is_anomaly"": true,   ""severity"": ""high"",   ""root_cause"": ""Network connection was reset during block transfer, likely due to a transient network fault or overloaded DataNode."",   ""remediation"": ""Increase retry timeout and monitor network stability between DataNodes."" }",82.21,474.38,85177
mistral-small,thunderbird,3,few_shot,430,False,NORMAL,True,high,"Network connection was reset during block transfer, likely due to a transient network fault or overloaded DataNode."," Example: {   ""is_anomaly"": true,   ""severity"": ""high"",   ""root_cause"": ""Network connection was reset during block transfer, likely due to a transient network fault or overloaded DataNode."",   ""remediation"": ""Increase retry timeout and monitor network stability between DataNodes."" }",82.21,474.38,85177
mistral-small,thunderbird,3,few_shot,431,False,NORMAL,False,low,none," Example: {   ""is_anomaly"": false,   ""severity"": ""low"",   ""root_cause"": ""none"",   ""remediation"": ""none"" }",82.21,474.38,85177
mistral-small,thunderbird,3,few_shot,432,True,VAPI,True,high,"Network connection was reset during block transfer, likely due to a transient network fault or overloaded DataNode."," Example: {   ""is_anomaly"": true,   ""severity"": ""high"",   ""root_cause"": ""Network connection was reset during block transfer, likely due to a transient network fault or overloaded DataNode."",   ""remediation"": ""Increase retry timeout and monitor network stability between DataNodes."" }",82.21,474.38,85177
mistral-small,thunderbird,3,few_shot,433,True,VAPI,True,critical,"Fatal error occurred in InfiniHost0, likely due to a catastrophic failure in the InfiniBand subsystem."," ```json {   ""is_anomaly"": true,   ""severity"": ""critical"",   ""root_cause"": ""Fatal error occurred in InfiniHost0, likely due to a catastrophic failure in the InfiniBand subsystem."",   ""remediation"": ""Investigate and resolve the InfiniBand subsystem failure, possibly involving hardware replacement or firmware updates."" } ```",82.21,474.38,85177
mistral-small,thunderbird,3,few_shot,434,True,VAPI,True,high,"Network connection was reset during block transfer, likely due to a transient network fault or overloaded DataNode."," Example: {   ""is_anomaly"": true,   ""severity"": ""high"",   ""root_cause"": ""Network connection was reset during block transfer, likely due to a transient network fault or overloaded DataNode."",   ""remediation"": ""Increase retry timeout and monitor network stability between DataNodes."" }",82.21,474.38,85177
mistral-small,thunderbird,3,few_shot,435,True,VAPI,True,high,"Network connection was reset during block transfer, likely due to a transient network fault or overloaded DataNode."," Example: {   ""is_anomaly"": true,   ""severity"": ""high"",   ""root_cause"": ""Network connection was reset during block transfer, likely due to a transient network fault or overloaded DataNode."",   ""remediation"": ""Increase retry timeout and monitor network stability between DataNodes."" }",82.21,474.38,85177
mistral-small,thunderbird,3,few_shot,436,False,NORMAL,False,low,none," Example: {   ""is_anomaly"": false,   ""severity"": ""low"",   ""root_cause"": ""none"",   ""remediation"": ""none"" }",82.21,474.38,85177
mistral-small,thunderbird,3,few_shot,437,False,NORMAL,False,low,none," Example: {   ""is_anomaly"": false,   ""severity"": ""low"",   ""root_cause"": ""none"",   ""remediation"": ""none"" }",82.21,474.38,85177
mistral-small,thunderbird,3,few_shot,438,False,NORMAL,False,low,none," Example: {   ""is_anomaly"": false,   ""severity"": ""low"",   ""root_cause"": ""none"",   ""remediation"": ""none"" }",82.21,474.38,85177
mistral-small,thunderbird,3,few_shot,439,False,NORMAL,False,low,none," Example: {   ""is_anomaly"": false,   ""severity"": ""low"",   ""root_cause"": ""none"",   ""remediation"": ""none"" }",82.21,474.38,85177
mistral-small,thunderbird,3,few_shot,440,True,VAPI,True,high,"Network connection was reset during block transfer, likely due to a transient network fault or overloaded DataNode."," Example: {   ""is_anomaly"": true,   ""severity"": ""high"",   ""root_cause"": ""Network connection was reset during block transfer, likely due to a transient network fault or overloaded DataNode."",   ""remediation"": ""Increase retry timeout and monitor network stability between DataNodes."" }",82.21,474.38,85177
mistral-small,thunderbird,3,few_shot,441,False,NORMAL,False,low,none," Example: {   ""is_anomaly"": false,   ""severity"": ""low"",   ""root_cause"": ""none"",   ""remediation"": ""none"" }",82.21,474.38,85177
mistral-small,thunderbird,3,few_shot,442,True,VAPI,True,high,"Network connection was reset during block transfer, likely due to a transient network fault or overloaded DataNode."," Example: {   ""is_anomaly"": true,   ""severity"": ""high"",   ""root_cause"": ""Network connection was reset during block transfer, likely due to a transient network fault or overloaded DataNode."",   ""remediation"": ""Increase retry timeout and monitor network stability between DataNodes."" }",82.21,474.38,85177
mistral-small,thunderbird,3,few_shot,443,True,VAPI,True,high,"Network connection was reset during block transfer, likely due to a transient network fault or overloaded DataNode."," Example: {   ""is_anomaly"": true,   ""severity"": ""high"",   ""root_cause"": ""Network connection was reset during block transfer, likely due to a transient network fault or overloaded DataNode."",   ""remediation"": ""Increase retry timeout and monitor network stability between DataNodes."" }",82.21,474.38,85177
mistral-small,thunderbird,3,few_shot,444,True,VAPI,True,high,"Network connection was reset during block transfer, likely due to a transient network fault or overloaded DataNode."," Example: {   ""is_anomaly"": true,   ""severity"": ""high"",   ""root_cause"": ""Network connection was reset during block transfer, likely due to a transient network fault or overloaded DataNode."",   ""remediation"": ""Increase retry timeout and monitor network stability between DataNodes."" }",82.21,474.38,85177
mistral-small,thunderbird,3,few_shot,445,True,VAPI,True,critical,"Fatal error occurred in the InfiniBand subsystem, and data threads could not get responses from multiple datasources."," ```json {   ""is_anomaly"": true,   ""severity"": ""critical"",   ""root_cause"": ""Fatal error occurred in the InfiniBand subsystem, and data threads could not get responses from multiple datasources."",   ""remediation"": ""Investigate the InfiniBand subsystem for hardware or configuration issues and ensure datasources are operational."" } ```",82.21,474.38,85177
mistral-small,thunderbird,3,few_shot,446,True,VAPI,True,high,"Network connection was reset during block transfer, likely due to a transient network fault or overloaded DataNode."," Example: {   ""is_anomaly"": true,   ""severity"": ""high"",   ""root_cause"": ""Network connection was reset during block transfer, likely due to a transient network fault or overloaded DataNode."",   ""remediation"": ""Increase retry timeout and monitor network stability between DataNodes."" }",82.21,474.38,85177
mistral-small,thunderbird,3,few_shot,447,False,NORMAL,False,low,none," Example: {   ""is_anomaly"": false,   ""severity"": ""low"",   ""root_cause"": ""none"",   ""remediation"": ""none"" }",82.21,474.38,85177
mistral-small,thunderbird,3,few_shot,448,False,NORMAL,False,low,none," Example: {   ""is_anomaly"": false,   ""severity"": ""low"",   ""root_cause"": ""none"",   ""remediation"": ""none"" }",82.21,474.38,85177
mistral-small,thunderbird,3,few_shot,449,True,VAPI,True,high,"Network connection was reset during block transfer, likely due to a transient network fault or overloaded DataNode."," Example: {   ""is_anomaly"": true,   ""severity"": ""high"",   ""root_cause"": ""Network connection was reset during block transfer, likely due to a transient network fault or overloaded DataNode."",   ""remediation"": ""Increase retry timeout and monitor network stability between DataNodes."" }",82.21,474.38,85177
mistral-small,openstack,3,few_shot,450,True,ANOMALY,False,low,none," Example: {   ""is_anomaly"": false,   ""severity"": ""low"",   ""root_cause"": ""none"",   ""remediation"": ""none"" }",82.21,474.38,85177
mistral-small,openstack,3,few_shot,451,True,ANOMALY,False,low,none," Example: {   ""is_anomaly"": false,   ""severity"": ""low"",   ""root_cause"": ""none"",   ""remediation"": ""none"" }",82.21,474.38,85177
mistral-small,openstack,3,few_shot,452,False,NORMAL,False,low,none," Example: {   ""is_anomaly"": false,   ""severity"": ""low"",   ""root_cause"": ""none"",   ""remediation"": ""none"" }",82.21,474.38,85177
mistral-small,openstack,3,few_shot,453,True,ANOMALY,False,low,none," Example: {   ""is_anomaly"": false,   ""severity"": ""low"",   ""root_cause"": ""none"",   ""remediation"": ""none"" }",82.21,474.38,85177
mistral-small,openstack,3,few_shot,454,False,NORMAL,False,low,none," ```json {   ""is_anomaly"": false,   ""severity"": ""low"",   ""root_cause"": ""none"",   ""remediation"": ""none"" } ```",82.21,474.38,85177
mistral-small,openstack,3,few_shot,455,False,NORMAL,False,low,none," Example: {   ""is_anomaly"": false,   ""severity"": ""low"",   ""root_cause"": ""none"",   ""remediation"": ""none"" }",82.21,474.38,85177
mistral-small,openstack,3,few_shot,456,False,NORMAL,False,low,none," Example: {   ""is_anomaly"": false,   ""severity"": ""low"",   ""root_cause"": ""none"",   ""remediation"": ""none"" }",82.21,474.38,85177
mistral-small,openstack,3,few_shot,457,False,NORMAL,False,low,none," Example: {   ""is_anomaly"": false,   ""severity"": ""low"",   ""root_cause"": ""none"",   ""remediation"": ""none"" }",82.21,474.38,85177
mistral-small,openstack,3,few_shot,458,False,NORMAL,False,low,none," Example: {   ""is_anomaly"": false,   ""severity"": ""low"",   ""root_cause"": ""none"",   ""remediation"": ""none"" }",82.21,474.38,85177
mistral-small,openstack,3,few_shot,459,True,ANOMALY,False,low,none," Example: {   ""is_anomaly"": false,   ""severity"": ""low"",   ""root_cause"": ""none"",   ""remediation"": ""none"" }",82.21,474.38,85177
mistral-small,openstack,3,few_shot,460,True,ANOMALY,False,low,none," Example: {   ""is_anomaly"": false,   ""severity"": ""low"",   ""root_cause"": ""none"",   ""remediation"": ""none"" }",82.21,474.38,85177
mistral-small,openstack,3,few_shot,461,False,NORMAL,False,low,none," Example: {   ""is_anomaly"": false,   ""severity"": ""low"",   ""root_cause"": ""none"",   ""remediation"": ""none"" }",82.21,474.38,85177
mistral-small,openstack,3,few_shot,462,True,ANOMALY,False,low,none," Example: {   ""is_anomaly"": false,   ""severity"": ""low"",   ""root_cause"": ""none"",   ""remediation"": ""none"" }",82.21,474.38,85177
mistral-small,openstack,3,few_shot,463,True,ANOMALY,False,low,none," Example: {   ""is_anomaly"": false,   ""severity"": ""low"",   ""root_cause"": ""none"",   ""remediation"": ""none"" }",82.21,474.38,85177
mistral-small,openstack,3,few_shot,464,True,ANOMALY,False,low,none," Example: {   ""is_anomaly"": false,   ""severity"": ""low"",   ""root_cause"": ""none"",   ""remediation"": ""none"" }",82.21,474.38,85177
mistral-small,openstack,3,few_shot,465,False,NORMAL,False,low,none," Example: {   ""is_anomaly"": false,   ""severity"": ""low"",   ""root_cause"": ""none"",   ""remediation"": ""none"" }",82.21,474.38,85177
mistral-small,openstack,3,few_shot,466,True,ANOMALY,False,low,none," Example: {   ""is_anomaly"": false,   ""severity"": ""low"",   ""root_cause"": ""none"",   ""remediation"": ""none"" }",82.21,474.38,85177
mistral-small,openstack,3,few_shot,467,True,ANOMALY,False,low,none," Example: {   ""is_anomaly"": false,   ""severity"": ""low"",   ""root_cause"": ""none"",   ""remediation"": ""none"" }",82.21,474.38,85177
mistral-small,openstack,3,few_shot,468,True,ANOMALY,False,low,none," Example: {   ""is_anomaly"": false,   ""severity"": ""low"",   ""root_cause"": ""none"",   ""remediation"": ""none"" }",82.21,474.38,85177
mistral-small,openstack,3,few_shot,469,True,ANOMALY,False,low,none," Example: {   ""is_anomaly"": false,   ""severity"": ""low"",   ""root_cause"": ""none"",   ""remediation"": ""none"" }",82.21,474.38,85177
mistral-small,openstack,3,few_shot,470,False,NORMAL,False,low,none," Example: {   ""is_anomaly"": false,   ""severity"": ""low"",   ""root_cause"": ""none"",   ""remediation"": ""none"" }",82.21,474.38,85177
mistral-small,openstack,3,few_shot,471,True,ANOMALY,False,low,none," Example: {   ""is_anomaly"": false,   ""severity"": ""low"",   ""root_cause"": ""none"",   ""remediation"": ""none"" }",82.21,474.38,85177
mistral-small,openstack,3,few_shot,472,False,NORMAL,False,low,none," Example: {   ""is_anomaly"": false,   ""severity"": ""low"",   ""root_cause"": ""none"",   ""remediation"": ""none"" }",82.21,474.38,85177
mistral-small,openstack,3,few_shot,473,True,ANOMALY,True,medium,"Unknown base file encountered during instance deallocation, likely due to a missing or corrupted image."," ```json {   ""is_anomaly"": true,   ""severity"": ""medium"",   ""root_cause"": ""Unknown base file encountered during instance deallocation, likely due to a missing or corrupted image."",   ""remediation"": ""Investigate the missing image and ensure proper cleanup of instance resources."" } ```",82.21,474.38,85177
mistral-small,openstack,3,few_shot,474,False,NORMAL,False,low,none," Example: {   ""is_anomaly"": false,   ""severity"": ""low"",   ""root_cause"": ""none"",   ""remediation"": ""none"" }",82.21,474.38,85177
mistral-small,openstack,3,few_shot,475,True,ANOMALY,False,low,none," Example: {   ""is_anomaly"": false,   ""severity"": ""low"",   ""root_cause"": ""none"",   ""remediation"": ""none"" }",82.21,474.38,85177
mistral-small,openstack,3,few_shot,476,True,ANOMALY,False,low,none," Example: {   ""is_anomaly"": false,   ""severity"": ""low"",   ""root_cause"": ""none"",   ""remediation"": ""none"" }",82.21,474.38,85177
mistral-small,openstack,3,few_shot,477,False,NORMAL,False,low,none," ```json {   ""is_anomaly"": false,   ""severity"": ""low"",   ""root_cause"": ""none"",   ""remediation"": ""none"" } ```",82.21,474.38,85177
mistral-small,openstack,3,few_shot,478,False,NORMAL,False,low,none," Example: {   ""is_anomaly"": false,   ""severity"": ""low"",   ""root_cause"": ""none"",   ""remediation"": ""none"" }",82.21,474.38,85177
mistral-small,openstack,3,few_shot,479,True,ANOMALY,False,low,none," Example: {   ""is_anomaly"": false,   ""severity"": ""low"",   ""root_cause"": ""none"",   ""remediation"": ""none"" }",82.21,474.38,85177
mistral-small,openstack,3,few_shot,480,True,ANOMALY,False,low,none," Example: {   ""is_anomaly"": false,   ""severity"": ""low"",   ""root_cause"": ""none"",   ""remediation"": ""none"" }",82.21,474.38,85177
mistral-small,openstack,3,few_shot,481,True,ANOMALY,False,low,none," Example: {   ""is_anomaly"": false,   ""severity"": ""low"",   ""root_cause"": ""none"",   ""remediation"": ""none"" }",82.21,474.38,85177
mistral-small,openstack,3,few_shot,482,True,ANOMALY,False,low,none," Example: {   ""is_anomaly"": false,   ""severity"": ""low"",   ""root_cause"": ""none"",   ""remediation"": ""none"" }",82.21,474.38,85177
mistral-small,openstack,3,few_shot,483,True,ANOMALY,False,low,none," Example: {   ""is_anomaly"": false,   ""severity"": ""low"",   ""root_cause"": ""none"",   ""remediation"": ""none"" }",82.21,474.38,85177
mistral-small,openstack,3,few_shot,484,True,ANOMALY,False,low,none," Example: {   ""is_anomaly"": false,   ""severity"": ""low"",   ""root_cause"": ""none"",   ""remediation"": ""none"" }",82.21,474.38,85177
mistral-small,openstack,3,few_shot,485,False,NORMAL,False,low,none," Example: {   ""is_anomaly"": false,   ""severity"": ""low"",   ""root_cause"": ""none"",   ""remediation"": ""none"" }",82.21,474.38,85177
mistral-small,openstack,3,few_shot,486,False,NORMAL,False,low,none," Example: {   ""is_anomaly"": false,   ""severity"": ""low"",   ""root_cause"": ""none"",   ""remediation"": ""none"" }",82.21,474.38,85177
mistral-small,openstack,3,few_shot,487,False,NORMAL,False,low,none," Example: {   ""is_anomaly"": false,   ""severity"": ""low"",   ""root_cause"": ""none"",   ""remediation"": ""none"" }",82.21,474.38,85177
mistral-small,openstack,3,few_shot,488,False,NORMAL,False,low,none," Example: {   ""is_anomaly"": false,   ""severity"": ""low"",   ""root_cause"": ""none"",   ""remediation"": ""none"" }",82.21,474.38,85177
mistral-small,openstack,3,few_shot,489,True,ANOMALY,False,low,none," Example: {   ""is_anomaly"": false,   ""severity"": ""low"",   ""root_cause"": ""none"",   ""remediation"": ""none"" }",82.21,474.38,85177
mistral-small,openstack,3,few_shot,490,False,NORMAL,False,low,none," Example: {   ""is_anomaly"": false,   ""severity"": ""low"",   ""root_cause"": ""none"",   ""remediation"": ""none"" }",82.21,474.38,85177
mistral-small,openstack,3,few_shot,491,True,ANOMALY,False,low,none," Example: {   ""is_anomaly"": false,   ""severity"": ""low"",   ""root_cause"": ""none"",   ""remediation"": ""none"" }",82.21,474.38,85177
mistral-small,openstack,3,few_shot,492,True,ANOMALY,False,low,none," Example: {   ""is_anomaly"": false,   ""severity"": ""low"",   ""root_cause"": ""none"",   ""remediation"": ""none"" }",82.21,474.38,85177
mistral-small,openstack,3,few_shot,493,True,ANOMALY,False,low,none," Example: {   ""is_anomaly"": false,   ""severity"": ""low"",   ""root_cause"": ""none"",   ""remediation"": ""none"" }",82.21,474.38,85177
mistral-small,openstack,3,few_shot,494,False,NORMAL,False,low,none," Example: {   ""is_anomaly"": false,   ""severity"": ""low"",   ""root_cause"": ""none"",   ""remediation"": ""none"" }",82.21,474.38,85177
mistral-small,openstack,3,few_shot,495,False,NORMAL,False,low,none," Example: {   ""is_anomaly"": false,   ""severity"": ""low"",   ""root_cause"": ""none"",   ""remediation"": ""none"" }",82.21,474.38,85177
mistral-small,openstack,3,few_shot,496,False,NORMAL,False,low,none," Example: {   ""is_anomaly"": false,   ""severity"": ""low"",   ""root_cause"": ""none"",   ""remediation"": ""none"" }",82.21,474.38,85177
mistral-small,openstack,3,few_shot,497,True,ANOMALY,False,low,none," Example: {   ""is_anomaly"": false,   ""severity"": ""low"",   ""root_cause"": ""none"",   ""remediation"": ""none"" }",82.21,474.38,85177
mistral-small,openstack,3,few_shot,498,True,ANOMALY,False,low,none," Example: {   ""is_anomaly"": false,   ""severity"": ""low"",   ""root_cause"": ""none"",   ""remediation"": ""none"" }",82.21,474.38,85177
mistral-small,openstack,3,few_shot,499,True,ANOMALY,False,low,none," Example: {   ""is_anomaly"": false,   ""severity"": ""low"",   ""root_cause"": ""none"",   ""remediation"": ""none"" }",82.21,474.38,85177
mistral-small,openstack,3,few_shot,500,True,ANOMALY,False,low,none," Example: {   ""is_anomaly"": false,   ""severity"": ""low"",   ""root_cause"": ""none"",   ""remediation"": ""none"" }",82.21,474.38,85177
mistral-small,openstack,3,few_shot,501,False,NORMAL,False,low,none," Example: {   ""is_anomaly"": false,   ""severity"": ""low"",   ""root_cause"": ""none"",   ""remediation"": ""none"" }",82.21,474.38,85177
mistral-small,openstack,3,few_shot,502,False,NORMAL,False,low,none," Example: {   ""is_anomaly"": false,   ""severity"": ""low"",   ""root_cause"": ""none"",   ""remediation"": ""none"" }",82.21,474.38,85177
mistral-small,openstack,3,few_shot,503,True,ANOMALY,False,low,none," Example: {   ""is_anomaly"": false,   ""severity"": ""low"",   ""root_cause"": ""none"",   ""remediation"": ""none"" }",82.21,474.38,85177
mistral-small,openstack,3,few_shot,504,True,ANOMALY,False,low,none," Example: {   ""is_anomaly"": false,   ""severity"": ""low"",   ""root_cause"": ""none"",   ""remediation"": ""none"" }",82.21,474.38,85177
mistral-small,openstack,3,few_shot,505,True,ANOMALY,False,low,none," Example: {   ""is_anomaly"": false,   ""severity"": ""low"",   ""root_cause"": ""none"",   ""remediation"": ""none"" }",82.21,474.38,85177
mistral-small,openstack,3,few_shot,506,False,NORMAL,False,low,none," Example: {   ""is_anomaly"": false,   ""severity"": ""low"",   ""root_cause"": ""none"",   ""remediation"": ""none"" }",82.21,474.38,85177
mistral-small,openstack,3,few_shot,507,True,ANOMALY,False,low,none," Example: {   ""is_anomaly"": false,   ""severity"": ""low"",   ""root_cause"": ""none"",   ""remediation"": ""none"" }",82.21,474.38,85177
mistral-small,openstack,3,few_shot,508,False,NORMAL,False,low,none," Example: {   ""is_anomaly"": false,   ""severity"": ""low"",   ""root_cause"": ""none"",   ""remediation"": ""none"" }",82.21,474.38,85177
mistral-small,openstack,3,few_shot,509,True,ANOMALY,False,low,none," Example: {   ""is_anomaly"": false,   ""severity"": ""low"",   ""root_cause"": ""none"",   ""remediation"": ""none"" }",82.21,474.38,85177
mistral-small,openstack,3,few_shot,510,True,ANOMALY,False,low,none," Example: {   ""is_anomaly"": false,   ""severity"": ""low"",   ""root_cause"": ""none"",   ""remediation"": ""none"" }",82.21,474.38,85177
mistral-small,openstack,3,few_shot,511,False,NORMAL,False,low,none," Example: {   ""is_anomaly"": false,   ""severity"": ""low"",   ""root_cause"": ""none"",   ""remediation"": ""none"" }",82.21,474.38,85177
mistral-small,openstack,3,few_shot,512,False,NORMAL,False,low,none," ```json {   ""is_anomaly"": false,   ""severity"": ""low"",   ""root_cause"": ""none"",   ""remediation"": ""none"" } ```",82.21,474.38,85177
mistral-small,openstack,3,few_shot,513,True,ANOMALY,False,low,none," Example: {   ""is_anomaly"": false,   ""severity"": ""low"",   ""root_cause"": ""none"",   ""remediation"": ""none"" }",82.21,474.38,85177
mistral-small,openstack,3,few_shot,514,False,NORMAL,False,low,none," Example: {   ""is_anomaly"": false,   ""severity"": ""low"",   ""root_cause"": ""none"",   ""remediation"": ""none"" }",82.21,474.38,85177
mistral-small,openstack,3,few_shot,515,True,ANOMALY,False,low,none," Example: {   ""is_anomaly"": false,   ""severity"": ""low"",   ""root_cause"": ""none"",   ""remediation"": ""none"" }",82.21,474.38,85177
mistral-small,openstack,3,few_shot,516,False,NORMAL,False,low,none," Example: {   ""is_anomaly"": false,   ""severity"": ""low"",   ""root_cause"": ""none"",   ""remediation"": ""none"" }",82.21,474.38,85177
mistral-small,openstack,3,few_shot,517,True,ANOMALY,False,low,none," Example: {   ""is_anomaly"": false,   ""severity"": ""low"",   ""root_cause"": ""none"",   ""remediation"": ""none"" }",82.21,474.38,85177
mistral-small,openstack,3,few_shot,518,False,NORMAL,False,low,none," Example: {   ""is_anomaly"": false,   ""severity"": ""low"",   ""root_cause"": ""none"",   ""remediation"": ""none"" }",82.21,474.38,85177
mistral-small,openstack,3,few_shot,519,False,NORMAL,False,low,none," Example: {   ""is_anomaly"": false,   ""severity"": ""low"",   ""root_cause"": ""none"",   ""remediation"": ""none"" }",82.21,474.38,85177
mistral-small,openstack,3,few_shot,520,False,NORMAL,False,low,none," Example: {   ""is_anomaly"": false,   ""severity"": ""low"",   ""root_cause"": ""none"",   ""remediation"": ""none"" }",82.21,474.38,85177
mistral-small,openstack,3,few_shot,521,False,NORMAL,False,low,none," Example: {   ""is_anomaly"": false,   ""severity"": ""low"",   ""root_cause"": ""none"",   ""remediation"": ""none"" }",82.21,474.38,85177
mistral-small,openstack,3,few_shot,522,True,ANOMALY,False,low,none," Example: {   ""is_anomaly"": false,   ""severity"": ""low"",   ""root_cause"": ""none"",   ""remediation"": ""none"" }",82.21,474.38,85177
mistral-small,openstack,3,few_shot,523,False,NORMAL,False,low,none," Example: {   ""is_anomaly"": false,   ""severity"": ""low"",   ""root_cause"": ""none"",   ""remediation"": ""none"" }",82.21,474.38,85177
mistral-small,openstack,3,few_shot,524,False,NORMAL,False,low,none," Example: {   ""is_anomaly"": false,   ""severity"": ""low"",   ""root_cause"": ""none"",   ""remediation"": ""none"" }",82.21,474.38,85177
mistral-small,openstack,3,few_shot,525,True,ANOMALY,False,low,none," ```json {   ""is_anomaly"": false,   ""severity"": ""low"",   ""root_cause"": ""none"",   ""remediation"": ""none"" } ```",82.21,474.38,85177
mistral-small,openstack,3,few_shot,526,False,NORMAL,False,low,none," Example: {   ""is_anomaly"": false,   ""severity"": ""low"",   ""root_cause"": ""none"",   ""remediation"": ""none"" }",82.21,474.38,85177
mistral-small,openstack,3,few_shot,527,False,NORMAL,True,high,"Network connection was reset during block transfer, likely due to a transient network fault or overloaded DataNode."," Example: {   ""is_anomaly"": true,   ""severity"": ""high"",   ""root_cause"": ""Network connection was reset during block transfer, likely due to a transient network fault or overloaded DataNode."",   ""remediation"": ""Increase retry timeout and monitor network stability between DataNodes."" }",82.21,474.38,85177
mistral-small,openstack,3,few_shot,528,True,ANOMALY,False,low,none," Example: {   ""is_anomaly"": false,   ""severity"": ""low"",   ""root_cause"": ""none"",   ""remediation"": ""none"" }",82.21,474.38,85177
mistral-small,openstack,3,few_shot,529,True,ANOMALY,False,low,none," Example: {   ""is_anomaly"": false,   ""severity"": ""low"",   ""root_cause"": ""none"",   ""remediation"": ""none"" }",82.21,474.38,85177
mistral-small,openstack,3,few_shot,530,False,NORMAL,False,low,none," Example: {   ""is_anomaly"": false,   ""severity"": ""low"",   ""root_cause"": ""none"",   ""remediation"": ""none"" }",82.21,474.38,85177
mistral-small,openstack,3,few_shot,531,False,NORMAL,False,low,none," Example: {   ""is_anomaly"": false,   ""severity"": ""low"",   ""root_cause"": ""none"",   ""remediation"": ""none"" }",82.21,474.38,85177
mistral-small,openstack,3,few_shot,532,True,ANOMALY,False,low,none," Example: {   ""is_anomaly"": false,   ""severity"": ""low"",   ""root_cause"": ""none"",   ""remediation"": ""none"" }",82.21,474.38,85177
mistral-small,openstack,3,few_shot,533,True,ANOMALY,False,low,none," Example: {   ""is_anomaly"": false,   ""severity"": ""low"",   ""root_cause"": ""none"",   ""remediation"": ""none"" }",82.21,474.38,85177
mistral-small,openstack,3,few_shot,534,True,ANOMALY,False,low,none," ```json {   ""is_anomaly"": false,   ""severity"": ""low"",   ""root_cause"": ""none"",   ""remediation"": ""none"" } ```",82.21,474.38,85177
mistral-small,openstack,3,few_shot,535,True,ANOMALY,False,low,none," Example: {   ""is_anomaly"": false,   ""severity"": ""low"",   ""root_cause"": ""none"",   ""remediation"": ""none"" }",82.21,474.38,85177
mistral-small,openstack,3,few_shot,536,True,ANOMALY,False,low,none," Example: {   ""is_anomaly"": false,   ""severity"": ""low"",   ""root_cause"": ""none"",   ""remediation"": ""none"" }",82.21,474.38,85177
mistral-small,openstack,3,few_shot,537,True,ANOMALY,False,low,none," Example: {   ""is_anomaly"": false,   ""severity"": ""low"",   ""root_cause"": ""none"",   ""remediation"": ""none"" }",82.21,474.38,85177
mistral-small,openstack,3,few_shot,538,False,NORMAL,False,low,none," Example: {   ""is_anomaly"": false,   ""severity"": ""low"",   ""root_cause"": ""none"",   ""remediation"": ""none"" }",82.21,474.38,85177
mistral-small,openstack,3,few_shot,539,False,NORMAL,False,low,none," Example: {   ""is_anomaly"": false,   ""severity"": ""low"",   ""root_cause"": ""none"",   ""remediation"": ""none"" }",82.21,474.38,85177
mistral-small,openstack,3,few_shot,540,True,ANOMALY,False,low,none," Example: {   ""is_anomaly"": false,   ""severity"": ""low"",   ""root_cause"": ""none"",   ""remediation"": ""none"" }",82.21,474.38,85177
mistral-small,openstack,3,few_shot,541,False,NORMAL,False,low,none," Example: {   ""is_anomaly"": false,   ""severity"": ""low"",   ""root_cause"": ""none"",   ""remediation"": ""none"" }",82.21,474.38,85177
mistral-small,openstack,3,few_shot,542,False,NORMAL,False,low,none," ```json {   ""is_anomaly"": false,   ""severity"": ""low"",   ""root_cause"": ""none"",   ""remediation"": ""none"" } ```",82.21,474.38,85177
mistral-small,openstack,3,few_shot,543,True,ANOMALY,False,low,none," Example: {   ""is_anomaly"": false,   ""severity"": ""low"",   ""root_cause"": ""none"",   ""remediation"": ""none"" }",82.21,474.38,85177
mistral-small,openstack,3,few_shot,544,False,NORMAL,False,low,none," Example: {   ""is_anomaly"": false,   ""severity"": ""low"",   ""root_cause"": ""none"",   ""remediation"": ""none"" }",82.21,474.38,85177
mistral-small,openstack,3,few_shot,545,False,NORMAL,True,medium,"The base file for an instance is unknown, indicating a potential issue with instance image management."," ```json {   ""is_anomaly"": true,   ""severity"": ""medium"",   ""root_cause"": ""The base file for an instance is unknown, indicating a potential issue with instance image management."",   ""remediation"": ""Investigate the instance image management process and ensure that base files are correctly registered and managed."" } ```",82.21,474.38,85177
mistral-small,openstack,3,few_shot,546,False,NORMAL,False,low,none," Example: {   ""is_anomaly"": false,   ""severity"": ""low"",   ""root_cause"": ""none"",   ""remediation"": ""none"" }",82.21,474.38,85177
mistral-small,openstack,3,few_shot,547,True,ANOMALY,False,low,none," Example: {   ""is_anomaly"": false,   ""severity"": ""low"",   ""root_cause"": ""none"",   ""remediation"": ""none"" }",82.21,474.38,85177
mistral-small,openstack,3,few_shot,548,False,NORMAL,False,low,none," Example: {   ""is_anomaly"": false,   ""severity"": ""low"",   ""root_cause"": ""none"",   ""remediation"": ""none"" }",82.21,474.38,85177
mistral-small,openstack,3,few_shot,549,True,ANOMALY,False,low,none," Example: {   ""is_anomaly"": false,   ""severity"": ""low"",   ""root_cause"": ""none"",   ""remediation"": ""none"" }",82.21,474.38,85177
mistral-small,openstack,3,few_shot,550,False,NORMAL,False,low,none," Example: {   ""is_anomaly"": false,   ""severity"": ""low"",   ""root_cause"": ""none"",   ""remediation"": ""none"" }",82.21,474.38,85177
mistral-small,openstack,3,few_shot,551,False,NORMAL,False,low,none," Example: {   ""is_anomaly"": false,   ""severity"": ""low"",   ""root_cause"": ""none"",   ""remediation"": ""none"" }",82.21,474.38,85177
mistral-small,openstack,3,few_shot,552,True,ANOMALY,False,low,none," Example: {   ""is_anomaly"": false,   ""severity"": ""low"",   ""root_cause"": ""none"",   ""remediation"": ""none"" }",82.21,474.38,85177
mistral-small,openstack,3,few_shot,553,True,ANOMALY,False,low,none," Example: {   ""is_anomaly"": false,   ""severity"": ""low"",   ""root_cause"": ""none"",   ""remediation"": ""none"" }",82.21,474.38,85177
mistral-small,openstack,3,few_shot,554,True,ANOMALY,False,low,none," Example: {   ""is_anomaly"": false,   ""severity"": ""low"",   ""root_cause"": ""none"",   ""remediation"": ""none"" }",82.21,474.38,85177
mistral-small,openstack,3,few_shot,555,True,ANOMALY,False,low,none," ```json {   ""is_anomaly"": false,   ""severity"": ""low"",   ""root_cause"": ""none"",   ""remediation"": ""none"" } ```",82.21,474.38,85177
mistral-small,openstack,3,few_shot,556,False,NORMAL,False,low,none," ```json {   ""is_anomaly"": false,   ""severity"": ""low"",   ""root_cause"": ""none"",   ""remediation"": ""none"" } ```",82.21,474.38,85177
mistral-small,openstack,3,few_shot,557,False,NORMAL,False,low,none," Example: {   ""is_anomaly"": false,   ""severity"": ""low"",   ""root_cause"": ""none"",   ""remediation"": ""none"" }",82.21,474.38,85177
mistral-small,openstack,3,few_shot,558,True,ANOMALY,False,low,none," Example: {   ""is_anomaly"": false,   ""severity"": ""low"",   ""root_cause"": ""none"",   ""remediation"": ""none"" }",82.21,474.38,85177
mistral-small,openstack,3,few_shot,559,False,NORMAL,False,low,none," Example: {   ""is_anomaly"": false,   ""severity"": ""low"",   ""root_cause"": ""none"",   ""remediation"": ""none"" }",82.21,474.38,85177
mistral-small,openstack,3,few_shot,560,True,ANOMALY,False,low,none," Example: {   ""is_anomaly"": false,   ""severity"": ""low"",   ""root_cause"": ""none"",   ""remediation"": ""none"" }",82.21,474.38,85177
mistral-small,openstack,3,few_shot,561,False,NORMAL,False,low,none," Example: {   ""is_anomaly"": false,   ""severity"": ""low"",   ""root_cause"": ""none"",   ""remediation"": ""none"" }",82.21,474.38,85177
mistral-small,openstack,3,few_shot,562,True,ANOMALY,False,low,none," Example: {   ""is_anomaly"": false,   ""severity"": ""low"",   ""root_cause"": ""none"",   ""remediation"": ""none"" }",82.21,474.38,85177
mistral-small,openstack,3,few_shot,563,False,NORMAL,False,low,none," Example: {   ""is_anomaly"": false,   ""severity"": ""low"",   ""root_cause"": ""none"",   ""remediation"": ""none"" }",82.21,474.38,85177
mistral-small,openstack,3,few_shot,564,True,ANOMALY,False,low,none," Example: {   ""is_anomaly"": false,   ""severity"": ""low"",   ""root_cause"": ""none"",   ""remediation"": ""none"" }",82.21,474.38,85177
mistral-small,openstack,3,few_shot,565,False,NORMAL,False,low,none," Example: {   ""is_anomaly"": false,   ""severity"": ""low"",   ""root_cause"": ""none"",   ""remediation"": ""none"" }",82.21,474.38,85177
mistral-small,openstack,3,few_shot,566,False,NORMAL,False,low,none," Example: {   ""is_anomaly"": false,   ""severity"": ""low"",   ""root_cause"": ""none"",   ""remediation"": ""none"" }",82.21,474.38,85177
mistral-small,openstack,3,few_shot,567,True,ANOMALY,False,low,none," Example: {   ""is_anomaly"": false,   ""severity"": ""low"",   ""root_cause"": ""none"",   ""remediation"": ""none"" }",82.21,474.38,85177
mistral-small,openstack,3,few_shot,568,True,ANOMALY,False,low,none," Example: {   ""is_anomaly"": false,   ""severity"": ""low"",   ""root_cause"": ""none"",   ""remediation"": ""none"" }",82.21,474.38,85177
mistral-small,openstack,3,few_shot,569,False,NORMAL,False,low,none," Example: {   ""is_anomaly"": false,   ""severity"": ""low"",   ""root_cause"": ""none"",   ""remediation"": ""none"" }",82.21,474.38,85177
mistral-small,openstack,3,few_shot,570,False,NORMAL,False,low,none," Example: {   ""is_anomaly"": false,   ""severity"": ""low"",   ""root_cause"": ""none"",   ""remediation"": ""none"" }",82.21,474.38,85177
mistral-small,openstack,3,few_shot,571,True,ANOMALY,False,low,none," Example: {   ""is_anomaly"": false,   ""severity"": ""low"",   ""root_cause"": ""none"",   ""remediation"": ""none"" }",82.21,474.38,85177
mistral-small,openstack,3,few_shot,572,True,ANOMALY,False,low,none," Example: {   ""is_anomaly"": false,   ""severity"": ""low"",   ""root_cause"": ""none"",   ""remediation"": ""none"" }",82.21,474.38,85177
mistral-small,openstack,3,few_shot,573,False,NORMAL,False,low,none," Example: {   ""is_anomaly"": false,   ""severity"": ""low"",   ""root_cause"": ""none"",   ""remediation"": ""none"" }",82.21,474.38,85177
mistral-small,openstack,3,few_shot,574,False,NORMAL,False,low,none," Example: {   ""is_anomaly"": false,   ""severity"": ""low"",   ""root_cause"": ""none"",   ""remediation"": ""none"" }",82.21,474.38,85177
mistral-small,openstack,3,few_shot,575,False,NORMAL,False,low,none," Example: {   ""is_anomaly"": false,   ""severity"": ""low"",   ""root_cause"": ""none"",   ""remediation"": ""none"" }",82.21,474.38,85177
mistral-small,openstack,3,few_shot,576,False,NORMAL,False,low,none," Example: {   ""is_anomaly"": false,   ""severity"": ""low"",   ""root_cause"": ""none"",   ""remediation"": ""none"" }",82.21,474.38,85177
mistral-small,openstack,3,few_shot,577,False,NORMAL,False,low,none," Example: {   ""is_anomaly"": false,   ""severity"": ""low"",   ""root_cause"": ""none"",   ""remediation"": ""none"" }",82.21,474.38,85177
mistral-small,openstack,3,few_shot,578,False,NORMAL,False,low,none," Example: {   ""is_anomaly"": false,   ""severity"": ""low"",   ""root_cause"": ""none"",   ""remediation"": ""none"" }",82.21,474.38,85177
mistral-small,openstack,3,few_shot,579,True,ANOMALY,False,low,none," Example: {   ""is_anomaly"": false,   ""severity"": ""low"",   ""root_cause"": ""none"",   ""remediation"": ""none"" }",82.21,474.38,85177
mistral-small,openstack,3,few_shot,580,False,NORMAL,False,low,none," Example: {   ""is_anomaly"": false,   ""severity"": ""low"",   ""root_cause"": ""none"",   ""remediation"": ""none"" }",82.21,474.38,85177
mistral-small,openstack,3,few_shot,581,False,NORMAL,False,low,none," Example: {   ""is_anomaly"": false,   ""severity"": ""low"",   ""root_cause"": ""none"",   ""remediation"": ""none"" }",82.21,474.38,85177
mistral-small,openstack,3,few_shot,582,False,NORMAL,False,low,none," Example: {   ""is_anomaly"": false,   ""severity"": ""low"",   ""root_cause"": ""none"",   ""remediation"": ""none"" }",82.21,474.38,85177
mistral-small,openstack,3,few_shot,583,True,ANOMALY,False,low,none," Example: {   ""is_anomaly"": false,   ""severity"": ""low"",   ""root_cause"": ""none"",   ""remediation"": ""none"" }",82.21,474.38,85177
mistral-small,openstack,3,few_shot,584,False,NORMAL,False,low,none," Example: {   ""is_anomaly"": false,   ""severity"": ""low"",   ""root_cause"": ""none"",   ""remediation"": ""none"" }",82.21,474.38,85177
mistral-small,openstack,3,few_shot,585,True,ANOMALY,False,low,none," Example: {   ""is_anomaly"": false,   ""severity"": ""low"",   ""root_cause"": ""none"",   ""remediation"": ""none"" }",82.21,474.38,85177
mistral-small,openstack,3,few_shot,586,True,ANOMALY,False,low,none," Example: {   ""is_anomaly"": false,   ""severity"": ""low"",   ""root_cause"": ""none"",   ""remediation"": ""none"" }",82.21,474.38,85177
mistral-small,openstack,3,few_shot,587,False,NORMAL,False,low,none," Example: {   ""is_anomaly"": false,   ""severity"": ""low"",   ""root_cause"": ""none"",   ""remediation"": ""none"" }",82.21,474.38,85177
mistral-small,openstack,3,few_shot,588,False,NORMAL,False,low,none," Example: {   ""is_anomaly"": false,   ""severity"": ""low"",   ""root_cause"": ""none"",   ""remediation"": ""none"" }",82.21,474.38,85177
mistral-small,openstack,3,few_shot,589,True,ANOMALY,False,low,none," Example: {   ""is_anomaly"": false,   ""severity"": ""low"",   ""root_cause"": ""none"",   ""remediation"": ""none"" }",82.21,474.38,85177
mistral-small,openstack,3,few_shot,590,False,NORMAL,False,low,none," ```json {   ""is_anomaly"": false,   ""severity"": ""low"",   ""root_cause"": ""none"",   ""remediation"": ""none"" } ```",82.21,474.38,85177
mistral-small,openstack,3,few_shot,591,True,ANOMALY,False,low,none," Example: {   ""is_anomaly"": false,   ""severity"": ""low"",   ""root_cause"": ""none"",   ""remediation"": ""none"" }",82.21,474.38,85177
mistral-small,openstack,3,few_shot,592,False,NORMAL,False,low,none," Example: {   ""is_anomaly"": false,   ""severity"": ""low"",   ""root_cause"": ""none"",   ""remediation"": ""none"" }",82.21,474.38,85177
mistral-small,openstack,3,few_shot,593,True,ANOMALY,False,low,none," ```json {   ""is_anomaly"": false,   ""severity"": ""low"",   ""root_cause"": ""none"",   ""remediation"": ""none"" } ```",82.21,474.38,85177
mistral-small,openstack,3,few_shot,594,True,ANOMALY,False,low,none," Example: {   ""is_anomaly"": false,   ""severity"": ""low"",   ""root_cause"": ""none"",   ""remediation"": ""none"" }",82.21,474.38,85177
mistral-small,openstack,3,few_shot,595,False,NORMAL,False,low,none," Example: {   ""is_anomaly"": false,   ""severity"": ""low"",   ""root_cause"": ""none"",   ""remediation"": ""none"" }",82.21,474.38,85177
mistral-small,openstack,3,few_shot,596,True,ANOMALY,False,low,none," Example: {   ""is_anomaly"": false,   ""severity"": ""low"",   ""root_cause"": ""none"",   ""remediation"": ""none"" }",82.21,474.38,85177
mistral-small,openstack,3,few_shot,597,False,NORMAL,False,low,none," Example: {   ""is_anomaly"": false,   ""severity"": ""low"",   ""root_cause"": ""none"",   ""remediation"": ""none"" }",82.21,474.38,85177
mistral-small,openstack,3,few_shot,598,False,NORMAL,False,low,none," Example: {   ""is_anomaly"": false,   ""severity"": ""low"",   ""root_cause"": ""none"",   ""remediation"": ""none"" }",82.21,474.38,85177
mistral-small,openstack,3,few_shot,599,True,ANOMALY,False,low,none," Example: {   ""is_anomaly"": false,   ""severity"": ""low"",   ""root_cause"": ""none"",   ""remediation"": ""none"" }",82.21,474.38,85177
