model,dataset,seed,prompt_style,incident_id,ground_truth_is_anomaly,ground_truth_category,pred_is_anomaly,pred_severity,pred_root_cause,raw_output,latency_total_s,tokens_per_sec,peak_vram_mb
qwen2.5-14b,bgl,1,rag,0,False,NORMAL,False,low,none,"{   ""is_anomaly"": false,   ""severity"": ""low"",   ""root_cause"": ""none"",   ""remediation"": ""none"" }",185.19,314.94,86493
qwen2.5-14b,bgl,1,rag,1,True,APPSEV,True,high,"Multiple CioStream sockets to 172.16.96.116 have been severed, indicating a network or application issue.","{   ""is_anomaly"": true,   ""severity"": ""high"",   ""root_cause"": ""Multiple CioStream sockets to 172.16.96.116 have been severed, indicating a network or application issue."",   ""remediation"": ""Check network connectivity and restart the application if necessary."" }",185.19,314.94,86493
qwen2.5-14b,bgl,1,rag,2,True,KERNSTOR,True,high,Multiple data storage interrupts indicate a potential issue with the storage subsystem.,"{   ""is_anomaly"": true,   ""severity"": ""high"",   ""root_cause"": ""Multiple data storage interrupts indicate a potential issue with the storage subsystem."",   ""remediation"": ""Check storage hardware and connectivity, and consider running diagnostics or replacing faulty components."" }",185.19,314.94,86493
qwen2.5-14b,bgl,1,rag,3,False,NORMAL,True,low,"The log entries show a repeated pattern of the same number of exceptions, which is unusual and not seen in precedent cases.","{   ""is_anomaly"": true,   ""severity"": ""low"",   ""root_cause"": ""The log entries show a repeated pattern of the same number of exceptions, which is unusual and not seen in precedent cases."",   ""remediation"": ""Review the code or configuration that generates these exceptions to ensure it is functioning as expected."" }",185.19,314.94,86493
qwen2.5-14b,bgl,1,rag,4,True,KERNDTLB,True,high,Multiple consecutive TLB error interrupts indicate a kernel data TLB issue.,"{   ""is_anomaly"": true,   ""severity"": ""high"",   ""root_cause"": ""Multiple consecutive TLB error interrupts indicate a kernel data TLB issue."",   ""remediation"": ""Restart the system to clear TLB errors and monitor for recurrence."" }",185.19,314.94,86493
qwen2.5-14b,bgl,1,rag,5,True,KERNDTLB,True,high,Multiple consecutive TLB error interrupts indicate a kernel data TLB issue.,"{   ""is_anomaly"": true,   ""severity"": ""high"",   ""root_cause"": ""Multiple consecutive TLB error interrupts indicate a kernel data TLB issue."",   ""remediation"": ""Restart the system to clear TLB errors and monitor for recurrence."" }",185.19,314.94,86493
qwen2.5-14b,bgl,1,rag,6,False,NORMAL,False,low,none,"{   ""is_anomaly"": false,   ""severity"": ""low"",   ""root_cause"": ""none"",   ""remediation"": ""none"" }",185.19,314.94,86493
qwen2.5-14b,bgl,1,rag,7,False,NORMAL,False,low,none,"{   ""is_anomaly"": false,   ""severity"": ""low"",   ""root_cause"": ""none"",   ""remediation"": ""none"" }",185.19,314.94,86493
qwen2.5-14b,bgl,1,rag,8,True,APPSEV,True,high,Multiple CioStream socket errors indicate a potential network issue or server instability.,"{   ""is_anomaly"": true,   ""severity"": ""high"",   ""root_cause"": ""Multiple CioStream socket errors indicate a potential network issue or server instability."",   ""remediation"": ""Check network connectivity and server status for 172.16.96.116."" }",185.19,314.94,86493
qwen2.5-14b,bgl,1,rag,9,True,KERNDTLB,True,high,Multiple consecutive TLB error interrupts indicate a kernel data TLB issue.,"{   ""is_anomaly"": true,   ""severity"": ""high"",   ""root_cause"": ""Multiple consecutive TLB error interrupts indicate a kernel data TLB issue."",   ""remediation"": ""Restart the system to clear TLB errors and monitor for recurrence."" }",185.19,314.94,86493
qwen2.5-14b,bgl,1,rag,10,True,KERNDTLB,True,medium,data TLB error interrupt indicates a hardware or software issue causing a translation lookaside buffer error,"{   ""is_anomaly"": true,   ""severity"": ""medium"",   ""root_cause"": ""data TLB error interrupt indicates a hardware or software issue causing a translation lookaside buffer error"",   ""remediation"": ""restart the affected service or system to clear the error"" }",185.19,314.94,86493
qwen2.5-14b,bgl,1,rag,11,False,NORMAL,False,low,none,"{   ""is_anomaly"": false,   ""severity"": ""low"",   ""root_cause"": ""none"",   ""remediation"": ""none"" } Based on the provided log window and the precedent incidents, the current log window does not indicate any anomalies. The log entries are consistent with normal system behavior as seen in the past incidents, where ""generating core"" messages are logged without any associated issues. Therefore, the system",185.19,314.94,86493
qwen2.5-14b,bgl,1,rag,12,False,NORMAL,True,medium,"The system is receiving signal 15, which typically indicates a graceful shutdown or termination of processes, and the addresses are inconsistent, suggesting potential instability.","{   ""is_anomaly"": true,   ""severity"": ""medium"",   ""root_cause"": ""The system is receiving signal 15, which typically indicates a graceful shutdown or termination of processes, and the addresses are inconsistent, suggesting potential instability."",   ""remediation"": ""Check the system for any scheduled shutdowns or terminations and ensure that the processes are handling signals correctly."" }",185.19,314.94,86493
qwen2.5-14b,bgl,1,rag,13,True,KERNRTSP,True,high,rts panic! indicates a critical system error leading to execution stoppage,"{   ""is_anomaly"": true,   ""severity"": ""high"",   ""root_cause"": ""rts panic! indicates a critical system error leading to execution stoppage"",   ""remediation"": ""Investigate and address the underlying issue causing the rts panic, possibly involving system reboot or kernel update"" }",185.19,314.94,86493
qwen2.5-14b,bgl,1,rag,14,True,KERNSTOR,True,high,Multiple data storage interrupts indicate a potential issue with the storage subsystem.,"{   ""is_anomaly"": true,   ""severity"": ""high"",   ""root_cause"": ""Multiple data storage interrupts indicate a potential issue with the storage subsystem."",   ""remediation"": ""Check storage hardware and connectivity, and consider running diagnostics or replacing faulty components."" }",185.19,314.94,86493
qwen2.5-14b,bgl,1,rag,15,False,NORMAL,True,low,"The log entry 'iar 0010686c dear 02f692fc' has a different format and value compared to the others, indicating a potential anomaly.","{   ""is_anomaly"": true,   ""severity"": ""low"",   ""root_cause"": ""The log entry 'iar 0010686c dear 02f692fc' has a different format and value compared to the others, indicating a potential anomaly."",   ""remediation"": ""Review the log entry 'iar 0010686c dear 02f692fc' for any errors or unexpected behavior."" }",185.19,314.94,86493
qwen2.5-14b,bgl,1,rag,16,True,KERNDTLB,True,high,Multiple consecutive TLB error interrupts indicate a kernel data TLB issue.,"{   ""is_anomaly"": true,   ""severity"": ""high"",   ""root_cause"": ""Multiple consecutive TLB error interrupts indicate a kernel data TLB issue."",   ""remediation"": ""Restart the system to clear TLB errors and monitor for recurrence."" }",185.19,314.94,86493
qwen2.5-14b,bgl,1,rag,17,True,KERNSTOR,True,high,Multiple data storage interrupts indicate a potential issue with the storage subsystem.,"{   ""is_anomaly"": true,   ""severity"": ""high"",   ""root_cause"": ""Multiple data storage interrupts indicate a potential issue with the storage subsystem."",   ""remediation"": ""Check storage hardware and connectivity, and consider running diagnostics or replacing faulty components."" }",185.19,314.94,86493
qwen2.5-14b,bgl,1,rag,18,False,NORMAL,True,medium,"The directory /home/germann2/SPaSM_static does not exist, causing login failures.","{   ""is_anomaly"": true,   ""severity"": ""medium"",   ""root_cause"": ""The directory /home/germann2/SPaSM_static does not exist, causing login failures."",   ""remediation"": ""Create the missing directory or adjust the login script to point to an existing directory."" }",185.19,314.94,86493
qwen2.5-14b,bgl,1,rag,19,True,KERNSTOR,True,high,Multiple data storage interrupts indicate a potential issue with the storage subsystem.,"{   ""is_anomaly"": true,   ""severity"": ""high"",   ""root_cause"": ""Multiple data storage interrupts indicate a potential issue with the storage subsystem."",   ""remediation"": ""Check storage hardware and connectivity, and consider running diagnostics or replacing faulty components."" }",185.19,314.94,86493
qwen2.5-14b,bgl,1,rag,20,True,KERNMNTF,True,high,Multiple Lustre mount failures indicate a potential kernel module or network issue affecting Lustre mounts.,"{   ""is_anomaly"": true,   ""severity"": ""high"",   ""root_cause"": ""Multiple Lustre mount failures indicate a potential kernel module or network issue affecting Lustre mounts."",   ""remediation"": ""Check Lustre kernel module status and network connectivity between nodes."" }",185.19,314.94,86493
qwen2.5-14b,bgl,1,rag,21,True,KERNDTLB,True,high,Multiple consecutive TLB error interrupts indicate a kernel data TLB issue.,"{   ""is_anomaly"": true,   ""severity"": ""high"",   ""root_cause"": ""Multiple consecutive TLB error interrupts indicate a kernel data TLB issue."",   ""remediation"": ""Restart the system to clear TLB errors and monitor for recurrence."" }",185.19,314.94,86493
qwen2.5-14b,bgl,1,rag,22,False,NORMAL,False,low,none,"{   ""is_anomaly"": false,   ""severity"": ""low"",   ""root_cause"": ""none"",   ""remediation"": ""none"" }",185.19,314.94,86493
qwen2.5-14b,bgl,1,rag,23,True,APPOUT,True,medium,"Input/output error when attempting to change directory, indicating a potential issue with the file system or permissions.","{   ""is_anomaly"": true,   ""severity"": ""medium"",   ""root_cause"": ""Input/output error when attempting to change directory, indicating a potential issue with the file system or permissions."",   ""remediation"": ""Check the file system integrity and permissions for the directory /p/gb1/stella/RAPTOR/2183."" }",185.19,314.94,86493
qwen2.5-14b,bgl,1,rag,24,False,NORMAL,False,low,none,"{   ""is_anomaly"": false,   ""severity"": ""low"",   ""root_cause"": ""none"",   ""remediation"": ""none"" }",185.19,314.94,86493
qwen2.5-14b,bgl,1,rag,25,False,NORMAL,False,low,"The program image has an exec format error, likely due to incompatibility with the system architecture.","{   ""is_anomaly"": false,   ""severity"": ""low"",   ""root_cause"": ""The program image has an exec format error, likely due to incompatibility with the system architecture."",   ""remediation"": ""Ensure the program is compatible with the system architecture or reinstall the correct version of the program."" }",185.19,314.94,86493
qwen2.5-14b,bgl,1,rag,26,True,KERNMNTF,True,high,Multiple Lustre mount failures indicate a potential issue with the Lustre file system or network connectivity.,"{   ""is_anomaly"": true,   ""severity"": ""high"",   ""root_cause"": ""Multiple Lustre mount failures indicate a potential issue with the Lustre file system or network connectivity."",   ""remediation"": ""Check Lustre file system status and network connectivity between nodes."" }",185.19,314.94,86493
qwen2.5-14b,bgl,1,rag,27,True,KERNDTLB,True,high,Multiple consecutive TLB error interrupts indicate a kernel data TLB issue.,"{   ""is_anomaly"": true,   ""severity"": ""high"",   ""root_cause"": ""Multiple consecutive TLB error interrupts indicate a kernel data TLB issue."",   ""remediation"": ""Restart the system to clear TLB errors and monitor for recurrence."" }",185.19,314.94,86493
qwen2.5-14b,bgl,1,rag,28,False,NORMAL,False,low,none,"{   ""is_anomaly"": false,   ""severity"": ""low"",   ""root_cause"": ""none"",   ""remediation"": ""none"" }",185.19,314.94,86493
qwen2.5-14b,bgl,1,rag,29,True,KERNDTLB,True,high,Multiple consecutive TLB error interrupts indicate a kernel data TLB issue.,"{   ""is_anomaly"": true,   ""severity"": ""high"",   ""root_cause"": ""Multiple consecutive TLB error interrupts indicate a kernel data TLB issue."",   ""remediation"": ""Restart the system to clear TLB errors and monitor for recurrence."" }",185.19,314.94,86493
qwen2.5-14b,bgl,1,rag,30,True,KERNDTLB,True,high,Multiple consecutive TLB error interrupts indicate a kernel data TLB issue.,"{   ""is_anomaly"": true,   ""severity"": ""high"",   ""root_cause"": ""Multiple consecutive TLB error interrupts indicate a kernel data TLB issue."",   ""remediation"": ""Restart the system to clear TLB errors and monitor for recurrence."" }",185.19,314.94,86493
qwen2.5-14b,bgl,1,rag,31,False,NORMAL,False,low,none,"{   ""is_anomaly"": false,   ""severity"": ""low"",   ""root_cause"": ""none"",   ""remediation"": ""none"" }",185.19,314.94,86493
qwen2.5-14b,bgl,1,rag,32,False,NORMAL,False,low,none,"{   ""is_anomaly"": false,   ""severity"": ""low"",   ""root_cause"": ""none"",   ""remediation"": ""none"" }",185.19,314.94,86493
qwen2.5-14b,bgl,1,rag,33,True,APPSEV,True,high,"Multiple CioStream sockets to 172.16.96.116 have been severed, indicating a network or application issue.","{   ""is_anomaly"": true,   ""severity"": ""high"",   ""root_cause"": ""Multiple CioStream sockets to 172.16.96.116 have been severed, indicating a network or application issue."",   ""remediation"": ""Check network connectivity and restart the application if necessary."" }",185.19,314.94,86493
qwen2.5-14b,bgl,1,rag,34,True,KERNSTOR,True,high,Multiple data storage interrupts indicate a potential issue with the storage system or its connectivity.,"{   ""is_anomaly"": true,   ""severity"": ""high"",   ""root_cause"": ""Multiple data storage interrupts indicate a potential issue with the storage system or its connectivity."",   ""remediation"": ""Check the storage system's health and connectivity, and consider restarting the storage service if necessary."" }",185.19,314.94,86493
qwen2.5-14b,bgl,1,rag,35,False,NORMAL,False,low,none,"{   ""is_anomaly"": false,   ""severity"": ""low"",   ""root_cause"": ""none"",   ""remediation"": ""none"" }",185.19,314.94,86493
qwen2.5-14b,bgl,1,rag,36,False,NORMAL,False,low,none,"{   ""is_anomaly"": false,   ""severity"": ""low"",   ""root_cause"": ""none"",   ""remediation"": ""none"" }",185.19,314.94,86493
qwen2.5-14b,bgl,1,rag,37,False,NORMAL,True,medium,Memory corruption or invalid memory access detected due to repeated 'CE sym 21' errors.,"{   ""is_anomaly"": true,   ""severity"": ""medium"",   ""root_cause"": ""Memory corruption or invalid memory access detected due to repeated 'CE sym 21' errors."",   ""remediation"": ""Review and debug the code segment around the memory addresses mentioned in the logs."" }",185.19,314.94,86493
qwen2.5-14b,bgl,1,rag,38,False,NORMAL,True,high,Invalid node ECIDs and mismatched VPD data indicate hardware configuration issues or failures in processor card slots.,"{   ""is_anomaly"": true,   ""severity"": ""high"",   ""root_cause"": ""Invalid node ECIDs and mismatched VPD data indicate hardware configuration issues or failures in processor card slots."",   ""remediation"": ""Check and replace faulty processor cards in slots J13, J14, and J17."" }",185.19,314.94,86493
qwen2.5-14b,bgl,1,rag,39,True,APPSEV,True,medium,Multiple CioStream socket errors indicate a potential network issue or server instability.,"{   ""is_anomaly"": true,   ""severity"": ""medium"",   ""root_cause"": ""Multiple CioStream socket errors indicate a potential network issue or server instability."",   ""remediation"": ""Check network connectivity and server status for 172.16.96.116."" }",185.19,314.94,86493
qwen2.5-14b,bgl,1,rag,40,True,KERNDTLB,True,high,Multiple consecutive TLB error interrupts indicate a kernel data TLB issue.,"{   ""is_anomaly"": true,   ""severity"": ""high"",   ""root_cause"": ""Multiple consecutive TLB error interrupts indicate a kernel data TLB issue."",   ""remediation"": ""Restart the system to clear TLB errors and monitor for recurrence."" }",185.19,314.94,86493
qwen2.5-14b,bgl,1,rag,41,False,NORMAL,False,low,none,"{   ""is_anomaly"": false,   ""severity"": ""low"",   ""root_cause"": ""none"",   ""remediation"": ""none"" }",185.19,314.94,86493
qwen2.5-14b,bgl,1,rag,42,True,KERNSTOR,True,high,Multiple data storage interrupts indicate a potential issue with the storage system or its connectivity.,"{   ""is_anomaly"": true,   ""severity"": ""high"",   ""root_cause"": ""Multiple data storage interrupts indicate a potential issue with the storage system or its connectivity."",   ""remediation"": ""Check the storage system's health and connectivity, and consider restarting the storage service if necessary."" }",185.19,314.94,86493
qwen2.5-14b,bgl,1,rag,43,True,KERNSTOR,True,high,Multiple data storage interrupts indicate a potential issue with the storage system or its connectivity.,"{   ""is_anomaly"": true,   ""severity"": ""high"",   ""root_cause"": ""Multiple data storage interrupts indicate a potential issue with the storage system or its connectivity."",   ""remediation"": ""Check the storage system's health and connectivity, and consider restarting the storage service if necessary."" }",185.19,314.94,86493
qwen2.5-14b,bgl,1,rag,44,True,KERNDTLB,True,high,Multiple consecutive TLB error interrupts indicate a kernel data TLB issue.,"{   ""is_anomaly"": true,   ""severity"": ""high"",   ""root_cause"": ""Multiple consecutive TLB error interrupts indicate a kernel data TLB issue."",   ""remediation"": ""Restart the system to clear TLB errors and monitor for recurrence."" }",185.19,314.94,86493
qwen2.5-14b,bgl,1,rag,45,False,NORMAL,False,low,none,"{   ""is_anomaly"": false,   ""severity"": ""low"",   ""root_cause"": ""none"",   ""remediation"": ""none"" }",185.19,314.94,86493
qwen2.5-14b,bgl,1,rag,46,True,KERNMNTF,True,high,Multiple Lustre mount failures for the same mount point indicate a potential issue with the Lustre file system or the mount point configuration.,"{   ""is_anomaly"": true,   ""severity"": ""high"",   ""root_cause"": ""Multiple Lustre mount failures for the same mount point indicate a potential issue with the Lustre file system or the mount point configuration."",   ""remediation"": ""Check Lustre file system status and configuration for the mount point /p/gb1, and attempt to remount the file system."" }",185.19,314.94,86493
qwen2.5-14b,bgl,1,rag,47,True,KERNDTLB,True,high,Multiple consecutive TLB error interrupts indicate a kernel data TLB issue.,"{   ""is_anomaly"": true,   ""severity"": ""high"",   ""root_cause"": ""Multiple consecutive TLB error interrupts indicate a kernel data TLB issue."",   ""remediation"": ""Restart the system to clear TLB errors and monitor for recurrence."" }",185.19,314.94,86493
qwen2.5-14b,bgl,1,rag,48,False,NORMAL,False,low,none,"{   ""is_anomaly"": false,   ""severity"": ""low"",   ""root_cause"": ""none"",   ""remediation"": ""none"" }",185.19,314.94,86493
qwen2.5-14b,bgl,1,rag,49,True,KERNDTLB,True,high,Multiple consecutive TLB error interrupts indicate a kernel data TLB issue.,"{   ""is_anomaly"": true,   ""severity"": ""high"",   ""root_cause"": ""Multiple consecutive TLB error interrupts indicate a kernel data TLB issue."",   ""remediation"": ""Restart the system to clear TLB errors and monitor for recurrence."" }",185.19,314.94,86493
qwen2.5-14b,bgl,1,rag,50,True,KERNDTLB,True,high,Multiple consecutive TLB error interrupts indicate a kernel data TLB issue.,"{   ""is_anomaly"": true,   ""severity"": ""high"",   ""root_cause"": ""Multiple consecutive TLB error interrupts indicate a kernel data TLB issue."",   ""remediation"": ""Restart the system to clear TLB errors and monitor for recurrence."" }",185.19,314.94,86493
qwen2.5-14b,bgl,1,rag,51,True,KERNDTLB,True,high,Multiple consecutive TLB error interrupts indicate a kernel data TLB issue.,"{   ""is_anomaly"": true,   ""severity"": ""high"",   ""root_cause"": ""Multiple consecutive TLB error interrupts indicate a kernel data TLB issue."",   ""remediation"": ""Restart the system to clear TLB errors and monitor for recurrence."" }",185.19,314.94,86493
qwen2.5-14b,bgl,1,rag,52,True,KERNMICRO,True,high,Multiple Microloader Assertions indicate a potential kernel or microloader module failure.,"{   ""is_anomaly"": true,   ""severity"": ""high"",   ""root_cause"": ""Multiple Microloader Assertions indicate a potential kernel or microloader module failure."",   ""remediation"": ""Restart the affected service or system to resolve the issue."" }",185.19,314.94,86493
qwen2.5-14b,bgl,1,rag,53,False,NORMAL,False,low,none,"{   ""is_anomaly"": false,   ""severity"": ""low"",   ""root_cause"": ""none"",   ""remediation"": ""none"" }",185.19,314.94,86493
qwen2.5-14b,bgl,1,rag,54,False,NORMAL,False,low,none,"{   ""is_anomaly"": false,   ""severity"": ""low"",   ""root_cause"": ""none"",   ""remediation"": ""none"" }",185.19,314.94,86493
qwen2.5-14b,bgl,1,rag,55,False,NORMAL,False,low,none,"{   ""is_anomaly"": false,   ""severity"": ""low"",   ""root_cause"": ""none"",   ""remediation"": ""none"" }",185.19,314.94,86493
qwen2.5-14b,bgl,1,rag,56,False,NORMAL,False,low,none,"{   ""is_anomaly"": false,   ""severity"": ""low"",   ""root_cause"": ""none"",   ""remediation"": ""none"" }",185.19,314.94,86493
qwen2.5-14b,bgl,1,rag,57,False,NORMAL,True,high,"The system is generating an excessive number of core files, indicating a potential crash or segmentation fault in the program /home/germann2/BGL-demo/SPaSM_mpi.","{   ""is_anomaly"": true,   ""severity"": ""high"",   ""root_cause"": ""The system is generating an excessive number of core files, indicating a potential crash or segmentation fault in the program /home/germann2/BGL-demo/SPaSM_mpi."",   ""remediation"": ""Investigate the core files and the program's logs to identify and fix the underlying issue causing the crashes."" }",185.19,314.94,86493
qwen2.5-14b,bgl,1,rag,58,False,NORMAL,False,low,none,"{   ""is_anomaly"": false,   ""severity"": ""low"",   ""root_cause"": ""none"",   ""remediation"": ""none"" }",185.19,314.94,86493
qwen2.5-14b,bgl,1,rag,59,True,KERNRTSP,True,high,rts panic! indicates a critical kernel issue causing execution to stop repeatedly.,"{   ""is_anomaly"": true,   ""severity"": ""high"",   ""root_cause"": ""rts panic! indicates a critical kernel issue causing execution to stop repeatedly."",   ""remediation"": ""Restart the system and review kernel logs for more detailed error messages."" }",185.19,314.94,86493
qwen2.5-14b,bgl,1,rag,60,False,NORMAL,False,low,none,"{   ""is_anomaly"": false,   ""severity"": ""low"",   ""root_cause"": ""none"",   ""remediation"": ""none"" }",185.19,314.94,86493
qwen2.5-14b,bgl,1,rag,61,True,KERNMNTF,True,high,Multiple Lustre mount failures on different nodes for the same mount point indicate a potential issue with the Lustre file system or network connectivity.,"{   ""is_anomaly"": true,   ""severity"": ""high"",   ""root_cause"": ""Multiple Lustre mount failures on different nodes for the same mount point indicate a potential issue with the Lustre file system or network connectivity."",   ""remediation"": ""Check Lustre file system status and network connectivity between nodes and the Lustre server."" }",185.19,314.94,86493
qwen2.5-14b,bgl,1,rag,62,True,KERNSTOR,True,high,Multiple data storage interrupts indicate a potential issue with the storage system or its connectivity.,"{   ""is_anomaly"": true,   ""severity"": ""high"",   ""root_cause"": ""Multiple data storage interrupts indicate a potential issue with the storage system or its connectivity."",   ""remediation"": ""Check the storage system's health and connectivity, and consider restarting the storage service if necessary."" }",185.19,314.94,86493
qwen2.5-14b,bgl,1,rag,63,False,NORMAL,False,low,none,"{   ""is_anomaly"": false,   ""severity"": ""low"",   ""root_cause"": ""none"",   ""remediation"": ""none"" }",185.19,314.94,86493
qwen2.5-14b,bgl,1,rag,64,False,NORMAL,False,low,none,"{   ""is_anomaly"": false,   ""severity"": ""low"",   ""root_cause"": ""none"",   ""remediation"": ""none"" } Based on the provided log window and the precedent incidents, the current log window does not indicate any anomalies. The logs are consistent with normal system behavior as seen in the past incidents, where ""generating core"" messages are logged without any associated issues. Therefore, the system is ope",185.19,314.94,86493
qwen2.5-14b,bgl,1,rag,65,False,NORMAL,False,low,none,"{   ""is_anomaly"": false,   ""severity"": ""low"",   ""root_cause"": ""none"",   ""remediation"": ""none"" } Based on the provided log window and the precedent incidents, the current log window does not indicate any anomalies. The logs show a consistent pattern of zero critical input interrupts and zero microseconds spent on critical input interrupts, which is similar to the normal patterns observed in the pre",185.19,314.94,86493
qwen2.5-14b,bgl,1,rag,66,True,KERNDTLB,True,high,Multiple consecutive TLB error interrupts indicate a kernel data TLB issue.,"{   ""is_anomaly"": true,   ""severity"": ""high"",   ""root_cause"": ""Multiple consecutive TLB error interrupts indicate a kernel data TLB issue."",   ""remediation"": ""Restart the system to clear TLB errors and monitor for recurrence."" }",185.19,314.94,86493
qwen2.5-14b,bgl,1,rag,67,False,NORMAL,False,low,none,"{   ""is_anomaly"": false,   ""severity"": ""low"",   ""root_cause"": ""none"",   ""remediation"": ""none"" }",185.19,314.94,86493
qwen2.5-14b,bgl,1,rag,68,True,KERNSTOR,True,high,Multiple data storage interrupts indicate a potential issue with the storage system or its connectivity.,"{   ""is_anomaly"": true,   ""severity"": ""high"",   ""root_cause"": ""Multiple data storage interrupts indicate a potential issue with the storage system or its connectivity."",   ""remediation"": ""Check the storage system's health and connectivity, and consider restarting the storage service if necessary."" }",185.19,314.94,86493
qwen2.5-14b,bgl,1,rag,69,False,NORMAL,False,low,"DDR errors and torus retransmission/input pipe errors detected and corrected, within normal operational parameters","{   ""is_anomaly"": false,   ""severity"": ""low"",   ""root_cause"": ""DDR errors and torus retransmission/input pipe errors detected and corrected, within normal operational parameters"",   ""remediation"": ""none"" }",185.19,314.94,86493
qwen2.5-14b,bgl,1,rag,70,True,KERNDTLB,True,high,Multiple consecutive TLB error interrupts indicate a kernel data TLB issue.,"{   ""is_anomaly"": true,   ""severity"": ""high"",   ""root_cause"": ""Multiple consecutive TLB error interrupts indicate a kernel data TLB issue."",   ""remediation"": ""Restart the system to clear TLB errors and monitor for recurrence."" }",185.19,314.94,86493
qwen2.5-14b,bgl,1,rag,71,False,NORMAL,False,low,none,"{   ""is_anomaly"": false,   ""severity"": ""low"",   ""root_cause"": ""none"",   ""remediation"": ""none"" }",185.19,314.94,86493
qwen2.5-14b,bgl,1,rag,72,False,NORMAL,True,medium,Permission denied errors indicate the user does not have the necessary permissions to access the specified file.,"{   ""is_anomaly"": true,   ""severity"": ""medium"",   ""root_cause"": ""Permission denied errors indicate the user does not have the necessary permissions to access the specified file."",   ""remediation"": ""Check and adjust file permissions or run the command with appropriate user privileges."" }",185.19,314.94,86493
qwen2.5-14b,bgl,1,rag,73,False,NORMAL,False,low,none,"{   ""is_anomaly"": false,   ""severity"": ""low"",   ""root_cause"": ""none"",   ""remediation"": ""none"" }",185.19,314.94,86493
qwen2.5-14b,bgl,1,rag,74,False,NORMAL,False,low,none,"{   ""is_anomaly"": false,   ""severity"": ""low"",   ""root_cause"": ""none"",   ""remediation"": ""none"" }",185.19,314.94,86493
qwen2.5-14b,bgl,1,rag,75,True,KERNMICRO,True,high,Multiple Microloader Assertions indicate a potential kernel or microloader module failure.,"{   ""is_anomaly"": true,   ""severity"": ""high"",   ""root_cause"": ""Multiple Microloader Assertions indicate a potential kernel or microloader module failure."",   ""remediation"": ""Restart the affected service or system to resolve the issue."" }",185.19,314.94,86493
qwen2.5-14b,bgl,1,rag,76,False,NORMAL,False,low,none,"{   ""is_anomaly"": false,   ""severity"": ""low"",   ""root_cause"": ""none"",   ""remediation"": ""none"" }",185.19,314.94,86493
qwen2.5-14b,bgl,1,rag,77,False,NORMAL,False,low,none,"{   ""is_anomaly"": false,   ""severity"": ""low"",   ""root_cause"": ""none"",   ""remediation"": ""none"" }",185.19,314.94,86493
qwen2.5-14b,bgl,1,rag,78,False,NORMAL,False,low,none,"{   ""is_anomaly"": false,   ""severity"": ""low"",   ""root_cause"": ""none"",   ""remediation"": ""none"" }",185.19,314.94,86493
qwen2.5-14b,bgl,1,rag,79,True,KERNDTLB,True,high,Multiple consecutive TLB error interrupts indicate a kernel data TLB issue.,"{   ""is_anomaly"": true,   ""severity"": ""high"",   ""root_cause"": ""Multiple consecutive TLB error interrupts indicate a kernel data TLB issue."",   ""remediation"": ""Restart the system to clear TLB errors and monitor for recurrence."" }",185.19,314.94,86493
qwen2.5-14b,bgl,1,rag,80,False,NORMAL,False,low,"DDR errors detected and corrected, indicating potential hardware instability but no system failure","{   ""is_anomaly"": false,   ""severity"": ""low"",   ""root_cause"": ""DDR errors detected and corrected, indicating potential hardware instability but no system failure"",   ""remediation"": ""Monitor the system for recurring errors and consider hardware inspection if errors persist"" }",185.19,314.94,86493
qwen2.5-14b,bgl,1,rag,81,False,NORMAL,False,low,none,"{   ""is_anomaly"": false,   ""severity"": ""low"",   ""root_cause"": ""none"",   ""remediation"": ""none"" }",185.19,314.94,86493
qwen2.5-14b,bgl,1,rag,82,True,KERNSTOR,True,high,Multiple data storage interrupts indicate a potential issue with the storage subsystem.,"{   ""is_anomaly"": true,   ""severity"": ""high"",   ""root_cause"": ""Multiple data storage interrupts indicate a potential issue with the storage subsystem."",   ""remediation"": ""Check storage hardware and connectivity, and consider running diagnostics or replacing faulty components."" }",185.19,314.94,86493
qwen2.5-14b,bgl,1,rag,83,True,KERNRTSP,True,high,Multiple ddr errors and rts panic indicate potential hardware failure or severe software issue.,"{   ""is_anomaly"": true,   ""severity"": ""high"",   ""root_cause"": ""Multiple ddr errors and rts panic indicate potential hardware failure or severe software issue."",   ""remediation"": ""Perform hardware diagnostics and check for software updates or patches."" }",185.19,314.94,86493
qwen2.5-14b,bgl,1,rag,84,False,NORMAL,False,low,none,"{   ""is_anomaly"": false,   ""severity"": ""low"",   ""root_cause"": ""none"",   ""remediation"": ""none"" }",185.19,314.94,86493
qwen2.5-14b,bgl,1,rag,85,False,NORMAL,False,low,none,"{   ""is_anomaly"": false,   ""severity"": ""low"",   ""root_cause"": ""none"",   ""remediation"": ""none"" }",185.19,314.94,86493
qwen2.5-14b,bgl,1,rag,86,True,KERNSTOR,True,medium,Repeated data storage interrupts and data address errors suggest a potential issue with data storage or memory management.,"{   ""is_anomaly"": true,   ""severity"": ""medium"",   ""root_cause"": ""Repeated data storage interrupts and data address errors suggest a potential issue with data storage or memory management."",   ""remediation"": ""Check and possibly repair or replace the storage device and ensure memory addresses are correctly managed."" }",185.19,314.94,86493
qwen2.5-14b,bgl,1,rag,87,True,KERNTERM,True,high,"The system is experiencing repeated kernel terminations, indicating a critical system failure.","{   ""is_anomaly"": true,   ""severity"": ""high"",   ""root_cause"": ""The system is experiencing repeated kernel terminations, indicating a critical system failure."",   ""remediation"": ""Restart the system and investigate kernel logs for the cause of termination code 1004."" }",185.19,314.94,86493
qwen2.5-14b,bgl,1,rag,88,True,APPSEV,True,high,"Multiple CioStream sockets to 172.16.96.116 have been severed, indicating a network or service issue.","{   ""is_anomaly"": true,   ""severity"": ""high"",   ""root_cause"": ""Multiple CioStream sockets to 172.16.96.116 have been severed, indicating a network or service issue."",   ""remediation"": ""Check the network connectivity and service status of 172.16.96.116 and restart the service if necessary."" }",185.19,314.94,86493
qwen2.5-14b,bgl,1,rag,89,True,KERNDTLB,True,high,Multiple consecutive TLB error interrupts indicate a kernel data TLB issue.,"{   ""is_anomaly"": true,   ""severity"": ""high"",   ""root_cause"": ""Multiple consecutive TLB error interrupts indicate a kernel data TLB issue."",   ""remediation"": ""Restart the system to clear TLB errors and monitor for recurrence."" }",185.19,314.94,86493
qwen2.5-14b,bgl,1,rag,90,True,KERNDTLB,True,high,Multiple consecutive TLB error interrupts indicate a kernel data TLB issue.,"{   ""is_anomaly"": true,   ""severity"": ""high"",   ""root_cause"": ""Multiple consecutive TLB error interrupts indicate a kernel data TLB issue."",   ""remediation"": ""Restart the system to clear TLB errors and monitor for recurrence."" }",185.19,314.94,86493
qwen2.5-14b,bgl,1,rag,91,True,APPREAD,True,medium,Multiple failed attempts to read message prefix on control stream indicate a potential issue with the CioStream socket communication.,"{   ""is_anomaly"": true,   ""severity"": ""medium"",   ""root_cause"": ""Multiple failed attempts to read message prefix on control stream indicate a potential issue with the CioStream socket communication."",   ""remediation"": ""Check the network connectivity and the status of the CioStream service on the target IP address."" }",185.19,314.94,86493
qwen2.5-14b,bgl,1,rag,92,False,NORMAL,False,low,none,"{   ""is_anomaly"": false,   ""severity"": ""low"",   ""root_cause"": ""none"",   ""remediation"": ""none"" } Based on the provided log window and the precedent incidents, the current log entries are consistent with normal behavior observed in past incidents. There is no indication of an anomaly or unusual activity. Therefore, the system is operating normally.   Please note that the JSON response strictly adher",185.19,314.94,86493
qwen2.5-14b,bgl,1,rag,93,False,NORMAL,False,low,none,"{   ""is_anomaly"": false,   ""severity"": ""low"",   ""root_cause"": ""none"",   ""remediation"": ""none"" } Based on the provided log window and the precedent incidents, the current log entries are consistent with normal behavior observed in past incidents. The logs indicate the generation of core files, which in the precedent cases were categorized as normal. Therefore, there is no indication of an anomaly i",185.19,314.94,86493
qwen2.5-14b,bgl,1,rag,94,True,KERNDTLB,True,high,Multiple consecutive TLB error interrupts indicate a kernel data TLB issue.,"{   ""is_anomaly"": true,   ""severity"": ""high"",   ""root_cause"": ""Multiple consecutive TLB error interrupts indicate a kernel data TLB issue."",   ""remediation"": ""Restart the system to clear TLB errors and monitor for recurrence."" }",185.19,314.94,86493
qwen2.5-14b,bgl,1,rag,95,False,NORMAL,False,low,none,"{   ""is_anomaly"": false,   ""severity"": ""low"",   ""root_cause"": ""none"",   ""remediation"": ""none"" }",185.19,314.94,86493
qwen2.5-14b,bgl,1,rag,96,False,NORMAL,False,low,none,"{   ""is_anomaly"": false,   ""severity"": ""low"",   ""root_cause"": ""none"",   ""remediation"": ""none"" }",185.19,314.94,86493
qwen2.5-14b,bgl,1,rag,97,True,KERNDTLB,True,high,Multiple consecutive TLB error interrupts indicate a kernel data TLB issue.,"{   ""is_anomaly"": true,   ""severity"": ""high"",   ""root_cause"": ""Multiple consecutive TLB error interrupts indicate a kernel data TLB issue."",   ""remediation"": ""Restart the system to clear TLB errors and monitor for recurrence."" }",185.19,314.94,86493
qwen2.5-14b,bgl,1,rag,98,False,NORMAL,True,medium,"byte ordering exceptions are occurring, which are not present in the precedent logs and may indicate a data processing issue or misconfiguration.","{   ""is_anomaly"": true,   ""severity"": ""medium"",   ""root_cause"": ""byte ordering exceptions are occurring, which are not present in the precedent logs and may indicate a data processing issue or misconfiguration."",   ""remediation"": ""Review the data processing pipeline for byte ordering issues and ensure proper configuration of data handling."" }",185.19,314.94,86493
qwen2.5-14b,bgl,1,rag,99,False,NORMAL,False,low,none,"{   ""is_anomaly"": false,   ""severity"": ""low"",   ""root_cause"": ""none"",   ""remediation"": ""none"" }",185.19,314.94,86493
qwen2.5-14b,bgl,1,rag,100,False,NORMAL,False,low,none,"{   ""is_anomaly"": false,   ""severity"": ""low"",   ""root_cause"": ""none"",   ""remediation"": ""none"" }",185.19,314.94,86493
qwen2.5-14b,bgl,1,rag,101,True,KERNSTOR,True,high,Multiple data storage interrupts indicate a potential issue with the storage subsystem.,"{   ""is_anomaly"": true,   ""severity"": ""high"",   ""root_cause"": ""Multiple data storage interrupts indicate a potential issue with the storage subsystem."",   ""remediation"": ""Check storage hardware and connectivity, and consider running diagnostics or replacing faulty components."" }",185.19,314.94,86493
qwen2.5-14b,bgl,1,rag,102,False,NORMAL,False,low,none,"{   ""is_anomaly"": false,   ""severity"": ""low"",   ""root_cause"": ""none"",   ""remediation"": ""none"" } Based on the provided log window and the precedent incidents, the current log window does not indicate any anomalies. The logs show a consistent pattern of zero critical input interrupts and zero microseconds spent on critical input interrupts, which is similar to the normal patterns observed in the pre",185.19,314.94,86493
qwen2.5-14b,bgl,1,rag,103,True,KERNDTLB,True,high,Multiple consecutive TLB error interrupts indicate a kernel data TLB issue.,"{   ""is_anomaly"": true,   ""severity"": ""high"",   ""root_cause"": ""Multiple consecutive TLB error interrupts indicate a kernel data TLB issue."",   ""remediation"": ""Restart the system to clear TLB errors and monitor for recurrence."" }",185.19,314.94,86493
qwen2.5-14b,bgl,1,rag,104,False,NORMAL,False,low,none,"{   ""is_anomaly"": false,   ""severity"": ""low"",   ""root_cause"": ""none"",   ""remediation"": ""none"" } Based on the provided log window and the precedent incidents, the current log window does not indicate any anomalies. The log entries are consistent with normal operation as seen in the precedent incidents, where similar ""generating core"" messages were logged without any adverse outcomes. Therefore, the",185.19,314.94,86493
qwen2.5-14b,bgl,1,rag,105,False,NORMAL,False,low,none,"{   ""is_anomaly"": false,   ""severity"": ""low"",   ""root_cause"": ""none"",   ""remediation"": ""none"" } Based on the provided log window and precedent incidents, the current log window shows a consistent pattern of ""double-hummer alignment exceptions"" with values that are within the range observed in previous normal incidents. Therefore, this log window is considered normal, with no anomaly detected. No r",185.19,314.94,86493
qwen2.5-14b,bgl,1,rag,106,True,KERNDTLB,True,high,Multiple consecutive TLB error interrupts indicate a kernel data TLB issue.,"{   ""is_anomaly"": true,   ""severity"": ""high"",   ""root_cause"": ""Multiple consecutive TLB error interrupts indicate a kernel data TLB issue."",   ""remediation"": ""Restart the system to clear TLB errors and monitor for recurrence."" }",185.19,314.94,86493
qwen2.5-14b,bgl,1,rag,107,True,KERNDTLB,True,high,Multiple consecutive TLB error interrupts indicate a kernel data TLB issue.,"{   ""is_anomaly"": true,   ""severity"": ""high"",   ""root_cause"": ""Multiple consecutive TLB error interrupts indicate a kernel data TLB issue."",   ""remediation"": ""Restart the system to clear TLB errors and monitor for recurrence."" }",185.19,314.94,86493
qwen2.5-14b,bgl,1,rag,108,True,KERNDTLB,True,high,Multiple consecutive TLB error interrupts indicate a kernel data TLB issue.,"{   ""is_anomaly"": true,   ""severity"": ""high"",   ""root_cause"": ""Multiple consecutive TLB error interrupts indicate a kernel data TLB issue."",   ""remediation"": ""Restart the system to clear TLB errors and monitor for recurrence."" }",185.19,314.94,86493
qwen2.5-14b,bgl,1,rag,109,True,APPREAD,True,medium,Multiple failures to read message prefix on control stream indicate a potential issue with the CioStream socket connections.,"{   ""is_anomaly"": true,   ""severity"": ""medium"",   ""root_cause"": ""Multiple failures to read message prefix on control stream indicate a potential issue with the CioStream socket connections."",   ""remediation"": ""Check the connectivity and status of the CioStream socket connections to 172.16.96.116."" }",185.19,314.94,86493
qwen2.5-14b,bgl,1,rag,110,False,NORMAL,False,low,"Correctable DDR errors were detected and corrected, indicating potential memory issues but not severe enough to cause system instability.","{   ""is_anomaly"": false,   ""severity"": ""low"",   ""root_cause"": ""Correctable DDR errors were detected and corrected, indicating potential memory issues but not severe enough to cause system instability."",   ""remediation"": ""Monitor the system for recurring errors and consider a memory check or replacement if errors persist."" }",185.19,314.94,86493
qwen2.5-14b,bgl,1,rag,111,False,NORMAL,False,low,none,"{   ""is_anomaly"": false,   ""severity"": ""low"",   ""root_cause"": ""none"",   ""remediation"": ""none"" }",185.19,314.94,86493
qwen2.5-14b,bgl,1,rag,112,True,KERNDTLB,True,high,Multiple consecutive TLB error interrupts indicate a kernel data TLB issue.,"{   ""is_anomaly"": true,   ""severity"": ""high"",   ""root_cause"": ""Multiple consecutive TLB error interrupts indicate a kernel data TLB issue."",   ""remediation"": ""Restart the system to clear TLB errors and monitor for recurrence."" }",185.19,314.94,86493
qwen2.5-14b,bgl,1,rag,113,False,NORMAL,False,low,none,"{   ""is_anomaly"": false,   ""severity"": ""low"",   ""root_cause"": ""none"",   ""remediation"": ""none"" } Based on the provided log window and precedent incidents, the current log entries of ""685 floating point alignment exceptions"" repeated multiple times are similar to the precedent incidents where a similar number of exceptions were logged and categorized as normal. Therefore, it is reasonable to conclud",185.19,314.94,86493
qwen2.5-14b,bgl,1,rag,114,True,APPSEV,True,medium,Multiple CioStream socket errors indicate a potential network issue or server instability.,"{   ""is_anomaly"": true,   ""severity"": ""medium"",   ""root_cause"": ""Multiple CioStream socket errors indicate a potential network issue or server instability."",   ""remediation"": ""Check network connectivity and server status for 172.16.96.116."" }",185.19,314.94,86493
qwen2.5-14b,bgl,1,rag,115,False,NORMAL,False,low,"The program image is missing or invalid, but this is a known normal behavior based on precedent.","{   ""is_anomaly"": false,   ""severity"": ""low"",   ""root_cause"": ""The program image is missing or invalid, but this is a known normal behavior based on precedent."",   ""remediation"": ""none"" }",185.19,314.94,86493
qwen2.5-14b,bgl,1,rag,116,True,KERNDTLB,True,high,Multiple consecutive TLB error interrupts indicate a kernel data TLB issue.,"{   ""is_anomaly"": true,   ""severity"": ""high"",   ""root_cause"": ""Multiple consecutive TLB error interrupts indicate a kernel data TLB issue."",   ""remediation"": ""Restart the system to clear TLB errors and monitor for recurrence."" }",185.19,314.94,86493
qwen2.5-14b,bgl,1,rag,117,False,NORMAL,False,low,none,"{   ""is_anomaly"": false,   ""severity"": ""low"",   ""root_cause"": ""none"",   ""remediation"": ""none"" }",185.19,314.94,86493
qwen2.5-14b,bgl,1,rag,118,True,APPBUSY,True,medium,"The node map file is busy, indicating another process might be using it.","{   ""is_anomaly"": true,   ""severity"": ""medium"",   ""root_cause"": ""The node map file is busy, indicating another process might be using it."",   ""remediation"": ""Check if another process is using the file and terminate it if necessary."" }",185.19,314.94,86493
qwen2.5-14b,bgl,1,rag,119,False,NORMAL,False,low,"The program image for ddcMDbglV is missing or invalid, but this is a known normal occurrence.","{   ""is_anomaly"": false,   ""severity"": ""low"",   ""root_cause"": ""The program image for ddcMDbglV is missing or invalid, but this is a known normal occurrence."",   ""remediation"": ""none"" }",185.19,314.94,86493
qwen2.5-14b,bgl,1,rag,120,False,NORMAL,False,low,"Data cache search parity errors are being detected and corrected automatically, which is a normal operation.","{   ""is_anomaly"": false,   ""severity"": ""low"",   ""root_cause"": ""Data cache search parity errors are being detected and corrected automatically, which is a normal operation."",   ""remediation"": ""none"" }",185.19,314.94,86493
qwen2.5-14b,bgl,1,rag,121,True,KERNDTLB,True,high,Multiple consecutive TLB error interrupts indicate a kernel data TLB issue.,"{   ""is_anomaly"": true,   ""severity"": ""high"",   ""root_cause"": ""Multiple consecutive TLB error interrupts indicate a kernel data TLB issue."",   ""remediation"": ""Restart the system to clear TLB errors and monitor for recurrence."" }",185.19,314.94,86493
qwen2.5-14b,bgl,1,rag,122,False,NORMAL,False,low,none,"{   ""is_anomaly"": false,   ""severity"": ""low"",   ""root_cause"": ""none"",   ""remediation"": ""none"" }",185.19,314.94,86493
qwen2.5-14b,bgl,1,rag,123,True,KERNMNT,True,high,Multiple failures to mount filesystem indicate a potential kernel or mount failure issue.,"{   ""is_anomaly"": true,   ""severity"": ""high"",   ""root_cause"": ""Multiple failures to mount filesystem indicate a potential kernel or mount failure issue."",   ""remediation"": ""Check kernel logs and filesystem status for any errors or issues preventing mount."" }",185.19,314.94,86493
qwen2.5-14b,bgl,1,rag,124,False,NORMAL,False,low,none,"{   ""is_anomaly"": false,   ""severity"": ""low"",   ""root_cause"": ""none"",   ""remediation"": ""none"" }",185.19,314.94,86493
qwen2.5-14b,bgl,1,rag,125,True,KERNDTLB,True,high,Multiple consecutive TLB error interrupts indicate a kernel data TLB issue.,"{   ""is_anomaly"": true,   ""severity"": ""high"",   ""root_cause"": ""Multiple consecutive TLB error interrupts indicate a kernel data TLB issue."",   ""remediation"": ""Restart the system to clear TLB errors and monitor for recurrence."" }",185.19,314.94,86493
qwen2.5-14b,bgl,1,rag,126,True,APPSEV,True,high,Multiple CioStream socket errors and received signal 15 indicate a severance of connections and potential application shutdown.,"{   ""is_anomaly"": true,   ""severity"": ""high"",   ""root_cause"": ""Multiple CioStream socket errors and received signal 15 indicate a severance of connections and potential application shutdown."",   ""remediation"": ""Check the network connectivity to 172.16.96.116 and restart the application if necessary."" }",185.19,314.94,86493
qwen2.5-14b,bgl,1,rag,127,True,KERNDTLB,True,high,Multiple consecutive TLB error interrupts indicate a kernel data TLB issue.,"{   ""is_anomaly"": true,   ""severity"": ""high"",   ""root_cause"": ""Multiple consecutive TLB error interrupts indicate a kernel data TLB issue."",   ""remediation"": ""Restart the system to clear TLB errors and monitor for recurrence."" }",185.19,314.94,86493
qwen2.5-14b,bgl,1,rag,128,False,NORMAL,False,low,none,"{   ""is_anomaly"": false,   ""severity"": ""low"",   ""root_cause"": ""none"",   ""remediation"": ""none"" } Based on the provided log window and the precedent incidents, the current log window does not indicate any anomalies. The logs show a consistent pattern of zero critical input interrupts and zero microseconds spent on critical input interrupts, which is similar to the normal patterns observed in the pre",185.19,314.94,86493
qwen2.5-14b,bgl,1,rag,129,False,NORMAL,False,low,none,"{   ""is_anomaly"": false,   ""severity"": ""low"",   ""root_cause"": ""none"",   ""remediation"": ""none"" }",185.19,314.94,86493
qwen2.5-14b,bgl,1,rag,130,True,KERNSTOR,True,high,Multiple data storage interrupts indicate a potential issue with the storage system or its connectivity.,"{   ""is_anomaly"": true,   ""severity"": ""high"",   ""root_cause"": ""Multiple data storage interrupts indicate a potential issue with the storage system or its connectivity."",   ""remediation"": ""Check the storage system's health and connectivity, and consider restarting the storage service if necessary."" }",185.19,314.94,86493
qwen2.5-14b,bgl,1,rag,131,True,KERNDTLB,True,high,Multiple consecutive TLB error interrupts indicate a kernel data TLB issue.,"{   ""is_anomaly"": true,   ""severity"": ""high"",   ""root_cause"": ""Multiple consecutive TLB error interrupts indicate a kernel data TLB issue."",   ""remediation"": ""Restart the system to clear TLB errors and monitor for recurrence."" }",185.19,314.94,86493
qwen2.5-14b,bgl,1,rag,132,False,NORMAL,False,low,none,"{   ""is_anomaly"": false,   ""severity"": ""low"",   ""root_cause"": ""none"",   ""remediation"": ""none"" }",185.19,314.94,86493
qwen2.5-14b,bgl,1,rag,133,False,NORMAL,False,low,"instruction cache parity errors detected and corrected, indicating potential transient hardware issue","{   ""is_anomaly"": false,   ""severity"": ""low"",   ""root_cause"": ""instruction cache parity errors detected and corrected, indicating potential transient hardware issue"",   ""remediation"": ""none"" }",185.19,314.94,86493
qwen2.5-14b,bgl,1,rag,134,False,NORMAL,False,low,none,"{   ""is_anomaly"": false,   ""severity"": ""low"",   ""root_cause"": ""none"",   ""remediation"": ""none"" }",185.19,314.94,86493
qwen2.5-14b,bgl,1,rag,135,False,NORMAL,False,low,none,"{   ""is_anomaly"": false,   ""severity"": ""low"",   ""root_cause"": ""none"",   ""remediation"": ""none"" }",185.19,314.94,86493
qwen2.5-14b,bgl,1,rag,136,True,APPSEV,True,high,Multiple CioStream socket errors and a received signal 15 indicate a potential application severance issue.,"{   ""is_anomaly"": true,   ""severity"": ""high"",   ""root_cause"": ""Multiple CioStream socket errors and a received signal 15 indicate a potential application severance issue."",   ""remediation"": ""Restart the ciod service and check network connectivity to 172.16.96.116."" }",185.19,314.94,86493
qwen2.5-14b,bgl,1,rag,137,False,NORMAL,False,low,none,"{   ""is_anomaly"": false,   ""severity"": ""low"",   ""root_cause"": ""none"",   ""remediation"": ""none"" }",185.19,314.94,86493
qwen2.5-14b,bgl,1,rag,138,True,KERNDTLB,True,high,Multiple consecutive TLB error interrupts indicate a kernel data TLB issue.,"{   ""is_anomaly"": true,   ""severity"": ""high"",   ""root_cause"": ""Multiple consecutive TLB error interrupts indicate a kernel data TLB issue."",   ""remediation"": ""Restart the system to clear TLB errors and monitor for recurrence."" }",185.19,314.94,86493
qwen2.5-14b,bgl,1,rag,139,True,KERNDTLB,True,high,Multiple consecutive TLB error interrupts indicate a kernel data TLB issue.,"{   ""is_anomaly"": true,   ""severity"": ""high"",   ""root_cause"": ""Multiple consecutive TLB error interrupts indicate a kernel data TLB issue."",   ""remediation"": ""Restart the system to clear TLB errors and monitor for recurrence."" }",185.19,314.94,86493
qwen2.5-14b,bgl,1,rag,140,False,NORMAL,False,low,none,"{   ""is_anomaly"": false,   ""severity"": ""low"",   ""root_cause"": ""none"",   ""remediation"": ""none"" }",185.19,314.94,86493
qwen2.5-14b,bgl,1,rag,141,False,NORMAL,False,low,none,"{   ""is_anomaly"": false,   ""severity"": ""low"",   ""root_cause"": ""none"",   ""remediation"": ""none"" }",185.19,314.94,86493
qwen2.5-14b,bgl,1,rag,142,True,KERNSTOR,True,medium,Data storage interrupt at a specific data address indicates a potential issue with data storage.,"{   ""is_anomaly"": true,   ""severity"": ""medium"",   ""root_cause"": ""Data storage interrupt at a specific data address indicates a potential issue with data storage."",   ""remediation"": ""Check the storage subsystem for any hardware or software issues at the specified data address."" }",185.19,314.94,86493
qwen2.5-14b,bgl,1,rag,143,False,NORMAL,False,low,none,"{   ""is_anomaly"": false,   ""severity"": ""low"",   ""root_cause"": ""none"",   ""remediation"": ""none"" }",185.19,314.94,86493
qwen2.5-14b,bgl,1,rag,144,True,APPSEV,True,medium,Multiple CioStream socket errors indicate a potential network issue or server instability.,"{   ""is_anomaly"": true,   ""severity"": ""medium"",   ""root_cause"": ""Multiple CioStream socket errors indicate a potential network issue or server instability."",   ""remediation"": ""Check network connectivity and server status for 172.16.96.116."" }",185.19,314.94,86493
qwen2.5-14b,bgl,1,rag,145,False,NORMAL,True,medium,"Data store interrupts and illegal instruction interrupts are occurring, indicating potential issues with data storage and program execution.","{   ""is_anomaly"": true,   ""severity"": ""medium"",   ""root_cause"": ""Data store interrupts and illegal instruction interrupts are occurring, indicating potential issues with data storage and program execution."",   ""remediation"": ""Check the storage subsystem and the program code for errors or misconfigurations."" }",185.19,314.94,86493
qwen2.5-14b,bgl,1,rag,146,True,KERNDTLB,True,high,Multiple consecutive TLB error interrupts indicate a kernel data TLB issue.,"{   ""is_anomaly"": true,   ""severity"": ""high"",   ""root_cause"": ""Multiple consecutive TLB error interrupts indicate a kernel data TLB issue."",   ""remediation"": ""Restart the system to clear TLB errors and monitor for recurrence."" }",185.19,314.94,86493
qwen2.5-14b,bgl,1,rag,147,True,KERNDTLB,True,high,Multiple consecutive TLB error interrupts indicate a kernel data TLB issue.,"{   ""is_anomaly"": true,   ""severity"": ""high"",   ""root_cause"": ""Multiple consecutive TLB error interrupts indicate a kernel data TLB issue."",   ""remediation"": ""Restart the system to clear TLB errors and monitor for recurrence."" }",185.19,314.94,86493
qwen2.5-14b,bgl,1,rag,148,False,NORMAL,False,low,none,"{   ""is_anomaly"": false,   ""severity"": ""low"",   ""root_cause"": ""none"",   ""remediation"": ""none"" }",185.19,314.94,86493
qwen2.5-14b,bgl,1,rag,149,True,KERNMNTF,True,high,Multiple Lustre mount failures for the same mount point indicate a potential issue with the Lustre file system or the mount point configuration.,"{   ""is_anomaly"": true,   ""severity"": ""high"",   ""root_cause"": ""Multiple Lustre mount failures for the same mount point indicate a potential issue with the Lustre file system or the mount point configuration."",   ""remediation"": ""Check Lustre file system status and configuration for the mount point /p/gb1, and attempt to remount the file system."" }",185.19,314.94,86493
qwen2.5-14b,hdfs,1,rag,150,True,Anomaly,False,low,none,"{   ""is_anomaly"": false,   ""severity"": ""low"",   ""root_cause"": ""none"",   ""remediation"": ""none"" }",185.19,314.94,86493
qwen2.5-14b,hdfs,1,rag,151,True,Anomaly,True,medium,"PacketResponder for block blk_3104996824122389267 terminated unexpectedly, indicating a potential issue with block handling or network connectivity.","{   ""is_anomaly"": true,   ""severity"": ""medium"",   ""root_cause"": ""PacketResponder for block blk_3104996824122389267 terminated unexpectedly, indicating a potential issue with block handling or network connectivity."",   ""remediation"": ""Check the network connectivity and block handling processes for the affected DataNode."" }",185.19,314.94,86493
qwen2.5-14b,hdfs,1,rag,152,True,Anomaly,True,medium,IOException indicating a read failure during block write operation,"{   ""is_anomaly"": true,   ""severity"": ""medium"",   ""root_cause"": ""IOException indicating a read failure during block write operation"",   ""remediation"": ""Check the network connectivity and data integrity between nodes"" }",185.19,314.94,86493
qwen2.5-14b,hdfs,1,rag,153,True,Anomaly,False,low,none,"{   ""is_anomaly"": false,   ""severity"": ""low"",   ""root_cause"": ""none"",   ""remediation"": ""none"" } Based on the provided log window, the events described are consistent with normal operations of the HDFS DataNode, where PacketResponders are receiving and terminating as expected. There is no indication of an anomaly or unusual behavior in the logs. Therefore, the system is operating normally.   Please",185.19,314.94,86493
qwen2.5-14b,hdfs,1,rag,154,True,Anomaly,False,low,none,"{   ""is_anomaly"": false,   ""severity"": ""low"",   ""root_cause"": ""none"",   ""remediation"": ""none"" }",185.19,314.94,86493
qwen2.5-14b,hdfs,1,rag,155,False,NORMAL,False,low,none,"{   ""is_anomaly"": false,   ""severity"": ""low"",   ""root_cause"": ""none"",   ""remediation"": ""none"" }",185.19,314.94,86493
qwen2.5-14b,hdfs,1,rag,156,False,NORMAL,False,low,none,"{   ""is_anomaly"": false,   ""severity"": ""low"",   ""root_cause"": ""none"",   ""remediation"": ""none"" }",185.19,314.94,86493
qwen2.5-14b,hdfs,1,rag,157,True,Anomaly,True,medium,"Multiple PacketResponders terminating without corresponding received block messages, indicating potential data corruption or loss.","{   ""is_anomaly"": true,   ""severity"": ""medium"",   ""root_cause"": ""Multiple PacketResponders terminating without corresponding received block messages, indicating potential data corruption or loss."",   ""remediation"": ""Check the DataNode logs for any errors and ensure all blocks are properly replicated across the cluster."" }",185.19,314.94,86493
qwen2.5-14b,hdfs,1,rag,158,True,Anomaly,True,medium,"The log shows a block receiving operation followed by multiple block deletions, which is unusual and could indicate a data corruption or misconfiguration issue.","{   ""is_anomaly"": true,   ""severity"": ""medium"",   ""root_cause"": ""The log shows a block receiving operation followed by multiple block deletions, which is unusual and could indicate a data corruption or misconfiguration issue."",   ""remediation"": ""Review the DataNode logs for any errors or warnings around the time of the block deletions and check the HDFS health status."" }",185.19,314.94,86493
qwen2.5-14b,hdfs,1,rag,159,False,NORMAL,True,medium,"Multiple blocks with the same ID are being added to the blockMap, indicating potential data corruption or duplicate entries.","{   ""is_anomaly"": true,   ""severity"": ""medium"",   ""root_cause"": ""Multiple blocks with the same ID are being added to the blockMap, indicating potential data corruption or duplicate entries."",   ""remediation"": ""Check the HDFS cluster for duplicate blocks and remove the duplicates to ensure data integrity."" }",185.19,314.94,86493
qwen2.5-14b,hdfs,1,rag,160,False,NORMAL,True,low,"Multiple block deletions within a short time frame, similar to previous anomalies.","{   ""is_anomaly"": true,   ""severity"": ""low"",   ""root_cause"": ""Multiple block deletions within a short time frame, similar to previous anomalies."",   ""remediation"": ""Review the deletion process and ensure it is not causing unintended deletions."" }",185.19,314.94,86493
qwen2.5-14b,hdfs,1,rag,161,False,NORMAL,True,medium,Multiple block deletions within the same time frame suggest potential data corruption or misconfiguration.,"{   ""is_anomaly"": true,   ""severity"": ""medium"",   ""root_cause"": ""Multiple block deletions within the same time frame suggest potential data corruption or misconfiguration."",   ""remediation"": ""Review the HDFS logs for any preceding errors and ensure data integrity checks are performed."" }",185.19,314.94,86493
qwen2.5-14b,hdfs,1,rag,162,True,Anomaly,True,medium,PacketResponder terminations without corresponding block receptions indicate potential data transfer issues.,"{   ""is_anomaly"": true,   ""severity"": ""medium"",   ""root_cause"": ""PacketResponder terminations without corresponding block receptions indicate potential data transfer issues."",   ""remediation"": ""Check the network connectivity and data transfer processes between nodes."" }",185.19,314.94,86493
qwen2.5-14b,hdfs,1,rag,163,False,NORMAL,True,medium,"Multiple exceptions occurred while serving blocks, indicating potential network or data corruption issues.","{   ""is_anomaly"": true,   ""severity"": ""medium"",   ""root_cause"": ""Multiple exceptions occurred while serving blocks, indicating potential network or data corruption issues."",   ""remediation"": ""Check network connectivity and data integrity for the affected blocks."" }",185.19,314.94,86493
qwen2.5-14b,hdfs,1,rag,164,False,NORMAL,True,medium,Multiple PacketResponder terminations for the same block indicate potential data corruption or network issue.,"{   ""is_anomaly"": true,   ""severity"": ""medium"",   ""root_cause"": ""Multiple PacketResponder terminations for the same block indicate potential data corruption or network issue."",   ""remediation"": ""Check the DataNode logs for further errors and verify the integrity of the affected block."" }",185.19,314.94,86493
qwen2.5-14b,hdfs,1,rag,165,False,NORMAL,False,low,none,"{   ""is_anomaly"": false,   ""severity"": ""low"",   ""root_cause"": ""none"",   ""remediation"": ""none"" }",185.19,314.94,86493
qwen2.5-14b,hdfs,1,rag,166,False,NORMAL,True,medium,"Multiple block deletions are being added to the invalidSet, indicating potential data corruption or misconfiguration.","{   ""is_anomaly"": true,   ""severity"": ""medium"",   ""root_cause"": ""Multiple block deletions are being added to the invalidSet, indicating potential data corruption or misconfiguration."",   ""remediation"": ""Review the HDFS configuration and data integrity checks to ensure no corruption has occurred."" }",185.19,314.94,86493
qwen2.5-14b,hdfs,1,rag,167,True,Anomaly,False,low,none,"{   ""is_anomaly"": false,   ""severity"": ""low"",   ""root_cause"": ""none"",   ""remediation"": ""none"" }",185.19,314.94,86493
qwen2.5-14b,hdfs,1,rag,168,False,NORMAL,True,medium,Multiple block allocation and addition events within a short time frame suggest potential data corruption or system instability.,"{   ""is_anomaly"": true,   ""severity"": ""medium"",   ""root_cause"": ""Multiple block allocation and addition events within a short time frame suggest potential data corruption or system instability."",   ""remediation"": ""Review the block allocation and storage processes for any irregularities and ensure data integrity."" }",185.19,314.94,86493
qwen2.5-14b,hdfs,1,rag,169,False,NORMAL,False,low,none,"{   ""is_anomaly"": false,   ""severity"": ""low"",   ""root_cause"": ""none"",   ""remediation"": ""none"" } Based on the provided log window and the precedent incidents, the current log entries are consistent with normal operations. The logs indicate that the system is deleting blocks, which is a routine operation in HDFS (Hadoop Distributed File System) for garbage collection or to free up space. The timesta",185.19,314.94,86493
qwen2.5-14b,hdfs,1,rag,170,False,NORMAL,True,medium,"Multiple blocks being added to the blockMap with unusual block IDs and sizes, indicating potential data corruption or misconfiguration.","{   ""is_anomaly"": true,   ""severity"": ""medium"",   ""root_cause"": ""Multiple blocks being added to the blockMap with unusual block IDs and sizes, indicating potential data corruption or misconfiguration."",   ""remediation"": ""Review the block allocation and storage processes for any misconfigurations or errors, and validate the integrity of the data blocks."" }",185.19,314.94,86493
qwen2.5-14b,hdfs,1,rag,171,False,NORMAL,False,low,none,"{   ""is_anomaly"": false,   ""severity"": ""low"",   ""root_cause"": ""none"",   ""remediation"": ""none"" }",185.19,314.94,86493
qwen2.5-14b,hdfs,1,rag,172,True,Anomaly,True,medium,"Multiple blocks with unusual sizes and IDs were added to the blockMap, indicating potential data corruption or an irregular operation.","{   ""is_anomaly"": true,   ""severity"": ""medium"",   ""root_cause"": ""Multiple blocks with unusual sizes and IDs were added to the blockMap, indicating potential data corruption or an irregular operation."",   ""remediation"": ""Review the blockMap for consistency and integrity, and investigate recent operations that may have caused this anomaly."" }",185.19,314.94,86493
qwen2.5-14b,hdfs,1,rag,173,True,Anomaly,True,medium,The log shows unusual block allocation and storage patterns that deviate from normal operations.,"{   ""is_anomaly"": true,   ""severity"": ""medium"",   ""root_cause"": ""The log shows unusual block allocation and storage patterns that deviate from normal operations."",   ""remediation"": ""Review the block allocation and storage processes for any irregularities and ensure all nodes are functioning correctly."" }",185.19,314.94,86493
qwen2.5-14b,hdfs,1,rag,174,False,NORMAL,False,low,none,"{   ""is_anomaly"": false,   ""severity"": ""low"",   ""root_cause"": ""none"",   ""remediation"": ""none"" } Based on the provided log window, there are no indications of an anomaly. The logs show normal operations of block addition and packet reception, which align with precedent 2 where similar operations were classified as normal. Therefore, the current log window is considered normal with no root cause or ",185.19,314.94,86493
qwen2.5-14b,hdfs,1,rag,175,False,NORMAL,False,low,none,"{   ""is_anomaly"": false,   ""severity"": ""low"",   ""root_cause"": ""none"",   ""remediation"": ""none"" } Based on the provided log window and precedent incidents, the current log entries are consistent with normal operations. The logs indicate that blocks are being added to the invalid set, which is a standard operation in HDFS (Hadoop Distributed File System) for managing and cleaning up invalid blocks. T",185.19,314.94,86493
qwen2.5-14b,hdfs,1,rag,176,True,Anomaly,True,medium,Multiple block deletions within a short time frame may indicate a data corruption or a misconfiguration issue.,"{   ""is_anomaly"": true,   ""severity"": ""medium"",   ""root_cause"": ""Multiple block deletions within a short time frame may indicate a data corruption or a misconfiguration issue."",   ""remediation"": ""Review the HDFS logs for any errors or warnings around the time of the deletions and check the HDFS configuration for any recent changes."" }",185.19,314.94,86493
qwen2.5-14b,hdfs,1,rag,177,True,Anomaly,True,medium,Multiple PacketResponder terminations without corresponding reception logs indicate potential data corruption or loss.,"{   ""is_anomaly"": true,   ""severity"": ""medium"",   ""root_cause"": ""Multiple PacketResponder terminations without corresponding reception logs indicate potential data corruption or loss."",   ""remediation"": ""Check the DataNode logs for further details and attempt to recover or replicate the affected blocks."" }",185.19,314.94,86493
qwen2.5-14b,hdfs,1,rag,178,False,NORMAL,False,low,none,"{   ""is_anomaly"": false,   ""severity"": ""low"",   ""root_cause"": ""none"",   ""remediation"": ""none"" }",185.19,314.94,86493
qwen2.5-14b,hdfs,1,rag,179,False,NORMAL,False,low,none,"{   ""is_anomaly"": false,   ""severity"": ""low"",   ""root_cause"": ""none"",   ""remediation"": ""none"" } Based on the provided log window, the entries are consistent with normal operations of the HDFS system, where blocks are being deleted as part of routine maintenance or data management. The log entries do not indicate any unusual behavior or errors that would suggest an anomaly. Therefore, the system is",185.19,314.94,86493
qwen2.5-14b,hdfs,1,rag,180,True,Anomaly,True,medium,"The log shows multiple block allocation and addition operations, which is similar to past anomalies.","{   ""is_anomaly"": true,   ""severity"": ""medium"",   ""root_cause"": ""The log shows multiple block allocation and addition operations, which is similar to past anomalies."",   ""remediation"": ""Review the block allocation and addition operations for any irregularities or errors."" }",185.19,314.94,86493
qwen2.5-14b,hdfs,1,rag,181,False,NORMAL,True,medium,"Multiple data nodes are receiving blocks simultaneously, indicating potential data replication issues or network congestion.","{   ""is_anomaly"": true,   ""severity"": ""medium"",   ""root_cause"": ""Multiple data nodes are receiving blocks simultaneously, indicating potential data replication issues or network congestion."",   ""remediation"": ""Monitor network traffic and data node performance to identify and address any bottlenecks or replication issues."" }",185.19,314.94,86493
qwen2.5-14b,hdfs,1,rag,182,True,Anomaly,True,medium,Receiving empty packet for block indicates potential data corruption or network issue.,"{   ""is_anomaly"": true,   ""severity"": ""medium"",   ""root_cause"": ""Receiving empty packet for block indicates potential data corruption or network issue."",   ""remediation"": ""Check network connectivity and data integrity for the affected block."" }",185.19,314.94,86493
qwen2.5-14b,hdfs,1,rag,183,True,Anomaly,True,medium,Duplicate block receiving events and a terminating packet responder indicate potential data corruption or miscommunication.,"{   ""is_anomaly"": true,   ""severity"": ""medium"",   ""root_cause"": ""Duplicate block receiving events and a terminating packet responder indicate potential data corruption or miscommunication."",   ""remediation"": ""Verify the integrity of the blocks and restart the DataNode service if necessary."" }",185.19,314.94,86493
qwen2.5-14b,hdfs,1,rag,184,True,Anomaly,False,low,none,"{   ""is_anomaly"": false,   ""severity"": ""low"",   ""root_cause"": ""none"",   ""remediation"": ""none"" }",185.19,314.94,86493
qwen2.5-14b,hdfs,1,rag,185,False,NORMAL,False,low,none,"{   ""is_anomaly"": false,   ""severity"": ""low"",   ""root_cause"": ""none"",   ""remediation"": ""none"" } Based on the provided log window, there are no indications of an anomaly. The log entries show normal operations of block additions and allocations, similar to the NORMAL precedent. Therefore, the system is functioning as expected without any detected anomalies.   Please note that the decision is based ",185.19,314.94,86493
qwen2.5-14b,hdfs,1,rag,186,True,Anomaly,False,low,none,"{   ""is_anomaly"": false,   ""severity"": ""low"",   ""root_cause"": ""none"",   ""remediation"": ""none"" } Based on the provided log window, there are multiple DataNode$DataXceiver receiving block messages, which is a normal operation in HDFS. The log entries do not indicate any unusual behavior or errors that would suggest an anomaly. Therefore, the system is operating normally without any detected issues. ",185.19,314.94,86493
qwen2.5-14b,hdfs,1,rag,187,False,NORMAL,True,low,The presence of negative block IDs in the logs indicates potential corruption or misconfiguration in the HDFS block management.,"{   ""is_anomaly"": true,   ""severity"": ""low"",   ""root_cause"": ""The presence of negative block IDs in the logs indicates potential corruption or misconfiguration in the HDFS block management."",   ""remediation"": ""Review and correct the block IDs in the HDFS configuration and run a filesystem check to ensure data integrity."" }",185.19,314.94,86493
qwen2.5-14b,hdfs,1,rag,188,True,Anomaly,True,medium,PacketResponder terminations without corresponding block receptions indicate potential data corruption or network issues.,"{   ""is_anomaly"": true,   ""severity"": ""medium"",   ""root_cause"": ""PacketResponder terminations without corresponding block receptions indicate potential data corruption or network issues."",   ""remediation"": ""Check network connectivity and data integrity between nodes."" }",185.19,314.94,86493
qwen2.5-14b,hdfs,1,rag,189,False,NORMAL,True,medium,"The block sizes are inconsistent, with some being significantly smaller than others, which is unusual.","{   ""is_anomaly"": true,   ""severity"": ""medium"",   ""root_cause"": ""The block sizes are inconsistent, with some being significantly smaller than others, which is unusual."",   ""remediation"": ""Review the block allocation process to ensure consistent block sizes and investigate any recent changes that may have caused this issue."" }",185.19,314.94,86493
qwen2.5-14b,hdfs,1,rag,190,True,Anomaly,True,medium,"Multiple blocks are being received from different sources, indicating potential data corruption or miscommunication between nodes.","{   ""is_anomaly"": true,   ""severity"": ""medium"",   ""root_cause"": ""Multiple blocks are being received from different sources, indicating potential data corruption or miscommunication between nodes."",   ""remediation"": ""Verify the integrity of the blocks and check the communication between the DataNodes."" }",185.19,314.94,86493
qwen2.5-14b,hdfs,1,rag,191,True,Anomaly,False,low,none,"{   ""is_anomaly"": false,   ""severity"": ""low"",   ""root_cause"": ""none"",   ""remediation"": ""none"" } Based on the provided log window, the entries appear to be normal operations of block allocation and storage updates in the HDFS system. There are no indications of unusual behavior or errors that would suggest an anomaly. The log entries are consistent with the precedent logs, which were categorized as",185.19,314.94,86493
qwen2.5-14b,hdfs,1,rag,192,False,NORMAL,True,low,Multiple block terminations and receptions within a short time frame indicate potential data node instability.,"{   ""is_anomaly"": true,   ""severity"": ""low"",   ""root_cause"": ""Multiple block terminations and receptions within a short time frame indicate potential data node instability."",   ""remediation"": ""Monitor the data node for further anomalies and consider restarting the DataNode service if issues persist."" }",185.19,314.94,86493
qwen2.5-14b,hdfs,1,rag,193,True,Anomaly,True,medium,PacketResponder termination and block reception from different IP addresses indicate potential data corruption or network issue.,"{   ""is_anomaly"": true,   ""severity"": ""medium"",   ""root_cause"": ""PacketResponder termination and block reception from different IP addresses indicate potential data corruption or network issue."",   ""remediation"": ""Check network connectivity and data integrity between nodes."" }",185.19,314.94,86493
qwen2.5-14b,hdfs,1,rag,194,True,Anomaly,False,low,none,"{   ""is_anomaly"": false,   ""severity"": ""low"",   ""root_cause"": ""none"",   ""remediation"": ""none"" }",185.19,314.94,86493
qwen2.5-14b,hdfs,1,rag,195,False,NORMAL,False,low,none,"{   ""is_anomaly"": false,   ""severity"": ""low"",   ""root_cause"": ""none"",   ""remediation"": ""none"" }",185.19,314.94,86493
qwen2.5-14b,hdfs,1,rag,196,False,NORMAL,True,low,"The block deletion logs show a mix of positive and negative block IDs, which is unusual and may indicate a data corruption or misconfiguration issue.","{   ""is_anomaly"": true,   ""severity"": ""low"",   ""root_cause"": ""The block deletion logs show a mix of positive and negative block IDs, which is unusual and may indicate a data corruption or misconfiguration issue."",   ""remediation"": ""Review the HDFS configuration and data integrity checks to ensure no corruption has occurred."" }",185.19,314.94,86493
qwen2.5-14b,hdfs,1,rag,197,True,Anomaly,False,low,none,"{   ""is_anomaly"": false,   ""severity"": ""low"",   ""root_cause"": ""none"",   ""remediation"": ""none"" }",185.19,314.94,86493
qwen2.5-14b,hdfs,1,rag,198,True,Anomaly,False,low,none,"{   ""is_anomaly"": false,   ""severity"": ""low"",   ""root_cause"": ""none"",   ""remediation"": ""none"" }",185.19,314.94,86493
qwen2.5-14b,hdfs,1,rag,199,True,Anomaly,True,medium,Multiple block deletions in a short time frame indicate potential data corruption or misconfiguration.,"{   ""is_anomaly"": true,   ""severity"": ""medium"",   ""root_cause"": ""Multiple block deletions in a short time frame indicate potential data corruption or misconfiguration."",   ""remediation"": ""Review the HDFS logs for any errors and check the cluster health."" }",185.19,314.94,86493
qwen2.5-14b,hdfs,1,rag,200,False,NORMAL,False,low,none,"{   ""is_anomaly"": false,   ""severity"": ""low"",   ""root_cause"": ""none"",   ""remediation"": ""none"" } Based on the provided log window, the system is performing normal block deletions, which is consistent with the precedent logs that were marked as normal. There is no indication of an anomaly or unusual behavior in the current log window. Therefore, the system is operating as expected.   Please note tha",185.19,314.94,86493
qwen2.5-14b,hdfs,1,rag,201,True,Anomaly,True,medium,"Multiple exceptions occurred while serving blocks, indicating potential network or data corruption issues.","{   ""is_anomaly"": true,   ""severity"": ""medium"",   ""root_cause"": ""Multiple exceptions occurred while serving blocks, indicating potential network or data corruption issues."",   ""remediation"": ""Check network connectivity and data integrity between the DataNode and the clients."" }",185.19,314.94,86493
qwen2.5-14b,hdfs,1,rag,202,True,Anomaly,True,medium,"PacketResponder terminations are occurring without corresponding block receptions, indicating potential data transfer issues.","{   ""is_anomaly"": true,   ""severity"": ""medium"",   ""root_cause"": ""PacketResponder terminations are occurring without corresponding block receptions, indicating potential data transfer issues."",   ""remediation"": ""Check the network connectivity and data transfer processes between the DataNodes."" }",185.19,314.94,86493
qwen2.5-14b,hdfs,1,rag,203,False,NORMAL,False,low,none,"{   ""is_anomaly"": false,   ""severity"": ""low"",   ""root_cause"": ""none"",   ""remediation"": ""none"" }",185.19,314.94,86493
qwen2.5-14b,hdfs,1,rag,204,True,Anomaly,False,low,none,"{   ""is_anomaly"": false,   ""severity"": ""low"",   ""root_cause"": ""none"",   ""remediation"": ""none"" } Based on the provided log window, the entries are consistent with normal operations, as seen in the precedent logs where similar block additions are categorized as normal. There are no indications of unusual patterns or errors that would suggest an anomaly. Therefore, the current log window is classifie",185.19,314.94,86493
qwen2.5-14b,hdfs,1,rag,205,False,NORMAL,True,medium,Multiple block additions and allocations within a short time frame suggest potential data corruption or mismanagement.,"{   ""is_anomaly"": true,   ""severity"": ""medium"",   ""root_cause"": ""Multiple block additions and allocations within a short time frame suggest potential data corruption or mismanagement."",   ""remediation"": ""Review and validate the block allocation and storage processes to ensure data integrity."" }",185.19,314.94,86493
qwen2.5-14b,hdfs,1,rag,206,False,NORMAL,False,low,none,"{   ""is_anomaly"": false,   ""severity"": ""low"",   ""root_cause"": ""none"",   ""remediation"": ""none"" } Based on the provided log window, the events described are consistent with normal HDFS (Hadoop Distributed File System) operations. The logs indicate that blocks are being received and processed by the DataNode, which is a standard operation in HDFS. There are no error messages or anomalies that suggest",185.19,314.94,86493
qwen2.5-14b,hdfs,1,rag,207,False,NORMAL,False,low,none,"{   ""is_anomaly"": false,   ""severity"": ""low"",   ""root_cause"": ""none"",   ""remediation"": ""none"" }",185.19,314.94,86493
qwen2.5-14b,hdfs,1,rag,208,False,NORMAL,True,medium,Multiple block terminations and receptions within a short time frame indicate potential data corruption or network issues.,"{   ""is_anomaly"": true,   ""severity"": ""medium"",   ""root_cause"": ""Multiple block terminations and receptions within a short time frame indicate potential data corruption or network issues."",   ""remediation"": ""Check network connectivity and data integrity between nodes."" }",185.19,314.94,86493
qwen2.5-14b,hdfs,1,rag,209,True,Anomaly,True,medium,"Multiple blocks with the same ID are being received, indicating potential data corruption or misconfiguration.","{   ""is_anomaly"": true,   ""severity"": ""medium"",   ""root_cause"": ""Multiple blocks with the same ID are being received, indicating potential data corruption or misconfiguration."",   ""remediation"": ""Check the DataNode configuration and verify the integrity of the data blocks."" }",185.19,314.94,86493
qwen2.5-14b,hdfs,1,rag,210,False,NORMAL,False,low,none,"{   ""is_anomaly"": false,   ""severity"": ""low"",   ""root_cause"": ""none"",   ""remediation"": ""none"" } Based on the provided log window and precedent incidents, the current log entries appear to be normal operations of the HDFS system, where blocks are being added to the invalid set. There is no indication of an anomaly or unusual behavior in the logs. Therefore, the system is functioning as expected wit",185.19,314.94,86493
qwen2.5-14b,hdfs,1,rag,211,True,Anomaly,False,low,none,"{   ""is_anomaly"": false,   ""severity"": ""low"",   ""root_cause"": ""none"",   ""remediation"": ""none"" }",185.19,314.94,86493
qwen2.5-14b,hdfs,1,rag,212,False,NORMAL,False,low,none,"{   ""is_anomaly"": false,   ""severity"": ""low"",   ""root_cause"": ""none"",   ""remediation"": ""none"" }",185.19,314.94,86493
qwen2.5-14b,hdfs,1,rag,213,True,Anomaly,True,low,Multiple block deletions within a short time frame may indicate a data cleanup operation gone wrong or a misconfiguration.,"{   ""is_anomaly"": true,   ""severity"": ""low"",   ""root_cause"": ""Multiple block deletions within a short time frame may indicate a data cleanup operation gone wrong or a misconfiguration."",   ""remediation"": ""Review the HDFS logs for any preceding errors or warnings and ensure that the block deletion process is correctly configured."" }",185.19,314.94,86493
qwen2.5-14b,hdfs,1,rag,214,True,Anomaly,True,medium,Multiple block deletions in a short time frame indicate potential data corruption or misconfiguration.,"{   ""is_anomaly"": true,   ""severity"": ""medium"",   ""root_cause"": ""Multiple block deletions in a short time frame indicate potential data corruption or misconfiguration."",   ""remediation"": ""Review HDFS logs for any errors and check for any recent changes in configuration or operations that could explain the deletions."" }",185.19,314.94,86493
qwen2.5-14b,hdfs,1,rag,215,True,Anomaly,False,low,none,"{   ""is_anomaly"": false,   ""severity"": ""low"",   ""root_cause"": ""none"",   ""remediation"": ""none"" }",185.19,314.94,86493
qwen2.5-14b,hdfs,1,rag,216,False,NORMAL,False,low,none,"{   ""is_anomaly"": false,   ""severity"": ""low"",   ""root_cause"": ""none"",   ""remediation"": ""none"" }",185.19,314.94,86493
qwen2.5-14b,hdfs,1,rag,217,False,NORMAL,False,low,none,"{   ""is_anomaly"": false,   ""severity"": ""low"",   ""root_cause"": ""none"",   ""remediation"": ""none"" } Based on the provided log window, there are no indications of an anomaly. The log entries show normal operations of block allocation and storage updates, similar to the first precedent which was categorized as normal. Therefore, the current log window is also considered normal with no root cause or reme",185.19,314.94,86493
qwen2.5-14b,hdfs,1,rag,218,True,Anomaly,False,low,none,"{   ""is_anomaly"": false,   ""severity"": ""low"",   ""root_cause"": ""none"",   ""remediation"": ""none"" }",185.19,314.94,86493
qwen2.5-14b,hdfs,1,rag,219,False,NORMAL,False,low,none,"{   ""is_anomaly"": false,   ""severity"": ""low"",   ""root_cause"": ""none"",   ""remediation"": ""none"" }",185.19,314.94,86493
qwen2.5-14b,hdfs,1,rag,220,False,NORMAL,True,medium,"Multiple data nodes are receiving blocks from different sources, indicating potential data corruption or misconfiguration.","{   ""is_anomaly"": true,   ""severity"": ""medium"",   ""root_cause"": ""Multiple data nodes are receiving blocks from different sources, indicating potential data corruption or misconfiguration."",   ""remediation"": ""Review the configuration of the data nodes and check for any signs of data corruption."" }",185.19,314.94,86493
qwen2.5-14b,hdfs,1,rag,221,False,NORMAL,False,low,none,"{   ""is_anomaly"": false,   ""severity"": ""low"",   ""root_cause"": ""none"",   ""remediation"": ""none"" } Based on the provided log window and precedent incidents, the current log entries appear to be normal operations of the HDFS system, where blocks are being marked as invalid. There is no indication of an anomaly or unusual behavior in the logs. Therefore, the system is functioning as expected without an",185.19,314.94,86493
qwen2.5-14b,hdfs,1,rag,222,True,Anomaly,True,medium,"Multiple blocks are being added from the same node, which could indicate a node is overloaded or experiencing issues.","{   ""is_anomaly"": true,   ""severity"": ""medium"",   ""root_cause"": ""Multiple blocks are being added from the same node, which could indicate a node is overloaded or experiencing issues."",   ""remediation"": ""Check the node 10.251.107.50 for any signs of overload or failure and redistribute the load if necessary."" }",185.19,314.94,86493
qwen2.5-14b,hdfs,1,rag,223,True,Anomaly,True,medium,PacketResponder termination without a corresponding receive block event,"{   ""is_anomaly"": true,   ""severity"": ""medium"",   ""root_cause"": ""PacketResponder termination without a corresponding receive block event"",   ""remediation"": ""Check DataNode logs for any errors or warnings around the time of the anomaly and restart the DataNode if necessary"" }",185.19,314.94,86493
qwen2.5-14b,hdfs,1,rag,224,False,NORMAL,True,medium,Multiple block deletions within the same time window indicate potential data corruption or misconfiguration.,"{   ""is_anomaly"": true,   ""severity"": ""medium"",   ""root_cause"": ""Multiple block deletions within the same time window indicate potential data corruption or misconfiguration."",   ""remediation"": ""Review the HDFS logs for any preceding errors and ensure data integrity checks are performed."" }",185.19,314.94,86493
qwen2.5-14b,hdfs,1,rag,225,False,NORMAL,True,medium,"PacketResponder terminations are observed without corresponding block receptions, indicating potential data corruption or network issues.","{   ""is_anomaly"": true,   ""severity"": ""medium"",   ""root_cause"": ""PacketResponder terminations are observed without corresponding block receptions, indicating potential data corruption or network issues."",   ""remediation"": ""Check network connectivity and data integrity between nodes."" }",185.19,314.94,86493
qwen2.5-14b,hdfs,1,rag,226,True,Anomaly,False,low,none,"{   ""is_anomaly"": false,   ""severity"": ""low"",   ""root_cause"": ""none"",   ""remediation"": ""none"" } Based on the provided log window, the entries are similar to the precedent logs where blocks are being added to the invalidSet, which is a normal operation in HDFS. There is no indication of an anomaly or unusual behavior in the current log window. Therefore, the system is operating normally.   Please n",185.19,314.94,86493
qwen2.5-14b,hdfs,1,rag,227,True,Anomaly,False,low,none,"{   ""is_anomaly"": false,   ""severity"": ""low"",   ""root_cause"": ""none"",   ""remediation"": ""none"" }",185.19,314.94,86493
qwen2.5-14b,hdfs,1,rag,228,True,Anomaly,True,medium,"Multiple blocks are being received from different sources, indicating potential data corruption or network issues.","{   ""is_anomaly"": true,   ""severity"": ""medium"",   ""root_cause"": ""Multiple blocks are being received from different sources, indicating potential data corruption or network issues."",   ""remediation"": ""Check network connectivity and data integrity between nodes."" }",185.19,314.94,86493
qwen2.5-14b,hdfs,1,rag,229,False,NORMAL,True,medium,"Multiple blocks are being added to the blockMap with large sizes, indicating potential data corruption or misconfiguration.","{   ""is_anomaly"": true,   ""severity"": ""medium"",   ""root_cause"": ""Multiple blocks are being added to the blockMap with large sizes, indicating potential data corruption or misconfiguration."",   ""remediation"": ""Review the block allocation and storage policies to ensure correct data handling and integrity."" }",185.19,314.94,86493
qwen2.5-14b,hdfs,1,rag,230,False,NORMAL,False,low,none,"{   ""is_anomaly"": false,   ""severity"": ""low"",   ""root_cause"": ""none"",   ""remediation"": ""none"" } Based on the provided log window, the activities described are typical operations of a Hadoop Distributed File System (HDFS) DataNode, involving block reception and packet responder terminations. The log entries do not indicate any unusual behavior or errors that would suggest an anomaly. Therefore, the",185.19,314.94,86493
qwen2.5-14b,hdfs,1,rag,231,False,NORMAL,False,low,none,"{   ""is_anomaly"": false,   ""severity"": ""low"",   ""root_cause"": ""none"",   ""remediation"": ""none"" }",185.19,314.94,86493
qwen2.5-14b,hdfs,1,rag,232,True,Anomaly,True,medium,Multiple block deletions in a short time frame indicate potential data corruption or misconfiguration.,"{   ""is_anomaly"": true,   ""severity"": ""medium"",   ""root_cause"": ""Multiple block deletions in a short time frame indicate potential data corruption or misconfiguration."",   ""remediation"": ""Review HDFS logs for any errors and check if the deletions were intentional."" }",185.19,314.94,86493
qwen2.5-14b,hdfs,1,rag,233,False,NORMAL,True,medium,Multiple data reception events and a packet responder termination suggest potential data corruption or network issues.,"{   ""is_anomaly"": true,   ""severity"": ""medium"",   ""root_cause"": ""Multiple data reception events and a packet responder termination suggest potential data corruption or network issues."",   ""remediation"": ""Check network connectivity and data integrity between nodes."" }",185.19,314.94,86493
qwen2.5-14b,hdfs,1,rag,234,False,NORMAL,False,low,none,"{   ""is_anomaly"": false,   ""severity"": ""low"",   ""root_cause"": ""none"",   ""remediation"": ""none"" } Based on the provided log window, the entries are similar to the first precedent where blocks are being added to the invalidSet, which is a normal operation in HDFS. There is no indication of an anomaly or unusual behavior in the logs. Therefore, the system is operating normally.   Please note that the ",185.19,314.94,86493
qwen2.5-14b,hdfs,1,rag,235,True,Anomaly,False,low,none,"{   ""is_anomaly"": false,   ""severity"": ""low"",   ""root_cause"": ""none"",   ""remediation"": ""none"" } Based on the provided log window, there are no indications of an anomaly. The log entries show normal operations of block allocation and storage updates in the HDFS system, similar to the first precedent which was categorized as normal. Therefore, the current log window is also considered normal with no",185.19,314.94,86493
qwen2.5-14b,hdfs,1,rag,236,True,Anomaly,False,low,none,"{   ""is_anomaly"": false,   ""severity"": ""low"",   ""root_cause"": ""none"",   ""remediation"": ""none"" } Based on the provided log window, there is no indication of an anomaly. The log entries show normal operations of block additions to the blockMap, which is consistent with the precedent of a normal log window. Therefore, the system is operating as expected without any anomalies detected.   Please note t",185.19,314.94,86493
qwen2.5-14b,hdfs,1,rag,237,False,NORMAL,False,low,none,"{   ""is_anomaly"": false,   ""severity"": ""low"",   ""root_cause"": ""none"",   ""remediation"": ""none"" } Based on the provided log window and the precedent incidents, the current log window does not indicate any anomalies. The logs show normal operations of the DataNode receiving and responding to blocks, which is consistent with the precedent incidents. Therefore, the system is operating normally without ",185.19,314.94,86493
qwen2.5-14b,hdfs,1,rag,238,True,Anomaly,True,medium,Multiple block additions within a short time frame indicate potential data corruption or unexpected data load.,"{   ""is_anomaly"": true,   ""severity"": ""medium"",   ""root_cause"": ""Multiple block additions within a short time frame indicate potential data corruption or unexpected data load."",   ""remediation"": ""Review recent data operations and verify data integrity."" }",185.19,314.94,86493
qwen2.5-14b,hdfs,1,rag,239,True,Anomaly,True,medium,"Negative block IDs are present, indicating potential corruption or misconfiguration in the HDFS system.","{   ""is_anomaly"": true,   ""severity"": ""medium"",   ""root_cause"": ""Negative block IDs are present, indicating potential corruption or misconfiguration in the HDFS system."",   ""remediation"": ""Check and correct the block IDs in the HDFS system to ensure they are positive and unique."" }",185.19,314.94,86493
qwen2.5-14b,hdfs,1,rag,240,False,NORMAL,True,low,"Multiple blocks of the same size being added simultaneously, indicating potential data replication issues.","{   ""is_anomaly"": true,   ""severity"": ""low"",   ""root_cause"": ""Multiple blocks of the same size being added simultaneously, indicating potential data replication issues."",   ""remediation"": ""Review HDFS replication settings and monitor for further similar events."" }",185.19,314.94,86493
qwen2.5-14b,hdfs,1,rag,241,True,Anomaly,True,medium,"Multiple blocks are being received simultaneously, indicating potential data corruption or network issues.","{   ""is_anomaly"": true,   ""severity"": ""medium"",   ""root_cause"": ""Multiple blocks are being received simultaneously, indicating potential data corruption or network issues."",   ""remediation"": ""Check network connectivity and data integrity between nodes."" }",185.19,314.94,86493
qwen2.5-14b,hdfs,1,rag,242,True,Anomaly,True,low,"Multiple blocks are being added to the invalidSet, indicating potential data corruption or node failure.","{   ""is_anomaly"": true,   ""severity"": ""low"",   ""root_cause"": ""Multiple blocks are being added to the invalidSet, indicating potential data corruption or node failure."",   ""remediation"": ""Check the health of the nodes involved and verify the integrity of the data blocks."" }",185.19,314.94,86493
qwen2.5-14b,hdfs,1,rag,243,False,NORMAL,True,medium,PacketResponder termination for a specific block indicates potential data corruption or network issue.,"{   ""is_anomaly"": true,   ""severity"": ""medium"",   ""root_cause"": ""PacketResponder termination for a specific block indicates potential data corruption or network issue."",   ""remediation"": ""Check the integrity of the block and network connectivity between the nodes."" }",185.19,314.94,86493
qwen2.5-14b,hdfs,1,rag,244,True,Anomaly,False,low,none,"{   ""is_anomaly"": false,   ""severity"": ""low"",   ""root_cause"": ""none"",   ""remediation"": ""none"" }",185.19,314.94,86493
qwen2.5-14b,hdfs,1,rag,245,True,Anomaly,True,medium,"PacketResponder for block blk_-5347120775771459880 terminated unexpectedly, indicating a potential issue with block handling or network connectivity.","{   ""is_anomaly"": true,   ""severity"": ""medium"",   ""root_cause"": ""PacketResponder for block blk_-5347120775771459880 terminated unexpectedly, indicating a potential issue with block handling or network connectivity."",   ""remediation"": ""Check the network connectivity and block handling processes for the affected DataNode."" }",185.19,314.94,86493
qwen2.5-14b,hdfs,1,rag,246,False,NORMAL,False,low,none,"{   ""is_anomaly"": false,   ""severity"": ""low"",   ""root_cause"": ""none"",   ""remediation"": ""none"" }",185.19,314.94,86493
qwen2.5-14b,hdfs,1,rag,247,False,NORMAL,False,low,none,"{   ""is_anomaly"": false,   ""severity"": ""low"",   ""root_cause"": ""none"",   ""remediation"": ""none"" }",185.19,314.94,86493
qwen2.5-14b,hdfs,1,rag,248,True,Anomaly,False,low,none,"{   ""is_anomaly"": false,   ""severity"": ""low"",   ""root_cause"": ""none"",   ""remediation"": ""none"" } Based on the provided log window and precedent incidents, the current log entries are consistent with normal operations. The logs indicate that blocks are being added to the invalid set, which is a standard operation in HDFS for managing block invalidations. There is no indication of an anomaly or unusu",185.19,314.94,86493
qwen2.5-14b,hdfs,1,rag,249,False,NORMAL,True,low,"Multiple PacketResponders terminating and receiving blocks from different nodes, indicating potential data synchronization issues.","{   ""is_anomaly"": true,   ""severity"": ""low"",   ""root_cause"": ""Multiple PacketResponders terminating and receiving blocks from different nodes, indicating potential data synchronization issues."",   ""remediation"": ""Monitor the system for further anomalies and ensure data consistency across nodes."" }",185.19,314.94,86493
qwen2.5-14b,hdfs,1,rag,250,True,Anomaly,False,low,none,"{   ""is_anomaly"": false,   ""severity"": ""low"",   ""root_cause"": ""none"",   ""remediation"": ""none"" } Based on the provided log window, the events described are typical operations of block allocation and storage updates in an HDFS (Hadoop Distributed File System) environment. The log entries show normal operations of allocating and adding stored blocks, which are standard activities in HDFS. There are n",185.19,314.94,86493
qwen2.5-14b,hdfs,1,rag,251,False,NORMAL,True,medium,"Multiple PacketResponders terminating and receiving blocks from different sources within a short time frame, indicating potential data corruption or network issues.","{   ""is_anomaly"": true,   ""severity"": ""medium"",   ""root_cause"": ""Multiple PacketResponders terminating and receiving blocks from different sources within a short time frame, indicating potential data corruption or network issues."",   ""remediation"": ""Check network connectivity and data integrity between the DataNode and the sources of the blocks."" }",185.19,314.94,86493
qwen2.5-14b,hdfs,1,rag,252,False,NORMAL,True,low,Multiple block allocation and storage operations within a short time frame indicate potential data processing issues or system instability.,"{   ""is_anomaly"": true,   ""severity"": ""low"",   ""root_cause"": ""Multiple block allocation and storage operations within a short time frame indicate potential data processing issues or system instability."",   ""remediation"": ""Monitor the system for further anomalies and review the data processing tasks for any errors or inefficiencies."" }",185.19,314.94,86493
qwen2.5-14b,hdfs,1,rag,253,True,Anomaly,True,medium,PacketResponder termination and block reception within the same timestamp suggests a potential issue with block handling or data node communication.,"{   ""is_anomaly"": true,   ""severity"": ""medium"",   ""root_cause"": ""PacketResponder termination and block reception within the same timestamp suggests a potential issue with block handling or data node communication."",   ""remediation"": ""Review the logs for any errors or warnings around the time of the incident and check the health of the data nodes involved."" }",185.19,314.94,86493
qwen2.5-14b,hdfs,1,rag,254,True,Anomaly,True,medium,Multiple block deletions in a short time frame indicate potential data corruption or misconfiguration.,"{   ""is_anomaly"": true,   ""severity"": ""medium"",   ""root_cause"": ""Multiple block deletions in a short time frame indicate potential data corruption or misconfiguration."",   ""remediation"": ""Review HDFS logs for any errors and check for any recent changes in configuration or data management policies."" }",185.19,314.94,86493
qwen2.5-14b,hdfs,1,rag,255,True,Anomaly,True,medium,Multiple block deletions within a short time frame indicate potential data corruption or misconfiguration.,"{   ""is_anomaly"": true,   ""severity"": ""medium"",   ""root_cause"": ""Multiple block deletions within a short time frame indicate potential data corruption or misconfiguration."",   ""remediation"": ""Review the HDFS logs for any preceding errors and ensure data integrity checks are performed."" }",185.19,314.94,86493
qwen2.5-14b,hdfs,1,rag,256,False,NORMAL,True,medium,"Multiple blocks are being received simultaneously from the same source IP, indicating potential network congestion or misconfiguration.","{   ""is_anomaly"": true,   ""severity"": ""medium"",   ""root_cause"": ""Multiple blocks are being received simultaneously from the same source IP, indicating potential network congestion or misconfiguration."",   ""remediation"": ""Investigate network traffic and DataNode configurations to ensure proper operation and address any congestion issues."" }",185.19,314.94,86493
qwen2.5-14b,hdfs,1,rag,257,False,NORMAL,True,medium,Multiple PacketResponder terminations within a short time frame indicate potential issues with block handling or data corruption.,"{   ""is_anomaly"": true,   ""severity"": ""medium"",   ""root_cause"": ""Multiple PacketResponder terminations within a short time frame indicate potential issues with block handling or data corruption."",   ""remediation"": ""Review the block handling process and check for any data corruption or inconsistencies."" }",185.19,314.94,86493
qwen2.5-14b,hdfs,1,rag,258,False,NORMAL,True,medium,Multiple block deletions in a short time frame may indicate an issue with data integrity or a cleanup process gone wrong.,"{   ""is_anomaly"": true,   ""severity"": ""medium"",   ""root_cause"": ""Multiple block deletions in a short time frame may indicate an issue with data integrity or a cleanup process gone wrong."",   ""remediation"": ""Review the HDFS logs for any errors or warnings around the time of the deletions and ensure the cleanup process is functioning as intended."" }",185.19,314.94,86493
qwen2.5-14b,hdfs,1,rag,259,False,NORMAL,False,low,none,"{   ""is_anomaly"": false,   ""severity"": ""low"",   ""root_cause"": ""none"",   ""remediation"": ""none"" } Based on the provided log window and the precedent incidents, the current log entries are consistent with normal operations. The logs indicate the deletion of several blocks, which is a routine operation in HDFS (Hadoop Distributed File System) for maintaining data integrity and managing storage space. ",185.19,314.94,86493
qwen2.5-14b,hdfs,1,rag,260,True,Anomaly,False,low,none,"{   ""is_anomaly"": false,   ""severity"": ""low"",   ""root_cause"": ""none"",   ""remediation"": ""none"" } Based on the provided log window, the entries are consistent with normal operations, as they show the deletion of multiple blocks, which is a routine activity in HDFS. The log entries are similar to the second and third precedent logs, which were classified as normal. Therefore, there is no indication o",185.19,314.94,86493
qwen2.5-14b,hdfs,1,rag,261,False,NORMAL,False,low,none,"{   ""is_anomaly"": false,   ""severity"": ""low"",   ""root_cause"": ""none"",   ""remediation"": ""none"" }",185.19,314.94,86493
qwen2.5-14b,hdfs,1,rag,262,False,NORMAL,False,low,none,"{   ""is_anomaly"": false,   ""severity"": ""low"",   ""root_cause"": ""none"",   ""remediation"": ""none"" } Based on the provided log window, the activities described are typical operations within an HDFS (Hadoop Distributed File System) environment, including block allocation and data reception. The log entries indicate normal operations such as adding stored blocks and allocating new blocks for files. There",185.19,314.94,86493
qwen2.5-14b,hdfs,1,rag,263,True,Anomaly,True,medium,IOException: Could not read from stream indicates a data corruption or network issue during block write operation,"{   ""is_anomaly"": true,   ""severity"": ""medium"",   ""root_cause"": ""IOException: Could not read from stream indicates a data corruption or network issue during block write operation"",   ""remediation"": ""Check network connectivity and data integrity between nodes, and consider restarting the DataNode service"" }",185.19,314.94,86493
qwen2.5-14b,hdfs,1,rag,264,False,NORMAL,False,low,none,"{   ""is_anomaly"": false,   ""severity"": ""low"",   ""root_cause"": ""none"",   ""remediation"": ""none"" }",185.19,314.94,86493
qwen2.5-14b,hdfs,1,rag,265,True,Anomaly,False,low,none,"{   ""is_anomaly"": false,   ""severity"": ""low"",   ""root_cause"": ""none"",   ""remediation"": ""none"" }",185.19,314.94,86493
qwen2.5-14b,hdfs,1,rag,266,False,NORMAL,False,low,none,"{   ""is_anomaly"": false,   ""severity"": ""low"",   ""root_cause"": ""none"",   ""remediation"": ""none"" } Based on the provided log window, the entries describe DataNodes serving blocks to other nodes, which is a normal operation in HDFS. There are no indications of errors or unusual behavior that would suggest an anomaly. Therefore, the system is operating as expected.   Please note that the past incidents",185.19,314.94,86493
qwen2.5-14b,hdfs,1,rag,267,False,NORMAL,False,low,none,"{   ""is_anomaly"": false,   ""severity"": ""low"",   ""root_cause"": ""none"",   ""remediation"": ""none"" } Based on the provided log window and the precedent incidents, the current log entries are consistent with normal operations. The logs indicate that the system is deleting blocks, which is a routine operation in HDFS (Hadoop Distributed File System) for garbage collection or to free up space. Since the p",185.19,314.94,86493
qwen2.5-14b,hdfs,1,rag,268,True,Anomaly,True,low,"The block sizes for blk_-3460937283899892661 and blk_3691800924039309052 are smaller than the usual 67108864, indicating potential data corruption or an unusual operation.","{   ""is_anomaly"": true,   ""severity"": ""low"",   ""root_cause"": ""The block sizes for blk_-3460937283899892661 and blk_3691800924039309052 are smaller than the usual 67108864, indicating potential data corruption or an unusual operation."",   ""remediation"": ""Verify the integrity of the blocks and the operations that led to these block sizes. If corrupted, restore from a backup."" }",185.19,314.94,86493
qwen2.5-14b,hdfs,1,rag,269,False,NORMAL,True,medium,Multiple terminations and receptions of the same block indicate potential data corruption or network issues.,"{   ""is_anomaly"": true,   ""severity"": ""medium"",   ""root_cause"": ""Multiple terminations and receptions of the same block indicate potential data corruption or network issues."",   ""remediation"": ""Check network connectivity and data integrity for the affected blocks."" }",185.19,314.94,86493
qwen2.5-14b,hdfs,1,rag,270,False,NORMAL,True,medium,Multiple block additions with large sizes indicate potential data corruption or unexpected data load.,"{   ""is_anomaly"": true,   ""severity"": ""medium"",   ""root_cause"": ""Multiple block additions with large sizes indicate potential data corruption or unexpected data load."",   ""remediation"": ""Review recent data operations and verify data integrity."" }",185.19,314.94,86493
qwen2.5-14b,hdfs,1,rag,271,False,NORMAL,False,low,none,"{   ""is_anomaly"": false,   ""severity"": ""low"",   ""root_cause"": ""none"",   ""remediation"": ""none"" }",185.19,314.94,86493
qwen2.5-14b,hdfs,1,rag,272,True,Anomaly,True,medium,"The log shows a block deletion and a packet responder termination, which are not typical in normal operations.","{   ""is_anomaly"": true,   ""severity"": ""medium"",   ""root_cause"": ""The log shows a block deletion and a packet responder termination, which are not typical in normal operations."",   ""remediation"": ""Review the block deletion and packet responder termination logs for any unexpected behavior or errors."" }",185.19,314.94,86493
qwen2.5-14b,hdfs,1,rag,273,True,Anomaly,False,low,none,"{   ""is_anomaly"": false,   ""severity"": ""low"",   ""root_cause"": ""none"",   ""remediation"": ""none"" }",185.19,314.94,86493
qwen2.5-14b,hdfs,1,rag,274,True,Anomaly,True,low,"PacketResponder for block blk_5266553778221329663 received the block twice from different IPs, indicating potential data corruption or network issue.","{   ""is_anomaly"": true,   ""severity"": ""low"",   ""root_cause"": ""PacketResponder for block blk_5266553778221329663 received the block twice from different IPs, indicating potential data corruption or network issue."",   ""remediation"": ""Verify the integrity of the block data and check network configurations for any misconfigurations."" }",185.19,314.94,86493
qwen2.5-14b,hdfs,1,rag,275,True,Anomaly,True,medium,Multiple block deletions followed by data reception indicating potential data corruption or mismanagement.,"{   ""is_anomaly"": true,   ""severity"": ""medium"",   ""root_cause"": ""Multiple block deletions followed by data reception indicating potential data corruption or mismanagement."",   ""remediation"": ""Review and validate the block deletion and reception logs to ensure data integrity."" }",185.19,314.94,86493
qwen2.5-14b,hdfs,1,rag,276,True,Anomaly,True,medium,"Multiple exceptions occurred while serving blocks, indicating potential network or data corruption issues.","{   ""is_anomaly"": true,   ""severity"": ""medium"",   ""root_cause"": ""Multiple exceptions occurred while serving blocks, indicating potential network or data corruption issues."",   ""remediation"": ""Check network connectivity and data integrity between the DataNodes and clients."" }",185.19,314.94,86493
qwen2.5-14b,hdfs,1,rag,277,False,NORMAL,True,medium,"An exception occurred while serving a block, indicating a potential issue with data integrity or node communication.","{   ""is_anomaly"": true,   ""severity"": ""medium"",   ""root_cause"": ""An exception occurred while serving a block, indicating a potential issue with data integrity or node communication."",   ""remediation"": ""Check the DataNode logs for more details and restart the DataNode if necessary."" }",185.19,314.94,86493
qwen2.5-14b,hdfs,1,rag,278,False,NORMAL,True,medium,"Multiple exceptions occurred while serving blocks, indicating potential network or data corruption issues.","{   ""is_anomaly"": true,   ""severity"": ""medium"",   ""root_cause"": ""Multiple exceptions occurred while serving blocks, indicating potential network or data corruption issues."",   ""remediation"": ""Check network connectivity and data integrity for the affected blocks."" }",185.19,314.94,86493
qwen2.5-14b,hdfs,1,rag,279,True,Anomaly,True,medium,Multiple block deletion and packet responder terminations indicate potential data corruption or misconfiguration.,"{   ""is_anomaly"": true,   ""severity"": ""medium"",   ""root_cause"": ""Multiple block deletion and packet responder terminations indicate potential data corruption or misconfiguration."",   ""remediation"": ""Review block deletion logs and verify data integrity, check DataNode configurations."" }",185.19,314.94,86493
qwen2.5-14b,hdfs,1,rag,280,True,Anomaly,False,low,none,"{   ""is_anomaly"": false,   ""severity"": ""low"",   ""root_cause"": ""none"",   ""remediation"": ""none"" } Based on the provided log window, the events described are typical operations of a DataNode in an HDFS cluster, including packet responders terminating and data nodes receiving blocks. There are no indications of unusual behavior or errors that would suggest an anomaly. Therefore, the system is operatin",185.19,314.94,86493
qwen2.5-14b,hdfs,1,rag,281,True,Anomaly,False,low,none,"{   ""is_anomaly"": false,   ""severity"": ""low"",   ""root_cause"": ""none"",   ""remediation"": ""none"" } Based on the provided log window, the entries are consistent with normal operations, as seen in the precedent logs where similar block addition events are categorized as normal. There are no unusual patterns or sizes that would indicate an anomaly. Therefore, the current log window is classified as norm",185.19,314.94,86493
qwen2.5-14b,hdfs,1,rag,282,True,Anomaly,True,medium,"Multiple blocks of the same size are being added to the blockMap, which is unusual and could indicate a data corruption or misconfiguration issue.","{   ""is_anomaly"": true,   ""severity"": ""medium"",   ""root_cause"": ""Multiple blocks of the same size are being added to the blockMap, which is unusual and could indicate a data corruption or misconfiguration issue."",   ""remediation"": ""Review the configuration settings and data integrity checks for the HDFS cluster."" }",185.19,314.94,86493
qwen2.5-14b,hdfs,1,rag,283,False,NORMAL,False,low,none,"{   ""is_anomaly"": false,   ""severity"": ""low"",   ""root_cause"": ""none"",   ""remediation"": ""none"" } Based on the provided log window and the precedent incidents, the current log window does not indicate any anomalies. The logs show normal operations of the DataNode, including packet responders terminating and receiving blocks from other nodes, which is consistent with the precedent incidents. Therefor",185.19,314.94,86493
qwen2.5-14b,hdfs,1,rag,284,False,NORMAL,True,medium,Multiple block deletions within the same time frame indicate potential data corruption or misconfiguration.,"{   ""is_anomaly"": true,   ""severity"": ""medium"",   ""root_cause"": ""Multiple block deletions within the same time frame indicate potential data corruption or misconfiguration."",   ""remediation"": ""Review the HDFS logs for any errors and check the cluster's health status."" }",185.19,314.94,86493
qwen2.5-14b,hdfs,1,rag,285,False,NORMAL,False,low,none,"{   ""is_anomaly"": false,   ""severity"": ""low"",   ""root_cause"": ""none"",   ""remediation"": ""none"" } Based on the provided log entries and the precedent incidents, the current log window does not indicate an anomaly. The logs show blocks being added to the invalidSet, which is a normal operation in HDFS (Hadoop Distributed File System) when blocks are marked as invalid due to various reasons such as co",185.19,314.94,86493
qwen2.5-14b,hdfs,1,rag,286,True,Anomaly,True,low,"Multiple blocks being received simultaneously without any terminating packet responder logs, indicating potential data corruption or network issues.","{   ""is_anomaly"": true,   ""severity"": ""low"",   ""root_cause"": ""Multiple blocks being received simultaneously without any terminating packet responder logs, indicating potential data corruption or network issues."",   ""remediation"": ""Check network connectivity and data integrity between the source and destination nodes."" }",185.19,314.94,86493
qwen2.5-14b,hdfs,1,rag,287,False,NORMAL,True,medium,The log shows unusual block allocation and addition patterns that deviate from normal operations.,"{   ""is_anomaly"": true,   ""severity"": ""medium"",   ""root_cause"": ""The log shows unusual block allocation and addition patterns that deviate from normal operations."",   ""remediation"": ""Review the block allocation and addition processes for any irregularities and ensure they align with expected behavior."" }",185.19,314.94,86493
qwen2.5-14b,hdfs,1,rag,288,True,Anomaly,True,medium,"Multiple exceptions occurred while serving blocks, indicating potential issues with data node communication or block availability.","{   ""is_anomaly"": true,   ""severity"": ""medium"",   ""root_cause"": ""Multiple exceptions occurred while serving blocks, indicating potential issues with data node communication or block availability."",   ""remediation"": ""Check the health of the DataNodes and verify the integrity of the blocks involved in the exceptions."" }",185.19,314.94,86493
qwen2.5-14b,hdfs,1,rag,289,True,Anomaly,False,low,none,"{   ""is_anomaly"": false,   ""severity"": ""low"",   ""root_cause"": ""none"",   ""remediation"": ""none"" }",185.19,314.94,86493
qwen2.5-14b,hdfs,1,rag,290,True,Anomaly,False,low,none,"{   ""is_anomaly"": false,   ""severity"": ""low"",   ""root_cause"": ""none"",   ""remediation"": ""none"" }",185.19,314.94,86493
qwen2.5-14b,hdfs,1,rag,291,True,Anomaly,False,low,none,"{   ""is_anomaly"": false,   ""severity"": ""low"",   ""root_cause"": ""none"",   ""remediation"": ""none"" }",185.19,314.94,86493
qwen2.5-14b,hdfs,1,rag,292,True,Anomaly,False,low,none,"{   ""is_anomaly"": false,   ""severity"": ""low"",   ""root_cause"": ""none"",   ""remediation"": ""none"" }",185.19,314.94,86493
qwen2.5-14b,hdfs,1,rag,293,False,NORMAL,True,medium,PacketResponder for a specific block terminating unexpectedly,"{   ""is_anomaly"": true,   ""severity"": ""medium"",   ""root_cause"": ""PacketResponder for a specific block terminating unexpectedly"",   ""remediation"": ""Check the DataNode logs for blk_-2594837192079382715 for more details and restart the DataNode if necessary"" }",185.19,314.94,86493
qwen2.5-14b,hdfs,1,rag,294,False,NORMAL,False,low,none,"{   ""is_anomaly"": false,   ""severity"": ""low"",   ""root_cause"": ""none"",   ""remediation"": ""none"" }",185.19,314.94,86493
qwen2.5-14b,hdfs,1,rag,295,True,Anomaly,True,medium,java.io.IOException: Could not read from stream indicates a data corruption or network issue during block write operation,"{   ""is_anomaly"": true,   ""severity"": ""medium"",   ""root_cause"": ""java.io.IOException: Could not read from stream indicates a data corruption or network issue during block write operation"",   ""remediation"": ""Check network connectivity and data integrity between nodes, and consider restarting the DataNode service"" }",185.19,314.94,86493
qwen2.5-14b,hdfs,1,rag,296,True,Anomaly,True,medium,"Multiple exceptions occurred while serving blocks, indicating potential network or data corruption issues.","{   ""is_anomaly"": true,   ""severity"": ""medium"",   ""root_cause"": ""Multiple exceptions occurred while serving blocks, indicating potential network or data corruption issues."",   ""remediation"": ""Check network connectivity and data integrity for the affected blocks."" }",185.19,314.94,86493
qwen2.5-14b,hdfs,1,rag,297,False,NORMAL,False,low,none,"{   ""is_anomaly"": false,   ""severity"": ""low"",   ""root_cause"": ""none"",   ""remediation"": ""none"" } Based on the provided log window, the events described are consistent with normal operations of the HDFS DataNode, where blocks are received and PacketResponders terminate as expected. There are no indications of anomalies or unusual behavior in the logs. Therefore, the system is operating normally.   P",185.19,314.94,86493
qwen2.5-14b,hdfs,1,rag,298,False,NORMAL,False,low,none,"{   ""is_anomaly"": false,   ""severity"": ""low"",   ""root_cause"": ""none"",   ""remediation"": ""none"" } Based on the provided log window and precedent incidents, the current log entries appear to be normal operations. The logs indicate that blocks are being added to the invalid set, which is a standard operation in HDFS (Hadoop Distributed File System) when blocks are marked as invalid or corrupted. The t",185.19,314.94,86493
qwen2.5-14b,hdfs,1,rag,299,False,NORMAL,True,low,"Block blk_-8729887100490914972 was received with an unusually small size of 3548208 bytes, which is significantly smaller than the typical 67108864 bytes.","{   ""is_anomaly"": true,   ""severity"": ""low"",   ""root_cause"": ""Block blk_-8729887100490914972 was received with an unusually small size of 3548208 bytes, which is significantly smaller than the typical 67108864 bytes."",   ""remediation"": ""Verify the integrity of the block and consider re-replicating the block if it is corrupted or incomplete."" }",185.19,314.94,86493
qwen2.5-14b,thunderbird,1,rag,300,True,VAPI,True,high,Device in FATAL state and multiple mad_process failures indicate a critical issue with the InfiniHost0 port 1.,"{   ""is_anomaly"": true,   ""severity"": ""high"",   ""root_cause"": ""Device in FATAL state and multiple mad_process failures indicate a critical issue with the InfiniHost0 port 1."",   ""remediation"": ""Restart the InfiniHost0 port 1 or replace the faulty hardware if the issue persists."" }",185.19,314.94,86493
qwen2.5-14b,thunderbird,1,rag,301,True,VAPI,True,high,Device in FATAL state and mad_process failures indicate a critical issue with the InfiniHost0 device.,"{   ""is_anomaly"": true,   ""severity"": ""high"",   ""root_cause"": ""Device in FATAL state and mad_process failures indicate a critical issue with the InfiniHost0 device."",   ""remediation"": ""Restart the InfiniHost0 device and check for hardware failures."" }",185.19,314.94,86493
qwen2.5-14b,thunderbird,1,rag,302,True,VAPI,True,high,"Device in FATAL state and mad_process failures indicate a critical issue with the InfiniHost0 port 1, leading to datasource communication failure.","{   ""is_anomaly"": true,   ""severity"": ""high"",   ""root_cause"": ""Device in FATAL state and mad_process failures indicate a critical issue with the InfiniHost0 port 1, leading to datasource communication failure."",   ""remediation"": ""Restart the InfiniHost0 port 1 and check for hardware issues."" }",185.19,314.94,86493
qwen2.5-14b,thunderbird,1,rag,303,False,NORMAL,True,medium,"DHCP server is receiving requests for unknown leases, indicating potential IP address conflicts or misconfigurations.","{   ""is_anomaly"": true,   ""severity"": ""medium"",   ""root_cause"": ""DHCP server is receiving requests for unknown leases, indicating potential IP address conflicts or misconfigurations."",   ""remediation"": ""Review DHCP configuration and lease database to ensure all assigned IP addresses are correctly registered."" }",185.19,314.94,86493
qwen2.5-14b,thunderbird,1,rag,304,True,VAPI,True,high,EVAPI_process_local_mad failed with a fatal error indicating a local catastrophic error in the InfiniHost0 device.,"{   ""is_anomaly"": true,   ""severity"": ""high"",   ""root_cause"": ""EVAPI_process_local_mad failed with a fatal error indicating a local catastrophic error in the InfiniHost0 device."",   ""remediation"": ""Restart the InfiniHost0 device and check for hardware issues."" }",185.19,314.94,86493
qwen2.5-14b,thunderbird,1,rag,305,True,VAPI,True,high,"EVAPI_process_local_mad and XHH_hob_process_local_mad failures indicate a device in a FATAL state, leading to mad_process failure.","{   ""is_anomaly"": true,   ""severity"": ""high"",   ""root_cause"": ""EVAPI_process_local_mad and XHH_hob_process_local_mad failures indicate a device in a FATAL state, leading to mad_process failure."",   ""remediation"": ""Restart the affected InfiniHost0 device and check for hardware issues."" }",185.19,314.94,86493
qwen2.5-14b,thunderbird,1,rag,306,False,NORMAL,False,low,none,"{   ""is_anomaly"": false,   ""severity"": ""low"",   ""root_cause"": ""none"",   ""remediation"": ""none"" } Based on the provided log window and precedent incidents, the system is experiencing a normal condition where the file-max limit of 65536 has been reached multiple times. This is consistent with past incidents categorized as normal, indicating no anomaly or significant issue. Therefore, no remediation i",185.19,314.94,86493
qwen2.5-14b,thunderbird,1,rag,307,True,VAPI,True,high,"Device in FATAL state and mad_process failures indicate a critical issue with the InfiniHost0 port 1, leading to datasource communication failure.","{   ""is_anomaly"": true,   ""severity"": ""high"",   ""root_cause"": ""Device in FATAL state and mad_process failures indicate a critical issue with the InfiniHost0 port 1, leading to datasource communication failure."",   ""remediation"": ""Restart the InfiniHost0 port 1 and check for hardware issues."" }",185.19,314.94,86493
qwen2.5-14b,thunderbird,1,rag,308,True,VAPI,True,high,"mad_process failures and EVAPI_process_local_mad failures indicate a local catastrophic error in the InfiniHost0 port 1 QPN 0, likely due to hardware or software malfunction.","{   ""is_anomaly"": true,   ""severity"": ""high"",   ""root_cause"": ""mad_process failures and EVAPI_process_local_mad failures indicate a local catastrophic error in the InfiniHost0 port 1 QPN 0, likely due to hardware or software malfunction."",   ""remediation"": ""Restart the InfiniHost0 port 1 or replace the faulty hardware component if a hardware issue is confirmed."" }",185.19,314.94,86493
qwen2.5-14b,thunderbird,1,rag,309,True,VAPI,True,high,EVAPI_process_local_mad failed with a fatal error and multiple data sources did not respond.,"{   ""is_anomaly"": true,   ""severity"": ""high"",   ""root_cause"": ""EVAPI_process_local_mad failed with a fatal error and multiple data sources did not respond."",   ""remediation"": ""Restart the affected services and check the hardware status of InfiniHost0."" }",185.19,314.94,86493
qwen2.5-14b,thunderbird,1,rag,310,False,NORMAL,True,low,"dcevt32d startup succeeded appears twice, indicating a possible redundant or failed restart of the service","{   ""is_anomaly"": true,   ""severity"": ""low"",   ""root_cause"": ""dcevt32d startup succeeded appears twice, indicating a possible redundant or failed restart of the service"",   ""remediation"": ""Check the service logs for dcevt32d to confirm if a restart was necessary or if there's an issue causing it to fail and restart"" }",185.19,314.94,86493
qwen2.5-14b,thunderbird,1,rag,311,False,NORMAL,False,low,none,"{   ""is_anomaly"": false,   ""severity"": ""low"",   ""root_cause"": ""none"",   ""remediation"": ""none"" }",185.19,314.94,86493
qwen2.5-14b,thunderbird,1,rag,312,True,VAPI,True,high,Device in FATAL state and mad_process failures indicate a critical issue with the InfiniHost0 device.,"{   ""is_anomaly"": true,   ""severity"": ""high"",   ""root_cause"": ""Device in FATAL state and mad_process failures indicate a critical issue with the InfiniHost0 device."",   ""remediation"": ""Restart the InfiniHost0 device and check for hardware failures."" }",185.19,314.94,86493
qwen2.5-14b,thunderbird,1,rag,313,False,NORMAL,True,high,Device in FATAL state and mad_process failures indicate a critical issue with the InfiniHost0 device.,"{   ""is_anomaly"": true,   ""severity"": ""high"",   ""root_cause"": ""Device in FATAL state and mad_process failures indicate a critical issue with the InfiniHost0 device."",   ""remediation"": ""Restart the InfiniHost0 device and check for hardware issues."" }",185.19,314.94,86493
qwen2.5-14b,thunderbird,1,rag,314,True,VAPI,True,high,"The mad_process and EVAPI_process_local_mad failures indicate a local catastrophic error in the InfiniHost0 port 1 QPN 0, which is a critical failure in the InfiniBand subsystem.","{   ""is_anomaly"": true,   ""severity"": ""high"",   ""root_cause"": ""The mad_process and EVAPI_process_local_mad failures indicate a local catastrophic error in the InfiniHost0 port 1 QPN 0, which is a critical failure in the InfiniBand subsystem."",   ""remediation"": ""Restart the InfiniBand service or replace the faulty hardware component associated with InfiniHost0 port 1."" }",185.19,314.94,86493
qwen2.5-14b,thunderbird,1,rag,315,False,NORMAL,False,low,none,"{   ""is_anomaly"": false,   ""severity"": ""low"",   ""root_cause"": ""none"",   ""remediation"": ""none"" }",185.19,314.94,86493
qwen2.5-14b,thunderbird,1,rag,316,False,NORMAL,False,low,none,"{   ""is_anomaly"": false,   ""severity"": ""low"",   ""root_cause"": ""none"",   ""remediation"": ""none"" }",185.19,314.94,86493
qwen2.5-14b,thunderbird,1,rag,317,False,NORMAL,False,low,none,"{   ""is_anomaly"": false,   ""severity"": ""low"",   ""root_cause"": ""none"",   ""remediation"": ""none"" }",185.19,314.94,86493
qwen2.5-14b,thunderbird,1,rag,318,False,NORMAL,True,medium,Out of memory errors are occurring during bindcache and pan_ips initialization.,"{   ""is_anomaly"": true,   ""severity"": ""medium"",   ""root_cause"": ""Out of memory errors are occurring during bindcache and pan_ips initialization."",   ""remediation"": ""Increase the system's memory or reduce the memory usage of running processes."" }",185.19,314.94,86493
qwen2.5-14b,thunderbird,1,rag,319,False,NORMAL,True,medium,gmond shutdown failures indicate a potential issue with the Ganglia monitoring daemon.,"{   ""is_anomaly"": true,   ""severity"": ""medium"",   ""root_cause"": ""gmond shutdown failures indicate a potential issue with the Ganglia monitoring daemon."",   ""remediation"": ""Check gmond configuration and restart the service if necessary."" }",185.19,314.94,86493
qwen2.5-14b,thunderbird,1,rag,320,False,NORMAL,False,low,none,"{   ""is_anomaly"": false,   ""severity"": ""low"",   ""root_cause"": ""none"",   ""remediation"": ""none"" }",185.19,314.94,86493
qwen2.5-14b,thunderbird,1,rag,321,True,VAPI,True,high,Device in FATAL state and multiple mad_process failures indicate a critical issue with the InfiniHost0 port 1.,"{   ""is_anomaly"": true,   ""severity"": ""high"",   ""root_cause"": ""Device in FATAL state and multiple mad_process failures indicate a critical issue with the InfiniHost0 port 1."",   ""remediation"": ""Restart the InfiniHost0 port 1 or replace the faulty hardware if the issue persists."" }",185.19,314.94,86493
qwen2.5-14b,thunderbird,1,rag,322,False,NORMAL,False,low,none,"{   ""is_anomaly"": false,   ""severity"": ""low"",   ""root_cause"": ""none"",   ""remediation"": ""none"" }",185.19,314.94,86493
qwen2.5-14b,thunderbird,1,rag,323,True,VAPI,True,high,"InfiniHost0 port 1 QPN 0 is experiencing a local catastrophic error, leading to failure in EVAPI_process_local_mad and unresponsive data sources.","{   ""is_anomaly"": true,   ""severity"": ""high"",   ""root_cause"": ""InfiniHost0 port 1 QPN 0 is experiencing a local catastrophic error, leading to failure in EVAPI_process_local_mad and unresponsive data sources."",   ""remediation"": ""Restart the InfiniHost0 port 1 QPN 0 service and check for hardware issues."" }",185.19,314.94,86493
qwen2.5-14b,thunderbird,1,rag,324,False,NORMAL,False,low,none,"{   ""is_anomaly"": false,   ""severity"": ""low"",   ""root_cause"": ""none"",   ""remediation"": ""none"" }",185.19,314.94,86493
qwen2.5-14b,thunderbird,1,rag,325,True,VAPI,True,high,mad_process failures and EVAPI_process_local_mad failures indicate a local catastrophic error in the InfiniHost0 port 1 QPN 0.,"{   ""is_anomaly"": true,   ""severity"": ""high"",   ""root_cause"": ""mad_process failures and EVAPI_process_local_mad failures indicate a local catastrophic error in the InfiniHost0 port 1 QPN 0."",   ""remediation"": ""Restart the InfiniHost0 port or the associated service to resolve the issue."" }",185.19,314.94,86493
qwen2.5-14b,thunderbird,1,rag,326,True,VAPI,True,high,"EVAPI_process_local_mad and mad_process failures indicate a critical issue with the InfiniHost0 device, possibly due to a local catastrophic error.","{   ""is_anomaly"": true,   ""severity"": ""high"",   ""root_cause"": ""EVAPI_process_local_mad and mad_process failures indicate a critical issue with the InfiniHost0 device, possibly due to a local catastrophic error."",   ""remediation"": ""Restart the InfiniHost0 device and check for hardware issues or corrupted configurations."" }",185.19,314.94,86493
qwen2.5-14b,thunderbird,1,rag,327,False,NORMAL,False,low,none,"{   ""is_anomaly"": false,   ""severity"": ""low"",   ""root_cause"": ""none"",   ""remediation"": ""none"" }",185.19,314.94,86493
qwen2.5-14b,thunderbird,1,rag,328,False,NORMAL,True,medium,"Too many open files in system, preventing RRD_update from accessing necessary files","{   ""is_anomaly"": true,   ""severity"": ""medium"",   ""root_cause"": ""Too many open files in system, preventing RRD_update from accessing necessary files"",   ""remediation"": ""Increase the maximum number of open files limit or close unnecessary files"" }",185.19,314.94,86493
qwen2.5-14b,thunderbird,1,rag,329,False,NORMAL,False,low,"file-max limit reached and data_thread not receiving responses from datasource, but previous incidents with similar logs were categorized as normal","{   ""is_anomaly"": false,   ""severity"": ""low"",   ""root_cause"": ""file-max limit reached and data_thread not receiving responses from datasource, but previous incidents with similar logs were categorized as normal"",   ""remediation"": ""none"" }",185.19,314.94,86493
qwen2.5-14b,thunderbird,1,rag,330,True,VAPI,True,high,"Device in FATAL state and mad_process failures indicate a critical issue with the InfiniHost0 port 1, leading to datasource communication failure.","{   ""is_anomaly"": true,   ""severity"": ""high"",   ""root_cause"": ""Device in FATAL state and mad_process failures indicate a critical issue with the InfiniHost0 port 1, leading to datasource communication failure."",   ""remediation"": ""Restart the InfiniHost0 port 1 and check for hardware issues."" }",185.19,314.94,86493
qwen2.5-14b,thunderbird,1,rag,331,False,NORMAL,False,low,none,"{   ""is_anomaly"": false,   ""severity"": ""low"",   ""root_cause"": ""none"",   ""remediation"": ""none"" } Based on the provided log window and precedent incidents, the system is experiencing a normal condition where the file-max limit of 65536 has been reached multiple times. This is consistent with past incidents categorized as normal, indicating no anomaly or significant issue. Therefore, no remediation i",185.19,314.94,86493
qwen2.5-14b,thunderbird,1,rag,332,True,VAPI,True,high,Device in FATAL state due to mad_process failure and EVAPI_process_local_mad failures,"{   ""is_anomaly"": true,   ""severity"": ""high"",   ""root_cause"": ""Device in FATAL state due to mad_process failure and EVAPI_process_local_mad failures"",   ""remediation"": ""Restart the InfiniHost0 device and check for hardware issues"" }",185.19,314.94,86493
qwen2.5-14b,thunderbird,1,rag,333,False,NORMAL,False,low,file-max limit reached and data_thread not receiving responses from datasource,"{   ""is_anomaly"": false,   ""severity"": ""low"",   ""root_cause"": ""file-max limit reached and data_thread not receiving responses from datasource"",   ""remediation"": ""increase file-max limit if necessary and check datasource availability"" }",185.19,314.94,86493
qwen2.5-14b,thunderbird,1,rag,334,True,VAPI,True,high,"EVAPI_process_local_mad failed with a fatal error and data_thread could not get an answer from any of the specified datasources, indicating a severe issue with the InfiniHost0 and related datasources.","{   ""is_anomaly"": true,   ""severity"": ""high"",   ""root_cause"": ""EVAPI_process_local_mad failed with a fatal error and data_thread could not get an answer from any of the specified datasources, indicating a severe issue with the InfiniHost0 and related datasources."",   ""remediation"": ""Restart the InfiniHost0 service and check the status of the Thunderbird datasources A7, B2, and B8."" }",185.19,314.94,86493
qwen2.5-14b,thunderbird,1,rag,335,False,NORMAL,False,low,"crond shutdown failed, but no other anomalies detected","{   ""is_anomaly"": false,   ""severity"": ""low"",   ""root_cause"": ""crond shutdown failed, but no other anomalies detected"",   ""remediation"": ""check crond service status and restart if necessary"" }",185.19,314.94,86493
qwen2.5-14b,thunderbird,1,rag,336,False,NORMAL,False,low,none,"{   ""is_anomaly"": false,   ""severity"": ""low"",   ""root_cause"": ""none"",   ""remediation"": ""none"" }",185.19,314.94,86493
qwen2.5-14b,thunderbird,1,rag,337,True,VAPI,True,high,EVAPI_process_local_mad failure and node discovery failures indicate a local catastrophic error in the InfiniBand subsystem.,"{   ""is_anomaly"": true,   ""severity"": ""high"",   ""root_cause"": ""EVAPI_process_local_mad failure and node discovery failures indicate a local catastrophic error in the InfiniBand subsystem."",   ""remediation"": ""Restart the InfiniBand service and check the hardware connections for the affected ports."" }",185.19,314.94,86493
qwen2.5-14b,thunderbird,1,rag,338,False,NORMAL,False,low,none,"{   ""is_anomaly"": false,   ""severity"": ""low"",   ""root_cause"": ""none"",   ""remediation"": ""none"" }",185.19,314.94,86493
qwen2.5-14b,thunderbird,1,rag,339,True,VAPI,True,high,Device in FATAL state and mad_process failures indicate a local catastrophic error in the InfiniHost0 device.,"{   ""is_anomaly"": true,   ""severity"": ""high"",   ""root_cause"": ""Device in FATAL state and mad_process failures indicate a local catastrophic error in the InfiniHost0 device."",   ""remediation"": ""Restart the InfiniHost0 device to resolve the FATAL state and check for hardware issues."" }",185.19,314.94,86493
qwen2.5-14b,thunderbird,1,rag,340,False,NORMAL,False,low,none,"{   ""is_anomaly"": false,   ""severity"": ""low"",   ""root_cause"": ""none"",   ""remediation"": ""none"" }",185.19,314.94,86493
qwen2.5-14b,thunderbird,1,rag,341,False,NORMAL,False,low,none,"{   ""is_anomaly"": false,   ""severity"": ""low"",   ""root_cause"": ""none"",   ""remediation"": ""none"" }",185.19,314.94,86493
qwen2.5-14b,thunderbird,1,rag,342,True,VAPI,True,high,Device in FATAL state and failure in mad_process and EVAPI_process_local_mad indicate a critical issue with the InfiniHost0 port 1.,"{   ""is_anomaly"": true,   ""severity"": ""high"",   ""root_cause"": ""Device in FATAL state and failure in mad_process and EVAPI_process_local_mad indicate a critical issue with the InfiniHost0 port 1."",   ""remediation"": ""Restart the InfiniHost0 port 1 or check the hardware for any physical damage."" }",185.19,314.94,86493
qwen2.5-14b,thunderbird,1,rag,343,True,VAPI,True,high,Device in FATAL state and multiple mad_process failures indicate a critical issue with the InfiniHost0 port 1.,"{   ""is_anomaly"": true,   ""severity"": ""high"",   ""root_cause"": ""Device in FATAL state and multiple mad_process failures indicate a critical issue with the InfiniHost0 port 1."",   ""remediation"": ""Restart the InfiniHost0 port 1 or replace the faulty hardware if the issue persists."" }",185.19,314.94,86493
qwen2.5-14b,thunderbird,1,rag,344,True,VAPI,True,high,"mad_process failures and EVAPI_process_local_mad failures indicate a local catastrophic error in the InfiniHost0 port 1 QPN 0, likely due to hardware or software malfunction.","{   ""is_anomaly"": true,   ""severity"": ""high"",   ""root_cause"": ""mad_process failures and EVAPI_process_local_mad failures indicate a local catastrophic error in the InfiniHost0 port 1 QPN 0, likely due to hardware or software malfunction."",   ""remediation"": ""Restart the InfiniHost0 port 1 or replace the faulty hardware component if the issue persists."" }",185.19,314.94,86493
qwen2.5-14b,thunderbird,1,rag,345,True,VAPI,True,high,Device in FATAL state and multiple mad_process failures indicate a critical issue with the InfiniHost0 port 1 QPN 0.,"{   ""is_anomaly"": true,   ""severity"": ""high"",   ""root_cause"": ""Device in FATAL state and multiple mad_process failures indicate a critical issue with the InfiniHost0 port 1 QPN 0."",   ""remediation"": ""Restart the InfiniHost0 port or replace the faulty hardware component."" }",185.19,314.94,86493
qwen2.5-14b,thunderbird,1,rag,346,True,VAPI,True,high,EVAPI_process_local_mad failure and failed node discovery indicate a local catastrophic error in the InfiniBand subsystem.,"{   ""is_anomaly"": true,   ""severity"": ""high"",   ""root_cause"": ""EVAPI_process_local_mad failure and failed node discovery indicate a local catastrophic error in the InfiniBand subsystem."",   ""remediation"": ""Restart the InfiniBand service and check the hardware connections for the ports in INIT state."" }",185.19,314.94,86493
qwen2.5-14b,thunderbird,1,rag,347,False,NORMAL,False,low,none,"{   ""is_anomaly"": false,   ""severity"": ""low"",   ""root_cause"": ""none"",   ""remediation"": ""none"" }",185.19,314.94,86493
qwen2.5-14b,thunderbird,1,rag,348,True,VAPI,True,high,"mad_process failures and EVAPI_process_local_mad failures indicate a local catastrophic error in the InfiniHost0 port 1 QPN 0, likely due to hardware or software malfunction.","{   ""is_anomaly"": true,   ""severity"": ""high"",   ""root_cause"": ""mad_process failures and EVAPI_process_local_mad failures indicate a local catastrophic error in the InfiniHost0 port 1 QPN 0, likely due to hardware or software malfunction."",   ""remediation"": ""Restart the InfiniHost0 port 1 or replace the faulty hardware component if the issue persists."" }",185.19,314.94,86493
qwen2.5-14b,thunderbird,1,rag,349,True,VAPI,True,high,Device in FATAL state and mad_process failures indicate a critical issue with the InfiniHost0 port 1 QPN 0.,"{   ""is_anomaly"": true,   ""severity"": ""high"",   ""root_cause"": ""Device in FATAL state and mad_process failures indicate a critical issue with the InfiniHost0 port 1 QPN 0."",   ""remediation"": ""Restart the InfiniHost0 port or check the hardware for any physical damage."" }",185.19,314.94,86493
qwen2.5-14b,thunderbird,1,rag,350,True,VAPI,True,high,Device in FATAL state due to mad_process failures and EVAPI_process_local_mad errors,"{   ""is_anomaly"": true,   ""severity"": ""high"",   ""root_cause"": ""Device in FATAL state due to mad_process failures and EVAPI_process_local_mad errors"",   ""remediation"": ""Restart the InfiniHost0 device to recover from the FATAL state"" }",185.19,314.94,86493
qwen2.5-14b,thunderbird,1,rag,351,False,NORMAL,False,low,none,"{   ""is_anomaly"": false,   ""severity"": ""low"",   ""root_cause"": ""none"",   ""remediation"": ""none"" }",185.19,314.94,86493
qwen2.5-14b,thunderbird,1,rag,352,True,VAPI,True,high,Device in FATAL state and mad_process failures indicate a critical issue with the InfiniHost0 device.,"{   ""is_anomaly"": true,   ""severity"": ""high"",   ""root_cause"": ""Device in FATAL state and mad_process failures indicate a critical issue with the InfiniHost0 device."",   ""remediation"": ""Restart the InfiniHost0 device and check for hardware failures."" }",185.19,314.94,86493
qwen2.5-14b,thunderbird,1,rag,353,False,NORMAL,False,low,none,"{   ""is_anomaly"": false,   ""severity"": ""low"",   ""root_cause"": ""none"",   ""remediation"": ""none"" }",185.19,314.94,86493
qwen2.5-14b,thunderbird,1,rag,354,False,NORMAL,False,low,none,"{   ""is_anomaly"": false,   ""severity"": ""low"",   ""root_cause"": ""none"",   ""remediation"": ""none"" }",185.19,314.94,86493
qwen2.5-14b,thunderbird,1,rag,355,False,NORMAL,False,low,none,"{   ""is_anomaly"": false,   ""severity"": ""low"",   ""root_cause"": ""none"",   ""remediation"": ""none"" }",185.19,314.94,86493
qwen2.5-14b,thunderbird,1,rag,356,True,VAPI,True,high,"EVAPI_process_local_mad failed with a fatal error and data_thread could not get an answer from the datasource, indicating a local catastrophic error in the InfiniHost0.","{   ""is_anomaly"": true,   ""severity"": ""high"",   ""root_cause"": ""EVAPI_process_local_mad failed with a fatal error and data_thread could not get an answer from the datasource, indicating a local catastrophic error in the InfiniHost0."",   ""remediation"": ""Restart the InfiniHost0 service and check the datasource connectivity."" }",185.19,314.94,86493
qwen2.5-14b,thunderbird,1,rag,357,False,NORMAL,True,medium,data_thread() failed to receive an answer from any Thunderbird_C8 datasource,"{   ""is_anomaly"": true,   ""severity"": ""medium"",   ""root_cause"": ""data_thread() failed to receive an answer from any Thunderbird_C8 datasource"",   ""remediation"": ""Check the connectivity and status of Thunderbird_C8 datasource"" }",185.19,314.94,86493
qwen2.5-14b,thunderbird,1,rag,358,False,NORMAL,True,medium,Out of memory errors and network unreachable indicate potential resource exhaustion or misconfiguration.,"{   ""is_anomaly"": true,   ""severity"": ""medium"",   ""root_cause"": ""Out of memory errors and network unreachable indicate potential resource exhaustion or misconfiguration."",   ""remediation"": ""Check system memory usage and network configuration to resolve out of memory errors and network issues."" }",185.19,314.94,86493
qwen2.5-14b,thunderbird,1,rag,359,True,VAPI,True,high,"mad_process failures and EVAPI_process_local_mad failures indicate a local catastrophic error in the InfiniHost0 port 1 QPN 0, likely due to a hardware or driver issue.","{   ""is_anomaly"": true,   ""severity"": ""high"",   ""root_cause"": ""mad_process failures and EVAPI_process_local_mad failures indicate a local catastrophic error in the InfiniHost0 port 1 QPN 0, likely due to a hardware or driver issue."",   ""remediation"": ""Check the InfiniHost0 port 1 QPN 0 for hardware issues and ensure the device driver is up to date and correctly loaded."" }",185.19,314.94,86493
qwen2.5-14b,thunderbird,1,rag,360,True,VAPI,True,high,"InfiniHost0 is experiencing fatal errors and failed to process local MAD, indicating a local catastrophic error.","{   ""is_anomaly"": true,   ""severity"": ""high"",   ""root_cause"": ""InfiniHost0 is experiencing fatal errors and failed to process local MAD, indicating a local catastrophic error."",   ""remediation"": ""Restart the InfiniHost0 service and check the ports in INIT state for configuration issues."" }",185.19,314.94,86493
qwen2.5-14b,thunderbird,1,rag,361,False,NORMAL,False,low,none,"{   ""is_anomaly"": false,   ""severity"": ""low"",   ""root_cause"": ""none"",   ""remediation"": ""none"" }",185.19,314.94,86493
qwen2.5-14b,thunderbird,1,rag,362,True,VAPI,True,high,EVAPI_process_local_mad failed with a fatal error and data_thread did not receive responses from any Thunderbird_D8 datasource,"{   ""is_anomaly"": true,   ""severity"": ""high"",   ""root_cause"": ""EVAPI_process_local_mad failed with a fatal error and data_thread did not receive responses from any Thunderbird_D8 datasource"",   ""remediation"": ""Check the connectivity and status of the Thunderbird_D8 datasource and the InfiniHost0 EVAPI process"" }",185.19,314.94,86493
qwen2.5-14b,thunderbird,1,rag,363,False,NORMAL,False,low,"Too many open files in system, likely due to resource limits","{   ""is_anomaly"": false,   ""severity"": ""low"",   ""root_cause"": ""Too many open files in system, likely due to resource limits"",   ""remediation"": ""Increase the maximum number of open files limit"" }",185.19,314.94,86493
qwen2.5-14b,thunderbird,1,rag,364,True,VAPI,True,high,EVAPI_process_local_mad failure and failed node discovery indicate a local catastrophic error in the InfiniBand subsystem.,"{   ""is_anomaly"": true,   ""severity"": ""high"",   ""root_cause"": ""EVAPI_process_local_mad failure and failed node discovery indicate a local catastrophic error in the InfiniBand subsystem."",   ""remediation"": ""Restart the InfiniBand service and check the hardware connections for the ports in INIT state."" }",185.19,314.94,86493
qwen2.5-14b,thunderbird,1,rag,365,True,VAPI,True,high,"mad_process failures and EVAPI_process_local_mad fatal errors indicate a critical issue with the InfiniHost0 port 1 QPN 0, and data_thread not receiving responses from datasources suggests a communication failure.","{   ""is_anomaly"": true,   ""severity"": ""high"",   ""root_cause"": ""mad_process failures and EVAPI_process_local_mad fatal errors indicate a critical issue with the InfiniHost0 port 1 QPN 0, and data_thread not receiving responses from datasources suggests a communication failure."",   ""remediation"": ""Restart the InfiniHost0 port 1 QPN 0 and check network connectivity to the datasources."" }",185.19,314.94,86493
qwen2.5-14b,thunderbird,1,rag,366,True,VAPI,True,high,Device in FATAL state and multiple mad_process failures indicate a critical issue with the InfiniHost0 port 1.,"{   ""is_anomaly"": true,   ""severity"": ""high"",   ""root_cause"": ""Device in FATAL state and multiple mad_process failures indicate a critical issue with the InfiniHost0 port 1."",   ""remediation"": ""Restart the InfiniHost0 port 1 or replace the faulty hardware if the issue persists."" }",185.19,314.94,86493
qwen2.5-14b,thunderbird,1,rag,367,True,VAPI,True,high,Device in FATAL state and mad_process failures indicate a critical issue with the InfiniHost0 device.,"{   ""is_anomaly"": true,   ""severity"": ""high"",   ""root_cause"": ""Device in FATAL state and mad_process failures indicate a critical issue with the InfiniHost0 device."",   ""remediation"": ""Restart the InfiniHost0 device and check for hardware failures."" }",185.19,314.94,86493
qwen2.5-14b,thunderbird,1,rag,368,True,VAPI,True,high,Device in FATAL state and mad_process failures indicate a critical issue with the InfiniHost0 device.,"{   ""is_anomaly"": true,   ""severity"": ""high"",   ""root_cause"": ""Device in FATAL state and mad_process failures indicate a critical issue with the InfiniHost0 device."",   ""remediation"": ""Restart the InfiniHost0 device and check for hardware failures."" }",185.19,314.94,86493
qwen2.5-14b,thunderbird,1,rag,369,False,NORMAL,False,low,none,"{   ""is_anomaly"": false,   ""severity"": ""low"",   ""root_cause"": ""none"",   ""remediation"": ""none"" } Based on the provided log window and precedent incidents, the system is experiencing a normal condition where the file-max limit of 65536 has been reached multiple times. This is consistent with past incidents categorized as normal, indicating no anomaly or significant issue. Therefore, no remediation i",185.19,314.94,86493
qwen2.5-14b,thunderbird,1,rag,370,True,VAPI,True,high,Device in FATAL state and multiple mad_process failures indicate a critical issue with the InfiniHost0 port 1.,"{   ""is_anomaly"": true,   ""severity"": ""high"",   ""root_cause"": ""Device in FATAL state and multiple mad_process failures indicate a critical issue with the InfiniHost0 port 1."",   ""remediation"": ""Restart the InfiniHost0 port 1 or replace the faulty hardware if the issue persists."" }",185.19,314.94,86493
qwen2.5-14b,thunderbird,1,rag,371,False,NORMAL,True,low,"Temperature sensor detected a warning value, indicating a potential issue with the BMC Ambient Temp sensor.","{   ""is_anomaly"": true,   ""severity"": ""low"",   ""root_cause"": ""Temperature sensor detected a warning value, indicating a potential issue with the BMC Ambient Temp sensor."",   ""remediation"": ""Monitor the temperature and ensure it does not exceed the warning threshold."" }",185.19,314.94,86493
qwen2.5-14b,thunderbird,1,rag,372,False,NORMAL,False,low,none,"{   ""is_anomaly"": false,   ""severity"": ""low"",   ""root_cause"": ""none"",   ""remediation"": ""none"" }",185.19,314.94,86493
qwen2.5-14b,thunderbird,1,rag,373,False,NORMAL,False,low,none,"{   ""is_anomaly"": false,   ""severity"": ""low"",   ""root_cause"": ""none"",   ""remediation"": ""none"" }",185.19,314.94,86493
qwen2.5-14b,thunderbird,1,rag,374,True,VAPI,True,high,EVAPI_process_local_mad failures and unresponsive datasources indicate a local catastrophic error in the InfiniHost0 device.,"{   ""is_anomaly"": true,   ""severity"": ""high"",   ""root_cause"": ""EVAPI_process_local_mad failures and unresponsive datasources indicate a local catastrophic error in the InfiniHost0 device."",   ""remediation"": ""Restart the InfiniHost0 device and check for any hardware issues."" }",185.19,314.94,86493
qwen2.5-14b,thunderbird,1,rag,375,True,VAPI,True,high,"mad_process failures and EVAPI_process_local_mad fatal errors indicate a critical issue with the InfiniHost0 port 1 QPN 0, possibly due to hardware or software malfunction.","{   ""is_anomaly"": true,   ""severity"": ""high"",   ""root_cause"": ""mad_process failures and EVAPI_process_local_mad fatal errors indicate a critical issue with the InfiniHost0 port 1 QPN 0, possibly due to hardware or software malfunction."",   ""remediation"": ""Restart the InfiniHost0 port 1 QPN 0 service and check for any hardware issues or software updates."" }",185.19,314.94,86493
qwen2.5-14b,thunderbird,1,rag,376,False,NORMAL,True,medium,Loading a kernel module intended for AuthenticAMD CPU on a GenuineIntel CPU,"{   ""is_anomaly"": true,   ""severity"": ""medium"",   ""root_cause"": ""Loading a kernel module intended for AuthenticAMD CPU on a GenuineIntel CPU"",   ""remediation"": ""Ensure the correct panfs.o kernel module for the GenuineIntel CPU is loaded"" }",185.19,314.94,86493
qwen2.5-14b,thunderbird,1,rag,377,False,NORMAL,False,low,none,"{   ""is_anomaly"": false,   ""severity"": ""low"",   ""root_cause"": ""none"",   ""remediation"": ""none"" }",185.19,314.94,86493
qwen2.5-14b,thunderbird,1,rag,378,True,VAPI,True,high,mad_process failures and EVAPI_process_local_mad failures indicate a local catastrophic error in the InfiniHost0 port 1 QPN 0.,"{   ""is_anomaly"": true,   ""severity"": ""high"",   ""root_cause"": ""mad_process failures and EVAPI_process_local_mad failures indicate a local catastrophic error in the InfiniHost0 port 1 QPN 0."",   ""remediation"": ""Restart the InfiniHost0 port or the associated service to resolve the issue."" }",185.19,314.94,86493
qwen2.5-14b,thunderbird,1,rag,379,True,VAPI,True,high,Device in FATAL state and mad_process failures indicate a critical issue with the InfiniHost0 device.,"{   ""is_anomaly"": true,   ""severity"": ""high"",   ""root_cause"": ""Device in FATAL state and mad_process failures indicate a critical issue with the InfiniHost0 device."",   ""remediation"": ""Restart the InfiniHost0 device and check for hardware failures."" }",185.19,314.94,86493
qwen2.5-14b,thunderbird,1,rag,380,True,VAPI,True,high,"EVAPI_process_local_mad failed with a fatal error and multiple data threads did not receive responses from their respective datasources, indicating a severe issue with the InfiniHost0 and its connected datasources.","{   ""is_anomaly"": true,   ""severity"": ""high"",   ""root_cause"": ""EVAPI_process_local_mad failed with a fatal error and multiple data threads did not receive responses from their respective datasources, indicating a severe issue with the InfiniHost0 and its connected datasources."",   ""remediation"": ""Restart the InfiniHost0 service and check the connectivity of the affected datasources."" }",185.19,314.94,86493
qwen2.5-14b,thunderbird,1,rag,381,False,NORMAL,True,medium,"There is already a security framework initialized, indicating a conflict or double initialization issue.","{   ""is_anomaly"": true,   ""severity"": ""medium"",   ""root_cause"": ""There is already a security framework initialized, indicating a conflict or double initialization issue."",   ""remediation"": ""Check and ensure that the security framework is not being initialized more than once in the system configuration."" }",185.19,314.94,86493
qwen2.5-14b,thunderbird,1,rag,382,False,NORMAL,False,low,"The system is unable to resolve the hostname, but the data_thread() not answering from datasources is a recurring pattern observed in previous incidents marked as normal.","{   ""is_anomaly"": false,   ""severity"": ""low"",   ""root_cause"": ""The system is unable to resolve the hostname, but the data_thread() not answering from datasources is a recurring pattern observed in previous incidents marked as normal."",   ""remediation"": ""Check DNS resolution for the hostname 'aadmin1' and ensure network connectivity to the datasources."" }",185.19,314.94,86493
qwen2.5-14b,thunderbird,1,rag,383,False,NORMAL,True,medium,Multiple service shutdown failures indicate potential issues with the system services.,"{   ""is_anomaly"": true,   ""severity"": ""medium"",   ""root_cause"": ""Multiple service shutdown failures indicate potential issues with the system services."",   ""remediation"": ""Check the status of gmond and haldaemon services and attempt to restart them."" }",185.19,314.94,86493
qwen2.5-14b,thunderbird,1,rag,384,True,VAPI,,,,"{   ""is_anomaly"": true,   ""severity"": ""high"",   ""root_cause"": ""EVAPI_process_local_mad failed with a fatal error and data_thread could not get an answer from any of the specified datasources, indicating a critical failure in the system's communication or data processing."",   ""remediation"": ""Restart the affected services or nodes and check the system logs for any additional errors or warnings that ",185.19,314.94,86493
qwen2.5-14b,thunderbird,1,rag,385,False,NORMAL,False,low,none,"{   ""is_anomaly"": false,   ""severity"": ""low"",   ""root_cause"": ""none"",   ""remediation"": ""none"" }",185.19,314.94,86493
qwen2.5-14b,thunderbird,1,rag,386,False,NORMAL,True,medium,"Multiple SSH sessions from different IP addresses within a short time frame, indicating potential unauthorized access attempts.","{   ""is_anomaly"": true,   ""severity"": ""medium"",   ""root_cause"": ""Multiple SSH sessions from different IP addresses within a short time frame, indicating potential unauthorized access attempts."",   ""remediation"": ""Review and restrict SSH access policies, and monitor for further suspicious activity."" }",185.19,314.94,86493
qwen2.5-14b,thunderbird,1,rag,387,True,VAPI,True,high,Device in FATAL state and mad_process failure indicate a critical issue with the InfiniHost0 device.,"{   ""is_anomaly"": true,   ""severity"": ""high"",   ""root_cause"": ""Device in FATAL state and mad_process failure indicate a critical issue with the InfiniHost0 device."",   ""remediation"": ""Restart the InfiniHost0 device and check for hardware issues."" }",185.19,314.94,86493
qwen2.5-14b,thunderbird,1,rag,388,True,VAPI,True,high,mad_process failures and EVAPI_process_local_mad failures indicate a local catastrophic error in the InfiniHost0 port 1 QPN 0.,"{   ""is_anomaly"": true,   ""severity"": ""high"",   ""root_cause"": ""mad_process failures and EVAPI_process_local_mad failures indicate a local catastrophic error in the InfiniHost0 port 1 QPN 0."",   ""remediation"": ""Restart the InfiniHost0 port or the associated service to resolve the issue."" }",185.19,314.94,86493
qwen2.5-14b,thunderbird,1,rag,389,False,NORMAL,False,low,none,"{   ""is_anomaly"": false,   ""severity"": ""low"",   ""root_cause"": ""none"",   ""remediation"": ""none"" }",185.19,314.94,86493
qwen2.5-14b,thunderbird,1,rag,390,True,VAPI,True,high,"InfiniHost0 port 1 QPN 0 is experiencing a local catastrophic error, leading to failure in EVAPI_process_local_mad and unresponsive data_thread for Thunderbird_D2 datasource.","{   ""is_anomaly"": true,   ""severity"": ""high"",   ""root_cause"": ""InfiniHost0 port 1 QPN 0 is experiencing a local catastrophic error, leading to failure in EVAPI_process_local_mad and unresponsive data_thread for Thunderbird_D2 datasource."",   ""remediation"": ""Restart the InfiniHost0 port 1 QPN 0 and check for hardware issues or configuration errors."" }",185.19,314.94,86493
qwen2.5-14b,thunderbird,1,rag,391,True,VAPI,True,high,"InfiniHost0 port 1 QPN 0 is experiencing a local catastrophic error, and data_thread is not receiving responses from Thunderbird_C7 and Thunderbird_B3 datasources.","{   ""is_anomaly"": true,   ""severity"": ""high"",   ""root_cause"": ""InfiniHost0 port 1 QPN 0 is experiencing a local catastrophic error, and data_thread is not receiving responses from Thunderbird_C7 and Thunderbird_B3 datasources."",   ""remediation"": ""Restart the affected InfiniHost0 port and check the connectivity of Thunderbird_C7 and Thunderbird_B3 datasources."" }",185.19,314.94,86493
qwen2.5-14b,thunderbird,1,rag,392,False,NORMAL,False,low,none,"{   ""is_anomaly"": false,   ""severity"": ""low"",   ""root_cause"": ""none"",   ""remediation"": ""none"" } Based on the provided log window, the system appears to be functioning normally. The logs indicate successful startups of `dcevt32d`, `dcsnmp32d`, and `dcstor32d`, and the `Administrator: Instrumentation Service` events show that the Server Administrator has started and completed its startup process. Th",185.19,314.94,86493
qwen2.5-14b,thunderbird,1,rag,393,True,VAPI,True,high,Device in FATAL state and multiple mad_process failures indicate a critical issue with the InfiniHost0 port 1.,"{   ""is_anomaly"": true,   ""severity"": ""high"",   ""root_cause"": ""Device in FATAL state and multiple mad_process failures indicate a critical issue with the InfiniHost0 port 1."",   ""remediation"": ""Restart the InfiniHost0 port 1 or replace the faulty hardware if the issue persists."" }",185.19,314.94,86493
qwen2.5-14b,thunderbird,1,rag,394,True,VAPI,True,high,"EVAPI_process_local_mad failures indicate a local catastrophic error in the InfiniHost0 device, and the crond shutdown failure suggests a system service issue.","{   ""is_anomaly"": true,   ""severity"": ""high"",   ""root_cause"": ""EVAPI_process_local_mad failures indicate a local catastrophic error in the InfiniHost0 device, and the crond shutdown failure suggests a system service issue."",   ""remediation"": ""Restart the crond service and investigate the InfiniHost0 device for potential hardware or configuration issues."" }",185.19,314.94,86493
qwen2.5-14b,thunderbird,1,rag,395,False,NORMAL,False,low,"crond shutdown failed, but multiple root SSH sessions indicate normal maintenance activity","{   ""is_anomaly"": false,   ""severity"": ""low"",   ""root_cause"": ""crond shutdown failed, but multiple root SSH sessions indicate normal maintenance activity"",   ""remediation"": ""none"" }",185.19,314.94,86493
qwen2.5-14b,thunderbird,1,rag,396,True,VAPI,True,high,Multiple mad_process failures and EVAPI_process_local_mad failures indicate a local catastrophic error in the InfiniHost0 port 1 QPN 0.,"{   ""is_anomaly"": true,   ""severity"": ""high"",   ""root_cause"": ""Multiple mad_process failures and EVAPI_process_local_mad failures indicate a local catastrophic error in the InfiniHost0 port 1 QPN 0."",   ""remediation"": ""Restart the InfiniHost0 port 1 QPN 0 service or replace the hardware if the issue persists."" }",185.19,314.94,86493
qwen2.5-14b,thunderbird,1,rag,397,True,VAPI,True,high,"mad_process failures and EVAPI_process_local_mad failures indicate a local catastrophic error in the InfiniHost0 port 1 QPN 0, which is a critical failure in the InfiniBand subsystem.","{   ""is_anomaly"": true,   ""severity"": ""high"",   ""root_cause"": ""mad_process failures and EVAPI_process_local_mad failures indicate a local catastrophic error in the InfiniHost0 port 1 QPN 0, which is a critical failure in the InfiniBand subsystem."",   ""remediation"": ""Restart the InfiniBand subsystem or the affected node to resolve the issue."" }",185.19,314.94,86493
qwen2.5-14b,thunderbird,1,rag,398,False,NORMAL,True,low,"LAPICs with acpi_id[0x03] and [0x04] are disabled, which may indicate a hardware issue or configuration problem.","{   ""is_anomaly"": true,   ""severity"": ""low"",   ""root_cause"": ""LAPICs with acpi_id[0x03] and [0x04] are disabled, which may indicate a hardware issue or configuration problem."",   ""remediation"": ""Check the BIOS/UEFI settings and ensure that the LAPICs are enabled, or consult hardware documentation for further troubleshooting."" }",185.19,314.94,86493
qwen2.5-14b,thunderbird,1,rag,399,False,NORMAL,False,low,none,"{   ""is_anomaly"": false,   ""severity"": ""low"",   ""root_cause"": ""none"",   ""remediation"": ""none"" } Based on the provided log window, the system is performing a CPU calibration process, which is a normal operation during system initialization or boot-up. The logs indicate that the CPU is being calibrated and the BogoMIPS values are within expected ranges, suggesting no anomalies. Therefore, the system",185.19,314.94,86493
qwen2.5-14b,thunderbird,1,rag,400,True,VAPI,True,high,Device in FATAL state and mad_process failures indicate a critical issue with the InfiniHost0 port 1 QPN 0.,"{   ""is_anomaly"": true,   ""severity"": ""high"",   ""root_cause"": ""Device in FATAL state and mad_process failures indicate a critical issue with the InfiniHost0 port 1 QPN 0."",   ""remediation"": ""Restart the InfiniHost0 port 1 QPN 0 or replace the faulty hardware component."" }",185.19,314.94,86493
qwen2.5-14b,thunderbird,1,rag,401,False,NORMAL,False,low,none,"{   ""is_anomaly"": false,   ""severity"": ""low"",   ""root_cause"": ""none"",   ""remediation"": ""none"" }",185.19,314.94,86493
qwen2.5-14b,thunderbird,1,rag,402,True,VAPI,True,high,"EVAPI_process_local_mad failed with a fatal error and data_thread could not get answers from certain datasources, indicating a critical issue with the system's communication or data processing.","{   ""is_anomaly"": true,   ""severity"": ""high"",   ""root_cause"": ""EVAPI_process_local_mad failed with a fatal error and data_thread could not get answers from certain datasources, indicating a critical issue with the system's communication or data processing."",   ""remediation"": ""Restart the relevant services or check the network connectivity and datasource availability."" }",185.19,314.94,86493
qwen2.5-14b,thunderbird,1,rag,403,True,VAPI,True,high,"InfiniHost0 port 1 QPN 0 is in a FATAL state, and data_thread() is not receiving responses from Thunderbird_C3 and Thunderbird_D4 datasources.","{   ""is_anomaly"": true,   ""severity"": ""high"",   ""root_cause"": ""InfiniHost0 port 1 QPN 0 is in a FATAL state, and data_thread() is not receiving responses from Thunderbird_C3 and Thunderbird_D4 datasources."",   ""remediation"": ""Restart the InfiniHost0 port 1 QPN 0 and check the connectivity and health of Thunderbird_C3 and Thunderbird_D4 datasources."" }",185.19,314.94,86493
qwen2.5-14b,thunderbird,1,rag,404,False,NORMAL,False,low,none,"{   ""is_anomaly"": false,   ""severity"": ""low"",   ""root_cause"": ""none"",   ""remediation"": ""none"" }",185.19,314.94,86493
qwen2.5-14b,thunderbird,1,rag,405,True,VAPI,True,high,Device in FATAL state and multiple mad_process failures indicate a critical issue with the InfiniHost0 port 1.,"{   ""is_anomaly"": true,   ""severity"": ""high"",   ""root_cause"": ""Device in FATAL state and multiple mad_process failures indicate a critical issue with the InfiniHost0 port 1."",   ""remediation"": ""Restart the InfiniHost0 port 1 or replace the faulty hardware if the issue persists."" }",185.19,314.94,86493
qwen2.5-14b,thunderbird,1,rag,406,True,VAPI,True,high,Device in FATAL state and multiple mad_process failures indicate a critical issue with the InfiniHost0 port 1.,"{   ""is_anomaly"": true,   ""severity"": ""high"",   ""root_cause"": ""Device in FATAL state and multiple mad_process failures indicate a critical issue with the InfiniHost0 port 1."",   ""remediation"": ""Restart the InfiniHost0 port 1 or check the hardware for any physical damage."" }",185.19,314.94,86493
qwen2.5-14b,thunderbird,1,rag,407,True,VAPI,True,high,Device in FATAL state due to EVAPI_process_local_mad failures,"{   ""is_anomaly"": true,   ""severity"": ""high"",   ""root_cause"": ""Device in FATAL state due to EVAPI_process_local_mad failures"",   ""remediation"": ""Check and restart the relevant InfiniBand service or device"" }",185.19,314.94,86493
qwen2.5-14b,thunderbird,1,rag,408,False,NORMAL,False,low,none,"{   ""is_anomaly"": false,   ""severity"": ""low"",   ""root_cause"": ""none"",   ""remediation"": ""none"" }",185.19,314.94,86493
qwen2.5-14b,thunderbird,1,rag,409,False,NORMAL,False,low,none,"{   ""is_anomaly"": false,   ""severity"": ""low"",   ""root_cause"": ""none"",   ""remediation"": ""none"" }",185.19,314.94,86493
qwen2.5-14b,thunderbird,1,rag,410,False,NORMAL,True,medium,"Got trap from peer on fd 13 indicates unexpected SNMP trap received, which is not present in precedent logs","{   ""is_anomaly"": true,   ""severity"": ""medium"",   ""root_cause"": ""Got trap from peer on fd 13 indicates unexpected SNMP trap received, which is not present in precedent logs"",   ""remediation"": ""Investigate the source of the SNMP trap and ensure it is not a security or configuration issue"" }",185.19,314.94,86493
qwen2.5-14b,thunderbird,1,rag,411,False,NORMAL,False,low,none,"{   ""is_anomaly"": false,   ""severity"": ""low"",   ""root_cause"": ""none"",   ""remediation"": ""none"" } Based on the provided log window and the precedent incidents, the current log entries appear to be normal system behavior. The logs describe typical ACPI (Advanced Configuration and Power Interface) messages related to PCI (Peripheral Component Interconnect) interrupts and their mappings to GSI (Global ",185.19,314.94,86493
qwen2.5-14b,thunderbird,1,rag,412,True,VAPI,True,high,"InfiniHost0 port 1 QPN 0 is experiencing a local catastrophic error, and critical services like gmond and crond have failed to shut down properly.","{   ""is_anomaly"": true,   ""severity"": ""high"",   ""root_cause"": ""InfiniHost0 port 1 QPN 0 is experiencing a local catastrophic error, and critical services like gmond and crond have failed to shut down properly."",   ""remediation"": ""Restart the InfiniHost0 port 1 QPN 0 and check the status of gmond and crond services."" }",185.19,314.94,86493
qwen2.5-14b,thunderbird,1,rag,413,False,NORMAL,False,low,none,"{   ""is_anomaly"": false,   ""severity"": ""low"",   ""root_cause"": ""none"",   ""remediation"": ""none"" }",185.19,314.94,86493
qwen2.5-14b,thunderbird,1,rag,414,False,NORMAL,True,low,"Kernel time sync was disabled multiple times, which could indicate a misconfiguration or an attempt to manually adjust system time.","{   ""is_anomaly"": true,   ""severity"": ""low"",   ""root_cause"": ""Kernel time sync was disabled multiple times, which could indicate a misconfiguration or an attempt to manually adjust system time."",   ""remediation"": ""Check system configuration and ensure that time synchronization is enabled and properly configured."" }",185.19,314.94,86493
qwen2.5-14b,thunderbird,1,rag,415,True,VAPI,True,high,"InfiniHost0 is experiencing a local catastrophic error, indicated by the mad_process failures and the EVAPI_process_local_mad failures with return code -254.","{   ""is_anomaly"": true,   ""severity"": ""high"",   ""root_cause"": ""InfiniHost0 is experiencing a local catastrophic error, indicated by the mad_process failures and the EVAPI_process_local_mad failures with return code -254."",   ""remediation"": ""Restart the InfiniHost0 device or check the hardware for any issues causing the FATAL state."" }",185.19,314.94,86493
qwen2.5-14b,thunderbird,1,rag,416,False,NORMAL,False,low,none,"{   ""is_anomaly"": false,   ""severity"": ""low"",   ""root_cause"": ""none"",   ""remediation"": ""none"" }",185.19,314.94,86493
qwen2.5-14b,thunderbird,1,rag,417,True,VAPI,True,high,"InfiniHost0 port 1 QPN 0 is experiencing a local catastrophic error, indicated by mad_process and EVAPI_process_local_mad failures.","{   ""is_anomaly"": true,   ""severity"": ""high"",   ""root_cause"": ""InfiniHost0 port 1 QPN 0 is experiencing a local catastrophic error, indicated by mad_process and EVAPI_process_local_mad failures."",   ""remediation"": ""Restart the InfiniHost0 port 1 QPN 0 service or replace the faulty hardware component."" }",185.19,314.94,86493
qwen2.5-14b,thunderbird,1,rag,418,False,NORMAL,False,low,none,"{   ""is_anomaly"": false,   ""severity"": ""low"",   ""root_cause"": ""none"",   ""remediation"": ""none"" }",185.19,314.94,86493
qwen2.5-14b,thunderbird,1,rag,419,False,NORMAL,False,low,none,"{   ""is_anomaly"": false,   ""severity"": ""low"",   ""root_cause"": ""none"",   ""remediation"": ""none"" }",185.19,314.94,86493
qwen2.5-14b,thunderbird,1,rag,420,True,VAPI,True,high,"mad_process failures and EVAPI_process_local_mad failures indicate a local catastrophic error in the InfiniHost0 port 1 QPN 0, likely due to hardware or software misconfiguration.","{   ""is_anomaly"": true,   ""severity"": ""high"",   ""root_cause"": ""mad_process failures and EVAPI_process_local_mad failures indicate a local catastrophic error in the InfiniHost0 port 1 QPN 0, likely due to hardware or software misconfiguration."",   ""remediation"": ""Check and possibly reset the InfiniHost0 port 1 QPN 0 configuration, and review recent changes in the system."" }",185.19,314.94,86493
qwen2.5-14b,thunderbird,1,rag,421,False,NORMAL,False,low,none,"{   ""is_anomaly"": false,   ""severity"": ""low"",   ""root_cause"": ""none"",   ""remediation"": ""none"" }",185.19,314.94,86493
qwen2.5-14b,thunderbird,1,rag,422,False,NORMAL,True,medium,crond service is failing to shut down properly,"{   ""is_anomaly"": true,   ""severity"": ""medium"",   ""root_cause"": ""crond service is failing to shut down properly"",   ""remediation"": ""Check crond service configuration and logs for errors preventing proper shutdown"" }",185.19,314.94,86493
qwen2.5-14b,thunderbird,1,rag,423,False,NORMAL,True,medium,"The filesystem was mounted as read-only and required recovery, indicating a potential issue with the filesystem integrity.","{   ""is_anomaly"": true,   ""severity"": ""medium"",   ""root_cause"": ""The filesystem was mounted as read-only and required recovery, indicating a potential issue with the filesystem integrity."",   ""remediation"": ""Check the filesystem for errors and ensure proper write permissions are set."" }",185.19,314.94,86493
qwen2.5-14b,thunderbird,1,rag,424,False,NORMAL,True,medium,"Multiple SSH sessions from different IP addresses within a short time frame, indicating potential unauthorized access attempts.","{   ""is_anomaly"": true,   ""severity"": ""medium"",   ""root_cause"": ""Multiple SSH sessions from different IP addresses within a short time frame, indicating potential unauthorized access attempts."",   ""remediation"": ""Review access logs and restrict root login to trusted IP addresses."" }",185.19,314.94,86493
qwen2.5-14b,thunderbird,1,rag,425,True,VAPI,True,high,Device in FATAL state and mad_process failure indicate a critical issue with the InfiniHost0 port 1.,"{   ""is_anomaly"": true,   ""severity"": ""high"",   ""root_cause"": ""Device in FATAL state and mad_process failure indicate a critical issue with the InfiniHost0 port 1."",   ""remediation"": ""Restart the InfiniHost0 port 1 or check the hardware for any physical damage."" }",185.19,314.94,86493
qwen2.5-14b,thunderbird,1,rag,426,True,VAPI,True,high,"EVAPI_process_local_mad and XHH_hob_process_local_mad failures indicate a critical issue with the InfiniHost0 device, leading to a FATAL state.","{   ""is_anomaly"": true,   ""severity"": ""high"",   ""root_cause"": ""EVAPI_process_local_mad and XHH_hob_process_local_mad failures indicate a critical issue with the InfiniHost0 device, leading to a FATAL state."",   ""remediation"": ""Restart the InfiniHost0 device and check for hardware issues or corrupted configurations."" }",185.19,314.94,86493
qwen2.5-14b,thunderbird,1,rag,427,False,NORMAL,False,low,none,"{   ""is_anomaly"": false,   ""severity"": ""low"",   ""root_cause"": ""none"",   ""remediation"": ""none"" }",185.19,314.94,86493
qwen2.5-14b,thunderbird,1,rag,428,False,NORMAL,False,low,none,"{   ""is_anomaly"": false,   ""severity"": ""low"",   ""root_cause"": ""none"",   ""remediation"": ""none"" }",185.19,314.94,86493
qwen2.5-14b,thunderbird,1,rag,429,False,NORMAL,False,low,"file-max limit reached and data_thread not receiving responses from datasource, which are normal occurrences based on precedent","{   ""is_anomaly"": false,   ""severity"": ""low"",   ""root_cause"": ""file-max limit reached and data_thread not receiving responses from datasource, which are normal occurrences based on precedent"",   ""remediation"": ""none"" }",185.19,314.94,86493
qwen2.5-14b,thunderbird,1,rag,430,False,NORMAL,True,high,Device in FATAL state indicating a local catastrophic error,"{   ""is_anomaly"": true,   ""severity"": ""high"",   ""root_cause"": ""Device in FATAL state indicating a local catastrophic error"",   ""remediation"": ""Restart the affected network device or check for hardware issues"" }",185.19,314.94,86493
qwen2.5-14b,thunderbird,1,rag,431,False,NORMAL,False,low,none,"{   ""is_anomaly"": false,   ""severity"": ""low"",   ""root_cause"": ""none"",   ""remediation"": ""none"" }",185.19,314.94,86493
qwen2.5-14b,thunderbird,1,rag,432,True,VAPI,True,high,"InfiniHost0 port 1 QPN 0 is experiencing a local catastrophic error, as indicated by the mad_process failure and EVAPI_process_local_mad failures.","{   ""is_anomaly"": true,   ""severity"": ""high"",   ""root_cause"": ""InfiniHost0 port 1 QPN 0 is experiencing a local catastrophic error, as indicated by the mad_process failure and EVAPI_process_local_mad failures."",   ""remediation"": ""Restart the InfiniHost0 port 1 QPN 0 to resolve the local catastrophic error."" }",185.19,314.94,86493
qwen2.5-14b,thunderbird,1,rag,433,True,VAPI,True,high,"mad_process failures and EVAPI_process_local_mad fatal errors indicate a serious issue with the InfiniHost0 port 1 QPN 0, possibly hardware or driver failure.","{   ""is_anomaly"": true,   ""severity"": ""high"",   ""root_cause"": ""mad_process failures and EVAPI_process_local_mad fatal errors indicate a serious issue with the InfiniHost0 port 1 QPN 0, possibly hardware or driver failure."",   ""remediation"": ""Check the InfiniHost0 port 1 QPN 0 for hardware issues and ensure the driver is up to date."" }",185.19,314.94,86493
qwen2.5-14b,thunderbird,1,rag,434,True,VAPI,True,high,Device in FATAL state and multiple mad_process failures indicate a critical issue with the InfiniHost0 port 1.,"{   ""is_anomaly"": true,   ""severity"": ""high"",   ""root_cause"": ""Device in FATAL state and multiple mad_process failures indicate a critical issue with the InfiniHost0 port 1."",   ""remediation"": ""Restart the InfiniHost0 port 1 or replace the faulty hardware if the issue persists."" }",185.19,314.94,86493
qwen2.5-14b,thunderbird,1,rag,435,True,VAPI,True,high,Device in FATAL state and mad_process failures indicate a critical issue with the InfiniHost0 device.,"{   ""is_anomaly"": true,   ""severity"": ""high"",   ""root_cause"": ""Device in FATAL state and mad_process failures indicate a critical issue with the InfiniHost0 device."",   ""remediation"": ""Restart the InfiniHost0 device and check for hardware failures."" }",185.19,314.94,86493
qwen2.5-14b,thunderbird,1,rag,436,False,NORMAL,False,low,none,"{   ""is_anomaly"": false,   ""severity"": ""low"",   ""root_cause"": ""none"",   ""remediation"": ""none"" } Based on the provided log window, there are no indications of any anomalies or issues. The log entries describe normal system operations such as enabling local filesystem quotas and configuring network settings. Therefore, the system is operating normally without any detected issues. The retrieved prece",185.19,314.94,86493
qwen2.5-14b,thunderbird,1,rag,437,False,NORMAL,False,low,none,"{   ""is_anomaly"": false,   ""severity"": ""low"",   ""root_cause"": ""none"",   ""remediation"": ""none"" }",185.19,314.94,86493
qwen2.5-14b,thunderbird,1,rag,438,False,NORMAL,False,low,none,"{   ""is_anomaly"": false,   ""severity"": ""low"",   ""root_cause"": ""none"",   ""remediation"": ""none"" }",185.19,314.94,86493
qwen2.5-14b,thunderbird,1,rag,439,False,NORMAL,False,low,none,"{   ""is_anomaly"": false,   ""severity"": ""low"",   ""root_cause"": ""none"",   ""remediation"": ""none"" }",185.19,314.94,86493
qwen2.5-14b,thunderbird,1,rag,440,True,VAPI,True,high,EVAPI_process_local_mad failed with a fatal error and multiple data sources did not respond.,"{   ""is_anomaly"": true,   ""severity"": ""high"",   ""root_cause"": ""EVAPI_process_local_mad failed with a fatal error and multiple data sources did not respond."",   ""remediation"": ""Check the InfiniHost0 interface and restart the relevant data source services."" }",185.19,314.94,86493
qwen2.5-14b,thunderbird,1,rag,441,False,NORMAL,False,low,none,"{   ""is_anomaly"": false,   ""severity"": ""low"",   ""root_cause"": ""none"",   ""remediation"": ""none"" } Based on the provided log window, the system is initializing and starting up normally, with kjournald and md (RAID) operations occurring as expected. There are no indications of anomalies or issues in the logs. Therefore, the system is operating within normal parameters.   The retrieved precedent logs a",185.19,314.94,86493
qwen2.5-14b,thunderbird,1,rag,442,True,VAPI,True,high,"InfiniHost0 is experiencing fatal errors and failed to process local MAD, indicating a local catastrophic error.","{   ""is_anomaly"": true,   ""severity"": ""high"",   ""root_cause"": ""InfiniHost0 is experiencing fatal errors and failed to process local MAD, indicating a local catastrophic error."",   ""remediation"": ""Restart the InfiniHost0 service and check the ports in INIT state for configuration issues."" }",185.19,314.94,86493
qwen2.5-14b,thunderbird,1,rag,443,True,VAPI,True,high,Device in FATAL state due to mad_process failures and EVAPI_process_local_mad errors,"{   ""is_anomaly"": true,   ""severity"": ""high"",   ""root_cause"": ""Device in FATAL state due to mad_process failures and EVAPI_process_local_mad errors"",   ""remediation"": ""Restart the InfiniHost0 port or check the hardware for issues"" }",185.19,314.94,86493
qwen2.5-14b,thunderbird,1,rag,444,True,VAPI,True,high,InfiniHost0 device is in a FATAL state due to local catastrophic errors in the InfiniBand MAD processing.,"{   ""is_anomaly"": true,   ""severity"": ""high"",   ""root_cause"": ""InfiniHost0 device is in a FATAL state due to local catastrophic errors in the InfiniBand MAD processing."",   ""remediation"": ""Restart the InfiniHost0 device and check for hardware issues."" }",185.19,314.94,86493
qwen2.5-14b,thunderbird,1,rag,445,True,VAPI,True,high,"EVAPI_process_local_mad failed with a fatal error and data_thread could not get responses from multiple datasources, indicating a severe issue with the system's ability to communicate and process data.","{   ""is_anomaly"": true,   ""severity"": ""high"",   ""root_cause"": ""EVAPI_process_local_mad failed with a fatal error and data_thread could not get responses from multiple datasources, indicating a severe issue with the system's ability to communicate and process data."",   ""remediation"": ""Restart the affected services and check the network connectivity between the system and the datasources."" }",185.19,314.94,86493
qwen2.5-14b,thunderbird,1,rag,446,True,VAPI,True,high,"EVAPI_process_local_mad failed with a fatal error and data_thread() did not receive responses from specific datasources, indicating a critical failure in the system.","{   ""is_anomaly"": true,   ""severity"": ""high"",   ""root_cause"": ""EVAPI_process_local_mad failed with a fatal error and data_thread() did not receive responses from specific datasources, indicating a critical failure in the system."",   ""remediation"": ""Restart the affected services and check the hardware status of the InfiniHost0 device."" }",185.19,314.94,86493
qwen2.5-14b,thunderbird,1,rag,447,False,NORMAL,False,low,none,"{   ""is_anomaly"": false,   ""severity"": ""low"",   ""root_cause"": ""none"",   ""remediation"": ""none"" }",185.19,314.94,86493
qwen2.5-14b,thunderbird,1,rag,448,False,NORMAL,False,low,none,"{   ""is_anomaly"": false,   ""severity"": ""low"",   ""root_cause"": ""none"",   ""remediation"": ""none"" }",185.19,314.94,86493
qwen2.5-14b,thunderbird,1,rag,449,True,VAPI,True,high,EVAPI_process_local_mad failed with a fatal error and data_thread could not get responses from Thunderbird_B2 and Thunderbird_B4 datasources,"{   ""is_anomaly"": true,   ""severity"": ""high"",   ""root_cause"": ""EVAPI_process_local_mad failed with a fatal error and data_thread could not get responses from Thunderbird_B2 and Thunderbird_B4 datasources"",   ""remediation"": ""Check the health of Thunderbird_B2 and Thunderbird_B4 datasources and restart the relevant services if necessary"" }",185.19,314.94,86493
qwen2.5-14b,openstack,1,rag,450,True,ANOMALY,True,medium,"One of the requests took significantly longer than the others, indicating a potential performance issue.","{   ""is_anomaly"": true,   ""severity"": ""medium"",   ""root_cause"": ""One of the requests took significantly longer than the others, indicating a potential performance issue."",   ""remediation"": ""Investigate the cause of the increased response time for the specific request."" }",185.19,314.94,86493
qwen2.5-14b,openstack,1,rag,451,True,ANOMALY,False,low,none,"{   ""is_anomaly"": false,   ""severity"": ""low"",   ""root_cause"": ""none"",   ""remediation"": ""none"" } Based on the provided log window, there is no indication of an anomaly. The logs show a successful claim for an instance, followed by API requests to get server details and a specific server's information, and then the creation of an image for the instance. These actions are typical operations in a Nova",185.19,314.94,86493
qwen2.5-14b,openstack,1,rag,452,False,NORMAL,False,low,none,"{   ""is_anomaly"": false,   ""severity"": ""low"",   ""root_cause"": ""none"",   ""remediation"": ""none"" } Based on the provided log window, the system is functioning normally. The logs indicate that a vCPU limit was not specified for an instance, defaulting to unlimited, and the claim was successful. There are no signs of anomalies or errors in the logs. Therefore, the system is operating as expected withou",185.19,314.94,86493
qwen2.5-14b,openstack,1,rag,453,True,ANOMALY,False,low,none,"{   ""is_anomaly"": false,   ""severity"": ""low"",   ""root_cause"": ""none"",   ""remediation"": ""none"" } Based on the provided log window, the system appears to be functioning normally. The logs indicate that the image cache is checking and confirming the status of an image, and there are no error messages or unusual activity that would suggest an anomaly. The logs also show a normal network deallocation p",185.19,314.94,86493
qwen2.5-14b,openstack,1,rag,454,False,NORMAL,True,medium,"Instance 49235abd-6f1b-4f15-9ae0-9462a103fa38 was started, paused, and had a pending task (spawning) during sync_power_state.","{   ""is_anomaly"": true,   ""severity"": ""medium"",   ""root_cause"": ""Instance 49235abd-6f1b-4f15-9ae0-9462a103fa38 was started, paused, and had a pending task (spawning) during sync_power_state."",   ""remediation"": ""Check the instance's status and ensure it is not in a paused state with pending tasks."" } Based on the provided log window, the instance 49235abd-6f1b-4f15-9ae0-9462a103fa38 was started, pa",185.19,314.94,86493
qwen2.5-14b,openstack,1,rag,455,False,NORMAL,False,low,none,"{   ""is_anomaly"": false,   ""severity"": ""low"",   ""root_cause"": ""none"",   ""remediation"": ""none"" } Based on the provided log window, there are multiple GET requests to the `/v2/54fadb412c4e40cdbaed9335e4c35a9e/servers/detail` endpoint with status 200, indicating successful responses. The response times vary slightly but are within normal ranges observed in the precedent logs. There are no error messa",185.19,314.94,86493
qwen2.5-14b,openstack,1,rag,456,False,NORMAL,False,low,none,"{   ""is_anomaly"": false,   ""severity"": ""low"",   ""root_cause"": ""none"",   ""remediation"": ""none"" } Based on the provided log window, the system appears to be functioning normally. The logs indicate that an instance was successfully deleted and the network was deallocated without any errors or unusual delays. The time taken for the operations (deleting the instance and deallocating the network) is con",185.19,314.94,86493
qwen2.5-14b,openstack,1,rag,457,False,NORMAL,True,medium,A 404 error occurred when attempting to GET /openstack/2013-10-17/user_data,"{   ""is_anomaly"": true,   ""severity"": ""medium"",   ""root_cause"": ""A 404 error occurred when attempting to GET /openstack/2013-10-17/user_data"",   ""remediation"": ""Check the user_data file for the instance and ensure it is correctly configured and accessible."" }",185.19,314.94,86493
qwen2.5-14b,openstack,1,rag,458,False,NORMAL,False,low,none,"{   ""is_anomaly"": false,   ""severity"": ""low"",   ""root_cause"": ""none"",   ""remediation"": ""none"" } Based on the provided log window, there are no indications of an anomaly. The log entries show normal HTTP GET requests to metadata endpoints with successful 200 status codes and reasonable response times. These actions are typical for a system querying metadata about its instances. Therefore, no anomal",185.19,314.94,86493
qwen2.5-14b,openstack,1,rag,459,True,ANOMALY,False,low,none,"{   ""is_anomaly"": false,   ""severity"": ""low"",   ""root_cause"": ""none"",   ""remediation"": ""none"" } Based on the provided log window, the system appears to be functioning normally. The logs show successful GET requests to the API and a normal operation of creating an image on the compute node. There are no indications of errors or anomalies in the logs. Therefore, the system is operating as expected w",185.19,314.94,86493
qwen2.5-14b,openstack,1,rag,460,True,ANOMALY,False,low,none,"{   ""is_anomaly"": false,   ""severity"": ""low"",   ""root_cause"": ""none"",   ""remediation"": ""none"" } Based on the provided log window, there are no indications of an anomaly. The logs show a routine claim attempt for resources on the node, with sufficient available memory to meet the claim. The GET request to the API also returned a successful status code (200). Therefore, the system appears to be oper",185.19,314.94,86493
qwen2.5-14b,openstack,1,rag,461,False,NORMAL,True,medium,"A VM was stopped unexpectedly, which could indicate a problem with the instance or the underlying infrastructure.","{   ""is_anomaly"": true,   ""severity"": ""medium"",   ""root_cause"": ""A VM was stopped unexpectedly, which could indicate a problem with the instance or the underlying infrastructure."",   ""remediation"": ""Check the status of the VM and the compute node for any errors or issues."" }",185.19,314.94,86493
qwen2.5-14b,openstack,1,rag,462,True,ANOMALY,False,low,none,"{   ""is_anomaly"": false,   ""severity"": ""low"",   ""root_cause"": ""none"",   ""remediation"": ""none"" } Based on the provided log window, the system is functioning normally. The logs indicate that the vCPU limit was not specified for the instance, defaulting to unlimited, and the claim was successful. This is consistent with the NORMAL precedent logs, indicating no anomaly. Therefore, there is no root cau",185.19,314.94,86493
qwen2.5-14b,openstack,1,rag,463,True,ANOMALY,False,low,none,"{   ""is_anomaly"": false,   ""severity"": ""low"",   ""root_cause"": ""none"",   ""remediation"": ""none"" } Based on the provided log window, there are no indications of an anomaly. The logs show that the instance has a memory limit of 96258.00 MB with 95746.00 MB free, a total disk of 15 GB with 0.00 GB used, and 16 VCPU with 0.00 VCPU used. The disk and vCPU limits are not specified and default to unlimited",185.19,314.94,86493
qwen2.5-14b,openstack,1,rag,464,True,ANOMALY,False,low,none,"{   ""is_anomaly"": false,   ""severity"": ""low"",   ""root_cause"": ""none"",   ""remediation"": ""none"" } Based on the provided log window, there are no indications of an anomaly. All requests are returning a status of 200, and the response times are within a normal range, similar to the precedent logs. Therefore, the system appears to be functioning normally. No further action is required. {""is_anomaly"": f",185.19,314.94,86493
qwen2.5-14b,openstack,1,rag,465,False,NORMAL,False,low,none,"{   ""is_anomaly"": false,   ""severity"": ""low"",   ""root_cause"": ""none"",   ""remediation"": ""none"" } Based on the provided log window, the sequence of events appears to be a normal operation of the OpenStack Nova service. The logs indicate a GET request to retrieve server details, followed by a POST request to create an external event for a specific instance, and finally, the instance being resumed and",185.19,314.94,86493
qwen2.5-14b,openstack,1,rag,466,True,ANOMALY,False,low,none,"{   ""is_anomaly"": false,   ""severity"": ""low"",   ""root_cause"": ""none"",   ""remediation"": ""none"" } Based on the provided log window, there is no indication of an anomaly. The logs show that the instance has a total memory of 64172 MB with only 512 MB used, a memory limit of 96258 MB with 95746 MB free, a total disk of 15 GB with 0 GB used, and a total vCPU of 16 with 0 used. These values are within e",185.19,314.94,86493
qwen2.5-14b,openstack,1,rag,467,True,ANOMALY,False,low,none,"{   ""is_anomaly"": false,   ""severity"": ""low"",   ""root_cause"": ""none"",   ""remediation"": ""none"" } Based on the provided log window, there are multiple GET requests to the API endpoint `/v2/54fadb412c4e40cdbaed9335e4c35a9e/servers/detail` with status 200 and response times ranging from 0.258 to 0.375 seconds. These logs do not indicate any anomalies or errors. The response times are consistent with n",185.19,314.94,86493
qwen2.5-14b,openstack,1,rag,468,True,ANOMALY,True,low,"The deletion of instance files and destruction of the instance on the hypervisor took slightly longer than usual, but within acceptable limits.","{   ""is_anomaly"": true,   ""severity"": ""low"",   ""root_cause"": ""The deletion of instance files and destruction of the instance on the hypervisor took slightly longer than usual, but within acceptable limits."",   ""remediation"": ""Monitor the system for any further delays or errors in instance deletion processes."" }",185.19,314.94,86493
qwen2.5-14b,openstack,1,rag,469,True,ANOMALY,False,low,none,"{   ""is_anomaly"": false,   ""severity"": ""low"",   ""root_cause"": ""none"",   ""remediation"": ""none"" } Based on the provided log window, the system appears to be functioning normally. The logs show that the image cache is being checked and that the image is in use on the local node, which is consistent with the NORMAL precedent. There are no unusual delays or errors reported, and the metadata requests ar",185.19,314.94,86493
qwen2.5-14b,openstack,1,rag,470,False,NORMAL,False,low,none,"{   ""is_anomaly"": false,   ""severity"": ""low"",   ""root_cause"": ""none"",   ""remediation"": ""none"" } Based on the provided log window, the system is functioning normally. The log entries show successful GET requests to the API server with status 200, indicating that the server is responding correctly to requests. The response times are consistent with previous normal log entries, and there are no error",185.19,314.94,86493
qwen2.5-14b,openstack,1,rag,471,True,ANOMALY,True,low,"The system is attempting to claim resources for an instance, but the pattern of logs is similar to past anomalies.","{   ""is_anomaly"": true,   ""severity"": ""low"",   ""root_cause"": ""The system is attempting to claim resources for an instance, but the pattern of logs is similar to past anomalies."",   ""remediation"": ""Monitor the system closely for any further signs of resource contention or unexpected behavior."" }",185.19,314.94,86493
qwen2.5-14b,openstack,1,rag,472,False,NORMAL,False,low,none,"{   ""is_anomaly"": false,   ""severity"": ""low"",   ""root_cause"": ""none"",   ""remediation"": ""none"" } Based on the provided log window, the sequence of events appears to be normal. The log entries show successful GET requests for vendor_data.json and meta_data.json, followed by a 404 status for user_data, which is consistent with the precedent logs and does not indicate an anomaly. The final log entry s",185.19,314.94,86493
qwen2.5-14b,openstack,1,rag,473,True,ANOMALY,True,low,Unknown base file error encountered during instance deallocation.,"{   ""is_anomaly"": true,   ""severity"": ""low"",   ""root_cause"": ""Unknown base file error encountered during instance deallocation."",   ""remediation"": ""Check and clean up the instance storage to remove any orphaned or invalid base files."" } Based on the provided log window, there is an anomaly indicated by the warning message ""Unknown base file: /var/lib/nova/instances/_base/a489c868f0c37da93b76227c91",185.19,314.94,86493
qwen2.5-14b,openstack,1,rag,474,False,NORMAL,False,low,none,"{   ""is_anomaly"": false,   ""severity"": ""low"",   ""root_cause"": ""none"",   ""remediation"": ""none"" } Based on the provided log window, there are no indications of an anomaly. The logs show normal operations with successful GET requests to the API and image checking activities in the compute log, which align with the precedent logs that were categorized as normal. Therefore, the system is operating as e",185.19,314.94,86493
qwen2.5-14b,openstack,1,rag,475,True,ANOMALY,False,low,none,"{   ""is_anomaly"": false,   ""severity"": ""low"",   ""root_cause"": ""none"",   ""remediation"": ""none"" } Based on the provided log window, the system is performing a routine audit of available compute resources and updating the compute service record, which is a normal operation. The logs show that the system has 16 total usable vCPUs, with 1 allocated, and the physical memory and disk usage are within exp",185.19,314.94,86493
qwen2.5-14b,openstack,1,rag,476,True,ANOMALY,False,low,none,"{   ""is_anomaly"": false,   ""severity"": ""low"",   ""root_cause"": ""none"",   ""remediation"": ""none"" } Based on the provided log window, the system appears to be functioning normally. The logs indicate a VM stopping event followed by several successful API GET requests to retrieve server details. There are no signs of errors or anomalies in the logs, and the behavior is consistent with the precedent inci",185.19,314.94,86493
qwen2.5-14b,openstack,1,rag,477,False,NORMAL,False,low,none,"{   ""is_anomaly"": false,   ""severity"": ""low"",   ""root_cause"": ""none"",   ""remediation"": ""none"" } Based on the provided log window, the system appears to be functioning normally. The logs indicate that the image cache is checking and confirming the status of an image, and the metadata API is responding to GET requests with status 200, indicating successful operations. These activities are consistent",185.19,314.94,86493
qwen2.5-14b,openstack,1,rag,478,False,NORMAL,False,low,none,"{   ""is_anomaly"": false,   ""severity"": ""low"",   ""root_cause"": ""none"",   ""remediation"": ""none"" } Based on the provided log window, there are multiple GET requests to the API server with status 200, indicating successful responses. The compute service record is also updated, which is a normal operation. There are no signs of errors or unusual behavior that would indicate an anomaly. Therefore, the s",185.19,314.94,86493
qwen2.5-14b,openstack,1,rag,479,True,ANOMALY,False,low,none,"{   ""is_anomaly"": false,   ""severity"": ""low"",   ""root_cause"": ""none"",   ""remediation"": ""none"" } Based on the provided log window, the instance spawning process appears to have completed successfully with no errors or warnings. The instance was spawned and resumed as expected, and the time taken to spawn the instance (19.85 seconds) and build the instance (20.64 seconds) are within normal ranges. T",185.19,314.94,86493
qwen2.5-14b,openstack,1,rag,480,True,ANOMALY,,,,"{   ""is_anomaly"": true,   ""severity"": ""medium"",   ""root_cause"": ""The nova-api and nova-compute logs show a pattern similar to past anomalies, with the nova-compute log indicating an image check and in-use status, which could suggest resource contention or image corruption issues."",   ""remediation"": ""Check the status of the image 0673dd71-34c5-4fbb-86c4-40623fbe45b4 for any signs of corruption or e",185.19,314.94,86493
qwen2.5-14b,openstack,1,rag,481,True,ANOMALY,True,medium,Multiple GET requests to the API and image cache checks indicate potential resource contention or misconfiguration.,"{   ""is_anomaly"": true,   ""severity"": ""medium"",   ""root_cause"": ""Multiple GET requests to the API and image cache checks indicate potential resource contention or misconfiguration."",   ""remediation"": ""Review API access patterns and image cache usage to identify and mitigate potential issues."" }",185.19,314.94,86493
qwen2.5-14b,openstack,1,rag,482,True,ANOMALY,False,low,none,"{   ""is_anomaly"": false,   ""severity"": ""low"",   ""root_cause"": ""none"",   ""remediation"": ""none"" } Based on the provided log window, there are no indications of an anomaly. The logs show normal operations such as API requests for server details and the creation of an external event for a network interface. These actions are consistent with typical OpenStack operations and do not suggest any abnormal ",185.19,314.94,86493
qwen2.5-14b,openstack,1,rag,483,True,ANOMALY,True,low,"The system is attempting to claim resources for an instance, but the log does not indicate a successful claim or any error, which is unusual.","{   ""is_anomaly"": true,   ""severity"": ""low"",   ""root_cause"": ""The system is attempting to claim resources for an instance, but the log does not indicate a successful claim or any error, which is unusual."",   ""remediation"": ""Check nova-compute logs for any errors or warnings related to the instance claim process."" } Based on the provided log entries, the system is attempting to claim resources for ",185.19,314.94,86493
qwen2.5-14b,openstack,1,rag,484,True,ANOMALY,False,low,none,"{   ""is_anomaly"": false,   ""severity"": ""low"",   ""root_cause"": ""none"",   ""remediation"": ""none"" } Based on the provided log window, the sequence of events appears to be normal. The logs indicate a GET request to retrieve server details, followed by a POST request to create an external event for a specific instance, and finally, the instance is resumed and spawned successfully. This pattern closely m",185.19,314.94,86493
qwen2.5-14b,openstack,1,rag,485,False,NORMAL,False,low,none,"{   ""is_anomaly"": false,   ""severity"": ""low"",   ""root_cause"": ""none"",   ""remediation"": ""none"" } Based on the provided log window, the system is functioning normally. The logs indicate that a vCPU limit was not specified for an instance, defaulting to unlimited, and the claim was successful. There are no signs of errors or anomalies in the logs. Therefore, the system is operating as expected withou",185.19,314.94,86493
qwen2.5-14b,openstack,1,rag,486,False,NORMAL,True,medium,"The instance building process took an unusually long time (20.86 seconds), indicating potential performance issues.","{   ""is_anomaly"": true,   ""severity"": ""medium"",   ""root_cause"": ""The instance building process took an unusually long time (20.86 seconds), indicating potential performance issues."",   ""remediation"": ""Investigate the cause of the delay in instance building and optimize the process if necessary."" }",185.19,314.94,86493
qwen2.5-14b,openstack,1,rag,487,False,NORMAL,False,low,none,"{   ""is_anomaly"": false,   ""severity"": ""low"",   ""root_cause"": ""none"",   ""remediation"": ""none"" } Based on the provided log window, the instance spawning process appears to have completed successfully and within a reasonable time frame (18.90 seconds to spawn and 19.67 seconds to build the instance). The logs indicate that the instance was spawned successfully, and the VM resumed its lifecycle event",185.19,314.94,86493
qwen2.5-14b,openstack,1,rag,488,False,NORMAL,False,low,none,"{   ""is_anomaly"": false,   ""severity"": ""low"",   ""root_cause"": ""none"",   ""remediation"": ""none"" } Based on the provided log window, the system appears to be functioning normally. The logs indicate that the system is handling requests for server details and managing image cache as expected, without any signs of errors or anomalies. The repeated GET requests and the image cache checks are typical oper",185.19,314.94,86493
qwen2.5-14b,openstack,1,rag,489,True,ANOMALY,False,low,none,"{   ""is_anomaly"": false,   ""severity"": ""low"",   ""root_cause"": ""none"",   ""remediation"": ""none"" } Based on the provided log window, there are no indications of an anomaly. The logs show normal operations of the nova-api and nova-compute services, including image cache checks and metadata requests, which are consistent with the normal operation of an OpenStack environment. Therefore, the system is fu",185.19,314.94,86493
qwen2.5-14b,openstack,1,rag,490,False,NORMAL,False,low,none,"{   ""is_anomaly"": false,   ""severity"": ""low"",   ""root_cause"": ""none"",   ""remediation"": ""none"" } Based on the provided log window, the system appears to be functioning normally. The logs show typical operations such as GET requests for server details and a lifecycle event indicating a VM has stopped. These actions are consistent with the precedent incidents, which were categorized as normal. Theref",185.19,314.94,86493
qwen2.5-14b,openstack,1,rag,491,True,ANOMALY,False,low,none,"{   ""is_anomaly"": false,   ""severity"": ""low"",   ""root_cause"": ""none"",   ""remediation"": ""none"" } Based on the provided log window, there are no indications of an anomaly. The log entries show successful GET requests with status 200, and the response times are within a normal range. The last log entry is a different type of event (network-vif-plugged) which does not indicate an anomaly but rather a ",185.19,314.94,86493
qwen2.5-14b,openstack,1,rag,492,True,ANOMALY,True,medium,"A request took longer than usual, indicating potential performance issues.","{   ""is_anomaly"": true,   ""severity"": ""medium"",   ""root_cause"": ""A request took longer than usual, indicating potential performance issues."",   ""remediation"": ""Monitor the system for further delays and consider optimizing the API response time."" }",185.19,314.94,86493
qwen2.5-14b,openstack,1,rag,493,True,ANOMALY,,,,"{   ""is_anomaly"": true,   ""severity"": ""medium"",   ""root_cause"": ""The nova-compute log shows an image being checked and in use, but the nova-api log indicates a network-vif-plugged event for a different instance, suggesting a potential misalignment or anomaly in instance lifecycle events."",   ""remediation"": ""Review the instance lifecycle events and ensure that the network-vif-plugged event is corre",185.19,314.94,86493
qwen2.5-14b,openstack,1,rag,494,False,NORMAL,False,low,none,"{   ""is_anomaly"": false,   ""severity"": ""low"",   ""root_cause"": ""none"",   ""remediation"": ""none"" } Based on the provided log window, there are no indications of an anomaly. The logs show normal API requests and a resource audit by the compute node, which is consistent with the normal operation of the system. Therefore, the system is functioning as expected without any detected anomalies.   Please not",185.19,314.94,86493
qwen2.5-14b,openstack,1,rag,495,False,NORMAL,False,low,none,"{   ""is_anomaly"": false,   ""severity"": ""low"",   ""root_cause"": ""none"",   ""remediation"": ""none"" } Based on the provided log window, the system is performing normally. The logs show successful GET requests to retrieve server details and a POST request to create an event for a network interface. These actions are typical and do not indicate any anomalies or issues. Therefore, the system is operating a",185.19,314.94,86493
qwen2.5-14b,openstack,1,rag,496,False,NORMAL,False,low,none,"{   ""is_anomaly"": false,   ""severity"": ""low"",   ""root_cause"": ""none"",   ""remediation"": ""none"" } Based on the provided log entries, the system appears to be functioning normally. The logs show multiple successful GET requests to the API server with status 200, indicating that the server is responding correctly to client requests. There are no error messages or unusual delays in the response times, ",185.19,314.94,86493
qwen2.5-14b,openstack,1,rag,497,True,ANOMALY,True,medium,"VM was started and then paused immediately after, indicating a potential issue with the VM's startup process or configuration.","{   ""is_anomaly"": true,   ""severity"": ""medium"",   ""root_cause"": ""VM was started and then paused immediately after, indicating a potential issue with the VM's startup process or configuration."",   ""remediation"": ""Check the VM's startup configuration and logs for any errors or issues that may have caused the immediate pause."" }",185.19,314.94,86493
qwen2.5-14b,openstack,1,rag,498,True,ANOMALY,True,medium,"The image cache is checking and indicating that the image is in use, which could indicate a potential issue with image management or instance lifecycle.","{   ""is_anomaly"": true,   ""severity"": ""medium"",   ""root_cause"": ""The image cache is checking and indicating that the image is in use, which could indicate a potential issue with image management or instance lifecycle."",   ""remediation"": ""Review the instances using the image and ensure proper lifecycle management to avoid potential issues with image usage."" }",185.19,314.94,86493
qwen2.5-14b,openstack,1,rag,499,True,ANOMALY,True,medium,Unknown base file and subsequent removal of the base file suggests a potential issue with image caching or instance management.,"{   ""is_anomaly"": true,   ""severity"": ""medium"",   ""root_cause"": ""Unknown base file and subsequent removal of the base file suggests a potential issue with image caching or instance management."",   ""remediation"": ""Check the Nova image cache configuration and verify the integrity of the instance base files."" }",185.19,314.94,86493
qwen2.5-14b,openstack,1,rag,500,True,ANOMALY,True,medium,"A DELETE request to terminate an instance was made, which is an unusual operation and could indicate an anomaly.","{   ""is_anomaly"": true,   ""severity"": ""medium"",   ""root_cause"": ""A DELETE request to terminate an instance was made, which is an unusual operation and could indicate an anomaly."",   ""remediation"": ""Review the DELETE request logs and confirm if the termination was intentional. If not, restore the instance from backup."" }",185.19,314.94,86493
qwen2.5-14b,openstack,1,rag,501,False,NORMAL,True,low,"The vCPU and disk limits are not specified, leading to potential overutilization of resources.","{   ""is_anomaly"": true,   ""severity"": ""low"",   ""root_cause"": ""The vCPU and disk limits are not specified, leading to potential overutilization of resources."",   ""remediation"": ""Specify the vCPU and disk limits for the instance to prevent overutilization."" }",185.19,314.94,86493
qwen2.5-14b,openstack,1,rag,502,False,NORMAL,False,low,none,"{   ""is_anomaly"": false,   ""severity"": ""low"",   ""root_cause"": ""none"",   ""remediation"": ""none"" } Based on the provided log window, there are multiple GET requests to the `/v2/54fadb412c4e40cdbaed9335e4c35a9e/servers/detail` endpoint with status 200, indicating successful responses. The response times are consistent and within normal ranges, similar to the precedent incidents. Therefore, there is no",185.19,314.94,86493
qwen2.5-14b,openstack,1,rag,503,True,ANOMALY,True,low,A 404 error occurred when attempting to retrieve user data for the instance being deleted.,"{   ""is_anomaly"": true,   ""severity"": ""low"",   ""root_cause"": ""A 404 error occurred when attempting to retrieve user data for the instance being deleted."",   ""remediation"": ""Check the metadata service configuration and ensure that the user data is correctly stored and accessible."" }",185.19,314.94,86493
qwen2.5-14b,openstack,1,rag,504,True,ANOMALY,False,low,none,"{   ""is_anomaly"": false,   ""severity"": ""low"",   ""root_cause"": ""none"",   ""remediation"": ""none"" } Based on the provided log window, there are no warning messages indicating an unknown base file, and the logs show that the system is successfully removing a base or swap file and handling server requests normally. This behavior is consistent with the third precedent, which is marked as a normal event. ",185.19,314.94,86493
qwen2.5-14b,openstack,1,rag,505,True,ANOMALY,False,low,none,"{   ""is_anomaly"": false,   ""severity"": ""low"",   ""root_cause"": ""none"",   ""remediation"": ""none"" } Based on the provided log window, the instance spawning process appears to have completed successfully without any anomalies. The logs indicate that the instance was spawned successfully, and the VM resumed its lifecycle event as expected. The time taken to spawn the instance (19.40 seconds) is within t",185.19,314.94,86493
qwen2.5-14b,openstack,1,rag,506,False,NORMAL,False,low,none,"{   ""is_anomaly"": false,   ""severity"": ""low"",   ""root_cause"": ""none"",   ""remediation"": ""none"" } Based on the provided log window, the system is resuming a VM instance and skipping the sync_power_state due to a pending task (spawning). This behavior is consistent with the NORMAL outcomes observed in the precedent logs, where similar events occurred without any anomalies. Therefore, the current log ",185.19,314.94,86493
qwen2.5-14b,openstack,1,rag,507,True,ANOMALY,False,low,none,"{   ""is_anomaly"": false,   ""severity"": ""low"",   ""root_cause"": ""none"",   ""remediation"": ""none"" } Based on the provided log window, the sequence of events indicates that the VM was started and then paused shortly after. The log entries also show that the image cache is being checked and the image is in use, which is consistent with normal operations. There are no error messages or indications of fai",185.19,314.94,86493
qwen2.5-14b,openstack,1,rag,508,False,NORMAL,False,low,none,"{   ""is_anomaly"": false,   ""severity"": ""low"",   ""root_cause"": ""none"",   ""remediation"": ""none"" } Based on the provided log window, the system is performing normal operations related to image caching and instance storage. There are no indications of anomalies or unusual activities that would suggest a problem. The logs show the system checking and confirming the status of an image file, which is a r",185.19,314.94,86493
qwen2.5-14b,openstack,1,rag,509,True,ANOMALY,False,low,none,"{   ""is_anomaly"": false,   ""severity"": ""low"",   ""root_cause"": ""none"",   ""remediation"": ""none"" } Based on the provided log window, the system is performing normal operations. The logs indicate that an instance is being paused and that the system is checking the image cache, which are typical operations in a Nova Compute environment. There are no indications of errors or anomalies in the logs. There",185.19,314.94,86493
qwen2.5-14b,openstack,1,rag,510,True,ANOMALY,False,low,none,"{   ""is_anomaly"": false,   ""severity"": ""low"",   ""root_cause"": ""none"",   ""remediation"": ""none"" } Based on the provided log window, there are no indications of an anomaly. All requests are returning a status of 200, and the response times are within a normal range, similar to the precedent incidents. Therefore, the system is operating normally. No root cause or remediation actions are necessary. {""i",185.19,314.94,86493
qwen2.5-14b,openstack,1,rag,511,False,NORMAL,False,low,none,"{   ""is_anomaly"": false,   ""severity"": ""low"",   ""root_cause"": ""none"",   ""remediation"": ""none"" } Based on the provided log window, the system is responding with HTTP status 200 for all GET requests to the /v2/servers/detail endpoint, indicating that the server details are being retrieved successfully. The response times are within a normal range, with the longest being 0.4256961 seconds, which is n",185.19,314.94,86493
qwen2.5-14b,openstack,1,rag,512,False,NORMAL,False,low,none,"{   ""is_anomaly"": false,   ""severity"": ""low"",   ""root_cause"": ""none"",   ""remediation"": ""none"" } Based on the provided log window, the system is performing normal operations as indicated by the INFO level logs and the consistent pattern of checking and confirming the status of the image and base files. There are no warning or error messages, and the logs are similar to the NORMAL precedent logs. Th",185.19,314.94,86493
qwen2.5-14b,openstack,1,rag,513,True,ANOMALY,False,low,none,"{   ""is_anomaly"": false,   ""severity"": ""low"",   ""root_cause"": ""none"",   ""remediation"": ""none"" } Based on the provided log window, the system appears to be functioning normally. The logs indicate that an instance was resumed and spawned successfully, with no errors or anomalies detected. The events and statuses reported are consistent with typical operations in an OpenStack environment, and there a",185.19,314.94,86493
qwen2.5-14b,openstack,1,rag,514,False,NORMAL,False,low,none,"{   ""is_anomaly"": false,   ""severity"": ""low"",   ""root_cause"": ""none"",   ""remediation"": ""none"" } Based on the provided log window, there are no indications of an anomaly. The logs show normal operations of the metadata service responding to GET requests for meta_data.json, vendor_data.json, and other HTTP requests. These are typical activities in a cloud environment where instances request metadata",185.19,314.94,86493
qwen2.5-14b,openstack,1,rag,515,True,ANOMALY,False,low,none,"{   ""is_anomaly"": false,   ""severity"": ""low"",   ""root_cause"": ""none"",   ""remediation"": ""none"" } Based on the provided log window, there are no indications of an anomaly. The logs show normal operations such as updating the compute service record, API requests returning successfully, and image cache checks. These actions are consistent with typical OpenStack operations and do not suggest any issues",185.19,314.94,86493
qwen2.5-14b,openstack,1,rag,516,False,NORMAL,False,low,none,"{   ""is_anomaly"": false,   ""severity"": ""low"",   ""root_cause"": ""none"",   ""remediation"": ""none"" } Based on the provided log window, the requests are all successful (status: 200) and the response times are within a reasonable range, similar to the NORMAL precedent. Therefore, there is no anomaly detected in this log window. The system is functioning as expected without any unusual behavior or errors.",185.19,314.94,86493
qwen2.5-14b,openstack,1,rag,517,True,ANOMALY,False,low,none,"{   ""is_anomaly"": false,   ""severity"": ""low"",   ""root_cause"": ""none"",   ""remediation"": ""none"" } Based on the provided log window, there are no indications of an anomaly. The logs show that the instance has a memory limit of 96258.00 MB with 95746.00 MB free, a total disk of 15 GB with 0.00 GB used, and 16 VCPU with 0.00 VCPU used. The disk and vCPU limits are not specified and default to unlimited",185.19,314.94,86493
qwen2.5-14b,openstack,1,rag,518,False,NORMAL,True,medium,"HTTP exception thrown indicating no instances found for any event, which is unusual.","{   ""is_anomaly"": true,   ""severity"": ""medium"",   ""root_cause"": ""HTTP exception thrown indicating no instances found for any event, which is unusual."",   ""remediation"": ""Check nova-api logs for any recent configuration changes or issues that might have caused the loss of instance data."" }",185.19,314.94,86493
qwen2.5-14b,openstack,1,rag,519,False,NORMAL,False,low,none,"{   ""is_anomaly"": false,   ""severity"": ""low"",   ""root_cause"": ""none"",   ""remediation"": ""none"" } Based on the provided log window, the system is performing normal operations as indicated by the similar patterns in the precedent logs. The logs show the system checking and confirming the status of an image file, which is a routine operation. There are no signs of anomalies or errors in the log entrie",185.19,314.94,86493
qwen2.5-14b,openstack,1,rag,520,False,NORMAL,False,low,none,"{   ""is_anomaly"": false,   ""severity"": ""low"",   ""root_cause"": ""none"",   ""remediation"": ""none"" } Based on the provided log window, the system is performing normal operations. The logs indicate that a server image is being created and another server is being stopped, which are typical lifecycle events in a cloud environment. There are no signs of errors or anomalies in the logs, and the HTTP status ",185.19,314.94,86493
qwen2.5-14b,openstack,1,rag,521,False,NORMAL,False,low,none,"{   ""is_anomaly"": false,   ""severity"": ""low"",   ""root_cause"": ""none"",   ""remediation"": ""none"" } Based on the provided log window, the system appears to be functioning normally. The logs indicate that an instance is being spawned, and the VM is resumed as part of its lifecycle event. The time taken to build the instance is within a reasonable range (20.26 seconds), and the API requests to get serve",185.19,314.94,86493
qwen2.5-14b,openstack,1,rag,522,True,ANOMALY,False,low,none,"{   ""is_anomaly"": false,   ""severity"": ""low"",   ""root_cause"": ""none"",   ""remediation"": ""none"" } Based on the provided log window, the instance deletion process appears to have completed successfully without any anomalies. The logs show that the instance files were deleted, the instance was destroyed on the hypervisor, and the network was deallocated, all within reasonable timeframes. There are no ",185.19,314.94,86493
qwen2.5-14b,openstack,1,rag,523,False,NORMAL,True,medium,"The nova-compute log entries indicate an image is being checked and is in use, which is similar to a past anomaly.","{   ""is_anomaly"": true,   ""severity"": ""medium"",   ""root_cause"": ""The nova-compute log entries indicate an image is being checked and is in use, which is similar to a past anomaly."",   ""remediation"": ""Check the status of the image and ensure it is not causing any issues with the instances."" }",185.19,314.94,86493
qwen2.5-14b,openstack,1,rag,524,False,NORMAL,False,low,none,"{   ""is_anomaly"": false,   ""severity"": ""low"",   ""root_cause"": ""none"",   ""remediation"": ""none"" } Based on the provided log window, the system is functioning normally. The logs indicate that the instance has a total disk of 15 GB with no usage, and the disk limit is set to unlimited. Similarly, the instance has 16 VCPU with no usage, and the VCPU limit is also set to unlimited. The claim process was",185.19,314.94,86493
qwen2.5-14b,openstack,1,rag,525,True,ANOMALY,True,medium,Instance deletion request followed by metadata requests indicating potential unauthorized access or misconfiguration.,"{   ""is_anomaly"": true,   ""severity"": ""medium"",   ""root_cause"": ""Instance deletion request followed by metadata requests indicating potential unauthorized access or misconfiguration."",   ""remediation"": ""Review access logs and permissions for the instance being deleted and associated metadata requests."" }",185.19,314.94,86493
qwen2.5-14b,openstack,1,rag,526,False,NORMAL,False,low,none,"{   ""is_anomaly"": false,   ""severity"": ""low"",   ""root_cause"": ""none"",   ""remediation"": ""none"" } Based on the provided log window, the system appears to be functioning normally. The logs indicate that an instance is being spawned, and the system is handling it correctly by skipping the sync_power_state due to a pending task and then resuming the VM. The instance build time is within a reasonable ra",185.19,314.94,86493
qwen2.5-14b,openstack,1,rag,527,False,NORMAL,True,medium,HTTP exception thrown indicating no instances found for any event and an unknown base file in the image cache,"{   ""is_anomaly"": true,   ""severity"": ""medium"",   ""root_cause"": ""HTTP exception thrown indicating no instances found for any event and an unknown base file in the image cache"",   ""remediation"": ""Check nova-api logs for more details on why no instances were found and clean up the unknown base file in nova-compute image cache"" }",185.19,314.94,86493
qwen2.5-14b,openstack,1,rag,528,True,ANOMALY,False,low,none,"{   ""is_anomaly"": false,   ""severity"": ""low"",   ""root_cause"": ""none"",   ""remediation"": ""none"" } Based on the provided log window, the system behavior is consistent with the precedent incidents. The log entries show successful GET requests for vendor_data.json and meta_data.json, and a 404 status for user_data, which is also observed in the precedent incidents and considered normal. Therefore, ther",185.19,314.94,86493
qwen2.5-14b,openstack,1,rag,529,True,ANOMALY,True,low,"The system is checking and confirming the usage of an image file, indicating potential issues with image caching or instance management.","{   ""is_anomaly"": true,   ""severity"": ""low"",   ""root_cause"": ""The system is checking and confirming the usage of an image file, indicating potential issues with image caching or instance management."",   ""remediation"": ""Review and optimize the image caching mechanism and ensure proper instance management."" }",185.19,314.94,86493
qwen2.5-14b,openstack,1,rag,530,False,NORMAL,False,low,none,"{   ""is_anomaly"": false,   ""severity"": ""low"",   ""root_cause"": ""none"",   ""remediation"": ""none"" } Based on the provided log window, the instance spawning process appears to have completed successfully and within a reasonable time frame (19.60 seconds). The log also shows that the instance has a pending task (spawning) which is being skipped during the sync_power_state process, which is a normal beha",185.19,314.94,86493
qwen2.5-14b,openstack,1,rag,531,False,NORMAL,False,low,none,"{   ""is_anomaly"": false,   ""severity"": ""low"",   ""root_cause"": ""none"",   ""remediation"": ""none"" } Based on the provided log window, there are no indications of an anomaly. The logs show that an instance is in a pending task state (spawning) and is being skipped during power state synchronization, which is a normal behavior as seen in the precedent incidents. Additionally, there are multiple successf",185.19,314.94,86493
qwen2.5-14b,openstack,1,rag,532,True,ANOMALY,False,low,none,"{   ""is_anomaly"": false,   ""severity"": ""low"",   ""root_cause"": ""none"",   ""remediation"": ""none"" } Based on the provided log window, there are no indications of an anomaly. The logs show normal operations of checking and confirming the status of an image in use, as well as metadata requests which are typical for a running OpenStack environment. Therefore, the system is operating as expected without a",185.19,314.94,86493
qwen2.5-14b,openstack,1,rag,533,True,ANOMALY,,,,"{   ""is_anomaly"": true,   ""severity"": ""medium"",   ""root_cause"": ""The nova-api log entries show a consistent pattern of successful GET requests with varying response times, while the nova-compute log entries indicate an image is being checked and is in use, which could suggest a potential issue with image caching or usage."",   ""remediation"": ""Review the image cache and usage to ensure there are no ",185.19,314.94,86493
qwen2.5-14b,openstack,1,rag,534,True,ANOMALY,False,low,none,"{   ""is_anomaly"": false,   ""severity"": ""low"",   ""root_cause"": ""none"",   ""remediation"": ""none"" } Based on the provided log window, the sequence of events indicates a normal operation where an instance is resumed and spawned successfully. The logs show a POST request to the API followed by the instance being resumed and successfully spawned by the compute manager. The time taken to spawn the instanc",185.19,314.94,86493
qwen2.5-14b,openstack,1,rag,535,True,ANOMALY,True,medium,"Instance deletion request followed by immediate termination log, indicating a potential anomaly in the instance lifecycle management.","{   ""is_anomaly"": true,   ""severity"": ""medium"",   ""root_cause"": ""Instance deletion request followed by immediate termination log, indicating a potential anomaly in the instance lifecycle management."",   ""remediation"": ""Review the instance deletion request and ensure it was intentional. Check for any unusual patterns or unauthorized access."" }",185.19,314.94,86493
qwen2.5-14b,openstack,1,rag,536,True,ANOMALY,False,low,none,"{   ""is_anomaly"": false,   ""severity"": ""low"",   ""root_cause"": ""none"",   ""remediation"": ""none"" } Based on the provided log window, there is no indication of an anomaly. The logs show a normal request for server details and an attempt to claim resources for an instance, with sufficient available resources. Therefore, the system is operating normally without any detected issues. The logs are consiste",185.19,314.94,86493
qwen2.5-14b,openstack,1,rag,537,True,ANOMALY,False,low,none,"{   ""is_anomaly"": false,   ""severity"": ""low"",   ""root_cause"": ""none"",   ""remediation"": ""none"" } Based on the provided log window, the system appears to be functioning normally. The logs indicate that an image is in use on the node, and there are no error messages or unusual activities that would suggest an anomaly. The creation of an event and the resumption of a VM are typical operations in a clo",185.19,314.94,86493
qwen2.5-14b,openstack,1,rag,538,False,NORMAL,False,low,none,"{   ""is_anomaly"": false,   ""severity"": ""low"",   ""root_cause"": ""none"",   ""remediation"": ""none"" } Based on the provided log window, the system appears to be functioning normally. The logs indicate that an instance is being spawned, resumed, and built within a reasonable time frame (20.29 seconds), which is consistent with the normal operation of the system as seen in the precedent logs. There are no",185.19,314.94,86493
qwen2.5-14b,openstack,1,rag,539,False,NORMAL,False,low,none,"{   ""is_anomaly"": false,   ""severity"": ""low"",   ""root_cause"": ""none"",   ""remediation"": ""none"" } Based on the provided log window, the instance spawning process appears to have completed successfully, with the instance being spawned and resumed as expected. The logs indicate that the instance took approximately 19.44 seconds to spawn on the hypervisor and 20.22 seconds to build the instance, which ",185.19,314.94,86493
qwen2.5-14b,openstack,1,rag,540,True,ANOMALY,False,low,none,"{   ""is_anomaly"": false,   ""severity"": ""low"",   ""root_cause"": ""none"",   ""remediation"": ""none"" } Based on the provided log window, the system is performing a normal instance termination process. The logs show that the instance was destroyed successfully, followed by the deletion of its files, and the deletion process was completed. This sequence of events is consistent with a normal instance termin",185.19,314.94,86493
qwen2.5-14b,openstack,1,rag,541,False,NORMAL,False,low,none,"{   ""is_anomaly"": false,   ""severity"": ""low"",   ""root_cause"": ""none"",   ""remediation"": ""none"" } Based on the provided log window, there are no indications of an anomaly. The logs show normal operations of the image cache checking and confirming the status of an image file. The repeated checks and confirmations of the image's status do not suggest any abnormal behavior. Therefore, the system appear",185.19,314.94,86493
qwen2.5-14b,openstack,1,rag,542,False,NORMAL,False,low,none,"{   ""is_anomaly"": false,   ""severity"": ""low"",   ""root_cause"": ""none"",   ""remediation"": ""none"" } Based on the provided log window, the system appears to be functioning normally. The logs show successful GET requests to the API server and normal image cache checks, which are consistent with the precedent logs that were categorized as normal. There are no signs of errors or unusual behavior in the lo",185.19,314.94,86493
qwen2.5-14b,openstack,1,rag,543,True,ANOMALY,False,low,none,"{   ""is_anomaly"": false,   ""severity"": ""low"",   ""root_cause"": ""none"",   ""remediation"": ""none"" } Based on the provided log window, the system appears to be functioning normally. The logs indicate that an instance is being spawned, and the system is handling it as expected, with no errors or anomalies reported. The instance is resumed, and the build time is within a reasonable range, similar to the ",185.19,314.94,86493
qwen2.5-14b,openstack,1,rag,544,False,NORMAL,True,low,"VM c637c111-78f5-4f05-a303-65f2fda34ece was resumed and spawned successfully, but the event network-vif-plugged suggests a network issue or delay.","{   ""is_anomaly"": true,   ""severity"": ""low"",   ""root_cause"": ""VM c637c111-78f5-4f05-a303-65f2fda34ece was resumed and spawned successfully, but the event network-vif-plugged suggests a network issue or delay."",   ""remediation"": ""Check network interfaces and connectivity for the instance c637c111-78f5-4f05-a303-65f2fda34ece."" }",185.19,314.94,86493
qwen2.5-14b,openstack,1,rag,545,False,NORMAL,True,medium,"The system is attempting to remove a base file that is considered too young to be removed, indicating a potential issue with the image cache management.","{   ""is_anomaly"": true,   ""severity"": ""medium"",   ""root_cause"": ""The system is attempting to remove a base file that is considered too young to be removed, indicating a potential issue with the image cache management."",   ""remediation"": ""Review the age policy for base files in the image cache and ensure that the file is not needed before attempting removal again."" }",185.19,314.94,86493
qwen2.5-14b,openstack,1,rag,546,False,NORMAL,False,low,none,"{   ""is_anomaly"": false,   ""severity"": ""low"",   ""root_cause"": ""none"",   ""remediation"": ""none"" } Based on the provided log window, there are multiple GET requests to the `/v2/54fadb412c4e40cdbaed9335e4c35a9e/servers/detail` endpoint with status 200, indicating successful responses. The response times are within normal ranges, and there are no error messages or unusual patterns that would suggest an",185.19,314.94,86493
qwen2.5-14b,openstack,1,rag,547,True,ANOMALY,False,low,none,"{   ""is_anomaly"": false,   ""severity"": ""low"",   ""root_cause"": ""none"",   ""remediation"": ""none"" } Based on the provided log window, the system is functioning normally. The logs indicate that the vCPU limit was not specified for the instance, so it defaulted to unlimited, and the claim was successful. This is consistent with the NORMAL precedent 2, where the same sequence of events occurred without a",185.19,314.94,86493
qwen2.5-14b,openstack,1,rag,548,False,NORMAL,False,low,none,"{   ""is_anomaly"": false,   ""severity"": ""low"",   ""root_cause"": ""none"",   ""remediation"": ""none"" } Based on the provided log window, the system is performing a normal instance deletion process. The logs show a DELETE request to terminate an instance, followed by the instance being terminated and destroyed successfully. This sequence of events is consistent with normal operation and matches the patter",185.19,314.94,86493
qwen2.5-14b,openstack,1,rag,549,True,ANOMALY,False,low,none,"{   ""is_anomaly"": false,   ""severity"": ""low"",   ""root_cause"": ""none"",   ""remediation"": ""none"" } Based on the provided log window, there are no indications of an anomaly. The logs show normal operations of checking and confirming the status of an image in use, as well as API requests to retrieve server details, which are consistent with the precedent incidents and do not suggest any abnormal behavi",185.19,314.94,86493
qwen2.5-14b,openstack,1,rag,550,False,NORMAL,True,medium,"vcpu limit not specified, defaulting to unlimited for instance 976251d5-57ca-400a-bac4-36fe12e7899e","{   ""is_anomaly"": true,   ""severity"": ""medium"",   ""root_cause"": ""vcpu limit not specified, defaulting to unlimited for instance 976251d5-57ca-400a-bac4-36fe12e7899e"",   ""remediation"": ""Set a specific vcpu limit for the instance to prevent potential overutilization of resources."" }",185.19,314.94,86493
qwen2.5-14b,openstack,1,rag,551,False,NORMAL,False,low,none,"{   ""is_anomaly"": false,   ""severity"": ""low"",   ""root_cause"": ""none"",   ""remediation"": ""none"" } Based on the provided log window, the system appears to be functioning normally. The logs show successful GET requests to the API and a VM start event, which are typical operations in a cloud environment. There are no signs of errors or anomalies in the logs, and the response times are within expected r",185.19,314.94,86493
qwen2.5-14b,openstack,1,rag,552,True,ANOMALY,False,low,none,"{   ""is_anomaly"": false,   ""severity"": ""low"",   ""root_cause"": ""none"",   ""remediation"": ""none"" } Based on the provided log window, there are no indications of an anomaly. The logs show normal operations of the Nova Compute and API services, with the Nova Compute service checking and confirming the status of an image file, and the Nova API service responding to GET requests for server details. These",185.19,314.94,86493
qwen2.5-14b,openstack,1,rag,553,True,ANOMALY,True,medium,"The nova-api log shows a GET request taking longer than usual, indicating potential performance issues.","{   ""is_anomaly"": true,   ""severity"": ""medium"",   ""root_cause"": ""The nova-api log shows a GET request taking longer than usual, indicating potential performance issues."",   ""remediation"": ""Monitor the system for further performance degradation and consider optimizing the API response time."" }",185.19,314.94,86493
qwen2.5-14b,openstack,1,rag,554,True,ANOMALY,True,medium,A GET request from a different IP address (10.11.10.2) with a significantly larger response length (23370 bytes) compared to the previous requests (1893 bytes) indicates unusual activity.,"{   ""is_anomaly"": true,   ""severity"": ""medium"",   ""root_cause"": ""A GET request from a different IP address (10.11.10.2) with a significantly larger response length (23370 bytes) compared to the previous requests (1893 bytes) indicates unusual activity."",   ""remediation"": ""Investigate the request from 10.11.10.2 and ensure it is legitimate. If not, block the IP address."" }",185.19,314.94,86493
qwen2.5-14b,openstack,1,rag,555,True,ANOMALY,True,medium,The DELETE request and subsequent termination of an instance indicate an unexpected instance deletion.,"{   ""is_anomaly"": true,   ""severity"": ""medium"",   ""root_cause"": ""The DELETE request and subsequent termination of an instance indicate an unexpected instance deletion."",   ""remediation"": ""Review the instance deletion request and ensure it was intentional. If not, restore the instance from backup."" }",185.19,314.94,86493
qwen2.5-14b,openstack,1,rag,556,False,NORMAL,False,low,none,"{   ""is_anomaly"": false,   ""severity"": ""low"",   ""root_cause"": ""none"",   ""remediation"": ""none"" } Based on the provided log window, the system appears to be functioning normally. The log entries show successful GET requests for vendor_data.json and meta_data.json, with a 404 status for user_data, which is consistent with precedent 1 and does not indicate an anomaly. Therefore, the system is operatin",185.19,314.94,86493
qwen2.5-14b,openstack,1,rag,557,False,NORMAL,False,low,none,"{   ""is_anomaly"": false,   ""severity"": ""low"",   ""root_cause"": ""none"",   ""remediation"": ""none"" } Based on the provided log window, the system appears to be functioning normally. The logs indicate that an instance was destroyed on the hypervisor and the network was deallocated for the instance, which is a typical operation in OpenStack. The logs also show that the image cache is being managed correc",185.19,314.94,86493
qwen2.5-14b,openstack,1,rag,558,True,ANOMALY,False,low,none,"{   ""is_anomaly"": false,   ""severity"": ""low"",   ""root_cause"": ""none"",   ""remediation"": ""none"" } Based on the provided log window, there are no indications of an anomaly. All requests are returning a status of 200, which indicates a successful response, and the response times are within a normal range. The log entries are consistent with the precedent examples, which also showed similar patterns wi",185.19,314.94,86493
qwen2.5-14b,openstack,1,rag,559,False,NORMAL,False,low,none,"{   ""is_anomaly"": false,   ""severity"": ""low"",   ""root_cause"": ""none"",   ""remediation"": ""none"" } Based on the provided log window, there are no indications of an anomaly. The logs show normal operations of the nova-compute and nova-api services, with the nova-compute service checking and confirming the status of an image file, and the nova-api service responding to metadata requests. These actions ",185.19,314.94,86493
qwen2.5-14b,openstack,1,rag,560,True,ANOMALY,True,medium,"A DELETE request to nova-api indicating a server deletion, which is not a regular operation and could indicate an anomaly.","{   ""is_anomaly"": true,   ""severity"": ""medium"",   ""root_cause"": ""A DELETE request to nova-api indicating a server deletion, which is not a regular operation and could indicate an anomaly."",   ""remediation"": ""Review the server deletion request and ensure it was intentional. If not, restore the deleted server."" }",185.19,314.94,86493
qwen2.5-14b,openstack,1,rag,561,False,NORMAL,True,medium,VM Stopped event for instance 1ac04e4c-fc25-4dd8-b82e-2b3beee746e9 without corresponding start event,"{   ""is_anomaly"": true,   ""severity"": ""medium"",   ""root_cause"": ""VM Stopped event for instance 1ac04e4c-fc25-4dd8-b82e-2b3beee746e9 without corresponding start event"",   ""remediation"": ""Check the instance's status and manually start the instance if necessary"" }",185.19,314.94,86493
qwen2.5-14b,openstack,1,rag,562,True,ANOMALY,True,medium,"The instance spawning process took an unusually long time, indicating potential network or hypervisor issues.","{   ""is_anomaly"": true,   ""severity"": ""medium"",   ""root_cause"": ""The instance spawning process took an unusually long time, indicating potential network or hypervisor issues."",   ""remediation"": ""Check network connectivity and hypervisor performance for the affected instance."" }",185.19,314.94,86493
qwen2.5-14b,openstack,1,rag,563,False,NORMAL,False,low,none,"{   ""is_anomaly"": false,   ""severity"": ""low"",   ""root_cause"": ""none"",   ""remediation"": ""none"" } Based on the provided log window, the operations described are normal and efficient. The instance destruction and network deallocation processes are completed within a short time frame, and there are no indications of errors or unusual behavior. Therefore, this log window does not indicate an anomaly. T",185.19,314.94,86493
qwen2.5-14b,openstack,1,rag,564,True,ANOMALY,True,medium,"The instance took an unusually long time to spawn, indicating potential network or hypervisor issues.","{   ""is_anomaly"": true,   ""severity"": ""medium"",   ""root_cause"": ""The instance took an unusually long time to spawn, indicating potential network or hypervisor issues."",   ""remediation"": ""Check network connectivity and hypervisor performance for the affected instance."" }",185.19,314.94,86493
qwen2.5-14b,openstack,1,rag,565,False,NORMAL,False,low,none,"{   ""is_anomaly"": false,   ""severity"": ""low"",   ""root_cause"": ""none"",   ""remediation"": ""none"" } Based on the provided log window, the system appears to be functioning normally. The logs indicate that an instance was started and then paused, which is a typical lifecycle event in OpenStack environments. There are no error messages or unusual patterns that suggest an anomaly. The logs are consistent ",185.19,314.94,86493
qwen2.5-14b,openstack,1,rag,566,False,NORMAL,False,low,none,"{   ""is_anomaly"": false,   ""severity"": ""low"",   ""root_cause"": ""none"",   ""remediation"": ""none"" } Based on the provided log window, the system is performing a normal operation. The logs indicate that an instance is being terminated, which is a standard operation in OpenStack environments. The logs also show that the image cache is being updated and that metadata requests are being handled successful",185.19,314.94,86493
qwen2.5-14b,openstack,1,rag,567,True,ANOMALY,True,medium,"The instance took an unusually long time to spawn, indicating potential network or hypervisor issues.","{   ""is_anomaly"": true,   ""severity"": ""medium"",   ""root_cause"": ""The instance took an unusually long time to spawn, indicating potential network or hypervisor issues."",   ""remediation"": ""Check network connectivity and hypervisor performance for the affected instance."" }",185.19,314.94,86493
qwen2.5-14b,openstack,1,rag,568,True,ANOMALY,True,medium,"A VM was stopped unexpectedly, which could indicate a problem with the instance or the underlying infrastructure.","{   ""is_anomaly"": true,   ""severity"": ""medium"",   ""root_cause"": ""A VM was stopped unexpectedly, which could indicate a problem with the instance or the underlying infrastructure."",   ""remediation"": ""Check the instance's logs and the compute node's health to determine the cause of the VM stop."" }",185.19,314.94,86493
qwen2.5-14b,openstack,1,rag,569,False,NORMAL,False,low,none,"{   ""is_anomaly"": false,   ""severity"": ""low"",   ""root_cause"": ""none"",   ""remediation"": ""none"" } Based on the provided log window, there are no indications of an anomaly. The logs show normal API requests and metadata server responses with typical status codes and response times. Therefore, the system is operating as expected without any detected issues. The log entries are consistent with normal o",185.19,314.94,86493
qwen2.5-14b,openstack,1,rag,570,False,NORMAL,True,medium,"The system is allocating only 1 out of 16 available vCPUs, indicating a potential resource allocation issue.","{   ""is_anomaly"": true,   ""severity"": ""medium"",   ""root_cause"": ""The system is allocating only 1 out of 16 available vCPUs, indicating a potential resource allocation issue."",   ""remediation"": ""Review the resource allocation policies and ensure that the system is correctly identifying and utilizing all available vCPUs."" }",185.19,314.94,86493
qwen2.5-14b,openstack,1,rag,571,True,ANOMALY,True,medium,Unknown base file and subsequent removal of the file suggests a potential issue with image caching or file management.,"{   ""is_anomaly"": true,   ""severity"": ""medium"",   ""root_cause"": ""Unknown base file and subsequent removal of the file suggests a potential issue with image caching or file management."",   ""remediation"": ""Review and verify the integrity of the image cache and ensure that all referenced base files are correctly registered."" }",185.19,314.94,86493
qwen2.5-14b,openstack,1,rag,572,True,ANOMALY,False,low,none,"{   ""is_anomaly"": false,   ""severity"": ""low"",   ""root_cause"": ""none"",   ""remediation"": ""none"" } Based on the provided log window, the system appears to be functioning normally. The logs indicate that a VM was stopped, and there are several successful API calls to retrieve server details. This pattern is consistent with normal operations and does not indicate any anomalies or issues. Therefore, the",185.19,314.94,86493
qwen2.5-14b,openstack,1,rag,573,False,NORMAL,False,low,none,"{   ""is_anomaly"": false,   ""severity"": ""low"",   ""root_cause"": ""none"",   ""remediation"": ""none"" } Based on the provided log window, the system appears to be functioning normally. The logs indicate that an instance was started and then paused, with a note that the instance has a pending task (spawning) and the operation was skipped. This behavior is consistent with precedent 2, which also showed a VM",185.19,314.94,86493
qwen2.5-14b,openstack,1,rag,574,False,NORMAL,False,low,none,"{   ""is_anomaly"": false,   ""severity"": ""low"",   ""root_cause"": ""none"",   ""remediation"": ""none"" } Based on the provided log window, there are no indications of an anomaly. The logs show normal API requests and a routine operation of creating an image for an instance, which is a common and expected activity in OpenStack environments. Therefore, the system is operating normally without any detected is",185.19,314.94,86493
qwen2.5-14b,openstack,1,rag,575,False,NORMAL,True,medium,"Instance deletion request took unusually long to process, indicating potential performance or resource contention issues.","{   ""is_anomaly"": true,   ""severity"": ""medium"",   ""root_cause"": ""Instance deletion request took unusually long to process, indicating potential performance or resource contention issues."",   ""remediation"": ""Review system performance metrics and resource utilization during the incident time frame."" }",185.19,314.94,86493
qwen2.5-14b,openstack,1,rag,576,False,NORMAL,False,low,none,"{   ""is_anomaly"": false,   ""severity"": ""low"",   ""root_cause"": ""none"",   ""remediation"": ""none"" } Based on the provided log window, there are no indications of an anomaly. The logs show normal operations of the nova-compute service updating the compute service record and checking images in the libvirt image cache. These actions are consistent with the precedent logs and do not suggest any abnormal b",185.19,314.94,86493
qwen2.5-14b,openstack,1,rag,577,False,NORMAL,False,low,none,"{   ""is_anomaly"": false,   ""severity"": ""low"",   ""root_cause"": ""none"",   ""remediation"": ""none"" } Based on the provided log window, the system appears to be functioning normally. The logs indicate that a VM was paused and there was a pending task (spawning) during the sync_power_state process, which is noted as being skipped. This behavior is consistent with the NORMAL precedent provided, where a VM",185.19,314.94,86493
qwen2.5-14b,openstack,1,rag,578,False,NORMAL,False,low,none,"{   ""is_anomaly"": false,   ""severity"": ""low"",   ""root_cause"": ""none"",   ""remediation"": ""none"" } Based on the provided log window, there are no indications of an anomaly. The logs show normal operations with the compute node updating its resource status and the API responding to GET requests successfully. The resource usage details (1 vCPU used out of 16, 2560MB RAM used out of 64172MB) are within ",185.19,314.94,86493
qwen2.5-14b,openstack,1,rag,579,True,ANOMALY,True,medium,"The deletion of instance files and destruction of the instance on the hypervisor took a slightly longer time than usual, indicating potential performance issues or resource contention.","{   ""is_anomaly"": true,   ""severity"": ""medium"",   ""root_cause"": ""The deletion of instance files and destruction of the instance on the hypervisor took a slightly longer time than usual, indicating potential performance issues or resource contention."",   ""remediation"": ""Monitor the system for further delays and consider optimizing resource allocation or investigating potential bottlenecks."" }",185.19,314.94,86493
qwen2.5-14b,openstack,1,rag,580,False,NORMAL,False,low,none,"{   ""is_anomaly"": false,   ""severity"": ""low"",   ""root_cause"": ""none"",   ""remediation"": ""none"" } Based on the provided log window, the system behavior appears to be normal. The log entries show typical requests for metadata and user data, with a 404 status for the user_data request, which is consistent with the precedent logs and does not indicate an anomaly. Therefore, the system is functioning as",185.19,314.94,86493
qwen2.5-14b,openstack,1,rag,581,False,NORMAL,False,low,none,"{   ""is_anomaly"": false,   ""severity"": ""low"",   ""root_cause"": ""none"",   ""remediation"": ""none"" } Based on the provided log window, the system appears to be functioning normally. The logs indicate that an instance was successfully deleted and destroyed on the hypervisor, and the image cache is being checked and managed as expected. There are no signs of errors or anomalies in the log entries. Theref",185.19,314.94,86493
qwen2.5-14b,openstack,1,rag,582,False,NORMAL,False,low,none,"{   ""is_anomaly"": false,   ""severity"": ""low"",   ""root_cause"": ""none"",   ""remediation"": ""none"" } Based on the provided log window, the system is performing normal operations related to image caching and instance storage. There are no indications of anomalies or unusual behavior in the logs. The logs show that the image is being checked and is in use on the node, which is a standard operation for th",185.19,314.94,86493
qwen2.5-14b,openstack,1,rag,583,True,ANOMALY,True,medium,"A request took an unusually long time to process, indicating potential performance issues.","{   ""is_anomaly"": true,   ""severity"": ""medium"",   ""root_cause"": ""A request took an unusually long time to process, indicating potential performance issues."",   ""remediation"": ""Investigate the cause of the increased processing time for the specific request."" }",185.19,314.94,86493
qwen2.5-14b,openstack,1,rag,584,False,NORMAL,False,low,none,"{   ""is_anomaly"": false,   ""severity"": ""low"",   ""root_cause"": ""none"",   ""remediation"": ""none"" } Based on the provided log window, the system appears to be functioning normally. The logs show typical operations such as GET requests to the API for server details and a lifecycle event indicating a VM has stopped. These actions are consistent with the precedent incidents and do not indicate any anomal",185.19,314.94,86493
qwen2.5-14b,openstack,1,rag,585,True,ANOMALY,True,medium,"The instance took 20 seconds to spawn, which is a consistent pattern with previous anomalies.","{   ""is_anomaly"": true,   ""severity"": ""medium"",   ""root_cause"": ""The instance took 20 seconds to spawn, which is a consistent pattern with previous anomalies."",   ""remediation"": ""Review the hypervisor performance and network conditions to identify potential bottlenecks."" }",185.19,314.94,86493
qwen2.5-14b,openstack,1,rag,586,True,ANOMALY,False,low,none,"{   ""is_anomaly"": false,   ""severity"": ""low"",   ""root_cause"": ""none"",   ""remediation"": ""none"" } Based on the provided log window, the system is performing a normal instance termination process. The logs show a DELETE request to terminate an instance, followed by the instance being marked as terminating, and finally, the instance being destroyed successfully. There are no errors or anomalies in the",185.19,314.94,86493
qwen2.5-14b,openstack,1,rag,587,False,NORMAL,False,low,none,"{   ""is_anomaly"": false,   ""severity"": ""low"",   ""root_cause"": ""none"",   ""remediation"": ""none"" } Based on the provided log window, there are no indications of an anomaly. The logs show that the disk limit was not specified and defaulted to unlimited, the vCPU limit was also not specified and defaulted to unlimited, and the claim was successful. These are similar to the precedent incidents where the",185.19,314.94,86493
qwen2.5-14b,openstack,1,rag,588,False,NORMAL,False,low,none,"{   ""is_anomaly"": false,   ""severity"": ""low"",   ""root_cause"": ""none"",   ""remediation"": ""none"" } Based on the provided log window, the system appears to be functioning normally. The logs indicate that an instance was resumed successfully, and there are no signs of errors or anomalies. The instance was spawned successfully, and the time taken to spawn the instance is within expected parameters. Ther",185.19,314.94,86493
qwen2.5-14b,openstack,1,rag,589,True,ANOMALY,True,low,"The vcpu and disk limits are not specified, leading to potential overuse of resources.","{   ""is_anomaly"": true,   ""severity"": ""low"",   ""root_cause"": ""The vcpu and disk limits are not specified, leading to potential overuse of resources."",   ""remediation"": ""Specify the vcpu and disk limits for the instance to prevent potential overuse of resources."" }",185.19,314.94,86493
qwen2.5-14b,openstack,1,rag,590,False,NORMAL,False,low,none,"{   ""is_anomaly"": false,   ""severity"": ""low"",   ""root_cause"": ""none"",   ""remediation"": ""none"" } Based on the provided log entries, the system appears to be functioning normally. The GET requests to the API endpoint are returning status 200, indicating successful responses. The slight variation in response times does not indicate any significant issues, as similar variations are observed in the pre",185.19,314.94,86493
qwen2.5-14b,openstack,1,rag,591,True,ANOMALY,True,low,"The log shows an image check operation following resource tracking updates, which is similar to a known anomaly.","{   ""is_anomaly"": true,   ""severity"": ""low"",   ""root_cause"": ""The log shows an image check operation following resource tracking updates, which is similar to a known anomaly."",   ""remediation"": ""Monitor the system for further anomalies or investigate the image check operation."" }",185.19,314.94,86493
qwen2.5-14b,openstack,1,rag,592,False,NORMAL,False,low,none,"{   ""is_anomaly"": false,   ""severity"": ""low"",   ""root_cause"": ""none"",   ""remediation"": ""none"" } Based on the provided log window, the system is functioning normally. The logs indicate that the disk and vCPU limits were not specified, so they defaulted to unlimited, and the claim was successful. This is consistent with the NORMAL outcomes observed in the precedent incidents. Therefore, there is no ",185.19,314.94,86493
qwen2.5-14b,openstack,1,rag,593,True,ANOMALY,False,low,none,"{   ""is_anomaly"": false,   ""severity"": ""low"",   ""root_cause"": ""none"",   ""remediation"": ""none"" } Based on the provided log window, there are no indications of an anomaly. The logs show normal operations of the Nova Compute and API services, with the Nova Compute service checking and confirming the status of an image file, and the Nova API service responding to metadata requests. These actions are c",185.19,314.94,86493
qwen2.5-14b,openstack,1,rag,594,True,ANOMALY,True,medium,"The image cache is being checked and found in use, indicating potential issues with image management or instance lifecycle.","{   ""is_anomaly"": true,   ""severity"": ""medium"",   ""root_cause"": ""The image cache is being checked and found in use, indicating potential issues with image management or instance lifecycle."",   ""remediation"": ""Review the image cache management and ensure that images are not being unnecessarily checked or kept in use."" }",185.19,314.94,86493
qwen2.5-14b,openstack,1,rag,595,False,NORMAL,False,low,none,"{   ""is_anomaly"": false,   ""severity"": ""low"",   ""root_cause"": ""none"",   ""remediation"": ""none"" } Based on the provided log window, the system appears to be functioning normally. The logs show successful GET requests to retrieve server details, a POST request to create an event for a network interface, and a log indicating that a VM has resumed. These actions are typical operations in a cloud enviro",185.19,314.94,86493
qwen2.5-14b,openstack,1,rag,596,True,ANOMALY,False,low,none,"{   ""is_anomaly"": false,   ""severity"": ""low"",   ""root_cause"": ""none"",   ""remediation"": ""none"" } Based on the provided log window, the system is functioning normally. The log entries show successful GET requests to metadata endpoints with status 200, indicating that the metadata service is responding correctly. There are no signs of DELETE operations or other actions that would indicate an anomaly,",185.19,314.94,86493
qwen2.5-14b,openstack,1,rag,597,False,NORMAL,False,low,none,"{   ""is_anomaly"": false,   ""severity"": ""low"",   ""root_cause"": ""none"",   ""remediation"": ""none"" } Based on the provided log window, there are no indications of an anomaly. The logs show normal operations of the nova-compute and nova-api services, with the nova-compute service checking and confirming the status of an image file, and the nova-api service responding to metadata requests with status 200",185.19,314.94,86493
qwen2.5-14b,openstack,1,rag,598,False,NORMAL,False,low,none,"{   ""is_anomaly"": false,   ""severity"": ""low"",   ""root_cause"": ""none"",   ""remediation"": ""none"" } Based on the provided log window, the system is performing normal operations as indicated by the INFO level logs and the consistent pattern of checking and confirming the status of the image and base files. There are no warning or error messages, and the logs are similar to the NORMAL precedent logs. Th",185.19,314.94,86493
qwen2.5-14b,openstack,1,rag,599,True,ANOMALY,False,low,none,"{   ""is_anomaly"": false,   ""severity"": ""low"",   ""root_cause"": ""none"",   ""remediation"": ""none"" } Based on the provided log window, the system is performing a normal instance termination process. The logs show that the instance is being terminated and the instance files are being deleted, which is a standard operation. There are no error messages or unusual delays that would indicate an anomaly. The",185.19,314.94,86493
mistral-small,bgl,1,rag,0,False,NORMAL,False,low,none," Example: {   ""is_anomaly"": false,   ""severity"": ""low"",   ""root_cause"": ""none"",   ""remediation"": ""none"" }",273.53,131.84,86003
mistral-small,bgl,1,rag,1,True,APPSEV,True,medium,Network connectivity issue between servers.," Example: {   ""is_anomaly"": true,   ""severity"": ""medium"",   ""root_cause"": ""Network connectivity issue between servers."",   ""remediation"": ""Check and restart the network services."" }",273.53,131.84,86003
mistral-small,bgl,1,rag,2,True,KERNSTOR,True,high,Disk space is full.," Example: {   ""is_anomaly"": true,   ""severity"": ""high"",   ""root_cause"": ""Disk space is full."",   ""remediation"": ""Clear some disk space."" }",273.53,131.84,86003
mistral-small,bgl,1,rag,3,False,NORMAL,False,low,none," Example: {   ""is_anomaly"": false,   ""severity"": ""low"",   ""root_cause"": ""none"",   ""remediation"": ""none"" }",273.53,131.84,86003
mistral-small,bgl,1,rag,4,True,KERNDTLB,True,high,Disk space is full.," Example: {   ""is_anomaly"": true,   ""severity"": ""high"",   ""root_cause"": ""Disk space is full."",   ""remediation"": ""Free up disk space by deleting unnecessary files."" }",273.53,131.84,86003
mistral-small,bgl,1,rag,5,True,KERNDTLB,True,high,Disk space is full.," Example: {   ""is_anomaly"": true,   ""severity"": ""high"",   ""root_cause"": ""Disk space is full."",   ""remediation"": ""Free up disk space by deleting unnecessary files."" }",273.53,131.84,86003
mistral-small,bgl,1,rag,6,False,NORMAL,False,low,none," Example: {   ""is_anomaly"": false,   ""severity"": ""low"",   ""root_cause"": ""none"",   ""remediation"": ""none"" }",273.53,131.84,86003
mistral-small,bgl,1,rag,7,False,NORMAL,False,low,none," Example: {   ""is_anomaly"": false,   ""severity"": ""low"",   ""root_cause"": ""none"",   ""remediation"": ""none"" }",273.53,131.84,86003
mistral-small,bgl,1,rag,8,True,APPSEV,True,medium,Network connection issue.," Example: {   ""is_anomaly"": true,   ""severity"": ""medium"",   ""root_cause"": ""Network connection issue."",   ""remediation"": ""Check network connectivity and restart the service."" }",273.53,131.84,86003
mistral-small,bgl,1,rag,9,True,KERNDTLB,True,high,Disk space is full.," Example: {   ""is_anomaly"": true,   ""severity"": ""high"",   ""root_cause"": ""Disk space is full."",   ""remediation"": ""Free up disk space by deleting unnecessary files."" }",273.53,131.84,86003
mistral-small,bgl,1,rag,10,True,KERNDTLB,True,medium,Disk space is low.," Example: {   ""is_anomaly"": true,   ""severity"": ""medium"",   ""root_cause"": ""Disk space is low."",   ""remediation"": ""Clear some space on the disk."" }",273.53,131.84,86003
mistral-small,bgl,1,rag,11,False,NORMAL,False,low,none," Example: {   ""is_anomaly"": false,   ""severity"": ""low"",   ""root_cause"": ""none"",   ""remediation"": ""none"" }",273.53,131.84,86003
mistral-small,bgl,1,rag,12,False,NORMAL,True,medium,"A network link was severed, causing communication issues."," Example: {   ""is_anomaly"": true,   ""severity"": ""medium"",   ""root_cause"": ""A network link was severed, causing communication issues."",   ""remediation"": ""Investigate the network connectivity between the services."" }",273.53,131.84,86003
mistral-small,bgl,1,rag,13,True,KERNRTSP,True,high,Kernel terminated due to a critical error.," Example: {   ""is_anomaly"": true,   ""severity"": ""high"",   ""root_cause"": ""Kernel terminated due to a critical error."",   ""remediation"": ""Restart the system to recover from the kernel panic."" }",273.53,131.84,86003
mistral-small,bgl,1,rag,14,True,KERNSTOR,True,high,Disk space is full.," Example: {   ""is_anomaly"": true,   ""severity"": ""high"",   ""root_cause"": ""Disk space is full."",   ""remediation"": ""Clear some disk space."" }",273.53,131.84,86003
mistral-small,bgl,1,rag,15,False,NORMAL,False,low,none," Example: {   ""is_anomaly"": false,   ""severity"": ""low"",   ""root_cause"": ""none"",   ""remediation"": ""none"" }",273.53,131.84,86003
mistral-small,bgl,1,rag,16,True,KERNDTLB,True,high,Disk space is full.," Example: {   ""is_anomaly"": true,   ""severity"": ""high"",   ""root_cause"": ""Disk space is full."",   ""remediation"": ""Free up disk space by deleting unnecessary files."" }",273.53,131.84,86003
mistral-small,bgl,1,rag,17,True,KERNSTOR,True,high,Disk space is full.," Example: {   ""is_anomaly"": true,   ""severity"": ""high"",   ""root_cause"": ""Disk space is full."",   ""remediation"": ""Clear some disk space."" }",273.53,131.84,86003
mistral-small,bgl,1,rag,18,False,NORMAL,True,medium,Disk space is full.," Example: {   ""is_anomaly"": true,   ""severity"": ""medium"",   ""root_cause"": ""Disk space is full."",   ""remediation"": ""Free up some disk space."" }",273.53,131.84,86003
mistral-small,bgl,1,rag,19,True,KERNSTOR,True,high,Disk space is full.," Example: {   ""is_anomaly"": true,   ""severity"": ""high"",   ""root_cause"": ""Disk space is full."",   ""remediation"": ""Clear some disk space."" }",273.53,131.84,86003
mistral-small,bgl,1,rag,20,True,KERNMNTF,True,medium,Disk space is low.," Example: {   ""is_anomaly"": true,   ""severity"": ""medium"",   ""root_cause"": ""Disk space is low."",   ""remediation"": ""Clear some disk space."" }",273.53,131.84,86003
mistral-small,bgl,1,rag,21,True,KERNDTLB,True,high,Disk space is full.," Example: {   ""is_anomaly"": true,   ""severity"": ""high"",   ""root_cause"": ""Disk space is full."",   ""remediation"": ""Free up disk space by deleting unnecessary files."" }",273.53,131.84,86003
mistral-small,bgl,1,rag,22,False,NORMAL,False,low,none," Example: {   ""is_anomaly"": false,   ""severity"": ""low"",   ""root_cause"": ""none"",   ""remediation"": ""none"" }",273.53,131.84,86003
mistral-small,bgl,1,rag,23,True,APPOUT,True,medium,The file path does not exist.," Example: {   ""is_anomaly"": true,   ""severity"": ""medium"",   ""root_cause"": ""The file path does not exist."",   ""remediation"": ""Check the file path and ensure it exists."" }",273.53,131.84,86003
mistral-small,bgl,1,rag,24,False,NORMAL,False,low,none," Example: {   ""is_anomaly"": false,   ""severity"": ""low"",   ""root_cause"": ""none"",   ""remediation"": ""none"" }",273.53,131.84,86003
mistral-small,bgl,1,rag,25,False,NORMAL,True,medium,The server ran out of disk space.," Example: {   ""is_anomaly"": true,   ""severity"": ""medium"",   ""root_cause"": ""The server ran out of disk space."",   ""remediation"": ""Clear some space on the server."" }",273.53,131.84,86003
mistral-small,bgl,1,rag,26,True,KERNMNTF,True,medium,Disk space is low.," Example: {   ""is_anomaly"": true,   ""severity"": ""medium"",   ""root_cause"": ""Disk space is low."",   ""remediation"": ""Clear some disk space."" }",273.53,131.84,86003
mistral-small,bgl,1,rag,27,True,KERNDTLB,True,high,Disk space is full.," Example: {   ""is_anomaly"": true,   ""severity"": ""high"",   ""root_cause"": ""Disk space is full."",   ""remediation"": ""Free up disk space by deleting unnecessary files."" }",273.53,131.84,86003
mistral-small,bgl,1,rag,28,False,NORMAL,False,low,none," Example: {   ""is_anomaly"": false,   ""severity"": ""low"",   ""root_cause"": ""none"",   ""remediation"": ""none"" }",273.53,131.84,86003
mistral-small,bgl,1,rag,29,True,KERNDTLB,True,high,Disk space is full.," Example: {   ""is_anomaly"": true,   ""severity"": ""high"",   ""root_cause"": ""Disk space is full."",   ""remediation"": ""Free up disk space by deleting unnecessary files."" }",273.53,131.84,86003
mistral-small,bgl,1,rag,30,True,KERNDTLB,True,high,Disk space is full.," Example: {   ""is_anomaly"": true,   ""severity"": ""high"",   ""root_cause"": ""Disk space is full."",   ""remediation"": ""Free up disk space by deleting unnecessary files."" }",273.53,131.84,86003
mistral-small,bgl,1,rag,31,False,NORMAL,False,low,none," Example: {   ""is_anomaly"": false,   ""severity"": ""low"",   ""root_cause"": ""none"",   ""remediation"": ""none"" }",273.53,131.84,86003
mistral-small,bgl,1,rag,32,False,NORMAL,True,medium,Data storage interrupt occurred repeatedly at the same address.," Example: {   ""is_anomaly"": true,   ""severity"": ""medium"",   ""root_cause"": ""Data storage interrupt occurred repeatedly at the same address."",   ""remediation"": ""Investigate the cause of the repeated data storage interrupts at address 0x00000002."" }",273.53,131.84,86003
mistral-small,bgl,1,rag,33,True,APPSEV,True,medium,Network connectivity issue between servers.," Example: {   ""is_anomaly"": true,   ""severity"": ""medium"",   ""root_cause"": ""Network connectivity issue between servers."",   ""remediation"": ""Check and restart the network services."" }",273.53,131.84,86003
mistral-small,bgl,1,rag,34,True,KERNSTOR,True,high,Disk space is full.," Example: {   ""is_anomaly"": true,   ""severity"": ""high"",   ""root_cause"": ""Disk space is full."",   ""remediation"": ""Clear some disk space."" }",273.53,131.84,86003
mistral-small,bgl,1,rag,35,False,NORMAL,False,low,none," Example: {   ""is_anomaly"": false,   ""severity"": ""low"",   ""root_cause"": ""none"",   ""remediation"": ""none"" }",273.53,131.84,86003
mistral-small,bgl,1,rag,36,False,NORMAL,False,low,none," Example: {   ""is_anomaly"": false,   ""severity"": ""low"",   ""root_cause"": ""none"",   ""remediation"": ""none"" }",273.53,131.84,86003
mistral-small,bgl,1,rag,37,False,NORMAL,False,low,none," Example: {   ""is_anomaly"": false,   ""severity"": ""low"",   ""root_cause"": ""none"",   ""remediation"": ""none"" }",273.53,131.84,86003
mistral-small,bgl,1,rag,38,False,NORMAL,True,medium,Incorrect configuration caused by some ports in INIT state.," Example: {   ""is_anomaly"": true,   ""severity"": ""medium"",   ""root_cause"": ""Incorrect configuration caused by some ports in INIT state."",   ""remediation"": ""Check and correct the configuration of the ports."" }",273.53,131.84,86003
mistral-small,bgl,1,rag,39,True,APPSEV,True,medium,Network connectivity issue between services.," Example: {   ""is_anomaly"": true,   ""severity"": ""medium"",   ""root_cause"": ""Network connectivity issue between services."",   ""remediation"": ""Check network configuration and ensure services are properly connected."" }",273.53,131.84,86003
mistral-small,bgl,1,rag,40,True,KERNDTLB,True,high,Disk space is full.," Example: {   ""is_anomaly"": true,   ""severity"": ""high"",   ""root_cause"": ""Disk space is full."",   ""remediation"": ""Free up disk space by deleting unnecessary files."" }",273.53,131.84,86003
mistral-small,bgl,1,rag,41,False,NORMAL,False,low,none," Example: {   ""is_anomaly"": false,   ""severity"": ""low"",   ""root_cause"": ""none"",   ""remediation"": ""none"" }",273.53,131.84,86003
mistral-small,bgl,1,rag,42,True,KERNSTOR,True,high,Disk space is full.," Example: {   ""is_anomaly"": true,   ""severity"": ""high"",   ""root_cause"": ""Disk space is full."",   ""remediation"": ""Clear some space on the disk."" }",273.53,131.84,86003
mistral-small,bgl,1,rag,43,True,KERNSTOR,True,high,Disk space is full.," Example: {   ""is_anomaly"": true,   ""severity"": ""high"",   ""root_cause"": ""Disk space is full."",   ""remediation"": ""Clear some space on the disk."" }",273.53,131.84,86003
mistral-small,bgl,1,rag,44,True,KERNDTLB,True,high,Disk space is full.," Example: {   ""is_anomaly"": true,   ""severity"": ""high"",   ""root_cause"": ""Disk space is full."",   ""remediation"": ""Free up disk space by deleting unnecessary files."" }",273.53,131.84,86003
mistral-small,bgl,1,rag,45,False,NORMAL,False,low,none," Example: {   ""is_anomaly"": false,   ""severity"": ""low"",   ""root_cause"": ""none"",   ""remediation"": ""none"" }",273.53,131.84,86003
mistral-small,bgl,1,rag,46,True,KERNMNTF,True,medium,Disk space is low.," Example: {   ""is_anomaly"": true,   ""severity"": ""medium"",   ""root_cause"": ""Disk space is low."",   ""remediation"": ""Clear some disk space."" }",273.53,131.84,86003
mistral-small,bgl,1,rag,47,True,KERNDTLB,True,high,Disk space is full.," Example: {   ""is_anomaly"": true,   ""severity"": ""high"",   ""root_cause"": ""Disk space is full."",   ""remediation"": ""Free up disk space by deleting unnecessary files."" }",273.53,131.84,86003
mistral-small,bgl,1,rag,48,False,NORMAL,False,low,none," Example: {   ""is_anomaly"": false,   ""severity"": ""low"",   ""root_cause"": ""none"",   ""remediation"": ""none"" }",273.53,131.84,86003
mistral-small,bgl,1,rag,49,True,KERNDTLB,True,high,Disk space is full.," Example: {   ""is_anomaly"": true,   ""severity"": ""high"",   ""root_cause"": ""Disk space is full."",   ""remediation"": ""Free up disk space by deleting unnecessary files."" }",273.53,131.84,86003
mistral-small,bgl,1,rag,50,True,KERNDTLB,True,high,Disk space is full.," Example: {   ""is_anomaly"": true,   ""severity"": ""high"",   ""root_cause"": ""Disk space is full."",   ""remediation"": ""Free up disk space by deleting unnecessary files."" }",273.53,131.84,86003
mistral-small,bgl,1,rag,51,True,KERNDTLB,True,high,Disk space is full.," Example: {   ""is_anomaly"": true,   ""severity"": ""high"",   ""root_cause"": ""Disk space is full."",   ""remediation"": ""Free up disk space by deleting unnecessary files."" }",273.53,131.84,86003
mistral-small,bgl,1,rag,52,True,KERNMICRO,True,medium,"Disk space limit not specified, defaulting to unlimited."," Example: {   ""is_anomaly"": true,   ""severity"": ""medium"",   ""root_cause"": ""Disk space limit not specified, defaulting to unlimited."",   ""remediation"": ""Specify a disk space limit for the instance."" }",273.53,131.84,86003
mistral-small,bgl,1,rag,53,False,NORMAL,False,low,none," Example: {   ""is_anomaly"": false,   ""severity"": ""low"",   ""root_cause"": ""none"",   ""remediation"": ""none"" }",273.53,131.84,86003
mistral-small,bgl,1,rag,54,False,NORMAL,False,low,none," Example: {   ""is_anomaly"": false,   ""severity"": ""low"",   ""root_cause"": ""none"",   ""remediation"": ""none"" }",273.53,131.84,86003
mistral-small,bgl,1,rag,55,False,NORMAL,False,low,none," Example: {   ""is_anomaly"": false,   ""severity"": ""low"",   ""root_cause"": ""none"",   ""remediation"": ""none"" }",273.53,131.84,86003
mistral-small,bgl,1,rag,56,False,NORMAL,False,low,none," Example: {   ""is_anomaly"": false,   ""severity"": ""low"",   ""root_cause"": ""none"",   ""remediation"": ""none"" }",273.53,131.84,86003
mistral-small,bgl,1,rag,57,False,NORMAL,False,low,none," Example: {   ""is_anomaly"": false,   ""severity"": ""low"",   ""root_cause"": ""none"",   ""remediation"": ""none"" }",273.53,131.84,86003
mistral-small,bgl,1,rag,58,False,NORMAL,True,medium,The system encountered a fatal error in processing local MAD.," Example: {   ""is_anomaly"": true,   ""severity"": ""medium"",   ""root_cause"": ""The system encountered a fatal error in processing local MAD."",   ""remediation"": ""Investigate the cause of the EVAPI_process_local_mad failure."" }",273.53,131.84,86003
mistral-small,bgl,1,rag,59,True,KERNRTSP,True,critical,Kernel terminated due to a machine check.," Example: {   ""is_anomaly"": true,   ""severity"": ""critical"",   ""root_cause"": ""Kernel terminated due to a machine check."",   ""remediation"": ""Investigate and resolve the underlying hardware issue."" }",273.53,131.84,86003
mistral-small,bgl,1,rag,60,False,NORMAL,False,low,none," Example: {   ""is_anomaly"": false,   ""severity"": ""low"",   ""root_cause"": ""none"",   ""remediation"": ""none"" }",273.53,131.84,86003
mistral-small,bgl,1,rag,61,True,KERNMNTF,True,medium,Disk space is low.," Example: {   ""is_anomaly"": true,   ""severity"": ""medium"",   ""root_cause"": ""Disk space is low."",   ""remediation"": ""Clear some disk space."" }",273.53,131.84,86003
mistral-small,bgl,1,rag,62,True,KERNSTOR,True,high,Disk space is full.," Example: {   ""is_anomaly"": true,   ""severity"": ""high"",   ""root_cause"": ""Disk space is full."",   ""remediation"": ""Clear some space on the disk."" }",273.53,131.84,86003
mistral-small,bgl,1,rag,63,False,NORMAL,False,low,none," Example: {   ""is_anomaly"": false,   ""severity"": ""low"",   ""root_cause"": ""none"",   ""remediation"": ""none"" }",273.53,131.84,86003
mistral-small,bgl,1,rag,64,False,NORMAL,False,low,none," Example: {   ""is_anomaly"": false,   ""severity"": ""low"",   ""root_cause"": ""none"",   ""remediation"": ""none"" }",273.53,131.84,86003
mistral-small,bgl,1,rag,65,False,NORMAL,False,low,none," Example: {   ""is_anomaly"": false,   ""severity"": ""low"",   ""root_cause"": ""none"",   ""remediation"": ""none"" }",273.53,131.84,86003
mistral-small,bgl,1,rag,66,True,KERNDTLB,True,high,Disk space is full.," Example: {   ""is_anomaly"": true,   ""severity"": ""high"",   ""root_cause"": ""Disk space is full."",   ""remediation"": ""Free up disk space by deleting unnecessary files."" }",273.53,131.84,86003
mistral-small,bgl,1,rag,67,False,NORMAL,False,low,none," Example: {   ""is_anomaly"": false,   ""severity"": ""low"",   ""root_cause"": ""none"",   ""remediation"": ""none"" }",273.53,131.84,86003
mistral-small,bgl,1,rag,68,True,KERNSTOR,True,high,Disk space is full.," Example: {   ""is_anomaly"": true,   ""severity"": ""high"",   ""root_cause"": ""Disk space is full."",   ""remediation"": ""Clear some space on the disk."" }",273.53,131.84,86003
mistral-small,bgl,1,rag,69,False,NORMAL,True,medium,Memory error due to faulty RAM module.," Example: {   ""is_anomaly"": true,   ""severity"": ""medium"",   ""root_cause"": ""Memory error due to faulty RAM module."",   ""remediation"": ""Replace the faulty RAM module."" }",273.53,131.84,86003
mistral-small,bgl,1,rag,70,True,KERNDTLB,True,high,Disk space is full.," Example: {   ""is_anomaly"": true,   ""severity"": ""high"",   ""root_cause"": ""Disk space is full."",   ""remediation"": ""Free up disk space by deleting unnecessary files."" }",273.53,131.84,86003
mistral-small,bgl,1,rag,71,False,NORMAL,True,medium,The system encountered a fatal error in processing local MAD.," Example: {   ""is_anomaly"": true,   ""severity"": ""medium"",   ""root_cause"": ""The system encountered a fatal error in processing local MAD."",   ""remediation"": ""Investigate the cause of the EVAPI_process_local_mad failure."" }",273.53,131.84,86003
mistral-small,bgl,1,rag,72,False,NORMAL,False,low,none," Example: {   ""is_anomaly"": false,   ""severity"": ""low"",   ""root_cause"": ""none"",   ""remediation"": ""none"" }",273.53,131.84,86003
mistral-small,bgl,1,rag,73,False,NORMAL,False,low,none," Example: {   ""is_anomaly"": false,   ""severity"": ""low"",   ""root_cause"": ""none"",   ""remediation"": ""none"" }",273.53,131.84,86003
mistral-small,bgl,1,rag,74,False,NORMAL,False,low,none," Example: {   ""is_anomaly"": false,   ""severity"": ""low"",   ""root_cause"": ""none"",   ""remediation"": ""none"" }",273.53,131.84,86003
mistral-small,bgl,1,rag,75,True,KERNMICRO,True,medium,"Disk space limit not specified, defaulting to unlimited."," Example: {   ""is_anomaly"": true,   ""severity"": ""medium"",   ""root_cause"": ""Disk space limit not specified, defaulting to unlimited."",   ""remediation"": ""Specify a disk space limit for the instance."" }",273.53,131.84,86003
mistral-small,bgl,1,rag,76,False,NORMAL,False,low,none," Example: {   ""is_anomaly"": false,   ""severity"": ""low"",   ""root_cause"": ""none"",   ""remediation"": ""none"" }",273.53,131.84,86003
mistral-small,bgl,1,rag,77,False,NORMAL,False,low,none," Example: {   ""is_anomaly"": false,   ""severity"": ""low"",   ""root_cause"": ""none"",   ""remediation"": ""none"" }",273.53,131.84,86003
mistral-small,bgl,1,rag,78,False,NORMAL,False,low,none," Example: {   ""is_anomaly"": false,   ""severity"": ""low"",   ""root_cause"": ""none"",   ""remediation"": ""none"" }",273.53,131.84,86003
mistral-small,bgl,1,rag,79,True,KERNDTLB,True,high,Disk space is full.," Example: {   ""is_anomaly"": true,   ""severity"": ""high"",   ""root_cause"": ""Disk space is full."",   ""remediation"": ""Free up disk space by deleting unnecessary files."" }",273.53,131.84,86003
mistral-small,bgl,1,rag,80,False,NORMAL,False,low,none," Example: {   ""is_anomaly"": false,   ""severity"": ""low"",   ""root_cause"": ""none"",   ""remediation"": ""none"" }",273.53,131.84,86003
mistral-small,bgl,1,rag,81,False,NORMAL,False,low,none," Example: {   ""is_anomaly"": false,   ""severity"": ""low"",   ""root_cause"": ""none"",   ""remediation"": ""none"" }",273.53,131.84,86003
mistral-small,bgl,1,rag,82,True,KERNSTOR,True,medium,Disk space is running low.," Example: {   ""is_anomaly"": true,   ""severity"": ""medium"",   ""root_cause"": ""Disk space is running low."",   ""remediation"": ""Clear some space on the disk."" }",273.53,131.84,86003
mistral-small,bgl,1,rag,83,True,KERNRTSP,True,medium,High number of DDR errors detected and corrected.," Example: {   ""is_anomaly"": true,   ""severity"": ""medium"",   ""root_cause"": ""High number of DDR errors detected and corrected."",   ""remediation"": ""Investigate the cause of the high number of DDR errors."" }",273.53,131.84,86003
mistral-small,bgl,1,rag,84,False,NORMAL,False,low,none," Example: {   ""is_anomaly"": false,   ""severity"": ""low"",   ""root_cause"": ""none"",   ""remediation"": ""none"" }",273.53,131.84,86003
mistral-small,bgl,1,rag,85,False,NORMAL,False,low,none," Example: {   ""is_anomaly"": false,   ""severity"": ""low"",   ""root_cause"": ""none"",   ""remediation"": ""none"" }",273.53,131.84,86003
mistral-small,bgl,1,rag,86,True,KERNSTOR,True,medium,Disk space is low.," Example: {   ""is_anomaly"": true,   ""severity"": ""medium"",   ""root_cause"": ""Disk space is low."",   ""remediation"": ""Clear some disk space."" }",273.53,131.84,86003
mistral-small,bgl,1,rag,87,True,KERNTERM,True,medium,Disk space is low.," Example: {   ""is_anomaly"": true,   ""severity"": ""medium"",   ""root_cause"": ""Disk space is low."",   ""remediation"": ""Clear some disk space."" }",273.53,131.84,86003
mistral-small,bgl,1,rag,88,True,APPSEV,True,medium,Network connectivity issue between servers.," Example: {   ""is_anomaly"": true,   ""severity"": ""medium"",   ""root_cause"": ""Network connectivity issue between servers."",   ""remediation"": ""Check and restart the network services."" }",273.53,131.84,86003
mistral-small,bgl,1,rag,89,True,KERNDTLB,True,high,Disk space is full.," Example: {   ""is_anomaly"": true,   ""severity"": ""high"",   ""root_cause"": ""Disk space is full."",   ""remediation"": ""Free up disk space by deleting unnecessary files."" }",273.53,131.84,86003
mistral-small,bgl,1,rag,90,True,KERNDTLB,True,high,Disk space is full.," Example: {   ""is_anomaly"": true,   ""severity"": ""high"",   ""root_cause"": ""Disk space is full."",   ""remediation"": ""Free up disk space by deleting unnecessary files."" }",273.53,131.84,86003
mistral-small,bgl,1,rag,91,True,APPREAD,True,medium,Network connectivity issue between the application and the database.," Example: {   ""is_anomaly"": true,   ""severity"": ""medium"",   ""root_cause"": ""Network connectivity issue between the application and the database."",   ""remediation"": ""Check the network connection and ensure the database is reachable."" }",273.53,131.84,86003
mistral-small,bgl,1,rag,92,False,NORMAL,False,low,none," Example: {   ""is_anomaly"": false,   ""severity"": ""low"",   ""root_cause"": ""none"",   ""remediation"": ""none"" }",273.53,131.84,86003
mistral-small,bgl,1,rag,93,False,NORMAL,False,low,none," Example: {   ""is_anomaly"": false,   ""severity"": ""low"",   ""root_cause"": ""none"",   ""remediation"": ""none"" }",273.53,131.84,86003
mistral-small,bgl,1,rag,94,True,KERNDTLB,True,high,Disk space is full.," Example: {   ""is_anomaly"": true,   ""severity"": ""high"",   ""root_cause"": ""Disk space is full."",   ""remediation"": ""Free up disk space by deleting unnecessary files."" }",273.53,131.84,86003
mistral-small,bgl,1,rag,95,False,NORMAL,False,low,none," Example: {   ""is_anomaly"": false,   ""severity"": ""low"",   ""root_cause"": ""none"",   ""remediation"": ""none"" }",273.53,131.84,86003
mistral-small,bgl,1,rag,96,False,NORMAL,False,low,none," Example: {   ""is_anomaly"": false,   ""severity"": ""low"",   ""root_cause"": ""none"",   ""remediation"": ""none"" }",273.53,131.84,86003
mistral-small,bgl,1,rag,97,True,KERNDTLB,True,high,Disk space is full.," Example: {   ""is_anomaly"": true,   ""severity"": ""high"",   ""root_cause"": ""Disk space is full."",   ""remediation"": ""Free up disk space by deleting unnecessary files."" }",273.53,131.84,86003
mistral-small,bgl,1,rag,98,False,NORMAL,True,medium,Disk space is full.," Example: {   ""is_anomaly"": true,   ""severity"": ""medium"",   ""root_cause"": ""Disk space is full."",   ""remediation"": ""Clear some space on the disk."" }",273.53,131.84,86003
mistral-small,bgl,1,rag,99,False,NORMAL,False,low,none," Example: {   ""is_anomaly"": false,   ""severity"": ""low"",   ""root_cause"": ""none"",   ""remediation"": ""none"" }",273.53,131.84,86003
mistral-small,bgl,1,rag,100,False,NORMAL,False,low,none," Example: {   ""is_anomaly"": false,   ""severity"": ""low"",   ""root_cause"": ""none"",   ""remediation"": ""none"" }",273.53,131.84,86003
mistral-small,bgl,1,rag,101,True,KERNSTOR,True,medium,Disk space is running low.," Example: {   ""is_anomaly"": true,   ""severity"": ""medium"",   ""root_cause"": ""Disk space is running low."",   ""remediation"": ""Clear some space on the disk."" }",273.53,131.84,86003
mistral-small,bgl,1,rag,102,False,NORMAL,False,low,none," Example: {   ""is_anomaly"": false,   ""severity"": ""low"",   ""root_cause"": ""none"",   ""remediation"": ""none"" }",273.53,131.84,86003
mistral-small,bgl,1,rag,103,True,KERNDTLB,True,high,Disk space is full.," Example: {   ""is_anomaly"": true,   ""severity"": ""high"",   ""root_cause"": ""Disk space is full."",   ""remediation"": ""Free up disk space by deleting unnecessary files."" }",273.53,131.84,86003
mistral-small,bgl,1,rag,104,False,NORMAL,False,low,none," Example: {   ""is_anomaly"": false,   ""severity"": ""low"",   ""root_cause"": ""none"",   ""remediation"": ""none"" }",273.53,131.84,86003
mistral-small,bgl,1,rag,105,False,NORMAL,False,low,none," Example: {   ""is_anomaly"": false,   ""severity"": ""low"",   ""root_cause"": ""none"",   ""remediation"": ""none"" }",273.53,131.84,86003
mistral-small,bgl,1,rag,106,True,KERNDTLB,True,high,Disk space is full.," Example: {   ""is_anomaly"": true,   ""severity"": ""high"",   ""root_cause"": ""Disk space is full."",   ""remediation"": ""Free up disk space by deleting unnecessary files."" }",273.53,131.84,86003
mistral-small,bgl,1,rag,107,True,KERNDTLB,True,high,Disk space is full.," Example: {   ""is_anomaly"": true,   ""severity"": ""high"",   ""root_cause"": ""Disk space is full."",   ""remediation"": ""Free up disk space by deleting unnecessary files."" }",273.53,131.84,86003
mistral-small,bgl,1,rag,108,True,KERNDTLB,True,high,Disk space is full.," Example: {   ""is_anomaly"": true,   ""severity"": ""high"",   ""root_cause"": ""Disk space is full."",   ""remediation"": ""Free up disk space by deleting unnecessary files."" }",273.53,131.84,86003
mistral-small,bgl,1,rag,109,True,APPREAD,True,medium,Network connectivity issue between the application and the database.," Example: {   ""is_anomaly"": true,   ""severity"": ""medium"",   ""root_cause"": ""Network connectivity issue between the application and the database."",   ""remediation"": ""Check the network connection and ensure the database is reachable."" }",273.53,131.84,86003
mistral-small,bgl,1,rag,110,False,NORMAL,False,low,none," Example: {   ""is_anomaly"": false,   ""severity"": ""low"",   ""root_cause"": ""none"",   ""remediation"": ""none"" }",273.53,131.84,86003
mistral-small,bgl,1,rag,111,False,NORMAL,False,low,none," Example: {   ""is_anomaly"": false,   ""severity"": ""low"",   ""root_cause"": ""none"",   ""remediation"": ""none"" }",273.53,131.84,86003
mistral-small,bgl,1,rag,112,True,KERNDTLB,True,high,Disk space is full.," Example: {   ""is_anomaly"": true,   ""severity"": ""high"",   ""root_cause"": ""Disk space is full."",   ""remediation"": ""Free up disk space by deleting unnecessary files."" }",273.53,131.84,86003
mistral-small,bgl,1,rag,113,False,NORMAL,False,low,none," Example: {   ""is_anomaly"": false,   ""severity"": ""low"",   ""root_cause"": ""none"",   ""remediation"": ""none"" }",273.53,131.84,86003
mistral-small,bgl,1,rag,114,True,APPSEV,True,medium,Network connectivity issue between services.," Example: {   ""is_anomaly"": true,   ""severity"": ""medium"",   ""root_cause"": ""Network connectivity issue between services."",   ""remediation"": ""Check network configuration and ensure services are properly connected."" }",273.53,131.84,86003
mistral-small,bgl,1,rag,115,False,NORMAL,False,low,none," Example: {   ""is_anomaly"": false,   ""severity"": ""low"",   ""root_cause"": ""none"",   ""remediation"": ""none"" }",273.53,131.84,86003
mistral-small,bgl,1,rag,116,True,KERNDTLB,True,high,Disk space is full.," Example: {   ""is_anomaly"": true,   ""severity"": ""high"",   ""root_cause"": ""Disk space is full."",   ""remediation"": ""Free up disk space by deleting unnecessary files."" }",273.53,131.84,86003
mistral-small,bgl,1,rag,117,False,NORMAL,False,low,none," Example: {   ""is_anomaly"": false,   ""severity"": ""low"",   ""root_cause"": ""none"",   ""remediation"": ""none"" }",273.53,131.84,86003
mistral-small,bgl,1,rag,118,True,APPBUSY,True,medium,The file /home/glosli/src/ddcMD/ddcMD1.1.18a/bin/ddcMDbglV is missing.," Example: {   ""is_anomaly"": true,   ""severity"": ""medium"",   ""root_cause"": ""The file /home/glosli/src/ddcMD/ddcMD1.1.18a/bin/ddcMDbglV is missing."",   ""remediation"": ""Restore the missing file or ensure it exists at the specified path."" }",273.53,131.84,86003
mistral-small,bgl,1,rag,119,False,NORMAL,True,medium,The file /home/glosli/src/ddcMD/ddcMD1.1.18a/bin/ddcMDbglV is missing.," Example: {   ""is_anomaly"": true,   ""severity"": ""medium"",   ""root_cause"": ""The file /home/glosli/src/ddcMD/ddcMD1.1.18a/bin/ddcMDbglV is missing."",   ""remediation"": ""Restore the missing file from backup."" }",273.53,131.84,86003
mistral-small,bgl,1,rag,120,False,NORMAL,True,medium,Disk space is running low.," Example: {   ""is_anomaly"": true,   ""severity"": ""medium"",   ""root_cause"": ""Disk space is running low."",   ""remediation"": ""Clear some space on the disk."" }",273.53,131.84,86003
mistral-small,bgl,1,rag,121,True,KERNDTLB,True,high,Disk space is full.," Example: {   ""is_anomaly"": true,   ""severity"": ""high"",   ""root_cause"": ""Disk space is full."",   ""remediation"": ""Free up disk space by deleting unnecessary files."" }",273.53,131.84,86003
mistral-small,bgl,1,rag,122,False,NORMAL,False,low,none," Example: {   ""is_anomaly"": false,   ""severity"": ""low"",   ""root_cause"": ""none"",   ""remediation"": ""none"" }",273.53,131.84,86003
mistral-small,bgl,1,rag,123,True,KERNMNT,True,medium,Disk space is full.," Example: {   ""is_anomaly"": true,   ""severity"": ""medium"",   ""root_cause"": ""Disk space is full."",   ""remediation"": ""Free up some disk space."" }",273.53,131.84,86003
mistral-small,bgl,1,rag,124,False,NORMAL,False,low,none," Example: {   ""is_anomaly"": false,   ""severity"": ""low"",   ""root_cause"": ""none"",   ""remediation"": ""none"" }",273.53,131.84,86003
mistral-small,bgl,1,rag,125,True,KERNDTLB,True,high,Disk space is full.," Example: {   ""is_anomaly"": true,   ""severity"": ""high"",   ""root_cause"": ""Disk space is full."",   ""remediation"": ""Free up disk space by deleting unnecessary files."" }",273.53,131.84,86003
mistral-small,bgl,1,rag,126,True,APPSEV,True,medium,Network connection to the server was lost.," Example: {   ""is_anomaly"": true,   ""severity"": ""medium"",   ""root_cause"": ""Network connection to the server was lost."",   ""remediation"": ""Check the network connectivity and restart the server if necessary."" }",273.53,131.84,86003
mistral-small,bgl,1,rag,127,True,KERNDTLB,True,high,Disk space is full.," Example: {   ""is_anomaly"": true,   ""severity"": ""high"",   ""root_cause"": ""Disk space is full."",   ""remediation"": ""Free up disk space by deleting unnecessary files."" }",273.53,131.84,86003
mistral-small,bgl,1,rag,128,False,NORMAL,False,low,none," Example: {   ""is_anomaly"": false,   ""severity"": ""low"",   ""root_cause"": ""none"",   ""remediation"": ""none"" }",273.53,131.84,86003
mistral-small,bgl,1,rag,129,False,NORMAL,False,low,none," Example: {   ""is_anomaly"": false,   ""severity"": ""low"",   ""root_cause"": ""none"",   ""remediation"": ""none"" }",273.53,131.84,86003
mistral-small,bgl,1,rag,130,True,KERNSTOR,True,medium,Disk space is running low.," Example: {   ""is_anomaly"": true,   ""severity"": ""medium"",   ""root_cause"": ""Disk space is running low."",   ""remediation"": ""Clear some space on the disk."" }",273.53,131.84,86003
mistral-small,bgl,1,rag,131,True,KERNDTLB,True,high,Disk space is full.," Example: {   ""is_anomaly"": true,   ""severity"": ""high"",   ""root_cause"": ""Disk space is full."",   ""remediation"": ""Free up disk space by deleting unnecessary files."" }",273.53,131.84,86003
mistral-small,bgl,1,rag,132,False,NORMAL,False,low,none," Example: {   ""is_anomaly"": false,   ""severity"": ""low"",   ""root_cause"": ""none"",   ""remediation"": ""none"" }",273.53,131.84,86003
mistral-small,bgl,1,rag,133,False,NORMAL,False,low,none," Example: {   ""is_anomaly"": false,   ""severity"": ""low"",   ""root_cause"": ""none"",   ""remediation"": ""none"" }",273.53,131.84,86003
mistral-small,bgl,1,rag,134,False,NORMAL,False,low,none," Example: {   ""is_anomaly"": false,   ""severity"": ""low"",   ""root_cause"": ""none"",   ""remediation"": ""none"" }",273.53,131.84,86003
mistral-small,bgl,1,rag,135,False,NORMAL,False,low,none," Example: {   ""is_anomaly"": false,   ""severity"": ""low"",   ""root_cause"": ""none"",   ""remediation"": ""none"" }",273.53,131.84,86003
mistral-small,bgl,1,rag,136,True,APPSEV,True,medium,Network connection was lost.," Example: {   ""is_anomaly"": true,   ""severity"": ""medium"",   ""root_cause"": ""Network connection was lost."",   ""remediation"": ""Check network connectivity and restart the service."" }",273.53,131.84,86003
mistral-small,bgl,1,rag,137,False,NORMAL,False,low,none," Example: {   ""is_anomaly"": false,   ""severity"": ""low"",   ""root_cause"": ""none"",   ""remediation"": ""none"" }",273.53,131.84,86003
mistral-small,bgl,1,rag,138,True,KERNDTLB,True,high,Disk space is full.," Example: {   ""is_anomaly"": true,   ""severity"": ""high"",   ""root_cause"": ""Disk space is full."",   ""remediation"": ""Free up disk space by deleting unnecessary files."" }",273.53,131.84,86003
mistral-small,bgl,1,rag,139,True,KERNDTLB,True,high,Disk space is full.," Example: {   ""is_anomaly"": true,   ""severity"": ""high"",   ""root_cause"": ""Disk space is full."",   ""remediation"": ""Free up disk space by deleting unnecessary files."" }",273.53,131.84,86003
mistral-small,bgl,1,rag,140,False,NORMAL,False,low,none," Example: {   ""is_anomaly"": false,   ""severity"": ""low"",   ""root_cause"": ""none"",   ""remediation"": ""none"" }",273.53,131.84,86003
mistral-small,bgl,1,rag,141,False,NORMAL,False,low,none," Example: {   ""is_anomaly"": false,   ""severity"": ""low"",   ""root_cause"": ""none"",   ""remediation"": ""none"" }",273.53,131.84,86003
mistral-small,bgl,1,rag,142,True,KERNSTOR,True,medium,Disk space is low.," Example: {   ""is_anomaly"": true,   ""severity"": ""medium"",   ""root_cause"": ""Disk space is low."",   ""remediation"": ""Clear some disk space."" }",273.53,131.84,86003
mistral-small,bgl,1,rag,143,False,NORMAL,False,low,none," Example: {   ""is_anomaly"": false,   ""severity"": ""low"",   ""root_cause"": ""none"",   ""remediation"": ""none"" }",273.53,131.84,86003
mistral-small,bgl,1,rag,144,True,APPSEV,True,medium,Network connectivity issue between the server and client.," Example: {   ""is_anomaly"": true,   ""severity"": ""medium"",   ""root_cause"": ""Network connectivity issue between the server and client."",   ""remediation"": ""Check the network connection and ensure the server and client are properly configured."" }",273.53,131.84,86003
mistral-small,bgl,1,rag,145,False,NORMAL,True,medium,Data storage interrupt caused by repeated access to the same address.," Example: {   ""is_anomaly"": true,   ""severity"": ""medium"",   ""root_cause"": ""Data storage interrupt caused by repeated access to the same address."",   ""remediation"": ""Investigate the cause of repeated access to the same data address."" }",273.53,131.84,86003
mistral-small,bgl,1,rag,146,True,KERNDTLB,True,medium,Disk space is running low.," Example: {   ""is_anomaly"": true,   ""severity"": ""medium"",   ""root_cause"": ""Disk space is running low."",   ""remediation"": ""Clear some disk space."" }",273.53,131.84,86003
mistral-small,bgl,1,rag,147,True,KERNDTLB,True,medium,Disk space is running low.," Example: {   ""is_anomaly"": true,   ""severity"": ""medium"",   ""root_cause"": ""Disk space is running low."",   ""remediation"": ""Clear some disk space."" }",273.53,131.84,86003
mistral-small,bgl,1,rag,148,False,NORMAL,False,low,none," Example: {   ""is_anomaly"": false,   ""severity"": ""low"",   ""root_cause"": ""none"",   ""remediation"": ""none"" }",273.53,131.84,86003
mistral-small,bgl,1,rag,149,True,KERNMNTF,True,medium,Disk space is low.," Example: {   ""is_anomaly"": true,   ""severity"": ""medium"",   ""root_cause"": ""Disk space is low."",   ""remediation"": ""Clear some disk space."" }",273.53,131.84,86003
mistral-small,hdfs,1,rag,150,True,Anomaly,True,medium,Disk space is running low.," Example: {   ""is_anomaly"": true,   ""severity"": ""medium"",   ""root_cause"": ""Disk space is running low."",   ""remediation"": ""Clear some space on the disk."" }",273.53,131.84,86003
mistral-small,hdfs,1,rag,151,True,Anomaly,True,medium,Disk space is low on the server.," Example: {   ""is_anomaly"": true,   ""severity"": ""medium"",   ""root_cause"": ""Disk space is low on the server."",   ""remediation"": ""Clear some space on the server."" }",273.53,131.84,86003
mistral-small,hdfs,1,rag,152,True,Anomaly,True,medium,DataNode encountered an IOException while writing a block.," Example: {   ""is_anomaly"": true,   ""severity"": ""medium"",   ""root_cause"": ""DataNode encountered an IOException while writing a block."",   ""remediation"": ""Investigate network issues between DataNodes and NameNodes."" }",273.53,131.84,86003
mistral-small,hdfs,1,rag,153,True,Anomaly,True,medium,Disk space is running low.," Example: {   ""is_anomaly"": true,   ""severity"": ""medium"",   ""root_cause"": ""Disk space is running low."",   ""remediation"": ""Clear some space on the disk."" }",273.53,131.84,86003
mistral-small,hdfs,1,rag,154,True,Anomaly,True,medium,Disk space is running low.," Example: {   ""is_anomaly"": true,   ""severity"": ""medium"",   ""root_cause"": ""Disk space is running low."",   ""remediation"": ""Clear some space on the disk."" }",273.53,131.84,86003
mistral-small,hdfs,1,rag,155,False,NORMAL,False,low,none," Example: {   ""is_anomaly"": false,   ""severity"": ""low"",   ""root_cause"": ""none"",   ""remediation"": ""none"" }",273.53,131.84,86003
mistral-small,hdfs,1,rag,156,False,NORMAL,False,low,none," Example: {   ""is_anomaly"": false,   ""severity"": ""low"",   ""root_cause"": ""none"",   ""remediation"": ""none"" }",273.53,131.84,86003
mistral-small,hdfs,1,rag,157,True,Anomaly,True,medium,Disk space is running low.," Example: {   ""is_anomaly"": true,   ""severity"": ""medium"",   ""root_cause"": ""Disk space is running low."",   ""remediation"": ""Clear some space on the disk."" }",273.53,131.84,86003
mistral-small,hdfs,1,rag,158,True,Anomaly,True,medium,Disk space is running low.," Example: {   ""is_anomaly"": true,   ""severity"": ""medium"",   ""root_cause"": ""Disk space is running low."",   ""remediation"": ""Clear some space on the disk."" }",273.53,131.84,86003
mistral-small,hdfs,1,rag,159,False,NORMAL,True,medium,Multiple blocks added to the blockMap from the same node.," Example: {   ""is_anomaly"": true,   ""severity"": ""medium"",   ""root_cause"": ""Multiple blocks added to the blockMap from the same node."",   ""remediation"": ""Investigate the node 10.251.107.50 for potential issues."" }",273.53,131.84,86003
mistral-small,hdfs,1,rag,160,False,NORMAL,True,medium,Disk space is running low.," Example: {   ""is_anomaly"": true,   ""severity"": ""medium"",   ""root_cause"": ""Disk space is running low."",   ""remediation"": ""Clear some space on the disk."" }",273.53,131.84,86003
mistral-small,hdfs,1,rag,161,False,NORMAL,True,medium,Disk space is running low.," Example: {   ""is_anomaly"": true,   ""severity"": ""medium"",   ""root_cause"": ""Disk space is running low."",   ""remediation"": ""Clear some space on the disk."" }",273.53,131.84,86003
mistral-small,hdfs,1,rag,162,True,Anomaly,True,medium,Data block size mismatch detected.," Example: {   ""is_anomaly"": true,   ""severity"": ""medium"",   ""root_cause"": ""Data block size mismatch detected."",   ""remediation"": ""Verify and correct block size configurations."" }",273.53,131.84,86003
mistral-small,hdfs,1,rag,163,False,NORMAL,True,medium,Disk space is low on the server.," Example: {   ""is_anomaly"": true,   ""severity"": ""medium"",   ""root_cause"": ""Disk space is low on the server."",   ""remediation"": ""Clear some disk space or add more storage."" }",273.53,131.84,86003
mistral-small,hdfs,1,rag,164,False,NORMAL,True,medium,Disk space is low on the server.," Example: {   ""is_anomaly"": true,   ""severity"": ""medium"",   ""root_cause"": ""Disk space is low on the server."",   ""remediation"": ""Clear some space on the server."" }",273.53,131.84,86003
mistral-small,hdfs,1,rag,165,False,NORMAL,False,low,none," Example: {   ""is_anomaly"": false,   ""severity"": ""low"",   ""root_cause"": ""none"",   ""remediation"": ""none"" }",273.53,131.84,86003
mistral-small,hdfs,1,rag,166,False,NORMAL,True,medium,"Multiple blocks are being added to the invalid set, indicating potential data corruption."," Example: {   ""is_anomaly"": true,   ""severity"": ""medium"",   ""root_cause"": ""Multiple blocks are being added to the invalid set, indicating potential data corruption."",   ""remediation"": ""Investigate the nodes 10.251.71.193 and 10.250.14.38 for any hardware or software issues."" }",273.53,131.84,86003
mistral-small,hdfs,1,rag,167,True,Anomaly,True,medium,Disk space is running low.," Example: {   ""is_anomaly"": true,   ""severity"": ""medium"",   ""root_cause"": ""Disk space is running low."",   ""remediation"": ""Clear some space on the disk."" }",273.53,131.84,86003
mistral-small,hdfs,1,rag,168,False,NORMAL,True,medium,Disk space is running low.," Example: {   ""is_anomaly"": true,   ""severity"": ""medium"",   ""root_cause"": ""Disk space is running low."",   ""remediation"": ""Clear some disk space or add more storage."" }",273.53,131.84,86003
mistral-small,hdfs,1,rag,169,False,NORMAL,False,low,none," Example: {   ""is_anomaly"": false,   ""severity"": ""low"",   ""root_cause"": ""none"",   ""remediation"": ""none"" }",273.53,131.84,86003
mistral-small,hdfs,1,rag,170,False,NORMAL,True,medium,Disk space is running low on the server.," Example: {   ""is_anomaly"": true,   ""severity"": ""medium"",   ""root_cause"": ""Disk space is running low on the server."",   ""remediation"": ""Clear some space on the server."" }",273.53,131.84,86003
mistral-small,hdfs,1,rag,171,False,NORMAL,False,low,none," Example: {   ""is_anomaly"": false,   ""severity"": ""low"",   ""root_cause"": ""none"",   ""remediation"": ""none"" }",273.53,131.84,86003
mistral-small,hdfs,1,rag,172,True,Anomaly,True,medium,Disk space is running low on the server.," Example: {   ""is_anomaly"": true,   ""severity"": ""medium"",   ""root_cause"": ""Disk space is running low on the server."",   ""remediation"": ""Clear some space on the server."" }",273.53,131.84,86003
mistral-small,hdfs,1,rag,173,True,Anomaly,True,medium,Disk space is running low on the server.," Example: {   ""is_anomaly"": true,   ""severity"": ""medium"",   ""root_cause"": ""Disk space is running low on the server."",   ""remediation"": ""Clear some space on the server."" }",273.53,131.84,86003
mistral-small,hdfs,1,rag,174,False,NORMAL,True,medium,DataNode received a block from an unexpected source.," Example: {   ""is_anomaly"": true,   ""severity"": ""medium"",   ""root_cause"": ""DataNode received a block from an unexpected source."",   ""remediation"": ""Investigate the source IP address for potential security issues."" }",273.53,131.84,86003
mistral-small,hdfs,1,rag,175,False,NORMAL,False,low,none," Example: {   ""is_anomaly"": false,   ""severity"": ""low"",   ""root_cause"": ""none"",   ""remediation"": ""none"" }",273.53,131.84,86003
mistral-small,hdfs,1,rag,176,True,Anomaly,True,medium,Disk space is running low.," Example: {   ""is_anomaly"": true,   ""severity"": ""medium"",   ""root_cause"": ""Disk space is running low."",   ""remediation"": ""Clear some space on the disk."" }",273.53,131.84,86003
mistral-small,hdfs,1,rag,177,True,Anomaly,True,medium,DataNode received blocks from an unexpected source.," Example: {   ""is_anomaly"": true,   ""severity"": ""medium"",   ""root_cause"": ""DataNode received blocks from an unexpected source."",   ""remediation"": ""Verify network configuration and block sources."" }",273.53,131.84,86003
mistral-small,hdfs,1,rag,178,False,NORMAL,False,low,none," Example: {   ""is_anomaly"": false,   ""severity"": ""low"",   ""root_cause"": ""none"",   ""remediation"": ""none"" }",273.53,131.84,86003
mistral-small,hdfs,1,rag,179,False,NORMAL,True,medium,Disk space is running low.," Example: {   ""is_anomaly"": true,   ""severity"": ""medium"",   ""root_cause"": ""Disk space is running low."",   ""remediation"": ""Clear some space on the disk."" }",273.53,131.84,86003
mistral-small,hdfs,1,rag,180,True,Anomaly,True,medium,Disk space is running low on the server.," Example: {   ""is_anomaly"": true,   ""severity"": ""medium"",   ""root_cause"": ""Disk space is running low on the server."",   ""remediation"": ""Clear some space on the server."" }",273.53,131.84,86003
mistral-small,hdfs,1,rag,181,False,NORMAL,True,medium,Disk space is running low.," Example: {   ""is_anomaly"": true,   ""severity"": ""medium"",   ""root_cause"": ""Disk space is running low."",   ""remediation"": ""Clear some disk space or add more storage."" }",273.53,131.84,86003
mistral-small,hdfs,1,rag,182,True,Anomaly,True,medium,Disk space is running low.," Example: {   ""is_anomaly"": true,   ""severity"": ""medium"",   ""root_cause"": ""Disk space is running low."",   ""remediation"": ""Clear some space on the disk."" }",273.53,131.84,86003
mistral-small,hdfs,1,rag,183,True,Anomaly,True,medium,DataNode received blocks from an unexpected source.," Example: {   ""is_anomaly"": true,   ""severity"": ""medium"",   ""root_cause"": ""DataNode received blocks from an unexpected source."",   ""remediation"": ""Verify network configuration and block sources."" }",273.53,131.84,86003
mistral-small,hdfs,1,rag,184,True,Anomaly,True,medium,Disk space is low on the server.," Example: {   ""is_anomaly"": true,   ""severity"": ""medium"",   ""root_cause"": ""Disk space is low on the server."",   ""remediation"": ""Clear some disk space or add more storage."" }",273.53,131.84,86003
mistral-small,hdfs,1,rag,185,False,NORMAL,True,medium,Disk space is running low on the server.," Example: {   ""is_anomaly"": true,   ""severity"": ""medium"",   ""root_cause"": ""Disk space is running low on the server."",   ""remediation"": ""Clear some space on the server."" }",273.53,131.84,86003
mistral-small,hdfs,1,rag,186,True,Anomaly,True,medium,High CPU usage due to a misconfigured cron job.," Example: {   ""is_anomaly"": true,   ""severity"": ""medium"",   ""root_cause"": ""High CPU usage due to a misconfigured cron job."",   ""remediation"": ""Adjust the cron job schedule to reduce load."" }",273.53,131.84,86003
mistral-small,hdfs,1,rag,187,False,NORMAL,False,low,none," Example: {   ""is_anomaly"": false,   ""severity"": ""low"",   ""root_cause"": ""none"",   ""remediation"": ""none"" }",273.53,131.84,86003
mistral-small,hdfs,1,rag,188,True,Anomaly,True,medium,DataNode received blocks from an unexpected source.," Example: {   ""is_anomaly"": true,   ""severity"": ""medium"",   ""root_cause"": ""DataNode received blocks from an unexpected source."",   ""remediation"": ""Investigate the source IP address for unauthorized access."" }",273.53,131.84,86003
mistral-small,hdfs,1,rag,189,False,NORMAL,True,medium,Disk space is running low.," Example: {   ""is_anomaly"": true,   ""severity"": ""medium"",   ""root_cause"": ""Disk space is running low."",   ""remediation"": ""Clear some space on the disk."" }",273.53,131.84,86003
mistral-small,hdfs,1,rag,190,True,Anomaly,True,medium,Disk space is running low.," Example: {   ""is_anomaly"": true,   ""severity"": ""medium"",   ""root_cause"": ""Disk space is running low."",   ""remediation"": ""Clear some space on the disk."" }",273.53,131.84,86003
mistral-small,hdfs,1,rag,191,True,Anomaly,False,low,none," Example: {   ""is_anomaly"": false,   ""severity"": ""low"",   ""root_cause"": ""none"",   ""remediation"": ""none"" }",273.53,131.84,86003
mistral-small,hdfs,1,rag,192,False,NORMAL,True,medium,Disk space is low.," Example: {   ""is_anomaly"": true,   ""severity"": ""medium"",   ""root_cause"": ""Disk space is low."",   ""remediation"": ""Clear some space on the disk."" }",273.53,131.84,86003
mistral-small,hdfs,1,rag,193,True,Anomaly,True,medium,DataNode received blocks from an unexpected source.," Example: {   ""is_anomaly"": true,   ""severity"": ""medium"",   ""root_cause"": ""DataNode received blocks from an unexpected source."",   ""remediation"": ""Investigate the source IP address for unauthorized access."" }",273.53,131.84,86003
mistral-small,hdfs,1,rag,194,True,Anomaly,False,low,none," Example: {   ""is_anomaly"": false,   ""severity"": ""low"",   ""root_cause"": ""none"",   ""remediation"": ""none"" }",273.53,131.84,86003
mistral-small,hdfs,1,rag,195,False,NORMAL,False,low,none," Example: {   ""is_anomaly"": false,   ""severity"": ""low"",   ""root_cause"": ""none"",   ""remediation"": ""none"" }",273.53,131.84,86003
mistral-small,hdfs,1,rag,196,False,NORMAL,True,medium,Disk space is running low.," Example: {   ""is_anomaly"": true,   ""severity"": ""medium"",   ""root_cause"": ""Disk space is running low."",   ""remediation"": ""Clear some space on the disk."" }",273.53,131.84,86003
mistral-small,hdfs,1,rag,197,True,Anomaly,False,low,none," Example: {   ""is_anomaly"": false,   ""severity"": ""low"",   ""root_cause"": ""none"",   ""remediation"": ""none"" }",273.53,131.84,86003
mistral-small,hdfs,1,rag,198,True,Anomaly,True,medium,Disk space is low.," Example: {   ""is_anomaly"": true,   ""severity"": ""medium"",   ""root_cause"": ""Disk space is low."",   ""remediation"": ""Clear some disk space."" }",273.53,131.84,86003
mistral-small,hdfs,1,rag,199,True,Anomaly,True,medium,Disk space is running low.," Example: {   ""is_anomaly"": true,   ""severity"": ""medium"",   ""root_cause"": ""Disk space is running low."",   ""remediation"": ""Clear some space on the disk."" }",273.53,131.84,86003
mistral-small,hdfs,1,rag,200,False,NORMAL,True,medium,Disk space is running low.," Example: {   ""is_anomaly"": true,   ""severity"": ""medium"",   ""root_cause"": ""Disk space is running low."",   ""remediation"": ""Clear some space on the disk."" }",273.53,131.84,86003
mistral-small,hdfs,1,rag,201,True,Anomaly,True,medium,Disk space is low on the server.," Example: {   ""is_anomaly"": true,   ""severity"": ""medium"",   ""root_cause"": ""Disk space is low on the server."",   ""remediation"": ""Clear some space on the server."" }",273.53,131.84,86003
mistral-small,hdfs,1,rag,202,True,Anomaly,True,medium,Disk space is running low.," Example: {   ""is_anomaly"": true,   ""severity"": ""medium"",   ""root_cause"": ""Disk space is running low."",   ""remediation"": ""Clear some space on the disk."" }",273.53,131.84,86003
mistral-small,hdfs,1,rag,203,False,NORMAL,True,medium,Disk space is running low.," Example: {   ""is_anomaly"": true,   ""severity"": ""medium"",   ""root_cause"": ""Disk space is running low."",   ""remediation"": ""Clear some disk space or add more storage."" }",273.53,131.84,86003
mistral-small,hdfs,1,rag,204,True,Anomaly,True,medium,Disk space is running low on the server.," Example: {   ""is_anomaly"": true,   ""severity"": ""medium"",   ""root_cause"": ""Disk space is running low on the server."",   ""remediation"": ""Clear some space on the server."" }",273.53,131.84,86003
mistral-small,hdfs,1,rag,205,False,NORMAL,True,medium,Disk space is running low on the server.," Example: {   ""is_anomaly"": true,   ""severity"": ""medium"",   ""root_cause"": ""Disk space is running low on the server."",   ""remediation"": ""Clear some space on the server."" }",273.53,131.84,86003
mistral-small,hdfs,1,rag,206,False,NORMAL,False,low,none," Example: {   ""is_anomaly"": false,   ""severity"": ""low"",   ""root_cause"": ""none"",   ""remediation"": ""none"" }",273.53,131.84,86003
mistral-small,hdfs,1,rag,207,False,NORMAL,True,medium,DataNode packet responder terminated unexpectedly.," Example: {   ""is_anomaly"": true,   ""severity"": ""medium"",   ""root_cause"": ""DataNode packet responder terminated unexpectedly."",   ""remediation"": ""Restart the affected DataNode."" }",273.53,131.84,86003
mistral-small,hdfs,1,rag,208,False,NORMAL,True,medium,DataNode received a block from an unexpected source.," Example: {   ""is_anomaly"": true,   ""severity"": ""medium"",   ""root_cause"": ""DataNode received a block from an unexpected source."",   ""remediation"": ""Investigate the source IP address for potential security issues."" }",273.53,131.84,86003
mistral-small,hdfs,1,rag,209,True,Anomaly,True,medium,DataNode received blocks from an unexpected source.," Example: {   ""is_anomaly"": true,   ""severity"": ""medium"",   ""root_cause"": ""DataNode received blocks from an unexpected source."",   ""remediation"": ""Verify network configuration and block sources."" }",273.53,131.84,86003
mistral-small,hdfs,1,rag,210,False,NORMAL,True,medium,Disk space is running low on the server.," Example: {   ""is_anomaly"": true,   ""severity"": ""medium"",   ""root_cause"": ""Disk space is running low on the server."",   ""remediation"": ""Clear some space on the server."" }",273.53,131.84,86003
mistral-small,hdfs,1,rag,211,True,Anomaly,False,low,none," Example: {   ""is_anomaly"": false,   ""severity"": ""low"",   ""root_cause"": ""none"",   ""remediation"": ""none"" }",273.53,131.84,86003
mistral-small,hdfs,1,rag,212,False,NORMAL,False,low,none," Example: {   ""is_anomaly"": false,   ""severity"": ""low"",   ""root_cause"": ""none"",   ""remediation"": ""none"" }",273.53,131.84,86003
mistral-small,hdfs,1,rag,213,True,Anomaly,True,medium,Disk space is running low.," Example: {   ""is_anomaly"": true,   ""severity"": ""medium"",   ""root_cause"": ""Disk space is running low."",   ""remediation"": ""Clear some space on the disk."" }",273.53,131.84,86003
mistral-small,hdfs,1,rag,214,True,Anomaly,True,medium,Disk space is running low.," Example: {   ""is_anomaly"": true,   ""severity"": ""medium"",   ""root_cause"": ""Disk space is running low."",   ""remediation"": ""Clear some space on the disk."" }",273.53,131.84,86003
mistral-small,hdfs,1,rag,215,True,Anomaly,False,low,none," Example: {   ""is_anomaly"": false,   ""severity"": ""low"",   ""root_cause"": ""none"",   ""remediation"": ""none"" }",273.53,131.84,86003
mistral-small,hdfs,1,rag,216,False,NORMAL,False,low,none," Example: {   ""is_anomaly"": false,   ""severity"": ""low"",   ""root_cause"": ""none"",   ""remediation"": ""none"" }",273.53,131.84,86003
mistral-small,hdfs,1,rag,217,False,NORMAL,True,medium,Disk space is running low.," Example: {   ""is_anomaly"": true,   ""severity"": ""medium"",   ""root_cause"": ""Disk space is running low."",   ""remediation"": ""Clear some space on the disk."" }",273.53,131.84,86003
mistral-small,hdfs,1,rag,218,True,Anomaly,True,medium,Disk space is running low on the server.," Example: {   ""is_anomaly"": true,   ""severity"": ""medium"",   ""root_cause"": ""Disk space is running low on the server."",   ""remediation"": ""Clear some space on the server."" }",273.53,131.84,86003
mistral-small,hdfs,1,rag,219,False,NORMAL,True,medium,Disk space is running low.," Example: {   ""is_anomaly"": true,   ""severity"": ""medium"",   ""root_cause"": ""Disk space is running low."",   ""remediation"": ""Clear some space on the disk."" }",273.53,131.84,86003
mistral-small,hdfs,1,rag,220,False,NORMAL,True,medium,Disk space is running low.," Example: {   ""is_anomaly"": true,   ""severity"": ""medium"",   ""root_cause"": ""Disk space is running low."",   ""remediation"": ""Clear some disk space or add more storage."" }",273.53,131.84,86003
mistral-small,hdfs,1,rag,221,False,NORMAL,True,medium,Disk space is running low on the server.," Example: {   ""is_anomaly"": true,   ""severity"": ""medium"",   ""root_cause"": ""Disk space is running low on the server."",   ""remediation"": ""Clear some space on the server."" }",273.53,131.84,86003
mistral-small,hdfs,1,rag,222,True,Anomaly,True,medium,Disk space is running low on the server.," Example: {   ""is_anomaly"": true,   ""severity"": ""medium"",   ""root_cause"": ""Disk space is running low on the server."",   ""remediation"": ""Clear some space on the server."" }",273.53,131.84,86003
mistral-small,hdfs,1,rag,223,True,Anomaly,True,medium,DataNode received a block from an unexpected source.," Example: {   ""is_anomaly"": true,   ""severity"": ""medium"",   ""root_cause"": ""DataNode received a block from an unexpected source."",   ""remediation"": ""Verify network configuration and block sources."" }",273.53,131.84,86003
mistral-small,hdfs,1,rag,224,False,NORMAL,True,medium,Disk space is running low.," Example: {   ""is_anomaly"": true,   ""severity"": ""medium"",   ""root_cause"": ""Disk space is running low."",   ""remediation"": ""Clear some space on the disk."" }",273.53,131.84,86003
mistral-small,hdfs,1,rag,225,False,NORMAL,True,medium,Disk space is low.," Example: {   ""is_anomaly"": true,   ""severity"": ""medium"",   ""root_cause"": ""Disk space is low."",   ""remediation"": ""Clear old logs to free up space."" }",273.53,131.84,86003
mistral-small,hdfs,1,rag,226,True,Anomaly,True,medium,Disk space is running low on the server.," Example: {   ""is_anomaly"": true,   ""severity"": ""medium"",   ""root_cause"": ""Disk space is running low on the server."",   ""remediation"": ""Clear some space on the server."" }",273.53,131.84,86003
mistral-small,hdfs,1,rag,227,True,Anomaly,True,medium,Disk space is running low.," Example: {   ""is_anomaly"": true,   ""severity"": ""medium"",   ""root_cause"": ""Disk space is running low."",   ""remediation"": ""Clear some disk space or add more storage."" }",273.53,131.84,86003
mistral-small,hdfs,1,rag,228,True,Anomaly,True,medium,DataNode received blocks from multiple sources simultaneously.," Example: {   ""is_anomaly"": true,   ""severity"": ""medium"",   ""root_cause"": ""DataNode received blocks from multiple sources simultaneously."",   ""remediation"": ""Investigate network configuration to prevent simultaneous block transfers."" }",273.53,131.84,86003
mistral-small,hdfs,1,rag,229,False,NORMAL,True,medium,Disk space is running low on the server.," Example: {   ""is_anomaly"": true,   ""severity"": ""medium"",   ""root_cause"": ""Disk space is running low on the server."",   ""remediation"": ""Clear some space on the server."" }",273.53,131.84,86003
mistral-small,hdfs,1,rag,230,False,NORMAL,True,medium,Disk space is running low.," Example: {   ""is_anomaly"": true,   ""severity"": ""medium"",   ""root_cause"": ""Disk space is running low."",   ""remediation"": ""Clear some space on the disk."" }",273.53,131.84,86003
mistral-small,hdfs,1,rag,231,False,NORMAL,False,low,none," Example: {   ""is_anomaly"": false,   ""severity"": ""low"",   ""root_cause"": ""none"",   ""remediation"": ""none"" }",273.53,131.84,86003
mistral-small,hdfs,1,rag,232,True,Anomaly,True,medium,Disk space is running low.," Example: {   ""is_anomaly"": true,   ""severity"": ""medium"",   ""root_cause"": ""Disk space is running low."",   ""remediation"": ""Clear some space on the disk."" }",273.53,131.84,86003
mistral-small,hdfs,1,rag,233,False,NORMAL,True,medium,DataNode received blocks from an unexpected source.," Example: {   ""is_anomaly"": true,   ""severity"": ""medium"",   ""root_cause"": ""DataNode received blocks from an unexpected source."",   ""remediation"": ""Verify the source IP addresses and ensure they are authorized."" }",273.53,131.84,86003
mistral-small,hdfs,1,rag,234,False,NORMAL,True,medium,Disk space is running low on the server.," Example: {   ""is_anomaly"": true,   ""severity"": ""medium"",   ""root_cause"": ""Disk space is running low on the server."",   ""remediation"": ""Clear some space on the server."" }",273.53,131.84,86003
mistral-small,hdfs,1,rag,235,True,Anomaly,True,medium,Disk space is running low on the server.," Example: {   ""is_anomaly"": true,   ""severity"": ""medium"",   ""root_cause"": ""Disk space is running low on the server."",   ""remediation"": ""Clear some space on the server."" }",273.53,131.84,86003
mistral-small,hdfs,1,rag,236,True,Anomaly,True,medium,Disk space is running low on the server.," Example: {   ""is_anomaly"": true,   ""severity"": ""medium"",   ""root_cause"": ""Disk space is running low on the server."",   ""remediation"": ""Clear some space on the server."" }",273.53,131.84,86003
mistral-small,hdfs,1,rag,237,False,NORMAL,False,low,none," Example: {   ""is_anomaly"": false,   ""severity"": ""low"",   ""root_cause"": ""none"",   ""remediation"": ""none"" }",273.53,131.84,86003
mistral-small,hdfs,1,rag,238,True,Anomaly,True,medium,Disk space is running low on the server.," Example: {   ""is_anomaly"": true,   ""severity"": ""medium"",   ""root_cause"": ""Disk space is running low on the server."",   ""remediation"": ""Clear some space on the server."" }",273.53,131.84,86003
mistral-small,hdfs,1,rag,239,True,Anomaly,True,medium,Disk space is running low.," Example: {   ""is_anomaly"": true,   ""severity"": ""medium"",   ""root_cause"": ""Disk space is running low."",   ""remediation"": ""Clear some space on the disk."" }",273.53,131.84,86003
mistral-small,hdfs,1,rag,240,False,NORMAL,True,medium,Disk space is running low on the server.," Example: {   ""is_anomaly"": true,   ""severity"": ""medium"",   ""root_cause"": ""Disk space is running low on the server."",   ""remediation"": ""Clear some space on the server."" }",273.53,131.84,86003
mistral-small,hdfs,1,rag,241,True,Anomaly,True,medium,DataNode received blocks from multiple sources simultaneously.," Example: {   ""is_anomaly"": true,   ""severity"": ""medium"",   ""root_cause"": ""DataNode received blocks from multiple sources simultaneously."",   ""remediation"": ""Investigate network configuration to prevent simultaneous block transfers."" }",273.53,131.84,86003
mistral-small,hdfs,1,rag,242,True,Anomaly,True,medium,Disk space is running low on the server.," Example: {   ""is_anomaly"": true,   ""severity"": ""medium"",   ""root_cause"": ""Disk space is running low on the server."",   ""remediation"": ""Clear some space on the server or add more storage."" }",273.53,131.84,86003
mistral-small,hdfs,1,rag,243,False,NORMAL,True,medium,DataNode received blocks from an unexpected source.," Example: {   ""is_anomaly"": true,   ""severity"": ""medium"",   ""root_cause"": ""DataNode received blocks from an unexpected source."",   ""remediation"": ""Verify network configuration and block sources."" }",273.53,131.84,86003
mistral-small,hdfs,1,rag,244,True,Anomaly,False,low,none," Example: {   ""is_anomaly"": false,   ""severity"": ""low"",   ""root_cause"": ""none"",   ""remediation"": ""none"" }",273.53,131.84,86003
mistral-small,hdfs,1,rag,245,True,Anomaly,True,medium,DataNode received blocks from an unexpected source.," Example: {   ""is_anomaly"": true,   ""severity"": ""medium"",   ""root_cause"": ""DataNode received blocks from an unexpected source."",   ""remediation"": ""Verify network configuration and block sources."" }",273.53,131.84,86003
mistral-small,hdfs,1,rag,246,False,NORMAL,False,low,none," Example: {   ""is_anomaly"": false,   ""severity"": ""low"",   ""root_cause"": ""none"",   ""remediation"": ""none"" }",273.53,131.84,86003
mistral-small,hdfs,1,rag,247,False,NORMAL,False,low,none," Example: {   ""is_anomaly"": false,   ""severity"": ""low"",   ""root_cause"": ""none"",   ""remediation"": ""none"" }",273.53,131.84,86003
mistral-small,hdfs,1,rag,248,True,Anomaly,True,medium,Disk space is running low on the server.," Example: {   ""is_anomaly"": true,   ""severity"": ""medium"",   ""root_cause"": ""Disk space is running low on the server."",   ""remediation"": ""Clear some space on the server."" }",273.53,131.84,86003
mistral-small,hdfs,1,rag,249,False,NORMAL,True,medium,DataNode received blocks from an unknown source.," Example: {   ""is_anomaly"": true,   ""severity"": ""medium"",   ""root_cause"": ""DataNode received blocks from an unknown source."",   ""remediation"": ""Verify the source IP addresses and update the firewall rules."" }",273.53,131.84,86003
mistral-small,hdfs,1,rag,250,True,Anomaly,True,medium,Disk space is running low on the server.," Example: {   ""is_anomaly"": true,   ""severity"": ""medium"",   ""root_cause"": ""Disk space is running low on the server."",   ""remediation"": ""Clear some space on the server."" }",273.53,131.84,86003
mistral-small,hdfs,1,rag,251,False,NORMAL,True,medium,DataNode received blocks from multiple sources simultaneously.," Example: {   ""is_anomaly"": true,   ""severity"": ""medium"",   ""root_cause"": ""DataNode received blocks from multiple sources simultaneously."",   ""remediation"": ""Investigate network configuration to prevent simultaneous block transfers."" }",273.53,131.84,86003
mistral-small,hdfs,1,rag,252,False,NORMAL,True,medium,Disk space is running low.," Example: {   ""is_anomaly"": true,   ""severity"": ""medium"",   ""root_cause"": ""Disk space is running low."",   ""remediation"": ""Clear some space on the disk."" }",273.53,131.84,86003
mistral-small,hdfs,1,rag,253,True,Anomaly,True,medium,DataNode PacketResponder terminated unexpectedly.," Example: {   ""is_anomaly"": true,   ""severity"": ""medium"",   ""root_cause"": ""DataNode PacketResponder terminated unexpectedly."",   ""remediation"": ""Investigate the termination of PacketResponder for block blk_-5189038711815811993."" }",273.53,131.84,86003
mistral-small,hdfs,1,rag,254,True,Anomaly,True,medium,Disk space is running low.," Example: {   ""is_anomaly"": true,   ""severity"": ""medium"",   ""root_cause"": ""Disk space is running low."",   ""remediation"": ""Clear some space on the disk."" }",273.53,131.84,86003
mistral-small,hdfs,1,rag,255,True,Anomaly,True,medium,Disk space is running low.," Example: {   ""is_anomaly"": true,   ""severity"": ""medium"",   ""root_cause"": ""Disk space is running low."",   ""remediation"": ""Clear some space on the disk."" }",273.53,131.84,86003
mistral-small,hdfs,1,rag,256,False,NORMAL,True,medium,High CPU usage due to a runaway process.," Example: {   ""is_anomaly"": true,   ""severity"": ""medium"",   ""root_cause"": ""High CPU usage due to a runaway process."",   ""remediation"": ""Terminate the runaway process to reduce CPU usage."" }",273.53,131.84,86003
mistral-small,hdfs,1,rag,257,False,NORMAL,True,medium,DataNode received blocks from an unexpected source.," Example: {   ""is_anomaly"": true,   ""severity"": ""medium"",   ""root_cause"": ""DataNode received blocks from an unexpected source."",   ""remediation"": ""Verify network configuration and block sources."" }",273.53,131.84,86003
mistral-small,hdfs,1,rag,258,False,NORMAL,True,medium,Disk space is running low.," Example: {   ""is_anomaly"": true,   ""severity"": ""medium"",   ""root_cause"": ""Disk space is running low."",   ""remediation"": ""Clear some space on the disk."" }",273.53,131.84,86003
mistral-small,hdfs,1,rag,259,False,NORMAL,False,low,none," Example: {   ""is_anomaly"": false,   ""severity"": ""low"",   ""root_cause"": ""none"",   ""remediation"": ""none"" }",273.53,131.84,86003
mistral-small,hdfs,1,rag,260,True,Anomaly,True,medium,Disk space is running low.," Example: {   ""is_anomaly"": true,   ""severity"": ""medium"",   ""root_cause"": ""Disk space is running low."",   ""remediation"": ""Clear some space on the disk."" }",273.53,131.84,86003
mistral-small,hdfs,1,rag,261,False,NORMAL,True,medium,Disk space is low.," Example: {   ""is_anomaly"": true,   ""severity"": ""medium"",   ""root_cause"": ""Disk space is low."",   ""remediation"": ""Clear some space on the disk."" }",273.53,131.84,86003
mistral-small,hdfs,1,rag,262,False,NORMAL,False,low,none," Example: {   ""is_anomaly"": false,   ""severity"": ""low"",   ""root_cause"": ""none"",   ""remediation"": ""none"" }",273.53,131.84,86003
mistral-small,hdfs,1,rag,263,True,Anomaly,True,medium,DataNode encountered an IOException while writing a block.," Example: {   ""is_anomaly"": true,   ""severity"": ""medium"",   ""root_cause"": ""DataNode encountered an IOException while writing a block."",   ""remediation"": ""Investigate the source of the IOException and ensure data integrity."" }",273.53,131.84,86003
mistral-small,hdfs,1,rag,264,False,NORMAL,True,medium,Disk space is running low.," Example: {   ""is_anomaly"": true,   ""severity"": ""medium"",   ""root_cause"": ""Disk space is running low."",   ""remediation"": ""Clear some space on the disk."" }",273.53,131.84,86003
mistral-small,hdfs,1,rag,265,True,Anomaly,True,medium,Disk space is running low.," Example: {   ""is_anomaly"": true,   ""severity"": ""medium"",   ""root_cause"": ""Disk space is running low."",   ""remediation"": ""Clear some space on the disk."" }",273.53,131.84,86003
mistral-small,hdfs,1,rag,266,False,NORMAL,True,medium,High CPU usage due to a runaway process.," Example: {   ""is_anomaly"": true,   ""severity"": ""medium"",   ""root_cause"": ""High CPU usage due to a runaway process."",   ""remediation"": ""Terminate the runaway process to reduce CPU usage."" }",273.53,131.84,86003
mistral-small,hdfs,1,rag,267,False,NORMAL,False,low,none," Example: {   ""is_anomaly"": false,   ""severity"": ""low"",   ""root_cause"": ""none"",   ""remediation"": ""none"" }",273.53,131.84,86003
mistral-small,hdfs,1,rag,268,True,Anomaly,True,medium,Disk space is running low on the server.," Example: {   ""is_anomaly"": true,   ""severity"": ""medium"",   ""root_cause"": ""Disk space is running low on the server."",   ""remediation"": ""Clear some space on the server or add more storage."" }",273.53,131.84,86003
mistral-small,hdfs,1,rag,269,False,NORMAL,True,medium,DataNode received duplicate blocks from different sources.," Example: {   ""is_anomaly"": true,   ""severity"": ""medium"",   ""root_cause"": ""DataNode received duplicate blocks from different sources."",   ""remediation"": ""Investigate network issues between DataNodes."" }",273.53,131.84,86003
mistral-small,hdfs,1,rag,270,False,NORMAL,True,medium,Disk space is running low.," Example: {   ""is_anomaly"": true,   ""severity"": ""medium"",   ""root_cause"": ""Disk space is running low."",   ""remediation"": ""Clear some space on the disk."" }",273.53,131.84,86003
mistral-small,hdfs,1,rag,271,False,NORMAL,True,medium,Disk space is low.," Example: {   ""is_anomaly"": true,   ""severity"": ""medium"",   ""root_cause"": ""Disk space is low."",   ""remediation"": ""Clear some space on the disk."" }",273.53,131.84,86003
mistral-small,hdfs,1,rag,272,True,Anomaly,True,medium,Disk space is running low.," Example: {   ""is_anomaly"": true,   ""severity"": ""medium"",   ""root_cause"": ""Disk space is running low."",   ""remediation"": ""Clear some space on the disk."" }",273.53,131.84,86003
mistral-small,hdfs,1,rag,273,True,Anomaly,True,medium,Disk space is running low.," Example: {   ""is_anomaly"": true,   ""severity"": ""medium"",   ""root_cause"": ""Disk space is running low."",   ""remediation"": ""Clear some space on the disk."" }",273.53,131.84,86003
mistral-small,hdfs,1,rag,274,True,Anomaly,True,medium,DataNode received a block from an unexpected source.," Example: {   ""is_anomaly"": true,   ""severity"": ""medium"",   ""root_cause"": ""DataNode received a block from an unexpected source."",   ""remediation"": ""Verify network configuration and block sources."" }",273.53,131.84,86003
mistral-small,hdfs,1,rag,275,True,Anomaly,True,medium,Disk space is running low.," Example: {   ""is_anomaly"": true,   ""severity"": ""medium"",   ""root_cause"": ""Disk space is running low."",   ""remediation"": ""Clear some space on the disk."" }",273.53,131.84,86003
mistral-small,hdfs,1,rag,276,True,Anomaly,True,medium,Disk space is low on the DataNode.," Example: {   ""is_anomaly"": true,   ""severity"": ""medium"",   ""root_cause"": ""Disk space is low on the DataNode."",   ""remediation"": ""Clear some space on the DataNode."" }",273.53,131.84,86003
mistral-small,hdfs,1,rag,277,False,NORMAL,True,medium,DataNode encountered an exception while serving a block.," Example: {   ""is_anomaly"": true,   ""severity"": ""medium"",   ""root_cause"": ""DataNode encountered an exception while serving a block."",   ""remediation"": ""Investigate the specific block and client for potential issues."" }",273.53,131.84,86003
mistral-small,hdfs,1,rag,278,False,NORMAL,True,medium,Disk space is low on the server.," Example: {   ""is_anomaly"": true,   ""severity"": ""medium"",   ""root_cause"": ""Disk space is low on the server."",   ""remediation"": ""Clear some disk space or add more storage."" }",273.53,131.84,86003
mistral-small,hdfs,1,rag,279,True,Anomaly,True,medium,Disk space is running low.," Example: {   ""is_anomaly"": true,   ""severity"": ""medium"",   ""root_cause"": ""Disk space is running low."",   ""remediation"": ""Clear some space on the disk."" }",273.53,131.84,86003
mistral-small,hdfs,1,rag,280,True,Anomaly,True,medium,Disk space is low on the server.," Example: {   ""is_anomaly"": true,   ""severity"": ""medium"",   ""root_cause"": ""Disk space is low on the server."",   ""remediation"": ""Clear some space on the server."" }",273.53,131.84,86003
mistral-small,hdfs,1,rag,281,True,Anomaly,True,medium,Disk space is running low on the server.," Example: {   ""is_anomaly"": true,   ""severity"": ""medium"",   ""root_cause"": ""Disk space is running low on the server."",   ""remediation"": ""Clear some space on the server."" }",273.53,131.84,86003
mistral-small,hdfs,1,rag,282,True,Anomaly,True,medium,Disk space is running low on the server.," Example: {   ""is_anomaly"": true,   ""severity"": ""medium"",   ""root_cause"": ""Disk space is running low on the server."",   ""remediation"": ""Clear some space on the server."" }",273.53,131.84,86003
mistral-small,hdfs,1,rag,283,False,NORMAL,False,low,none," Example: {   ""is_anomaly"": false,   ""severity"": ""low"",   ""root_cause"": ""none"",   ""remediation"": ""none"" }",273.53,131.84,86003
mistral-small,hdfs,1,rag,284,False,NORMAL,True,medium,Disk space is running low.," Example: {   ""is_anomaly"": true,   ""severity"": ""medium"",   ""root_cause"": ""Disk space is running low."",   ""remediation"": ""Clear some space on the disk."" }",273.53,131.84,86003
mistral-small,hdfs,1,rag,285,False,NORMAL,False,low,none," Example: {   ""is_anomaly"": false,   ""severity"": ""low"",   ""root_cause"": ""none"",   ""remediation"": ""none"" }",273.53,131.84,86003
mistral-small,hdfs,1,rag,286,True,Anomaly,True,medium,High CPU usage caused by a runaway process.," Example: {   ""is_anomaly"": true,   ""severity"": ""medium"",   ""root_cause"": ""High CPU usage caused by a runaway process."",   ""remediation"": ""Terminate the runaway process to reduce CPU usage."" }",273.53,131.84,86003
mistral-small,hdfs,1,rag,287,False,NORMAL,True,medium,Disk space is running low on the server.," Example: {   ""is_anomaly"": true,   ""severity"": ""medium"",   ""root_cause"": ""Disk space is running low on the server."",   ""remediation"": ""Clear some space on the server."" }",273.53,131.84,86003
mistral-small,hdfs,1,rag,288,True,Anomaly,True,medium,Disk space issue on DataNode.," Example: {   ""is_anomaly"": true,   ""severity"": ""medium"",   ""root_cause"": ""Disk space issue on DataNode."",   ""remediation"": ""Clear old logs and check disk usage."" }",273.53,131.84,86003
mistral-small,hdfs,1,rag,289,True,Anomaly,False,low,none," Example: {   ""is_anomaly"": false,   ""severity"": ""low"",   ""root_cause"": ""none"",   ""remediation"": ""none"" }",273.53,131.84,86003
mistral-small,hdfs,1,rag,290,True,Anomaly,False,low,none," Example: {   ""is_anomaly"": false,   ""severity"": ""low"",   ""root_cause"": ""none"",   ""remediation"": ""none"" }",273.53,131.84,86003
mistral-small,hdfs,1,rag,291,True,Anomaly,True,medium,Disk space is low.," Example: {   ""is_anomaly"": true,   ""severity"": ""medium"",   ""root_cause"": ""Disk space is low."",   ""remediation"": ""Clear some space on the disk."" }",273.53,131.84,86003
mistral-small,hdfs,1,rag,292,True,Anomaly,True,medium,Disk space is running low on the server.," Example: {   ""is_anomaly"": true,   ""severity"": ""medium"",   ""root_cause"": ""Disk space is running low on the server."",   ""remediation"": ""Clear some space on the server."" }",273.53,131.84,86003
mistral-small,hdfs,1,rag,293,False,NORMAL,True,medium,DataNode received blocks from an unexpected source.," Example: {   ""is_anomaly"": true,   ""severity"": ""medium"",   ""root_cause"": ""DataNode received blocks from an unexpected source."",   ""remediation"": ""Verify the source IP addresses and ensure they are authorized."" }",273.53,131.84,86003
mistral-small,hdfs,1,rag,294,False,NORMAL,True,medium,Disk space is running low.," Example: {   ""is_anomaly"": true,   ""severity"": ""medium"",   ""root_cause"": ""Disk space is running low."",   ""remediation"": ""Clear some space on the disk."" }",273.53,131.84,86003
mistral-small,hdfs,1,rag,295,True,Anomaly,True,medium,Disk space is low.," Example: {   ""is_anomaly"": true,   ""severity"": ""medium"",   ""root_cause"": ""Disk space is low."",   ""remediation"": ""Clear some space on the disk."" }",273.53,131.84,86003
mistral-small,hdfs,1,rag,296,True,Anomaly,True,medium,Disk space issue on DataNode.," Example: {   ""is_anomaly"": true,   ""severity"": ""medium"",   ""root_cause"": ""Disk space issue on DataNode."",   ""remediation"": ""Clear old logs and check disk usage."" }",273.53,131.84,86003
mistral-small,hdfs,1,rag,297,False,NORMAL,False,low,none," Example: {   ""is_anomaly"": false,   ""severity"": ""low"",   ""root_cause"": ""none"",   ""remediation"": ""none"" }",273.53,131.84,86003
mistral-small,hdfs,1,rag,298,False,NORMAL,True,medium,Disk space is running low on the server.," Example: {   ""is_anomaly"": true,   ""severity"": ""medium"",   ""root_cause"": ""Disk space is running low on the server."",   ""remediation"": ""Clear some space on the server."" }",273.53,131.84,86003
mistral-small,hdfs,1,rag,299,False,NORMAL,True,medium,Disk space is low.," Example: {   ""is_anomaly"": true,   ""severity"": ""medium"",   ""root_cause"": ""Disk space is low."",   ""remediation"": ""Clear some space on the disk."" }",273.53,131.84,86003
mistral-small,thunderbird,1,rag,300,True,VAPI,True,high,The server ran out of memory.," Example: {   ""is_anomaly"": true,   ""severity"": ""high"",   ""root_cause"": ""The server ran out of memory."",   ""remediation"": ""Increase the server's memory allocation."" }",273.53,131.84,86003
mistral-small,thunderbird,1,rag,301,True,VAPI,True,high,Device entered a FATAL state due to a local catastrophic error.," Example: {   ""is_anomaly"": true,   ""severity"": ""high"",   ""root_cause"": ""Device entered a FATAL state due to a local catastrophic error."",   ""remediation"": ""Restart the InfiniHost0 device to recover from the FATAL state."" }",273.53,131.84,86003
mistral-small,thunderbird,1,rag,302,True,VAPI,True,medium,Device entered a FATAL state due to a local catastrophic error.," Example: {   ""is_anomaly"": true,   ""severity"": ""medium"",   ""root_cause"": ""Device entered a FATAL state due to a local catastrophic error."",   ""remediation"": ""Restart the InfiniHost0 device to recover from the FATAL state."" }",273.53,131.84,86003
mistral-small,thunderbird,1,rag,303,False,NORMAL,False,low,none," Example: {   ""is_anomaly"": false,   ""severity"": ""low"",   ""root_cause"": ""none"",   ""remediation"": ""none"" }",273.53,131.84,86003
mistral-small,thunderbird,1,rag,304,True,VAPI,True,medium,The server ran out of disk space.," Example: {   ""is_anomaly"": true,   ""severity"": ""medium"",   ""root_cause"": ""The server ran out of disk space."",   ""remediation"": ""Clear some space on the disk."" }",273.53,131.84,86003
mistral-small,thunderbird,1,rag,305,True,VAPI,True,medium,The server ran out of memory.," Example: {   ""is_anomaly"": true,   ""severity"": ""medium"",   ""root_cause"": ""The server ran out of memory."",   ""remediation"": ""Increase the server's memory allocation."" }",273.53,131.84,86003
mistral-small,thunderbird,1,rag,306,False,NORMAL,False,low,none," Example: {   ""is_anomaly"": false,   ""severity"": ""low"",   ""root_cause"": ""none"",   ""remediation"": ""none"" }",273.53,131.84,86003
mistral-small,thunderbird,1,rag,307,True,VAPI,True,medium,Device entered a FATAL state due to a local catastrophic error.," Example: {   ""is_anomaly"": true,   ""severity"": ""medium"",   ""root_cause"": ""Device entered a FATAL state due to a local catastrophic error."",   ""remediation"": ""Restart the InfiniHost0 device to recover from the FATAL state."" }",273.53,131.84,86003
mistral-small,thunderbird,1,rag,308,True,VAPI,True,medium,A network configuration error caused a drop in connectivity.," Example: {   ""is_anomaly"": true,   ""severity"": ""medium"",   ""root_cause"": ""A network configuration error caused a drop in connectivity."",   ""remediation"": ""Check and correct the network configuration settings."" }",273.53,131.84,86003
mistral-small,thunderbird,1,rag,309,True,VAPI,True,medium,A network configuration error caused a loss of connectivity.," Example: {   ""is_anomaly"": true,   ""severity"": ""medium"",   ""root_cause"": ""A network configuration error caused a loss of connectivity."",   ""remediation"": ""Check and correct the network configuration settings."" }",273.53,131.84,86003
mistral-small,thunderbird,1,rag,310,False,NORMAL,False,low,none," Example: {   ""is_anomaly"": false,   ""severity"": ""low"",   ""root_cause"": ""none"",   ""remediation"": ""none"" }",273.53,131.84,86003
mistral-small,thunderbird,1,rag,311,False,NORMAL,False,low,none," Example: {   ""is_anomaly"": false,   ""severity"": ""low"",   ""root_cause"": ""none"",   ""remediation"": ""none"" }",273.53,131.84,86003
mistral-small,thunderbird,1,rag,312,True,VAPI,True,high,The device entered a FATAL state due to a local catastrophic error.," Example: {   ""is_anomaly"": true,   ""severity"": ""high"",   ""root_cause"": ""The device entered a FATAL state due to a local catastrophic error."",   ""remediation"": ""Restart the InfiniHost0 device to recover from the FATAL state."" }",273.53,131.84,86003
mistral-small,thunderbird,1,rag,313,False,NORMAL,True,medium,The device entered a FATAL state due to a local catastrophic error.," Example: {   ""is_anomaly"": true,   ""severity"": ""medium"",   ""root_cause"": ""The device entered a FATAL state due to a local catastrophic error."",   ""remediation"": ""Restart the device to recover from the FATAL state."" }",273.53,131.84,86003
mistral-small,thunderbird,1,rag,314,True,VAPI,True,high,A critical component failed due to overheating.," Example: {   ""is_anomaly"": true,   ""severity"": ""high"",   ""root_cause"": ""A critical component failed due to overheating."",   ""remediation"": ""Replace the faulty component and ensure proper cooling."" }",273.53,131.84,86003
mistral-small,thunderbird,1,rag,315,False,NORMAL,False,low,none," Example: {   ""is_anomaly"": false,   ""severity"": ""low"",   ""root_cause"": ""none"",   ""remediation"": ""none"" }",273.53,131.84,86003
mistral-small,thunderbird,1,rag,316,False,NORMAL,False,low,none," Example: {   ""is_anomaly"": false,   ""severity"": ""low"",   ""root_cause"": ""none"",   ""remediation"": ""none"" }",273.53,131.84,86003
mistral-small,thunderbird,1,rag,317,False,NORMAL,False,low,none," Example: {   ""is_anomaly"": false,   ""severity"": ""low"",   ""root_cause"": ""none"",   ""remediation"": ""none"" }",273.53,131.84,86003
mistral-small,thunderbird,1,rag,318,False,NORMAL,True,medium,Out of memory error during IPS initialization.," Example: {   ""is_anomaly"": true,   ""severity"": ""medium"",   ""root_cause"": ""Out of memory error during IPS initialization."",   ""remediation"": ""Increase system memory or optimize memory usage."" }",273.53,131.84,86003
mistral-small,thunderbird,1,rag,319,False,NORMAL,True,medium,The server ran out of memory while trying to start the network service.," Example: {   ""is_anomaly"": true,   ""severity"": ""medium"",   ""root_cause"": ""The server ran out of memory while trying to start the network service."",   ""remediation"": ""Increase the server's memory allocation."" }",273.53,131.84,86003
mistral-small,thunderbird,1,rag,320,False,NORMAL,False,low,none," Example: {   ""is_anomaly"": false,   ""severity"": ""low"",   ""root_cause"": ""none"",   ""remediation"": ""none"" }",273.53,131.84,86003
mistral-small,thunderbird,1,rag,321,True,VAPI,True,high,The server ran out of memory.," Example: {   ""is_anomaly"": true,   ""severity"": ""high"",   ""root_cause"": ""The server ran out of memory."",   ""remediation"": ""Restart the server to free up memory."" }",273.53,131.84,86003
mistral-small,thunderbird,1,rag,322,False,NORMAL,False,low,none," Example: {   ""is_anomaly"": false,   ""severity"": ""low"",   ""root_cause"": ""none"",   ""remediation"": ""none"" }",273.53,131.84,86003
mistral-small,thunderbird,1,rag,323,True,VAPI,True,medium,InfiniHost0 encountered a local catastrophic error.," Example: {   ""is_anomaly"": true,   ""severity"": ""medium"",   ""root_cause"": ""InfiniHost0 encountered a local catastrophic error."",   ""remediation"": ""Restart the InfiniHost0 service to resolve the issue."" }",273.53,131.84,86003
mistral-small,thunderbird,1,rag,324,False,NORMAL,False,low,none," Example: {   ""is_anomaly"": false,   ""severity"": ""low"",   ""root_cause"": ""none"",   ""remediation"": ""none"" }",273.53,131.84,86003
mistral-small,thunderbird,1,rag,325,True,VAPI,True,medium,A network configuration error caused a drop in connectivity.," Example: {   ""is_anomaly"": true,   ""severity"": ""medium"",   ""root_cause"": ""A network configuration error caused a drop in connectivity."",   ""remediation"": ""Check and correct the network configuration settings."" }",273.53,131.84,86003
mistral-small,thunderbird,1,rag,326,True,VAPI,True,medium,The server ran out of disk space.," Example: {   ""is_anomaly"": true,   ""severity"": ""medium"",   ""root_cause"": ""The server ran out of disk space."",   ""remediation"": ""Clear some space on the disk."" }",273.53,131.84,86003
mistral-small,thunderbird,1,rag,327,False,NORMAL,False,low,none," Example: {   ""is_anomaly"": false,   ""severity"": ""low"",   ""root_cause"": ""none"",   ""remediation"": ""none"" }",273.53,131.84,86003
mistral-small,thunderbird,1,rag,328,False,NORMAL,True,medium,Too many open files in system," Example: {   ""is_anomaly"": true,   ""severity"": ""medium"",   ""root_cause"": ""Too many open files in system"",   ""remediation"": ""Increase the system's open file limit"" }",273.53,131.84,86003
mistral-small,thunderbird,1,rag,329,False,NORMAL,False,low,none," Example: {   ""is_anomaly"": false,   ""severity"": ""low"",   ""root_cause"": ""none"",   ""remediation"": ""none"" }",273.53,131.84,86003
mistral-small,thunderbird,1,rag,330,True,VAPI,True,medium,Device entered a FATAL state due to a local catastrophic error.," Example: {   ""is_anomaly"": true,   ""severity"": ""medium"",   ""root_cause"": ""Device entered a FATAL state due to a local catastrophic error."",   ""remediation"": ""Restart the InfiniHost0 device to recover from the FATAL state."" }",273.53,131.84,86003
mistral-small,thunderbird,1,rag,331,False,NORMAL,False,low,none," Example: {   ""is_anomaly"": false,   ""severity"": ""low"",   ""root_cause"": ""none"",   ""remediation"": ""none"" }",273.53,131.84,86003
mistral-small,thunderbird,1,rag,332,True,VAPI,True,medium,The server ran out of disk space.," Example: {   ""is_anomaly"": true,   ""severity"": ""medium"",   ""root_cause"": ""The server ran out of disk space."",   ""remediation"": ""Free up some disk space by deleting unnecessary files."" }",273.53,131.84,86003
mistral-small,thunderbird,1,rag,333,False,NORMAL,False,low,none," Example: {   ""is_anomaly"": false,   ""severity"": ""low"",   ""root_cause"": ""none"",   ""remediation"": ""none"" }",273.53,131.84,86003
mistral-small,thunderbird,1,rag,334,True,VAPI,True,medium,InfiniHost0 experienced a local catastrophic error.," Example: {   ""is_anomaly"": true,   ""severity"": ""medium"",   ""root_cause"": ""InfiniHost0 experienced a local catastrophic error."",   ""remediation"": ""Check the InfiniHost0 logs for more details."" }",273.53,131.84,86003
mistral-small,thunderbird,1,rag,335,False,NORMAL,False,low,none," Example: {   ""is_anomaly"": false,   ""severity"": ""low"",   ""root_cause"": ""none"",   ""remediation"": ""none"" }",273.53,131.84,86003
mistral-small,thunderbird,1,rag,336,False,NORMAL,True,medium,Disk space is low.," Example: {   ""is_anomaly"": true,   ""severity"": ""medium"",   ""root_cause"": ""Disk space is low."",   ""remediation"": ""Clear some disk space."" }",273.53,131.84,86003
mistral-small,thunderbird,1,rag,337,True,VAPI,True,medium,A network configuration issue caused a port to be in INIT state.," Example: {   ""is_anomaly"": true,   ""severity"": ""medium"",   ""root_cause"": ""A network configuration issue caused a port to be in INIT state."",   ""remediation"": ""Check the network configuration and ensure all ports are properly initialized."" }",273.53,131.84,86003
mistral-small,thunderbird,1,rag,338,False,NORMAL,False,low,none," Example: {   ""is_anomaly"": false,   ""severity"": ""low"",   ""root_cause"": ""none"",   ""remediation"": ""none"" }",273.53,131.84,86003
mistral-small,thunderbird,1,rag,339,True,VAPI,True,high,The device entered a FATAL state due to a local catastrophic error.," Example: {   ""is_anomaly"": true,   ""severity"": ""high"",   ""root_cause"": ""The device entered a FATAL state due to a local catastrophic error."",   ""remediation"": ""Restart the InfiniHost0 device to recover from the FATAL state."" }",273.53,131.84,86003
mistral-small,thunderbird,1,rag,340,False,NORMAL,False,low,none," Example: {   ""is_anomaly"": false,   ""severity"": ""low"",   ""root_cause"": ""none"",   ""remediation"": ""none"" }",273.53,131.84,86003
mistral-small,thunderbird,1,rag,341,False,NORMAL,False,low,none," Example: {   ""is_anomaly"": false,   ""severity"": ""low"",   ""root_cause"": ""none"",   ""remediation"": ""none"" }",273.53,131.84,86003
mistral-small,thunderbird,1,rag,342,True,VAPI,True,medium,The server ran out of disk space.," Example: {   ""is_anomaly"": true,   ""severity"": ""medium"",   ""root_cause"": ""The server ran out of disk space."",   ""remediation"": ""Clear some space on the disk."" }",273.53,131.84,86003
mistral-small,thunderbird,1,rag,343,True,VAPI,True,high,The server ran out of memory.," Example: {   ""is_anomaly"": true,   ""severity"": ""high"",   ""root_cause"": ""The server ran out of memory."",   ""remediation"": ""Restart the server to free up memory."" }",273.53,131.84,86003
mistral-small,thunderbird,1,rag,344,True,VAPI,True,medium,A network configuration error caused a drop in connectivity.," Example: {   ""is_anomaly"": true,   ""severity"": ""medium"",   ""root_cause"": ""A network configuration error caused a drop in connectivity."",   ""remediation"": ""Check and correct the network configuration settings."" }",273.53,131.84,86003
mistral-small,thunderbird,1,rag,345,True,VAPI,True,high,The server ran out of memory.," Example: {   ""is_anomaly"": true,   ""severity"": ""high"",   ""root_cause"": ""The server ran out of memory."",   ""remediation"": ""Restart the server to free up memory."" }",273.53,131.84,86003
mistral-small,thunderbird,1,rag,346,True,VAPI,True,medium,A network configuration issue caused some ports to be in INIT state.," Example: {   ""is_anomaly"": true,   ""severity"": ""medium"",   ""root_cause"": ""A network configuration issue caused some ports to be in INIT state."",   ""remediation"": ""Check the network configuration and ensure all ports are properly initialized."" }",273.53,131.84,86003
mistral-small,thunderbird,1,rag,347,False,NORMAL,False,low,none," Example: {   ""is_anomaly"": false,   ""severity"": ""low"",   ""root_cause"": ""none"",   ""remediation"": ""none"" }",273.53,131.84,86003
mistral-small,thunderbird,1,rag,348,True,VAPI,True,medium,A network configuration error caused a disruption in service.," Example: {   ""is_anomaly"": true,   ""severity"": ""medium"",   ""root_cause"": ""A network configuration error caused a disruption in service."",   ""remediation"": ""Check and correct the network configuration settings."" }",273.53,131.84,86003
mistral-small,thunderbird,1,rag,349,True,VAPI,True,medium,The server ran out of disk space.," Example: {   ""is_anomaly"": true,   ""severity"": ""medium"",   ""root_cause"": ""The server ran out of disk space."",   ""remediation"": ""Clear some space on the disk."" }",273.53,131.84,86003
mistral-small,thunderbird,1,rag,350,True,VAPI,True,high,A critical hardware failure occurred.," Example: {   ""is_anomaly"": true,   ""severity"": ""high"",   ""root_cause"": ""A critical hardware failure occurred."",   ""remediation"": ""Replace the failed hardware component."" }",273.53,131.84,86003
mistral-small,thunderbird,1,rag,351,False,NORMAL,False,low,none," Example: {   ""is_anomaly"": false,   ""severity"": ""low"",   ""root_cause"": ""none"",   ""remediation"": ""none"" }",273.53,131.84,86003
mistral-small,thunderbird,1,rag,352,True,VAPI,True,high,The device entered a FATAL state due to a local catastrophic error.," Example: {   ""is_anomaly"": true,   ""severity"": ""high"",   ""root_cause"": ""The device entered a FATAL state due to a local catastrophic error."",   ""remediation"": ""Restart the InfiniHost0 device to recover from the FATAL state."" }",273.53,131.84,86003
mistral-small,thunderbird,1,rag,353,False,NORMAL,False,low,none," Example: {   ""is_anomaly"": false,   ""severity"": ""low"",   ""root_cause"": ""none"",   ""remediation"": ""none"" }",273.53,131.84,86003
mistral-small,thunderbird,1,rag,354,False,NORMAL,False,low,none," Example: {   ""is_anomaly"": false,   ""severity"": ""low"",   ""root_cause"": ""none"",   ""remediation"": ""none"" }",273.53,131.84,86003
mistral-small,thunderbird,1,rag,355,False,NORMAL,False,low,none," Example: {   ""is_anomaly"": false,   ""severity"": ""low"",   ""root_cause"": ""none"",   ""remediation"": ""none"" }",273.53,131.84,86003
mistral-small,thunderbird,1,rag,356,True,VAPI,True,medium,A network configuration error caused a loss of connectivity.," Example: {   ""is_anomaly"": true,   ""severity"": ""medium"",   ""root_cause"": ""A network configuration error caused a loss of connectivity."",   ""remediation"": ""Check and correct the network configuration settings."" }",273.53,131.84,86003
mistral-small,thunderbird,1,rag,357,False,NORMAL,True,medium,Disk space is full.," Example: {   ""is_anomaly"": true,   ""severity"": ""medium"",   ""root_cause"": ""Disk space is full."",   ""remediation"": ""Free up some disk space."" }",273.53,131.84,86003
mistral-small,thunderbird,1,rag,358,False,NORMAL,True,medium,Out of memory error during initialization of IPS.," Example: {   ""is_anomaly"": true,   ""severity"": ""medium"",   ""root_cause"": ""Out of memory error during initialization of IPS."",   ""remediation"": ""Increase system memory or optimize memory usage."" }",273.53,131.84,86003
mistral-small,thunderbird,1,rag,359,True,VAPI,True,medium,A network configuration error caused a drop in connectivity.," Example: {   ""is_anomaly"": true,   ""severity"": ""medium"",   ""root_cause"": ""A network configuration error caused a drop in connectivity."",   ""remediation"": ""Check and correct the network configuration settings."" }",273.53,131.84,86003
mistral-small,thunderbird,1,rag,360,True,VAPI,True,medium,The system encountered a fatal error in processing local MAD.," Example: {   ""is_anomaly"": true,   ""severity"": ""medium"",   ""root_cause"": ""The system encountered a fatal error in processing local MAD."",   ""remediation"": ""Check the InfiniBand subsystem for hardware or configuration issues."" }",273.53,131.84,86003
mistral-small,thunderbird,1,rag,361,False,NORMAL,False,low,none," Example: {   ""is_anomaly"": false,   ""severity"": ""low"",   ""root_cause"": ""none"",   ""remediation"": ""none"" }",273.53,131.84,86003
mistral-small,thunderbird,1,rag,362,True,VAPI,True,medium,The system failed to process a local MAD due to a catastrophic error.," Example: {   ""is_anomaly"": true,   ""severity"": ""medium"",   ""root_cause"": ""The system failed to process a local MAD due to a catastrophic error."",   ""remediation"": ""Investigate the error code -254 and check the datasources for connectivity issues."" }",273.53,131.84,86003
mistral-small,thunderbird,1,rag,363,False,NORMAL,True,medium,Too many open files in system," Example: {   ""is_anomaly"": true,   ""severity"": ""medium"",   ""root_cause"": ""Too many open files in system"",   ""remediation"": ""Increase the system's open file limit"" }",273.53,131.84,86003
mistral-small,thunderbird,1,rag,364,True,VAPI,True,medium,A network configuration issue caused some ports to be in INIT state.," Example: {   ""is_anomaly"": true,   ""severity"": ""medium"",   ""root_cause"": ""A network configuration issue caused some ports to be in INIT state."",   ""remediation"": ""Check and correct the network configuration to resolve the issue."" }",273.53,131.84,86003
mistral-small,thunderbird,1,rag,365,True,VAPI,True,medium,A network configuration error caused a disruption in service.," Example: {   ""is_anomaly"": true,   ""severity"": ""medium"",   ""root_cause"": ""A network configuration error caused a disruption in service."",   ""remediation"": ""Check and correct the network configuration settings."" }",273.53,131.84,86003
mistral-small,thunderbird,1,rag,366,True,VAPI,True,high,The server ran out of memory.," Example: {   ""is_anomaly"": true,   ""severity"": ""high"",   ""root_cause"": ""The server ran out of memory."",   ""remediation"": ""Restart the server to free up memory."" }",273.53,131.84,86003
mistral-small,thunderbird,1,rag,367,True,VAPI,True,high,Device entered a FATAL state due to a local catastrophic error.," Example: {   ""is_anomaly"": true,   ""severity"": ""high"",   ""root_cause"": ""Device entered a FATAL state due to a local catastrophic error."",   ""remediation"": ""Restart the InfiniHost0 device to recover from the FATAL state."" }",273.53,131.84,86003
mistral-small,thunderbird,1,rag,368,True,VAPI,True,high,Device entered a FATAL state due to a local catastrophic error.," Example: {   ""is_anomaly"": true,   ""severity"": ""high"",   ""root_cause"": ""Device entered a FATAL state due to a local catastrophic error."",   ""remediation"": ""Restart the InfiniHost0 device to recover from the FATAL state."" }",273.53,131.84,86003
mistral-small,thunderbird,1,rag,369,False,NORMAL,False,low,none," Example: {   ""is_anomaly"": false,   ""severity"": ""low"",   ""root_cause"": ""none"",   ""remediation"": ""none"" }",273.53,131.84,86003
mistral-small,thunderbird,1,rag,370,True,VAPI,True,high,The server ran out of memory.," Example: {   ""is_anomaly"": true,   ""severity"": ""high"",   ""root_cause"": ""The server ran out of memory."",   ""remediation"": ""Restart the server to free up memory."" }",273.53,131.84,86003
mistral-small,thunderbird,1,rag,371,False,NORMAL,True,medium,The temperature sensor in the main system chassis detected a warning value.," Example: {   ""is_anomaly"": true,   ""severity"": ""medium"",   ""root_cause"": ""The temperature sensor in the main system chassis detected a warning value."",   ""remediation"": ""Check the cooling system in the main system chassis."" }",273.53,131.84,86003
mistral-small,thunderbird,1,rag,372,False,NORMAL,False,low,none," Example: {   ""is_anomaly"": false,   ""severity"": ""low"",   ""root_cause"": ""none"",   ""remediation"": ""none"" }",273.53,131.84,86003
mistral-small,thunderbird,1,rag,373,False,NORMAL,False,low,none," Example: {   ""is_anomaly"": false,   ""severity"": ""low"",   ""root_cause"": ""none"",   ""remediation"": ""none"" }",273.53,131.84,86003
mistral-small,thunderbird,1,rag,374,True,VAPI,True,medium,The server ran out of disk space.," Example: {   ""is_anomaly"": true,   ""severity"": ""medium"",   ""root_cause"": ""The server ran out of disk space."",   ""remediation"": ""Clear some space on the disk."" }",273.53,131.84,86003
mistral-small,thunderbird,1,rag,375,True,VAPI,True,medium,A network configuration error caused a connectivity issue.," Example: {   ""is_anomaly"": true,   ""severity"": ""medium"",   ""root_cause"": ""A network configuration error caused a connectivity issue."",   ""remediation"": ""Check and correct the network configuration settings."" }",273.53,131.84,86003
mistral-small,thunderbird,1,rag,376,False,NORMAL,False,low,none," Example: {   ""is_anomaly"": false,   ""severity"": ""low"",   ""root_cause"": ""none"",   ""remediation"": ""none"" }",273.53,131.84,86003
mistral-small,thunderbird,1,rag,377,False,NORMAL,False,low,none," Example: {   ""is_anomaly"": false,   ""severity"": ""low"",   ""root_cause"": ""none"",   ""remediation"": ""none"" }",273.53,131.84,86003
mistral-small,thunderbird,1,rag,378,True,VAPI,True,high,A critical component failed due to overheating.," Example: {   ""is_anomaly"": true,   ""severity"": ""high"",   ""root_cause"": ""A critical component failed due to overheating."",   ""remediation"": ""Replace the faulty component and ensure proper cooling."" }",273.53,131.84,86003
mistral-small,thunderbird,1,rag,379,True,VAPI,True,high,Device entered a FATAL state due to a local catastrophic error.," Example: {   ""is_anomaly"": true,   ""severity"": ""high"",   ""root_cause"": ""Device entered a FATAL state due to a local catastrophic error."",   ""remediation"": ""Restart the InfiniHost0 device to recover from the FATAL state."" }",273.53,131.84,86003
mistral-small,thunderbird,1,rag,380,True,VAPI,True,medium,A network configuration error caused a disruption in data flow.," Example: {   ""is_anomaly"": true,   ""severity"": ""medium"",   ""root_cause"": ""A network configuration error caused a disruption in data flow."",   ""remediation"": ""Check and correct the network configuration settings."" }",273.53,131.84,86003
mistral-small,thunderbird,1,rag,381,False,NORMAL,True,medium,Out of memory error while initializing IPS.," Example: {   ""is_anomaly"": true,   ""severity"": ""medium"",   ""root_cause"": ""Out of memory error while initializing IPS."",   ""remediation"": ""Increase system memory or optimize memory usage."" }",273.53,131.84,86003
mistral-small,thunderbird,1,rag,382,False,NORMAL,False,low,none," Example: {   ""is_anomaly"": false,   ""severity"": ""low"",   ""root_cause"": ""none"",   ""remediation"": ""none"" }",273.53,131.84,86003
mistral-small,thunderbird,1,rag,383,False,NORMAL,True,medium,Disk space is full.," Example: {   ""is_anomaly"": true,   ""severity"": ""medium"",   ""root_cause"": ""Disk space is full."",   ""remediation"": ""Free up some disk space."" }",273.53,131.84,86003
mistral-small,thunderbird,1,rag,384,True,VAPI,True,medium,The server ran out of disk space.," Example: {   ""is_anomaly"": true,   ""severity"": ""medium"",   ""root_cause"": ""The server ran out of disk space."",   ""remediation"": ""Clear some space on the disk."" }",273.53,131.84,86003
mistral-small,thunderbird,1,rag,385,False,NORMAL,True,medium,A critical service failed to start.," Example: {   ""is_anomaly"": true,   ""severity"": ""medium"",   ""root_cause"": ""A critical service failed to start."",   ""remediation"": ""Restart the failed service."" }",273.53,131.84,86003
mistral-small,thunderbird,1,rag,386,False,NORMAL,False,low,none," Example: {   ""is_anomaly"": false,   ""severity"": ""low"",   ""root_cause"": ""none"",   ""remediation"": ""none"" }",273.53,131.84,86003
mistral-small,thunderbird,1,rag,387,True,VAPI,True,high,Device entered a FATAL state due to a local catastrophic error.," Example: {   ""is_anomaly"": true,   ""severity"": ""high"",   ""root_cause"": ""Device entered a FATAL state due to a local catastrophic error."",   ""remediation"": ""Restart the InfiniHost0 device to recover from the FATAL state."" }",273.53,131.84,86003
mistral-small,thunderbird,1,rag,388,True,VAPI,True,high,A critical component failed due to overheating.," Example: {   ""is_anomaly"": true,   ""severity"": ""high"",   ""root_cause"": ""A critical component failed due to overheating."",   ""remediation"": ""Replace the faulty component and ensure proper cooling."" }",273.53,131.84,86003
mistral-small,thunderbird,1,rag,389,False,NORMAL,False,low,none," Example: {   ""is_anomaly"": false,   ""severity"": ""low"",   ""root_cause"": ""none"",   ""remediation"": ""none"" }",273.53,131.84,86003
mistral-small,thunderbird,1,rag,390,True,VAPI,True,medium,InfiniHost0 encountered a local catastrophic error.," Example: {   ""is_anomaly"": true,   ""severity"": ""medium"",   ""root_cause"": ""InfiniHost0 encountered a local catastrophic error."",   ""remediation"": ""Restart the InfiniHost0 service to resolve the issue."" }",273.53,131.84,86003
mistral-small,thunderbird,1,rag,391,True,VAPI,True,medium,A network configuration error caused a connectivity issue.," Example: {   ""is_anomaly"": true,   ""severity"": ""medium"",   ""root_cause"": ""A network configuration error caused a connectivity issue."",   ""remediation"": ""Check and correct the network configuration settings."" }",273.53,131.84,86003
mistral-small,thunderbird,1,rag,392,False,NORMAL,False,low,none," Example: {   ""is_anomaly"": false,   ""severity"": ""low"",   ""root_cause"": ""none"",   ""remediation"": ""none"" }",273.53,131.84,86003
mistral-small,thunderbird,1,rag,393,True,VAPI,True,high,The server ran out of memory.," Example: {   ""is_anomaly"": true,   ""severity"": ""high"",   ""root_cause"": ""The server ran out of memory."",   ""remediation"": ""Restart the server to free up memory."" }",273.53,131.84,86003
mistral-small,thunderbird,1,rag,394,True,VAPI,True,medium,The system encountered a fatal error in processing local MAD.," Example: {   ""is_anomaly"": true,   ""severity"": ""medium"",   ""root_cause"": ""The system encountered a fatal error in processing local MAD."",   ""remediation"": ""Investigate the cause of the fatal error and restart the affected services."" }",273.53,131.84,86003
mistral-small,thunderbird,1,rag,395,False,NORMAL,False,low,none," Example: {   ""is_anomaly"": false,   ""severity"": ""low"",   ""root_cause"": ""none"",   ""remediation"": ""none"" }",273.53,131.84,86003
mistral-small,thunderbird,1,rag,396,True,VAPI,True,medium,A network configuration error caused a drop in connectivity.," Example: {   ""is_anomaly"": true,   ""severity"": ""medium"",   ""root_cause"": ""A network configuration error caused a drop in connectivity."",   ""remediation"": ""Check and correct the network configuration settings."" }",273.53,131.84,86003
mistral-small,thunderbird,1,rag,397,True,VAPI,True,medium,The server ran out of memory.," Example: {   ""is_anomaly"": true,   ""severity"": ""medium"",   ""root_cause"": ""The server ran out of memory."",   ""remediation"": ""Increase the server's memory allocation."" }",273.53,131.84,86003
mistral-small,thunderbird,1,rag,398,False,NORMAL,False,low,none," Example: {   ""is_anomaly"": false,   ""severity"": ""low"",   ""root_cause"": ""none"",   ""remediation"": ""none"" }",273.53,131.84,86003
mistral-small,thunderbird,1,rag,399,False,NORMAL,True,medium,Disk space is running low.," Example: {   ""is_anomaly"": true,   ""severity"": ""medium"",   ""root_cause"": ""Disk space is running low."",   ""remediation"": ""Clear some disk space."" }",273.53,131.84,86003
mistral-small,thunderbird,1,rag,400,True,VAPI,True,high,Device entered a FATAL state due to a local catastrophic error.," Example: {   ""is_anomaly"": true,   ""severity"": ""high"",   ""root_cause"": ""Device entered a FATAL state due to a local catastrophic error."",   ""remediation"": ""Restart the InfiniHost0 device to recover from the FATAL state."" }",273.53,131.84,86003
mistral-small,thunderbird,1,rag,401,False,NORMAL,False,low,none," Example: {   ""is_anomaly"": false,   ""severity"": ""low"",   ""root_cause"": ""none"",   ""remediation"": ""none"" }",273.53,131.84,86003
mistral-small,thunderbird,1,rag,402,True,VAPI,True,medium,The server experienced a high load due to a sudden increase in traffic.," Example: {   ""is_anomaly"": true,   ""severity"": ""medium"",   ""root_cause"": ""The server experienced a high load due to a sudden increase in traffic."",   ""remediation"": ""Increase server capacity to handle the increased traffic."" }",273.53,131.84,86003
mistral-small,thunderbird,1,rag,403,True,VAPI,True,medium,The server ran out of disk space.," Example: {   ""is_anomaly"": true,   ""severity"": ""medium"",   ""root_cause"": ""The server ran out of disk space."",   ""remediation"": ""Clear some space on the disk."" }",273.53,131.84,86003
mistral-small,thunderbird,1,rag,404,False,NORMAL,False,low,none," Example: {   ""is_anomaly"": false,   ""severity"": ""low"",   ""root_cause"": ""none"",   ""remediation"": ""none"" }",273.53,131.84,86003
mistral-small,thunderbird,1,rag,405,True,VAPI,True,high,The server ran out of memory.," Example: {   ""is_anomaly"": true,   ""severity"": ""high"",   ""root_cause"": ""The server ran out of memory."",   ""remediation"": ""Restart the server to free up memory."" }",273.53,131.84,86003
mistral-small,thunderbird,1,rag,406,True,VAPI,True,high,The device entered a FATAL state due to a local catastrophic error.," Example: {   ""is_anomaly"": true,   ""severity"": ""high"",   ""root_cause"": ""The device entered a FATAL state due to a local catastrophic error."",   ""remediation"": ""Restart the InfiniHost0 device to recover from the FATAL state."" }",273.53,131.84,86003
mistral-small,thunderbird,1,rag,407,True,VAPI,True,high,A critical service failed due to insufficient resources.," Example: {   ""is_anomaly"": true,   ""severity"": ""high"",   ""root_cause"": ""A critical service failed due to insufficient resources."",   ""remediation"": ""Increase the resource allocation for the critical service."" }",273.53,131.84,86003
mistral-small,thunderbird,1,rag,408,False,NORMAL,False,low,none," Example: {   ""is_anomaly"": false,   ""severity"": ""low"",   ""root_cause"": ""none"",   ""remediation"": ""none"" }",273.53,131.84,86003
mistral-small,thunderbird,1,rag,409,False,NORMAL,False,low,none," Example: {   ""is_anomaly"": false,   ""severity"": ""low"",   ""root_cause"": ""none"",   ""remediation"": ""none"" }",273.53,131.84,86003
mistral-small,thunderbird,1,rag,410,False,NORMAL,False,low,none," Example: {   ""is_anomaly"": false,   ""severity"": ""low"",   ""root_cause"": ""none"",   ""remediation"": ""none"" }",273.53,131.84,86003
mistral-small,thunderbird,1,rag,411,False,NORMAL,False,low,none," Example: {   ""is_anomaly"": false,   ""severity"": ""low"",   ""root_cause"": ""none"",   ""remediation"": ""none"" }",273.53,131.84,86003
mistral-small,thunderbird,1,rag,412,True,VAPI,True,medium,The system encountered a fatal error in processing local MAD.," Example: {   ""is_anomaly"": true,   ""severity"": ""medium"",   ""root_cause"": ""The system encountered a fatal error in processing local MAD."",   ""remediation"": ""Investigate the cause of the EVAPI_process_local_mad failure."" }",273.53,131.84,86003
mistral-small,thunderbird,1,rag,413,False,NORMAL,False,low,none," Example: {   ""is_anomaly"": false,   ""severity"": ""low"",   ""root_cause"": ""none"",   ""remediation"": ""none"" }",273.53,131.84,86003
mistral-small,thunderbird,1,rag,414,False,NORMAL,False,low,none," Example: {   ""is_anomaly"": false,   ""severity"": ""low"",   ""root_cause"": ""none"",   ""remediation"": ""none"" }",273.53,131.84,86003
mistral-small,thunderbird,1,rag,415,True,VAPI,True,high,The server ran out of memory.," Example: {   ""is_anomaly"": true,   ""severity"": ""high"",   ""root_cause"": ""The server ran out of memory."",   ""remediation"": ""Restart the server to free up memory."" }",273.53,131.84,86003
mistral-small,thunderbird,1,rag,416,False,NORMAL,False,low,none," Example: {   ""is_anomaly"": false,   ""severity"": ""low"",   ""root_cause"": ""none"",   ""remediation"": ""none"" }",273.53,131.84,86003
mistral-small,thunderbird,1,rag,417,True,VAPI,True,medium,The server ran out of disk space.," Example: {   ""is_anomaly"": true,   ""severity"": ""medium"",   ""root_cause"": ""The server ran out of disk space."",   ""remediation"": ""Free up some disk space by deleting unnecessary files."" }",273.53,131.84,86003
mistral-small,thunderbird,1,rag,418,False,NORMAL,False,low,none," Example: {   ""is_anomaly"": false,   ""severity"": ""low"",   ""root_cause"": ""none"",   ""remediation"": ""none"" }",273.53,131.84,86003
mistral-small,thunderbird,1,rag,419,False,NORMAL,False,low,none," Example: {   ""is_anomaly"": false,   ""severity"": ""low"",   ""root_cause"": ""none"",   ""remediation"": ""none"" }",273.53,131.84,86003
mistral-small,thunderbird,1,rag,420,True,VAPI,True,medium,A network configuration error caused a drop in connectivity.," Example: {   ""is_anomaly"": true,   ""severity"": ""medium"",   ""root_cause"": ""A network configuration error caused a drop in connectivity."",   ""remediation"": ""Check and correct the network configuration settings."" }",273.53,131.84,86003
mistral-small,thunderbird,1,rag,421,False,NORMAL,True,medium,Kernel terminated due to reason 1004.," Example: {   ""is_anomaly"": true,   ""severity"": ""medium"",   ""root_cause"": ""Kernel terminated due to reason 1004."",   ""remediation"": ""Investigate the reason code 1004 for kernel termination."" }",273.53,131.84,86003
mistral-small,thunderbird,1,rag,422,False,NORMAL,True,medium,The server ran out of disk space.," Example: {   ""is_anomaly"": true,   ""severity"": ""medium"",   ""root_cause"": ""The server ran out of disk space."",   ""remediation"": ""Clear some space on the disk."" }",273.53,131.84,86003
mistral-small,thunderbird,1,rag,423,False,NORMAL,True,medium,Disk space is low.," Example: {   ""is_anomaly"": true,   ""severity"": ""medium"",   ""root_cause"": ""Disk space is low."",   ""remediation"": ""Clear some space on the disk."" }",273.53,131.84,86003
mistral-small,thunderbird,1,rag,424,False,NORMAL,False,low,none," Example: {   ""is_anomaly"": false,   ""severity"": ""low"",   ""root_cause"": ""none"",   ""remediation"": ""none"" }",273.53,131.84,86003
mistral-small,thunderbird,1,rag,425,True,VAPI,True,high,The device entered a FATAL state due to a local catastrophic error.," Example: {   ""is_anomaly"": true,   ""severity"": ""high"",   ""root_cause"": ""The device entered a FATAL state due to a local catastrophic error."",   ""remediation"": ""Restart the InfiniHost0 device to recover from the FATAL state."" }",273.53,131.84,86003
mistral-small,thunderbird,1,rag,426,True,VAPI,True,medium,A network configuration error caused a connectivity issue.," Example: {   ""is_anomaly"": true,   ""severity"": ""medium"",   ""root_cause"": ""A network configuration error caused a connectivity issue."",   ""remediation"": ""Check and correct the network configuration settings."" }",273.53,131.84,86003
mistral-small,thunderbird,1,rag,427,False,NORMAL,False,low,none," Example: {   ""is_anomaly"": false,   ""severity"": ""low"",   ""root_cause"": ""none"",   ""remediation"": ""none"" }",273.53,131.84,86003
mistral-small,thunderbird,1,rag,428,False,NORMAL,False,low,none," Example: {   ""is_anomaly"": false,   ""severity"": ""low"",   ""root_cause"": ""none"",   ""remediation"": ""none"" }",273.53,131.84,86003
mistral-small,thunderbird,1,rag,429,False,NORMAL,False,low,none," Example: {   ""is_anomaly"": false,   ""severity"": ""low"",   ""root_cause"": ""none"",   ""remediation"": ""none"" }",273.53,131.84,86003
mistral-small,thunderbird,1,rag,430,False,NORMAL,True,medium,Device in FATAL state due to unanswered MAD requests.," Example: {   ""is_anomaly"": true,   ""severity"": ""medium"",   ""root_cause"": ""Device in FATAL state due to unanswered MAD requests."",   ""remediation"": ""Restart the device to recover from the FATAL state."" }",273.53,131.84,86003
mistral-small,thunderbird,1,rag,431,False,NORMAL,False,low,none," Example: {   ""is_anomaly"": false,   ""severity"": ""low"",   ""root_cause"": ""none"",   ""remediation"": ""none"" }",273.53,131.84,86003
mistral-small,thunderbird,1,rag,432,True,VAPI,True,medium,InfiniHost0 encountered a local catastrophic error.," Example: {   ""is_anomaly"": true,   ""severity"": ""medium"",   ""root_cause"": ""InfiniHost0 encountered a local catastrophic error."",   ""remediation"": ""Restart the InfiniHost0 service to recover from the error."" }",273.53,131.84,86003
mistral-small,thunderbird,1,rag,433,True,VAPI,True,medium,A network configuration error caused a connectivity issue.," Example: {   ""is_anomaly"": true,   ""severity"": ""medium"",   ""root_cause"": ""A network configuration error caused a connectivity issue."",   ""remediation"": ""Check and correct the network configuration settings."" }",273.53,131.84,86003
mistral-small,thunderbird,1,rag,434,True,VAPI,True,high,The server ran out of memory.," Example: {   ""is_anomaly"": true,   ""severity"": ""high"",   ""root_cause"": ""The server ran out of memory."",   ""remediation"": ""Restart the server to free up memory."" }",273.53,131.84,86003
mistral-small,thunderbird,1,rag,435,True,VAPI,True,high,The device entered a FATAL state due to a local catastrophic error.," Example: {   ""is_anomaly"": true,   ""severity"": ""high"",   ""root_cause"": ""The device entered a FATAL state due to a local catastrophic error."",   ""remediation"": ""Restart the InfiniHost0 device to recover from the FATAL state."" }",273.53,131.84,86003
mistral-small,thunderbird,1,rag,436,False,NORMAL,False,low,none," Example: {   ""is_anomaly"": false,   ""severity"": ""low"",   ""root_cause"": ""none"",   ""remediation"": ""none"" }",273.53,131.84,86003
mistral-small,thunderbird,1,rag,437,False,NORMAL,False,low,none," Example: {   ""is_anomaly"": false,   ""severity"": ""low"",   ""root_cause"": ""none"",   ""remediation"": ""none"" }",273.53,131.84,86003
mistral-small,thunderbird,1,rag,438,False,NORMAL,False,low,none," Example: {   ""is_anomaly"": false,   ""severity"": ""low"",   ""root_cause"": ""none"",   ""remediation"": ""none"" }",273.53,131.84,86003
mistral-small,thunderbird,1,rag,439,False,NORMAL,False,low,none," Example: {   ""is_anomaly"": false,   ""severity"": ""low"",   ""root_cause"": ""none"",   ""remediation"": ""none"" }",273.53,131.84,86003
mistral-small,thunderbird,1,rag,440,True,VAPI,True,medium,The server ran out of disk space.," Example: {   ""is_anomaly"": true,   ""severity"": ""medium"",   ""root_cause"": ""The server ran out of disk space."",   ""remediation"": ""Clear some space on the disk."" }",273.53,131.84,86003
mistral-small,thunderbird,1,rag,441,False,NORMAL,True,medium,Disk space is low.," Example: {   ""is_anomaly"": true,   ""severity"": ""medium"",   ""root_cause"": ""Disk space is low."",   ""remediation"": ""Clear some disk space."" }",273.53,131.84,86003
mistral-small,thunderbird,1,rag,442,True,VAPI,True,high,The system encountered a fatal error due to a local catastrophic event.," Example: {   ""is_anomaly"": true,   ""severity"": ""high"",   ""root_cause"": ""The system encountered a fatal error due to a local catastrophic event."",   ""remediation"": ""Restart the InfiniHost0 service to recover from the error."" }",273.53,131.84,86003
mistral-small,thunderbird,1,rag,443,True,VAPI,True,medium,A network configuration error caused a connectivity issue.," Example: {   ""is_anomaly"": true,   ""severity"": ""medium"",   ""root_cause"": ""A network configuration error caused a connectivity issue."",   ""remediation"": ""Check and correct the network configuration settings."" }",273.53,131.84,86003
mistral-small,thunderbird,1,rag,444,True,VAPI,True,high,The server ran out of memory.," Example: {   ""is_anomaly"": true,   ""severity"": ""high"",   ""root_cause"": ""The server ran out of memory."",   ""remediation"": ""Restart the server to free up memory."" }",273.53,131.84,86003
mistral-small,thunderbird,1,rag,445,True,VAPI,True,medium,The server ran out of disk space.," Example: {   ""is_anomaly"": true,   ""severity"": ""medium"",   ""root_cause"": ""The server ran out of disk space."",   ""remediation"": ""Clear some space on the disk."" }",273.53,131.84,86003
mistral-small,thunderbird,1,rag,446,True,VAPI,True,medium,The server ran out of disk space.," Example: {   ""is_anomaly"": true,   ""severity"": ""medium"",   ""root_cause"": ""The server ran out of disk space."",   ""remediation"": ""Clear some space on the disk."" }",273.53,131.84,86003
mistral-small,thunderbird,1,rag,447,False,NORMAL,False,low,none," Example: {   ""is_anomaly"": false,   ""severity"": ""low"",   ""root_cause"": ""none"",   ""remediation"": ""none"" }",273.53,131.84,86003
mistral-small,thunderbird,1,rag,448,False,NORMAL,False,low,none," Example: {   ""is_anomaly"": false,   ""severity"": ""low"",   ""root_cause"": ""none"",   ""remediation"": ""none"" }",273.53,131.84,86003
mistral-small,thunderbird,1,rag,449,True,VAPI,True,high,The system encountered a fatal error due to a local catastrophic event.," Example: {   ""is_anomaly"": true,   ""severity"": ""high"",   ""root_cause"": ""The system encountered a fatal error due to a local catastrophic event."",   ""remediation"": ""Restart the affected datasources to resolve the issue."" }",273.53,131.84,86003
mistral-small,openstack,1,rag,450,True,ANOMALY,True,medium,High CPU usage caused by a runaway process.," Example: {   ""is_anomaly"": true,   ""severity"": ""medium"",   ""root_cause"": ""High CPU usage caused by a runaway process."",   ""remediation"": ""Terminate the runaway process to free up CPU resources."" }",273.53,131.84,86003
mistral-small,openstack,1,rag,451,True,ANOMALY,True,medium,Insufficient memory resources available for the instance.," Example: {   ""is_anomaly"": true,   ""severity"": ""medium"",   ""root_cause"": ""Insufficient memory resources available for the instance."",   ""remediation"": ""Increase the memory allocation for the instance."" }",273.53,131.84,86003
mistral-small,openstack,1,rag,452,False,NORMAL,False,low,none," Example: {   ""is_anomaly"": false,   ""severity"": ""low"",   ""root_cause"": ""none"",   ""remediation"": ""none"" }",273.53,131.84,86003
mistral-small,openstack,1,rag,453,True,ANOMALY,True,medium,Disk space is low on the server.," Example: {   ""is_anomaly"": true,   ""severity"": ""medium"",   ""root_cause"": ""Disk space is low on the server."",   ""remediation"": ""Clear old logs and temporary files to free up space."" }",273.53,131.84,86003
mistral-small,openstack,1,rag,454,False,NORMAL,True,medium,Disk space is low on the server.," Example: {   ""is_anomaly"": true,   ""severity"": ""medium"",   ""root_cause"": ""Disk space is low on the server."",   ""remediation"": ""Clear some disk space on the server."" }",273.53,131.84,86003
mistral-small,openstack,1,rag,455,False,NORMAL,False,low,none," Example: {   ""is_anomaly"": false,   ""severity"": ""low"",   ""root_cause"": ""none"",   ""remediation"": ""none"" }",273.53,131.84,86003
mistral-small,openstack,1,rag,456,False,NORMAL,True,medium,Disk space on the server is low.," Example: {   ""is_anomaly"": true,   ""severity"": ""medium"",   ""root_cause"": ""Disk space on the server is low."",   ""remediation"": ""Clear old logs and temporary files to free up space."" }",273.53,131.84,86003
mistral-small,openstack,1,rag,457,False,NORMAL,True,medium,Disk space is running low.," Example: {   ""is_anomaly"": true,   ""severity"": ""medium"",   ""root_cause"": ""Disk space is running low."",   ""remediation"": ""Clear old logs to free up space."" }",273.53,131.84,86003
mistral-small,openstack,1,rag,458,False,NORMAL,True,medium,High CPU usage caused by a misconfigured cron job.," Example: {   ""is_anomaly"": true,   ""severity"": ""medium"",   ""root_cause"": ""High CPU usage caused by a misconfigured cron job."",   ""remediation"": ""Adjust the cron job schedule to reduce load."" }",273.53,131.84,86003
mistral-small,openstack,1,rag,459,True,ANOMALY,True,medium,Disk space is low on the server.," Example: {   ""is_anomaly"": true,   ""severity"": ""medium"",   ""root_cause"": ""Disk space is low on the server."",   ""remediation"": ""Clear old logs to free up disk space."" }",273.53,131.84,86003
mistral-small,openstack,1,rag,460,True,ANOMALY,True,medium,Disk usage exceeded the threshold.," Example: {   ""is_anomaly"": true,   ""severity"": ""medium"",   ""root_cause"": ""Disk usage exceeded the threshold."",   ""remediation"": ""Increase disk space or clean up unnecessary files."" }",273.53,131.84,86003
mistral-small,openstack,1,rag,461,False,NORMAL,True,medium,A network timeout occurred due to high traffic.," Example: {   ""is_anomaly"": true,   ""severity"": ""medium"",   ""root_cause"": ""A network timeout occurred due to high traffic."",   ""remediation"": ""Increase network bandwidth to handle the traffic."" }",273.53,131.84,86003
mistral-small,openstack,1,rag,462,True,ANOMALY,True,medium,Resource exhaustion due to unlimited VCPU claims.," Example: {   ""is_anomaly"": true,   ""severity"": ""medium"",   ""root_cause"": ""Resource exhaustion due to unlimited VCPU claims."",   ""remediation"": ""Set a VCPU limit for the instance."" }",273.53,131.84,86003
mistral-small,openstack,1,rag,463,True,ANOMALY,True,medium,Disk usage exceeded the limit.," Example: {   ""is_anomaly"": true,   ""severity"": ""medium"",   ""root_cause"": ""Disk usage exceeded the limit."",   ""remediation"": ""Increase the disk limit for the instance."" }",273.53,131.84,86003
mistral-small,openstack,1,rag,464,True,ANOMALY,True,low,Multiple rapid GET requests from the same IP address.," ---  {   ""is_anomaly"": true,   ""severity"": ""low"",   ""root_cause"": ""Multiple rapid GET requests from the same IP address."",   ""remediation"": ""Implement rate limiting to prevent excessive requests."" }",273.53,131.84,86003
mistral-small,openstack,1,rag,465,False,NORMAL,True,medium,Disk space is low on the server.," Example: {   ""is_anomaly"": true,   ""severity"": ""medium"",   ""root_cause"": ""Disk space is low on the server."",   ""remediation"": ""Clear old logs to free up disk space."" }",273.53,131.84,86003
mistral-small,openstack,1,rag,466,True,ANOMALY,True,medium,Disk usage exceeded the limit.," Example: {   ""is_anomaly"": true,   ""severity"": ""medium"",   ""root_cause"": ""Disk usage exceeded the limit."",   ""remediation"": ""Increase the disk limit for the instance."" }",273.53,131.84,86003
mistral-small,openstack,1,rag,467,True,ANOMALY,True,medium,Disk space is low on the server.," Example: {   ""is_anomaly"": true,   ""severity"": ""medium"",   ""root_cause"": ""Disk space is low on the server."",   ""remediation"": ""Clear old logs to free up disk space."" }",273.53,131.84,86003
mistral-small,openstack,1,rag,468,True,ANOMALY,True,medium,Disk space is low on the server.," Example: {   ""is_anomaly"": true,   ""severity"": ""medium"",   ""root_cause"": ""Disk space is low on the server."",   ""remediation"": ""Clear old logs and temporary files to free up space."" }",273.53,131.84,86003
mistral-small,openstack,1,rag,469,True,ANOMALY,True,medium,Disk space is low on the server.," Example: {   ""is_anomaly"": true,   ""severity"": ""medium"",   ""root_cause"": ""Disk space is low on the server."",   ""remediation"": ""Clear old logs and temporary files to free up space."" }",273.53,131.84,86003
mistral-small,openstack,1,rag,470,False,NORMAL,False,low,none," Example: {   ""is_anomaly"": false,   ""severity"": ""low"",   ""root_cause"": ""none"",   ""remediation"": ""none"" }",273.53,131.84,86003
mistral-small,openstack,1,rag,471,True,ANOMALY,True,medium,Insufficient memory resources available for the instance.," Example: {   ""is_anomaly"": true,   ""severity"": ""medium"",   ""root_cause"": ""Insufficient memory resources available for the instance."",   ""remediation"": ""Increase the memory allocation for the instance."" }",273.53,131.84,86003
mistral-small,openstack,1,rag,472,False,NORMAL,True,medium,A configuration error caused the server to respond with a 404 status code.," Example: {   ""is_anomaly"": true,   ""severity"": ""medium"",   ""root_cause"": ""A configuration error caused the server to respond with a 404 status code."",   ""remediation"": ""Check the server configuration and ensure the endpoint is correctly set up."" }",273.53,131.84,86003
mistral-small,openstack,1,rag,473,True,ANOMALY,True,medium,Disk space is low on the server.," Example: {   ""is_anomaly"": true,   ""severity"": ""medium"",   ""root_cause"": ""Disk space is low on the server."",   ""remediation"": ""Clear old logs to free up disk space."" }",273.53,131.84,86003
mistral-small,openstack,1,rag,474,False,NORMAL,True,medium,Disk space is low on the server.," Example: {   ""is_anomaly"": true,   ""severity"": ""medium"",   ""root_cause"": ""Disk space is low on the server."",   ""remediation"": ""Clear old logs to free up disk space."" }",273.53,131.84,86003
mistral-small,openstack,1,rag,475,True,ANOMALY,True,medium,Disk usage is over 90%.," Example: {   ""is_anomaly"": true,   ""severity"": ""medium"",   ""root_cause"": ""Disk usage is over 90%."",   ""remediation"": ""Clear old logs and temporary files."" }",273.53,131.84,86003
mistral-small,openstack,1,rag,476,True,ANOMALY,False,low,none," Example: {   ""is_anomaly"": false,   ""severity"": ""low"",   ""root_cause"": ""none"",   ""remediation"": ""none"" }",273.53,131.84,86003
mistral-small,openstack,1,rag,477,False,NORMAL,False,low,none," Example: {   ""is_anomaly"": false,   ""severity"": ""low"",   ""root_cause"": ""none"",   ""remediation"": ""none"" }",273.53,131.84,86003
mistral-small,openstack,1,rag,478,False,NORMAL,True,medium,Disk space is low on the server.," Example: {   ""is_anomaly"": true,   ""severity"": ""medium"",   ""root_cause"": ""Disk space is low on the server."",   ""remediation"": ""Clear some disk space on the server."" }",273.53,131.84,86003
mistral-small,openstack,1,rag,479,True,ANOMALY,True,medium,Disk space is low on the server.," Example: {   ""is_anomaly"": true,   ""severity"": ""medium"",   ""root_cause"": ""Disk space is low on the server."",   ""remediation"": ""Clear some disk space on the server."" }",273.53,131.84,86003
mistral-small,openstack,1,rag,480,True,ANOMALY,True,medium,Disk space is running low.," Example: {   ""is_anomaly"": true,   ""severity"": ""medium"",   ""root_cause"": ""Disk space is running low."",   ""remediation"": ""Clear old logs to free up space."" }",273.53,131.84,86003
mistral-small,openstack,1,rag,481,True,ANOMALY,True,medium,Disk space is running low on the server.," Example: {   ""is_anomaly"": true,   ""severity"": ""medium"",   ""root_cause"": ""Disk space is running low on the server."",   ""remediation"": ""Clear old logs and temporary files to free up space."" }",273.53,131.84,86003
mistral-small,openstack,1,rag,482,True,ANOMALY,True,medium,Disk space is low on the server.," Example: {   ""is_anomaly"": true,   ""severity"": ""medium"",   ""root_cause"": ""Disk space is low on the server."",   ""remediation"": ""Clear some disk space on the server."" }",273.53,131.84,86003
mistral-small,openstack,1,rag,483,True,ANOMALY,True,medium,Insufficient memory resources available for instance creation.," Example: {   ""is_anomaly"": true,   ""severity"": ""medium"",   ""root_cause"": ""Insufficient memory resources available for instance creation."",   ""remediation"": ""Increase the memory allocation for the compute node."" }",273.53,131.84,86003
mistral-small,openstack,1,rag,484,True,ANOMALY,True,medium,Disk space is low on the server.," Example: {   ""is_anomaly"": true,   ""severity"": ""medium"",   ""root_cause"": ""Disk space is low on the server."",   ""remediation"": ""Clear some disk space on the server."" }",273.53,131.84,86003
mistral-small,openstack,1,rag,485,False,NORMAL,False,low,none," Example: {   ""is_anomaly"": false,   ""severity"": ""low"",   ""root_cause"": ""none"",   ""remediation"": ""none"" }",273.53,131.84,86003
mistral-small,openstack,1,rag,486,False,NORMAL,True,medium,Disk space is low on the server.," Example: {   ""is_anomaly"": true,   ""severity"": ""medium"",   ""root_cause"": ""Disk space is low on the server."",   ""remediation"": ""Clear old logs to free up disk space."" }",273.53,131.84,86003
mistral-small,openstack,1,rag,487,False,NORMAL,True,medium,Disk space is low on the server.," Example: {   ""is_anomaly"": true,   ""severity"": ""medium"",   ""root_cause"": ""Disk space is low on the server."",   ""remediation"": ""Clear some disk space or add more storage."" }",273.53,131.84,86003
mistral-small,openstack,1,rag,488,False,NORMAL,False,low,none," Example: {   ""is_anomaly"": false,   ""severity"": ""low"",   ""root_cause"": ""none"",   ""remediation"": ""none"" }",273.53,131.84,86003
mistral-small,openstack,1,rag,489,True,ANOMALY,True,medium,Disk space is low on the server.," Example: {   ""is_anomaly"": true,   ""severity"": ""medium"",   ""root_cause"": ""Disk space is low on the server."",   ""remediation"": ""Clear old logs and temporary files to free up space."" }",273.53,131.84,86003
mistral-small,openstack,1,rag,490,False,NORMAL,True,medium,Disk space is low on the server.," Example: {   ""is_anomaly"": true,   ""severity"": ""medium"",   ""root_cause"": ""Disk space is low on the server."",   ""remediation"": ""Clear old logs to free up disk space."" }",273.53,131.84,86003
mistral-small,openstack,1,rag,491,True,ANOMALY,True,medium,High CPU usage caused by a runaway process.," Example: {   ""is_anomaly"": true,   ""severity"": ""medium"",   ""root_cause"": ""High CPU usage caused by a runaway process."",   ""remediation"": ""Terminate the runaway process to free up CPU resources."" }",273.53,131.84,86003
mistral-small,openstack,1,rag,492,True,ANOMALY,True,medium,High CPU usage caused by a misconfigured cron job.," Example: {   ""is_anomaly"": true,   ""severity"": ""medium"",   ""root_cause"": ""High CPU usage caused by a misconfigured cron job."",   ""remediation"": ""Adjust the cron job schedule to reduce CPU load."" }",273.53,131.84,86003
mistral-small,openstack,1,rag,493,True,ANOMALY,True,medium,Disk space is low on the server.," Example: {   ""is_anomaly"": true,   ""severity"": ""medium"",   ""root_cause"": ""Disk space is low on the server."",   ""remediation"": ""Clear old logs and temporary files to free up space."" }",273.53,131.84,86003
mistral-small,openstack,1,rag,494,False,NORMAL,True,medium,Disk space is low on the server.," Example: {   ""is_anomaly"": true,   ""severity"": ""medium"",   ""root_cause"": ""Disk space is low on the server."",   ""remediation"": ""Clear old logs to free up disk space."" }",273.53,131.84,86003
mistral-small,openstack,1,rag,495,False,NORMAL,False,low,none," Example: {   ""is_anomaly"": false,   ""severity"": ""low"",   ""root_cause"": ""none"",   ""remediation"": ""none"" }",273.53,131.84,86003
mistral-small,openstack,1,rag,496,False,NORMAL,False,low,none," Example: {   ""is_anomaly"": false,   ""severity"": ""low"",   ""root_cause"": ""none"",   ""remediation"": ""none"" }",273.53,131.84,86003
mistral-small,openstack,1,rag,497,True,ANOMALY,True,medium,Disk space is low on the server.," Example: {   ""is_anomaly"": true,   ""severity"": ""medium"",   ""root_cause"": ""Disk space is low on the server."",   ""remediation"": ""Clear some disk space on the server."" }",273.53,131.84,86003
mistral-small,openstack,1,rag,498,True,ANOMALY,True,medium,Disk space is low on the server.," Example: {   ""is_anomaly"": true,   ""severity"": ""medium"",   ""root_cause"": ""Disk space is low on the server."",   ""remediation"": ""Clear old logs and temporary files to free up space."" }",273.53,131.84,86003
mistral-small,openstack,1,rag,499,True,ANOMALY,True,medium,Disk space is low on the server.," Example: {   ""is_anomaly"": true,   ""severity"": ""medium"",   ""root_cause"": ""Disk space is low on the server."",   ""remediation"": ""Clear old logs and temporary files to free up space."" }",273.53,131.84,86003
mistral-small,openstack,1,rag,500,True,ANOMALY,True,medium,A server instance was terminated unexpectedly.," Example: {   ""is_anomaly"": true,   ""severity"": ""medium"",   ""root_cause"": ""A server instance was terminated unexpectedly."",   ""remediation"": ""Investigate the termination request and ensure it was authorized."" }",273.53,131.84,86003
mistral-small,openstack,1,rag,501,False,NORMAL,True,medium,Disk usage exceeded the limit.," Example: {   ""is_anomaly"": true,   ""severity"": ""medium"",   ""root_cause"": ""Disk usage exceeded the limit."",   ""remediation"": ""Increase the disk limit for the instance."" }",273.53,131.84,86003
mistral-small,openstack,1,rag,502,False,NORMAL,False,low,none," Example: {   ""is_anomaly"": false,   ""severity"": ""low"",   ""root_cause"": ""none"",   ""remediation"": ""none"" }",273.53,131.84,86003
mistral-small,openstack,1,rag,503,True,ANOMALY,True,medium,A critical service failed to start due to insufficient resources.," Example: {   ""is_anomaly"": true,   ""severity"": ""medium"",   ""root_cause"": ""A critical service failed to start due to insufficient resources."",   ""remediation"": ""Increase the resource allocation for the critical service."" }",273.53,131.84,86003
mistral-small,openstack,1,rag,504,True,ANOMALY,True,medium,Disk space is running low on the server.," Example: {   ""is_anomaly"": true,   ""severity"": ""medium"",   ""root_cause"": ""Disk space is running low on the server."",   ""remediation"": ""Clear some disk space on the server."" }",273.53,131.84,86003
mistral-small,openstack,1,rag,505,True,ANOMALY,True,medium,Disk space is low on the server.," Example: {   ""is_anomaly"": true,   ""severity"": ""medium"",   ""root_cause"": ""Disk space is low on the server."",   ""remediation"": ""Clear some disk space or add more storage."" }",273.53,131.84,86003
mistral-small,openstack,1,rag,506,False,NORMAL,True,medium,The instance has a pending task (spawning).," Example: {   ""is_anomaly"": true,   ""severity"": ""medium"",   ""root_cause"": ""The instance has a pending task (spawning)."",   ""remediation"": ""Check the instance status and resolve any pending tasks."" }",273.53,131.84,86003
mistral-small,openstack,1,rag,507,True,ANOMALY,True,medium,Disk space is low on the server.," Example: {   ""is_anomaly"": true,   ""severity"": ""medium"",   ""root_cause"": ""Disk space is low on the server."",   ""remediation"": ""Clear some disk space on the server."" }",273.53,131.84,86003
mistral-small,openstack,1,rag,508,False,NORMAL,True,medium,Disk space is low on the server.," Example: {   ""is_anomaly"": true,   ""severity"": ""medium"",   ""root_cause"": ""Disk space is low on the server."",   ""remediation"": ""Clear old logs and temporary files to free up space."" }",273.53,131.84,86003
mistral-small,openstack,1,rag,509,True,ANOMALY,True,medium,Disk space is low on the server.," Example: {   ""is_anomaly"": true,   ""severity"": ""medium"",   ""root_cause"": ""Disk space is low on the server."",   ""remediation"": ""Clear some disk space on the server."" }",273.53,131.84,86003
mistral-small,openstack,1,rag,510,True,ANOMALY,True,medium,High CPU usage caused by a runaway process.," Example: {   ""is_anomaly"": true,   ""severity"": ""medium"",   ""root_cause"": ""High CPU usage caused by a runaway process."",   ""remediation"": ""Terminate the runaway process to free up CPU resources."" }",273.53,131.84,86003
mistral-small,openstack,1,rag,511,False,NORMAL,True,medium,Disk space is low on the server.," Example: {   ""is_anomaly"": true,   ""severity"": ""medium"",   ""root_cause"": ""Disk space is low on the server."",   ""remediation"": ""Clear old logs to free up disk space."" }",273.53,131.84,86003
mistral-small,openstack,1,rag,512,False,NORMAL,True,medium,Disk space is low on the server.," Example: {   ""is_anomaly"": true,   ""severity"": ""medium"",   ""root_cause"": ""Disk space is low on the server."",   ""remediation"": ""Clear old logs and temporary files to free up space."" }",273.53,131.84,86003
mistral-small,openstack,1,rag,513,True,ANOMALY,True,medium,Disk space is low on the server.," Example: {   ""is_anomaly"": true,   ""severity"": ""medium"",   ""root_cause"": ""Disk space is low on the server."",   ""remediation"": ""Clear some space on the server."" }",273.53,131.84,86003
mistral-small,openstack,1,rag,514,False,NORMAL,True,medium,Disk space is low on the server.," Example: {   ""is_anomaly"": true,   ""severity"": ""medium"",   ""root_cause"": ""Disk space is low on the server."",   ""remediation"": ""Clear old logs to free up disk space."" }",273.53,131.84,86003
mistral-small,openstack,1,rag,515,True,ANOMALY,True,medium,Disk space is running low.," Example: {   ""is_anomaly"": true,   ""severity"": ""medium"",   ""root_cause"": ""Disk space is running low."",   ""remediation"": ""Clear some disk space."" }",273.53,131.84,86003
mistral-small,openstack,1,rag,516,False,NORMAL,True,medium,High CPU usage caused by a runaway process.," Example: {   ""is_anomaly"": true,   ""severity"": ""medium"",   ""root_cause"": ""High CPU usage caused by a runaway process."",   ""remediation"": ""Terminate the process to free up CPU resources."" }",273.53,131.84,86003
mistral-small,openstack,1,rag,517,True,ANOMALY,True,medium,Disk usage exceeded the limit.," Example: {   ""is_anomaly"": true,   ""severity"": ""medium"",   ""root_cause"": ""Disk usage exceeded the limit."",   ""remediation"": ""Increase the disk limit for the instance."" }",273.53,131.84,86003
mistral-small,openstack,1,rag,518,False,NORMAL,True,medium,Disk space is low on the server.," Example: {   ""is_anomaly"": true,   ""severity"": ""medium"",   ""root_cause"": ""Disk space is low on the server."",   ""remediation"": ""Clear some disk space on the server."" }",273.53,131.84,86003
mistral-small,openstack,1,rag,519,False,NORMAL,True,medium,Disk space is low on the server.," Example: {   ""is_anomaly"": true,   ""severity"": ""medium"",   ""root_cause"": ""Disk space is low on the server."",   ""remediation"": ""Clear old logs and temporary files to free up space."" }",273.53,131.84,86003
mistral-small,openstack,1,rag,520,False,NORMAL,False,low,none," Example: {   ""is_anomaly"": false,   ""severity"": ""low"",   ""root_cause"": ""none"",   ""remediation"": ""none"" }",273.53,131.84,86003
mistral-small,openstack,1,rag,521,False,NORMAL,True,medium,Disk space is low.," Example: {   ""is_anomaly"": true,   ""severity"": ""medium"",   ""root_cause"": ""Disk space is low."",   ""remediation"": ""Clear old logs to free up space."" }",273.53,131.84,86003
mistral-small,openstack,1,rag,522,True,ANOMALY,True,medium,Disk space on the server is low.," Example: {   ""is_anomaly"": true,   ""severity"": ""medium"",   ""root_cause"": ""Disk space on the server is low."",   ""remediation"": ""Clear old logs and temporary files to free up space."" }",273.53,131.84,86003
mistral-small,openstack,1,rag,523,False,NORMAL,True,medium,Disk space is low on the server.," Example: {   ""is_anomaly"": true,   ""severity"": ""medium"",   ""root_cause"": ""Disk space is low on the server."",   ""remediation"": ""Clear old logs to free up disk space."" }",273.53,131.84,86003
mistral-small,openstack,1,rag,524,False,NORMAL,True,medium,Disk space is running low.," Example: {   ""is_anomaly"": true,   ""severity"": ""medium"",   ""root_cause"": ""Disk space is running low."",   ""remediation"": ""Clear some disk space or increase the disk quota."" }",273.53,131.84,86003
mistral-small,openstack,1,rag,525,True,ANOMALY,True,medium,Disk space is running low.," Example: {   ""is_anomaly"": true,   ""severity"": ""medium"",   ""root_cause"": ""Disk space is running low."",   ""remediation"": ""Clear old logs to free up disk space."" }",273.53,131.84,86003
mistral-small,openstack,1,rag,526,False,NORMAL,True,medium,Disk space is low on the server.," Example: {   ""is_anomaly"": true,   ""severity"": ""medium"",   ""root_cause"": ""Disk space is low on the server."",   ""remediation"": ""Clear some disk space on the server."" }",273.53,131.84,86003
mistral-small,openstack,1,rag,527,False,NORMAL,True,medium,Disk space is low on the server.," Example: {   ""is_anomaly"": true,   ""severity"": ""medium"",   ""root_cause"": ""Disk space is low on the server."",   ""remediation"": ""Clear some disk space on the server."" }",273.53,131.84,86003
mistral-small,openstack,1,rag,528,True,ANOMALY,False,low,none," Example: {   ""is_anomaly"": false,   ""severity"": ""low"",   ""root_cause"": ""none"",   ""remediation"": ""none"" }",273.53,131.84,86003
mistral-small,openstack,1,rag,529,True,ANOMALY,True,medium,Disk space is low on the server.," Example: {   ""is_anomaly"": true,   ""severity"": ""medium"",   ""root_cause"": ""Disk space is low on the server."",   ""remediation"": ""Clear old logs and temporary files to free up space."" }",273.53,131.84,86003
mistral-small,openstack,1,rag,530,False,NORMAL,True,medium,Disk space is low on the server.," Example: {   ""is_anomaly"": true,   ""severity"": ""medium"",   ""root_cause"": ""Disk space is low on the server."",   ""remediation"": ""Clear some disk space on the server."" }",273.53,131.84,86003
mistral-small,openstack,1,rag,531,False,NORMAL,True,medium,Disk space is full.," Example: {   ""is_anomaly"": true,   ""severity"": ""medium"",   ""root_cause"": ""Disk space is full."",   ""remediation"": ""Clear some disk space."" }",273.53,131.84,86003
mistral-small,openstack,1,rag,532,True,ANOMALY,True,medium,Disk space is low on the server.," Example: {   ""is_anomaly"": true,   ""severity"": ""medium"",   ""root_cause"": ""Disk space is low on the server."",   ""remediation"": ""Clear old logs and temporary files to free up space."" }",273.53,131.84,86003
mistral-small,openstack,1,rag,533,True,ANOMALY,True,medium,High CPU usage caused by a misconfigured cron job.," Example: {   ""is_anomaly"": true,   ""severity"": ""medium"",   ""root_cause"": ""High CPU usage caused by a misconfigured cron job."",   ""remediation"": ""Adjust the cron job schedule to reduce CPU load."" }",273.53,131.84,86003
mistral-small,openstack,1,rag,534,True,ANOMALY,True,medium,Disk space is low on the server.," Example: {   ""is_anomaly"": true,   ""severity"": ""medium"",   ""root_cause"": ""Disk space is low on the server."",   ""remediation"": ""Clear old logs and temporary files to free up space."" }",273.53,131.84,86003
mistral-small,openstack,1,rag,535,True,ANOMALY,True,medium,A DELETE request was made to terminate an instance.," Example: {   ""is_anomaly"": true,   ""severity"": ""medium"",   ""root_cause"": ""A DELETE request was made to terminate an instance."",   ""remediation"": ""Investigate the reason for the instance termination."" }",273.53,131.84,86003
mistral-small,openstack,1,rag,536,True,ANOMALY,True,medium,Insufficient memory resources available for instance creation.," Example: {   ""is_anomaly"": true,   ""severity"": ""medium"",   ""root_cause"": ""Insufficient memory resources available for instance creation."",   ""remediation"": ""Increase the memory allocation for the compute node."" }",273.53,131.84,86003
mistral-small,openstack,1,rag,537,True,ANOMALY,True,medium,Disk space is low on the server.," Example: {   ""is_anomaly"": true,   ""severity"": ""medium"",   ""root_cause"": ""Disk space is low on the server."",   ""remediation"": ""Clear some disk space on the server."" }",273.53,131.84,86003
mistral-small,openstack,1,rag,538,False,NORMAL,True,medium,Disk space is low.," Example: {   ""is_anomaly"": true,   ""severity"": ""medium"",   ""root_cause"": ""Disk space is low."",   ""remediation"": ""Clear old logs to free up space."" }",273.53,131.84,86003
mistral-small,openstack,1,rag,539,False,NORMAL,True,medium,Disk space is low on the server.," Example: {   ""is_anomaly"": true,   ""severity"": ""medium"",   ""root_cause"": ""Disk space is low on the server."",   ""remediation"": ""Clear some disk space on the server."" }",273.53,131.84,86003
mistral-small,openstack,1,rag,540,True,ANOMALY,True,medium,Disk space is running low on the server.," Example: {   ""is_anomaly"": true,   ""severity"": ""medium"",   ""root_cause"": ""Disk space is running low on the server."",   ""remediation"": ""Clear some space on the server."" }",273.53,131.84,86003
mistral-small,openstack,1,rag,541,False,NORMAL,True,medium,Disk space is running low.," Example: {   ""is_anomaly"": true,   ""severity"": ""medium"",   ""root_cause"": ""Disk space is running low."",   ""remediation"": ""Clear old logs to free up space."" }",273.53,131.84,86003
mistral-small,openstack,1,rag,542,False,NORMAL,True,medium,Disk space is low on the server.," Example: {   ""is_anomaly"": true,   ""severity"": ""medium"",   ""root_cause"": ""Disk space is low on the server."",   ""remediation"": ""Clear old logs to free up disk space."" }",273.53,131.84,86003
mistral-small,openstack,1,rag,543,True,ANOMALY,False,low,none," Example: {   ""is_anomaly"": false,   ""severity"": ""low"",   ""root_cause"": ""none"",   ""remediation"": ""none"" }",273.53,131.84,86003
mistral-small,openstack,1,rag,544,False,NORMAL,True,medium,Insufficient memory resources available for instance creation.," Example: {   ""is_anomaly"": true,   ""severity"": ""medium"",   ""root_cause"": ""Insufficient memory resources available for instance creation."",   ""remediation"": ""Increase the memory allocation for the compute node."" }",273.53,131.84,86003
mistral-small,openstack,1,rag,545,False,NORMAL,True,medium,Disk space is running low on the server.," Example: {   ""is_anomaly"": true,   ""severity"": ""medium"",   ""root_cause"": ""Disk space is running low on the server."",   ""remediation"": ""Clear old logs and temporary files to free up space."" }",273.53,131.84,86003
mistral-small,openstack,1,rag,546,False,NORMAL,False,low,none," Example: {   ""is_anomaly"": false,   ""severity"": ""low"",   ""root_cause"": ""none"",   ""remediation"": ""none"" }",273.53,131.84,86003
mistral-small,openstack,1,rag,547,True,ANOMALY,True,medium,"Disk space limit not specified, leading to potential overuse."," Example: {   ""is_anomaly"": true,   ""severity"": ""medium"",   ""root_cause"": ""Disk space limit not specified, leading to potential overuse."",   ""remediation"": ""Specify a disk space limit for the instance."" }",273.53,131.84,86003
mistral-small,openstack,1,rag,548,False,NORMAL,True,medium,A DELETE request was made to terminate an instance.," Example: {   ""is_anomaly"": true,   ""severity"": ""medium"",   ""root_cause"": ""A DELETE request was made to terminate an instance."",   ""remediation"": ""Check if the instance termination was authorized."" }",273.53,131.84,86003
mistral-small,openstack,1,rag,549,True,ANOMALY,True,medium,Disk space is low on the server.," Example: {   ""is_anomaly"": true,   ""severity"": ""medium"",   ""root_cause"": ""Disk space is low on the server."",   ""remediation"": ""Clear old logs and temporary files to free up space."" }",273.53,131.84,86003
mistral-small,openstack,1,rag,550,False,NORMAL,True,medium,"A CPU limit was not specified, leading to unlimited CPU usage."," Example: {   ""is_anomaly"": true,   ""severity"": ""medium"",   ""root_cause"": ""A CPU limit was not specified, leading to unlimited CPU usage."",   ""remediation"": ""Specify a CPU limit for the instance."" }",273.53,131.84,86003
mistral-small,openstack,1,rag,551,False,NORMAL,False,low,none," Example: {   ""is_anomaly"": false,   ""severity"": ""low"",   ""root_cause"": ""none"",   ""remediation"": ""none"" }",273.53,131.84,86003
mistral-small,openstack,1,rag,552,True,ANOMALY,True,medium,Disk space is low on the server.," Example: {   ""is_anomaly"": true,   ""severity"": ""medium"",   ""root_cause"": ""Disk space is low on the server."",   ""remediation"": ""Clear old logs and temporary files to free up space."" }",273.53,131.84,86003
mistral-small,openstack,1,rag,553,True,ANOMALY,True,medium,Disk space is low on the server.," Example: {   ""is_anomaly"": true,   ""severity"": ""medium"",   ""root_cause"": ""Disk space is low on the server."",   ""remediation"": ""Clear old logs to free up disk space."" }",273.53,131.84,86003
mistral-small,openstack,1,rag,554,True,ANOMALY,True,medium,High CPU usage caused by a runaway process.," Example: {   ""is_anomaly"": true,   ""severity"": ""medium"",   ""root_cause"": ""High CPU usage caused by a runaway process."",   ""remediation"": ""Terminate the process to free up CPU resources."" }",273.53,131.84,86003
mistral-small,openstack,1,rag,555,True,ANOMALY,True,medium,High CPU usage caused by a misconfigured cron job.," Example: {   ""is_anomaly"": true,   ""severity"": ""medium"",   ""root_cause"": ""High CPU usage caused by a misconfigured cron job."",   ""remediation"": ""Adjust the cron job schedule to reduce load."" }",273.53,131.84,86003
mistral-small,openstack,1,rag,556,False,NORMAL,True,medium,A server instance was terminated unexpectedly.," Example: {   ""is_anomaly"": true,   ""severity"": ""medium"",   ""root_cause"": ""A server instance was terminated unexpectedly."",   ""remediation"": ""Investigate the termination request and ensure it was authorized."" }",273.53,131.84,86003
mistral-small,openstack,1,rag,557,False,NORMAL,True,medium,Disk space is low on the server.," Example: {   ""is_anomaly"": true,   ""severity"": ""medium"",   ""root_cause"": ""Disk space is low on the server."",   ""remediation"": ""Clear some disk space on the server."" }",273.53,131.84,86003
mistral-small,openstack,1,rag,558,True,ANOMALY,True,medium,High CPU usage caused by a runaway process.," Example: {   ""is_anomaly"": true,   ""severity"": ""medium"",   ""root_cause"": ""High CPU usage caused by a runaway process."",   ""remediation"": ""Terminate the process to free up CPU resources."" }",273.53,131.84,86003
mistral-small,openstack,1,rag,559,False,NORMAL,True,medium,Disk space is low on the server.," Example: {   ""is_anomaly"": true,   ""severity"": ""medium"",   ""root_cause"": ""Disk space is low on the server."",   ""remediation"": ""Clear old logs to free up disk space."" }",273.53,131.84,86003
mistral-small,openstack,1,rag,560,True,ANOMALY,True,medium,High CPU usage caused by a misconfigured cron job.," Example: {   ""is_anomaly"": true,   ""severity"": ""medium"",   ""root_cause"": ""High CPU usage caused by a misconfigured cron job."",   ""remediation"": ""Adjust the cron job schedule to reduce load."" }",273.53,131.84,86003
mistral-small,openstack,1,rag,561,False,NORMAL,True,medium,Disk space is low on the server.," Example: {   ""is_anomaly"": true,   ""severity"": ""medium"",   ""root_cause"": ""Disk space is low on the server."",   ""remediation"": ""Clear old logs and temporary files to free up space."" }",273.53,131.84,86003
mistral-small,openstack,1,rag,562,True,ANOMALY,True,medium,Disk space is low on the server.," Example: {   ""is_anomaly"": true,   ""severity"": ""medium"",   ""root_cause"": ""Disk space is low on the server."",   ""remediation"": ""Clear some disk space or add more storage."" }",273.53,131.84,86003
mistral-small,openstack,1,rag,563,False,NORMAL,True,medium,Disk space is low on the server.," Example: {   ""is_anomaly"": true,   ""severity"": ""medium"",   ""root_cause"": ""Disk space is low on the server."",   ""remediation"": ""Clear old logs and temporary files to free up space."" }",273.53,131.84,86003
mistral-small,openstack,1,rag,564,True,ANOMALY,True,medium,Disk space is low on the server.," Example: {   ""is_anomaly"": true,   ""severity"": ""medium"",   ""root_cause"": ""Disk space is low on the server."",   ""remediation"": ""Clear old logs to free up disk space."" }",273.53,131.84,86003
mistral-small,openstack,1,rag,565,False,NORMAL,True,medium,Disk space is low on the server.," Example: {   ""is_anomaly"": true,   ""severity"": ""medium"",   ""root_cause"": ""Disk space is low on the server."",   ""remediation"": ""Clear some space on the server."" }",273.53,131.84,86003
mistral-small,openstack,1,rag,566,False,NORMAL,False,low,none," Example: {   ""is_anomaly"": false,   ""severity"": ""low"",   ""root_cause"": ""none"",   ""remediation"": ""none"" }",273.53,131.84,86003
mistral-small,openstack,1,rag,567,True,ANOMALY,True,medium,The instance took too long to spawn on the hypervisor.," Example: {   ""is_anomaly"": true,   ""severity"": ""medium"",   ""root_cause"": ""The instance took too long to spawn on the hypervisor."",   ""remediation"": ""Investigate the hypervisor for potential performance issues."" }",273.53,131.84,86003
mistral-small,openstack,1,rag,568,True,ANOMALY,True,medium,A network configuration error caused a connectivity issue.," Example: {   ""is_anomaly"": true,   ""severity"": ""medium"",   ""root_cause"": ""A network configuration error caused a connectivity issue."",   ""remediation"": ""Check and correct the network configuration settings."" }",273.53,131.84,86003
mistral-small,openstack,1,rag,569,False,NORMAL,True,medium,High CPU usage caused by a misconfigured cron job.," Example: {   ""is_anomaly"": true,   ""severity"": ""medium"",   ""root_cause"": ""High CPU usage caused by a misconfigured cron job."",   ""remediation"": ""Adjust the cron job schedule to reduce CPU load."" }",273.53,131.84,86003
mistral-small,openstack,1,rag,570,False,NORMAL,True,medium,Disk usage is over 90%.," Example: {   ""is_anomaly"": true,   ""severity"": ""medium"",   ""root_cause"": ""Disk usage is over 90%."",   ""remediation"": ""Clear old logs and temporary files."" }",273.53,131.84,86003
mistral-small,openstack,1,rag,571,True,ANOMALY,True,medium,Disk space is low on the server.," Example: {   ""is_anomaly"": true,   ""severity"": ""medium"",   ""root_cause"": ""Disk space is low on the server."",   ""remediation"": ""Clear old logs and temporary files to free up space."" }",273.53,131.84,86003
mistral-small,openstack,1,rag,572,True,ANOMALY,True,medium,A critical service failed due to insufficient resources.," Example: {   ""is_anomaly"": true,   ""severity"": ""medium"",   ""root_cause"": ""A critical service failed due to insufficient resources."",   ""remediation"": ""Increase the resource allocation for the affected service."" }",273.53,131.84,86003
mistral-small,openstack,1,rag,573,False,NORMAL,True,medium,The instance has a pending task during sync_power_state.," Example: {   ""is_anomaly"": true,   ""severity"": ""medium"",   ""root_cause"": ""The instance has a pending task during sync_power_state."",   ""remediation"": ""Check the instance for any pending tasks and resolve them."" }",273.53,131.84,86003
mistral-small,openstack,1,rag,574,False,NORMAL,True,medium,Disk space is low on the server.," Example: {   ""is_anomaly"": true,   ""severity"": ""medium"",   ""root_cause"": ""Disk space is low on the server."",   ""remediation"": ""Clear old logs to free up disk space."" }",273.53,131.84,86003
mistral-small,openstack,1,rag,575,False,NORMAL,True,medium,A DELETE request was made to terminate an instance.," Example: {   ""is_anomaly"": true,   ""severity"": ""medium"",   ""root_cause"": ""A DELETE request was made to terminate an instance."",   ""remediation"": ""Investigate the reason for the instance termination."" }",273.53,131.84,86003
mistral-small,openstack,1,rag,576,False,NORMAL,True,medium,Disk space is running low.," Example: {   ""is_anomaly"": true,   ""severity"": ""medium"",   ""root_cause"": ""Disk space is running low."",   ""remediation"": ""Clear some disk space."" }",273.53,131.84,86003
mistral-small,openstack,1,rag,577,False,NORMAL,True,medium,A network configuration error caused a connectivity issue.," Example: {   ""is_anomaly"": true,   ""severity"": ""medium"",   ""root_cause"": ""A network configuration error caused a connectivity issue."",   ""remediation"": ""Check and correct the network configuration settings."" }",273.53,131.84,86003
mistral-small,openstack,1,rag,578,False,NORMAL,True,medium,Resource allocation issue on the compute node.," Example: {   ""is_anomaly"": true,   ""severity"": ""medium"",   ""root_cause"": ""Resource allocation issue on the compute node."",   ""remediation"": ""Increase the available resources on the compute node."" }",273.53,131.84,86003
mistral-small,openstack,1,rag,579,True,ANOMALY,True,medium,Disk space on the server is low.," Example: {   ""is_anomaly"": true,   ""severity"": ""medium"",   ""root_cause"": ""Disk space on the server is low."",   ""remediation"": ""Clear old logs and temporary files to free up space."" }",273.53,131.84,86003
mistral-small,openstack,1,rag,580,False,NORMAL,True,medium,A configuration error caused the server to respond with a 500 status code.," Example: {   ""is_anomaly"": true,   ""severity"": ""medium"",   ""root_cause"": ""A configuration error caused the server to respond with a 500 status code."",   ""remediation"": ""Check the server configuration and correct any errors."" }",273.53,131.84,86003
mistral-small,openstack,1,rag,581,False,NORMAL,True,medium,Disk space is low on the server.," Example: {   ""is_anomaly"": true,   ""severity"": ""medium"",   ""root_cause"": ""Disk space is low on the server."",   ""remediation"": ""Clear old logs and temporary files to free up space."" }",273.53,131.84,86003
mistral-small,openstack,1,rag,582,False,NORMAL,True,medium,Disk space is low on the server.," Example: {   ""is_anomaly"": true,   ""severity"": ""medium"",   ""root_cause"": ""Disk space is low on the server."",   ""remediation"": ""Clear old logs and temporary files to free up space."" }",273.53,131.84,86003
mistral-small,openstack,1,rag,583,True,ANOMALY,True,medium,High CPU usage caused by a runaway process.," Example: {   ""is_anomaly"": true,   ""severity"": ""medium"",   ""root_cause"": ""High CPU usage caused by a runaway process."",   ""remediation"": ""Terminate the runaway process to free up CPU resources."" }",273.53,131.84,86003
mistral-small,openstack,1,rag,584,False,NORMAL,False,low,none," Example: {   ""is_anomaly"": false,   ""severity"": ""low"",   ""root_cause"": ""none"",   ""remediation"": ""none"" }",273.53,131.84,86003
mistral-small,openstack,1,rag,585,True,ANOMALY,True,medium,Disk space is low on the server.," Example: {   ""is_anomaly"": true,   ""severity"": ""medium"",   ""root_cause"": ""Disk space is low on the server."",   ""remediation"": ""Clear some disk space to prevent further issues."" }",273.53,131.84,86003
mistral-small,openstack,1,rag,586,True,ANOMALY,True,medium,Disk space is full.," Example: {   ""is_anomaly"": true,   ""severity"": ""medium"",   ""root_cause"": ""Disk space is full."",   ""remediation"": ""Clear some disk space."" }",273.53,131.84,86003
mistral-small,openstack,1,rag,587,False,NORMAL,False,normal,none," ---  {   ""is_anomaly"": false,   ""severity"": ""normal"",   ""root_cause"": ""none"",   ""remediation"": ""none"" }",273.53,131.84,86003
mistral-small,openstack,1,rag,588,False,NORMAL,True,medium,Disk space is low on the server.," Example: {   ""is_anomaly"": true,   ""severity"": ""medium"",   ""root_cause"": ""Disk space is low on the server."",   ""remediation"": ""Clear some disk space or add more storage."" }",273.53,131.84,86003
mistral-small,openstack,1,rag,589,True,ANOMALY,True,medium,Disk space is running low.," Example: {   ""is_anomaly"": true,   ""severity"": ""medium"",   ""root_cause"": ""Disk space is running low."",   ""remediation"": ""Clear some disk space or increase the disk quota."" }",273.53,131.84,86003
mistral-small,openstack,1,rag,590,False,NORMAL,False,low,none," Example: {   ""is_anomaly"": false,   ""severity"": ""low"",   ""root_cause"": ""none"",   ""remediation"": ""none"" }",273.53,131.84,86003
mistral-small,openstack,1,rag,591,True,ANOMALY,True,medium,Disk usage is above the threshold.," Example: {   ""is_anomaly"": true,   ""severity"": ""medium"",   ""root_cause"": ""Disk usage is above the threshold."",   ""remediation"": ""Clear some disk space on the node."" }",273.53,131.84,86003
mistral-small,openstack,1,rag,592,False,NORMAL,True,medium,Disk space is running low.," Example: {   ""is_anomaly"": true,   ""severity"": ""medium"",   ""root_cause"": ""Disk space is running low."",   ""remediation"": ""Clear some disk space or increase the disk quota."" }",273.53,131.84,86003
mistral-small,openstack,1,rag,593,True,ANOMALY,True,medium,Disk space is low on the server.," Example: {   ""is_anomaly"": true,   ""severity"": ""medium"",   ""root_cause"": ""Disk space is low on the server."",   ""remediation"": ""Clear old logs and temporary files to free up space."" }",273.53,131.84,86003
mistral-small,openstack,1,rag,594,True,ANOMALY,True,medium,Disk space is low on the server.," Example: {   ""is_anomaly"": true,   ""severity"": ""medium"",   ""root_cause"": ""Disk space is low on the server."",   ""remediation"": ""Clear old logs and temporary files to free up space."" }",273.53,131.84,86003
mistral-small,openstack,1,rag,595,False,NORMAL,False,low,none," Example: {   ""is_anomaly"": false,   ""severity"": ""low"",   ""root_cause"": ""none"",   ""remediation"": ""none"" }",273.53,131.84,86003
mistral-small,openstack,1,rag,596,True,ANOMALY,True,medium,Disk space is low on the server.," Example: {   ""is_anomaly"": true,   ""severity"": ""medium"",   ""root_cause"": ""Disk space is low on the server."",   ""remediation"": ""Clear some space on the server."" }",273.53,131.84,86003
mistral-small,openstack,1,rag,597,False,NORMAL,True,medium,Disk space is low on the server.," Example: {   ""is_anomaly"": true,   ""severity"": ""medium"",   ""root_cause"": ""Disk space is low on the server."",   ""remediation"": ""Clear old logs to free up disk space."" }",273.53,131.84,86003
mistral-small,openstack,1,rag,598,False,NORMAL,True,medium,Disk space is low on the server.," Example: {   ""is_anomaly"": true,   ""severity"": ""medium"",   ""root_cause"": ""Disk space is low on the server."",   ""remediation"": ""Clear old logs and temporary files to free up space."" }",273.53,131.84,86003
mistral-small,openstack,1,rag,599,True,ANOMALY,True,medium,Disk space is low on the server.," Example: {   ""is_anomaly"": true,   ""severity"": ""medium"",   ""root_cause"": ""Disk space is low on the server."",   ""remediation"": ""Clear some disk space on the server."" }",273.53,131.84,86003
